ISO-10303-21;
HEADER;
/* Generated by software containing ST-Developer
 * from STEP Tools, Inc. (www.steptools.com) 
 */

FILE_DESCRIPTION(
/* description */ (''),
/* implementation_level */ '2;1');

FILE_NAME(
/* name */ 'Broadway-1.step',
/* time_stamp */ '2025-12-02T21:11:43-06:00',
/* author */ (''),
/* organization */ (''),
/* preprocessor_version */ 'ST-DEVELOPER v20.1',
/* originating_system */ 'Autodesk Translation Framework v14.21.0.0',
/* authorisation */ '');

FILE_SCHEMA (('AUTOMOTIVE_DESIGN { 1 0 10303 214 3 1 1 }'));
ENDSEC;

DATA;
#10=MECHANICAL_DESIGN_GEOMETRIC_PRESENTATION_REPRESENTATION('',(#795,#796,
#797,#798,#799,#800,#801,#802,#803,#804,#805,#806),#14696);
#11=SHAPE_REPRESENTATION_RELATIONSHIP('SRR','None',#14703,#12);
#12=ADVANCED_BREP_SHAPE_REPRESENTATION('',(#807,#808,#809,#810,#811,#812,
#813,#814,#815,#816,#817,#818),#14695);
#13=TOROIDAL_SURFACE('',#8638,1.8,0.8);
#14=TOROIDAL_SURFACE('',#8645,1.8,0.8);
#15=TOROIDAL_SURFACE('',#8651,1.8,0.8);
#16=TOROIDAL_SURFACE('',#8657,1.8,0.8);
#17=B_SPLINE_SURFACE_WITH_KNOTS('',2,1,((#10194,#10195),(#10196,#10197),
(#10198,#10199)),.UNSPECIFIED.,.F.,.F.,.F.,(3,3),(2,2),(0.,1.),(-0.01,0.),
 .UNSPECIFIED.);
#18=B_SPLINE_SURFACE_WITH_KNOTS('',2,1,((#10207,#10208),(#10209,#10210),
(#10211,#10212)),.UNSPECIFIED.,.F.,.F.,.F.,(3,3),(2,2),(0.,1.),(-0.01,0.),
 .UNSPECIFIED.);
#19=B_SPLINE_SURFACE_WITH_KNOTS('',2,1,((#10218,#10219),(#10220,#10221),
(#10222,#10223)),.UNSPECIFIED.,.F.,.F.,.F.,(3,3),(2,2),(0.174706141156731,
1.),(-0.01,0.),.UNSPECIFIED.);
#20=B_SPLINE_SURFACE_WITH_KNOTS('',2,1,((#10249,#10250),(#10251,#10252),
(#10253,#10254)),.UNSPECIFIED.,.F.,.F.,.F.,(3,3),(2,2),(0.,1.),(-0.01,0.),
 .UNSPECIFIED.);
#21=B_SPLINE_SURFACE_WITH_KNOTS('',2,1,((#10260,#10261),(#10262,#10263),
(#10264,#10265)),.UNSPECIFIED.,.F.,.F.,.F.,(3,3),(2,2),(0.,1.),(-0.01,0.),
 .UNSPECIFIED.);
#22=B_SPLINE_SURFACE_WITH_KNOTS('',2,1,((#10271,#10272),(#10273,#10274),
(#10275,#10276)),.UNSPECIFIED.,.F.,.F.,.F.,(3,3),(2,2),(0.,1.),(-0.01,0.),
 .UNSPECIFIED.);
#23=B_SPLINE_SURFACE_WITH_KNOTS('',2,1,((#10282,#10283),(#10284,#10285),
(#10286,#10287)),.UNSPECIFIED.,.F.,.F.,.F.,(3,3),(2,2),(0.,1.),(-0.01,0.),
 .UNSPECIFIED.);
#24=B_SPLINE_SURFACE_WITH_KNOTS('',2,1,((#10297,#10298),(#10299,#10300),
(#10301,#10302)),.UNSPECIFIED.,.F.,.F.,.F.,(3,3),(2,2),(0.,1.),(-0.01,0.),
 .UNSPECIFIED.);
#25=B_SPLINE_SURFACE_WITH_KNOTS('',2,1,((#10395,#10396),(#10397,#10398),
(#10399,#10400)),.UNSPECIFIED.,.F.,.F.,.F.,(3,3),(2,2),(0.,1.),(-0.01,0.),
 .UNSPECIFIED.);
#26=B_SPLINE_SURFACE_WITH_KNOTS('',2,1,((#10412,#10413),(#10414,#10415),
(#10416,#10417)),.UNSPECIFIED.,.F.,.F.,.F.,(3,3),(2,2),(0.,1.),(-0.01,0.),
 .UNSPECIFIED.);
#27=B_SPLINE_SURFACE_WITH_KNOTS('',2,1,((#10423,#10424),(#10425,#10426),
(#10427,#10428)),.UNSPECIFIED.,.F.,.F.,.F.,(3,3),(2,2),(0.,1.),(-0.01,0.),
 .UNSPECIFIED.);
#28=B_SPLINE_SURFACE_WITH_KNOTS('',2,1,((#10434,#10435),(#10436,#10437),
(#10438,#10439)),.UNSPECIFIED.,.F.,.F.,.F.,(3,3),(2,2),(0.,1.),(-0.01,0.),
 .UNSPECIFIED.);
#29=B_SPLINE_SURFACE_WITH_KNOTS('',2,1,((#10445,#10446),(#10447,#10448),
(#10449,#10450)),.UNSPECIFIED.,.F.,.F.,.F.,(3,3),(2,2),(0.,1.),(-0.01,0.),
 .UNSPECIFIED.);
#30=B_SPLINE_SURFACE_WITH_KNOTS('',2,1,((#10456,#10457),(#10458,#10459),
(#10460,#10461)),.UNSPECIFIED.,.F.,.F.,.F.,(3,3),(2,2),(0.,1.),(-0.01,0.),
 .UNSPECIFIED.);
#31=B_SPLINE_SURFACE_WITH_KNOTS('',2,1,((#10467,#10468),(#10469,#10470),
(#10471,#10472)),.UNSPECIFIED.,.F.,.F.,.F.,(3,3),(2,2),(0.,1.),(-0.01,0.),
 .UNSPECIFIED.);
#32=B_SPLINE_SURFACE_WITH_KNOTS('',2,1,((#10482,#10483),(#10484,#10485),
(#10486,#10487)),.UNSPECIFIED.,.F.,.F.,.F.,(3,3),(2,2),(0.,1.),(-0.01,0.),
 .UNSPECIFIED.);
#33=B_SPLINE_SURFACE_WITH_KNOTS('',2,1,((#10493,#10494),(#10495,#10496),
(#10497,#10498)),.UNSPECIFIED.,.F.,.F.,.F.,(3,3),(2,2),(0.,1.),(-0.01,0.),
 .UNSPECIFIED.);
#34=B_SPLINE_SURFACE_WITH_KNOTS('',2,1,((#10504,#10505),(#10506,#10507),
(#10508,#10509)),.UNSPECIFIED.,.F.,.F.,.F.,(3,3),(2,2),(0.,1.),(-0.01,0.),
 .UNSPECIFIED.);
#35=B_SPLINE_SURFACE_WITH_KNOTS('',2,1,((#10515,#10516),(#10517,#10518),
(#10519,#10520)),.UNSPECIFIED.,.F.,.F.,.F.,(3,3),(2,2),(0.,1.),(-0.01,0.),
 .UNSPECIFIED.);
#36=B_SPLINE_SURFACE_WITH_KNOTS('',2,1,((#10526,#10527),(#10528,#10529),
(#10530,#10531)),.UNSPECIFIED.,.F.,.F.,.F.,(3,3),(2,2),(0.,1.),(-0.01,0.),
 .UNSPECIFIED.);
#37=B_SPLINE_SURFACE_WITH_KNOTS('',2,1,((#10535,#10536),(#10537,#10538),
(#10539,#10540)),.UNSPECIFIED.,.F.,.F.,.F.,(3,3),(2,2),(-1.,0.),(-0.01,
0.),.UNSPECIFIED.);
#38=B_SPLINE_SURFACE_WITH_KNOTS('',2,1,((#10548,#10549),(#10550,#10551),
(#10552,#10553)),.UNSPECIFIED.,.F.,.F.,.F.,(3,3),(2,2),(-1.,0.),(-0.01,
0.),.UNSPECIFIED.);
#39=B_SPLINE_SURFACE_WITH_KNOTS('',2,1,((#10563,#10564),(#10565,#10566),
(#10567,#10568)),.UNSPECIFIED.,.F.,.F.,.F.,(3,3),(2,2),(-1.,0.),(-0.01,
0.),.UNSPECIFIED.);
#40=B_SPLINE_SURFACE_WITH_KNOTS('',2,1,((#10574,#10575),(#10576,#10577),
(#10578,#10579)),.UNSPECIFIED.,.F.,.F.,.F.,(3,3),(2,2),(-1.,0.),(-0.01,
0.),.UNSPECIFIED.);
#41=B_SPLINE_SURFACE_WITH_KNOTS('',2,1,((#10585,#10586),(#10587,#10588),
(#10589,#10590)),.UNSPECIFIED.,.F.,.F.,.F.,(3,3),(2,2),(-1.,0.),(-0.01,
0.),.UNSPECIFIED.);
#42=B_SPLINE_SURFACE_WITH_KNOTS('',2,1,((#10596,#10597),(#10598,#10599),
(#10600,#10601)),.UNSPECIFIED.,.F.,.F.,.F.,(3,3),(2,2),(-1.,0.),(-0.01,
0.),.UNSPECIFIED.);
#43=B_SPLINE_SURFACE_WITH_KNOTS('',2,1,((#10611,#10612),(#10613,#10614),
(#10615,#10616)),.UNSPECIFIED.,.F.,.F.,.F.,(3,3),(2,2),(-1.,0.),(-0.01,
0.),.UNSPECIFIED.);
#44=B_SPLINE_SURFACE_WITH_KNOTS('',2,1,((#10622,#10623),(#10624,#10625),
(#10626,#10627)),.UNSPECIFIED.,.F.,.F.,.F.,(3,3),(2,2),(-1.,0.),(-0.01,
0.),.UNSPECIFIED.);
#45=B_SPLINE_SURFACE_WITH_KNOTS('',2,1,((#10736,#10737),(#10738,#10739),
(#10740,#10741)),.UNSPECIFIED.,.F.,.F.,.F.,(3,3),(2,2),(0.311349525638128,
1.),(-0.01,0.),.UNSPECIFIED.);
#46=B_SPLINE_SURFACE_WITH_KNOTS('',2,1,((#10761,#10762),(#10763,#10764),
(#10765,#10766)),.UNSPECIFIED.,.F.,.F.,.F.,(3,3),(2,2),(0.,1.),(-0.01,0.),
 .UNSPECIFIED.);
#47=B_SPLINE_SURFACE_WITH_KNOTS('',2,1,((#10772,#10773),(#10774,#10775),
(#10776,#10777)),.UNSPECIFIED.,.F.,.F.,.F.,(3,3),(2,2),(0.,1.),(-0.01,0.),
 .UNSPECIFIED.);
#48=B_SPLINE_SURFACE_WITH_KNOTS('',2,1,((#10783,#10784),(#10785,#10786),
(#10787,#10788)),.UNSPECIFIED.,.F.,.F.,.F.,(3,3),(2,2),(0.,1.),(-0.01,0.),
 .UNSPECIFIED.);
#49=B_SPLINE_SURFACE_WITH_KNOTS('',2,1,((#10794,#10795),(#10796,#10797),
(#10798,#10799)),.UNSPECIFIED.,.F.,.F.,.F.,(3,3),(2,2),(0.,1.),(-0.01,0.),
 .UNSPECIFIED.);
#50=B_SPLINE_SURFACE_WITH_KNOTS('',2,1,((#10805,#10806),(#10807,#10808),
(#10809,#10810)),.UNSPECIFIED.,.F.,.F.,.F.,(3,3),(2,2),(0.,1.),(-0.01,0.),
 .UNSPECIFIED.);
#51=B_SPLINE_SURFACE_WITH_KNOTS('',2,1,((#10820,#10821),(#10822,#10823),
(#10824,#10825)),.UNSPECIFIED.,.F.,.F.,.F.,(3,3),(2,2),(0.,1.),(-0.01,0.),
 .UNSPECIFIED.);
#52=B_SPLINE_SURFACE_WITH_KNOTS('',2,1,((#10831,#10832),(#10833,#10834),
(#10835,#10836)),.UNSPECIFIED.,.F.,.F.,.F.,(3,3),(2,2),(0.,1.),(-0.01,0.),
 .UNSPECIFIED.);
#53=B_SPLINE_SURFACE_WITH_KNOTS('',2,1,((#10842,#10843),(#10844,#10845),
(#10846,#10847)),.UNSPECIFIED.,.F.,.F.,.F.,(3,3),(2,2),(0.,1.),(-0.01,0.),
 .UNSPECIFIED.);
#54=B_SPLINE_SURFACE_WITH_KNOTS('',2,1,((#10853,#10854),(#10855,#10856),
(#10857,#10858)),.UNSPECIFIED.,.F.,.F.,.F.,(3,3),(2,2),(0.,1.),(-0.01,0.),
 .UNSPECIFIED.);
#55=B_SPLINE_SURFACE_WITH_KNOTS('',2,1,((#10872,#10873),(#10874,#10875),
(#10876,#10877)),.UNSPECIFIED.,.F.,.F.,.F.,(3,3),(2,2),(0.,1.),(-0.01,0.),
 .UNSPECIFIED.);
#56=B_SPLINE_SURFACE_WITH_KNOTS('',2,1,((#10883,#10884),(#10885,#10886),
(#10887,#10888)),.UNSPECIFIED.,.F.,.F.,.F.,(3,3),(2,2),(0.,1.),(-0.01,0.),
 .UNSPECIFIED.);
#57=B_SPLINE_SURFACE_WITH_KNOTS('',2,1,((#10894,#10895),(#10896,#10897),
(#10898,#10899)),.UNSPECIFIED.,.F.,.F.,.F.,(3,3),(2,2),(0.,1.),(-0.01,0.),
 .UNSPECIFIED.);
#58=B_SPLINE_SURFACE_WITH_KNOTS('',2,1,((#10905,#10906),(#10907,#10908),
(#10909,#10910)),.UNSPECIFIED.,.F.,.F.,.F.,(3,3),(2,2),(0.,1.),(-0.01,0.),
 .UNSPECIFIED.);
#59=B_SPLINE_SURFACE_WITH_KNOTS('',2,1,((#10916,#10917),(#10918,#10919),
(#10920,#10921)),.UNSPECIFIED.,.F.,.F.,.F.,(3,3),(2,2),(0.,1.),(-0.01,0.),
 .UNSPECIFIED.);
#60=B_SPLINE_SURFACE_WITH_KNOTS('',2,1,((#10927,#10928),(#10929,#10930),
(#10931,#10932)),.UNSPECIFIED.,.F.,.F.,.F.,(3,3),(2,2),(0.,1.),(-0.01,0.),
 .UNSPECIFIED.);
#61=B_SPLINE_SURFACE_WITH_KNOTS('',2,1,((#10936,#10937),(#10938,#10939),
(#10940,#10941)),.UNSPECIFIED.,.F.,.F.,.F.,(3,3),(2,2),(-1.,0.),(-0.01,
0.),.UNSPECIFIED.);
#62=B_SPLINE_SURFACE_WITH_KNOTS('',2,1,((#10949,#10950),(#10951,#10952),
(#10953,#10954)),.UNSPECIFIED.,.F.,.F.,.F.,(3,3),(2,2),(-1.,0.),(-0.01,
0.),.UNSPECIFIED.);
#63=B_SPLINE_SURFACE_WITH_KNOTS('',2,1,((#10960,#10961),(#10962,#10963),
(#10964,#10965)),.UNSPECIFIED.,.F.,.F.,.F.,(3,3),(2,2),(-1.,0.),(-0.01,
0.),.UNSPECIFIED.);
#64=B_SPLINE_SURFACE_WITH_KNOTS('',2,1,((#10971,#10972),(#10973,#10974),
(#10975,#10976)),.UNSPECIFIED.,.F.,.F.,.F.,(3,3),(2,2),(-1.,0.),(-0.01,
0.),.UNSPECIFIED.);
#65=B_SPLINE_SURFACE_WITH_KNOTS('',2,1,((#10982,#10983),(#10984,#10985),
(#10986,#10987)),.UNSPECIFIED.,.F.,.F.,.F.,(3,3),(2,2),(-1.,0.),(-0.01,
0.),.UNSPECIFIED.);
#66=B_SPLINE_SURFACE_WITH_KNOTS('',2,1,((#10993,#10994),(#10995,#10996),
(#10997,#10998)),.UNSPECIFIED.,.F.,.F.,.F.,(3,3),(2,2),(-1.,0.),(-0.01,
0.),.UNSPECIFIED.);
#67=B_SPLINE_SURFACE_WITH_KNOTS('',2,1,((#11197,#11198),(#11199,#11200),
(#11201,#11202)),.UNSPECIFIED.,.F.,.F.,.F.,(3,3),(2,2),(0.,0.816611290397618),
(-0.01,0.),.UNSPECIFIED.);
#68=B_SPLINE_SURFACE_WITH_KNOTS('',2,1,((#11208,#11209),(#11210,#11211),
(#11212,#11213)),.UNSPECIFIED.,.F.,.F.,.F.,(3,3),(2,2),(0.,1.),(-0.01,0.),
 .UNSPECIFIED.);
#69=B_SPLINE_SURFACE_WITH_KNOTS('',2,1,((#11219,#11220),(#11221,#11222),
(#11223,#11224)),.UNSPECIFIED.,.F.,.F.,.F.,(3,3),(2,2),(0.,1.),(-0.01,0.),
 .UNSPECIFIED.);
#70=B_SPLINE_SURFACE_WITH_KNOTS('',2,1,((#11230,#11231),(#11232,#11233),
(#11234,#11235)),.UNSPECIFIED.,.F.,.F.,.F.,(3,3),(2,2),(0.,1.),(-0.01,0.),
 .UNSPECIFIED.);
#71=B_SPLINE_SURFACE_WITH_KNOTS('',2,1,((#11241,#11242),(#11243,#11244),
(#11245,#11246)),.UNSPECIFIED.,.F.,.F.,.F.,(3,3),(2,2),(0.,1.),(-0.01,0.),
 .UNSPECIFIED.);
#72=B_SPLINE_SURFACE_WITH_KNOTS('',2,1,((#11256,#11257),(#11258,#11259),
(#11260,#11261)),.UNSPECIFIED.,.F.,.F.,.F.,(3,3),(2,2),(0.,1.),(-0.01,0.),
 .UNSPECIFIED.);
#73=B_SPLINE_SURFACE_WITH_KNOTS('',2,1,((#11267,#11268),(#11269,#11270),
(#11271,#11272)),.UNSPECIFIED.,.F.,.F.,.F.,(3,3),(2,2),(0.,1.),(-0.01,0.),
 .UNSPECIFIED.);
#74=B_SPLINE_SURFACE_WITH_KNOTS('',2,1,((#11278,#11279),(#11280,#11281),
(#11282,#11283)),.UNSPECIFIED.,.F.,.F.,.F.,(3,3),(2,2),(0.,1.),(-0.01,0.),
 .UNSPECIFIED.);
#75=B_SPLINE_SURFACE_WITH_KNOTS('',2,1,((#11289,#11290),(#11291,#11292),
(#11293,#11294)),.UNSPECIFIED.,.F.,.F.,.F.,(3,3),(2,2),(0.,1.),(-0.01,0.),
 .UNSPECIFIED.);
#76=B_SPLINE_SURFACE_WITH_KNOTS('',2,1,((#11300,#11301),(#11302,#11303),
(#11304,#11305)),.UNSPECIFIED.,.F.,.F.,.F.,(3,3),(2,2),(0.163684450070537,
1.),(-0.01,0.),.UNSPECIFIED.);
#77=B_SPLINE_SURFACE_WITH_KNOTS('',2,1,((#11309,#11310),(#11311,#11312),
(#11313,#11314)),.UNSPECIFIED.,.F.,.F.,.F.,(3,3),(2,2),(-1.,0.),(-0.01,
0.),.UNSPECIFIED.);
#78=B_SPLINE_SURFACE_WITH_KNOTS('',2,1,((#11322,#11323),(#11324,#11325),
(#11326,#11327)),.UNSPECIFIED.,.F.,.F.,.F.,(3,3),(2,2),(-1.,0.),(-0.01,
0.),.UNSPECIFIED.);
#79=B_SPLINE_SURFACE_WITH_KNOTS('',2,1,((#11333,#11334),(#11335,#11336),
(#11337,#11338)),.UNSPECIFIED.,.F.,.F.,.F.,(3,3),(2,2),(-1.,0.),(-0.01,
0.),.UNSPECIFIED.);
#80=B_SPLINE_SURFACE_WITH_KNOTS('',2,1,((#11344,#11345),(#11346,#11347),
(#11348,#11349)),.UNSPECIFIED.,.F.,.F.,.F.,(3,3),(2,2),(-1.,0.),(-0.01,
0.),.UNSPECIFIED.);
#81=B_SPLINE_SURFACE_WITH_KNOTS('',2,1,((#11355,#11356),(#11357,#11358),
(#11359,#11360)),.UNSPECIFIED.,.F.,.F.,.F.,(3,3),(2,2),(-1.,0.),(-0.01,
0.),.UNSPECIFIED.);
#82=B_SPLINE_SURFACE_WITH_KNOTS('',2,1,((#11370,#11371),(#11372,#11373),
(#11374,#11375)),.UNSPECIFIED.,.F.,.F.,.F.,(3,3),(2,2),(-1.,0.),(-0.01,
0.),.UNSPECIFIED.);
#83=B_SPLINE_SURFACE_WITH_KNOTS('',2,1,((#11381,#11382),(#11383,#11384),
(#11385,#11386)),.UNSPECIFIED.,.F.,.F.,.F.,(3,3),(2,2),(-1.,0.),(-0.01,
0.),.UNSPECIFIED.);
#84=B_SPLINE_SURFACE_WITH_KNOTS('',2,1,((#11392,#11393),(#11394,#11395),
(#11396,#11397)),.UNSPECIFIED.,.F.,.F.,.F.,(3,3),(2,2),(-1.,0.),(-0.01,
0.),.UNSPECIFIED.);
#85=B_SPLINE_SURFACE_WITH_KNOTS('',2,1,((#11403,#11404),(#11405,#11406),
(#11407,#11408)),.UNSPECIFIED.,.F.,.F.,.F.,(3,3),(2,2),(-1.,0.),(-0.01,
0.),.UNSPECIFIED.);
#86=B_SPLINE_SURFACE_WITH_KNOTS('',2,1,((#11414,#11415),(#11416,#11417),
(#11418,#11419)),.UNSPECIFIED.,.F.,.F.,.F.,(3,3),(2,2),(-1.,0.),(-0.01,
0.),.UNSPECIFIED.);
#87=B_SPLINE_SURFACE_WITH_KNOTS('',2,1,((#11534,#11535),(#11536,#11537),
(#11538,#11539)),.UNSPECIFIED.,.F.,.F.,.F.,(3,3),(2,2),(0.,1.),(-0.01,0.),
 .UNSPECIFIED.);
#88=B_SPLINE_SURFACE_WITH_KNOTS('',2,1,((#11547,#11548),(#11549,#11550),
(#11551,#11552)),.UNSPECIFIED.,.F.,.F.,.F.,(3,3),(2,2),(0.,1.),(-0.01,0.),
 .UNSPECIFIED.);
#89=B_SPLINE_SURFACE_WITH_KNOTS('',2,1,((#11558,#11559),(#11560,#11561),
(#11562,#11563)),.UNSPECIFIED.,.F.,.F.,.F.,(3,3),(2,2),(0.,1.),(-0.01,0.),
 .UNSPECIFIED.);
#90=B_SPLINE_SURFACE_WITH_KNOTS('',2,1,((#11573,#11574),(#11575,#11576),
(#11577,#11578)),.UNSPECIFIED.,.F.,.F.,.F.,(3,3),(2,2),(0.,1.),(-0.01,0.),
 .UNSPECIFIED.);
#91=B_SPLINE_SURFACE_WITH_KNOTS('',2,1,((#11584,#11585),(#11586,#11587),
(#11588,#11589)),.UNSPECIFIED.,.F.,.F.,.F.,(3,3),(2,2),(0.,1.),(-0.01,0.),
 .UNSPECIFIED.);
#92=B_SPLINE_SURFACE_WITH_KNOTS('',2,1,((#11595,#11596),(#11597,#11598),
(#11599,#11600)),.UNSPECIFIED.,.F.,.F.,.F.,(3,3),(2,2),(0.,1.),(-0.01,0.),
 .UNSPECIFIED.);
#93=B_SPLINE_SURFACE_WITH_KNOTS('',2,1,((#11606,#11607),(#11608,#11609),
(#11610,#11611)),.UNSPECIFIED.,.F.,.F.,.F.,(3,3),(2,2),(0.,1.),(-0.01,0.),
 .UNSPECIFIED.);
#94=B_SPLINE_SURFACE_WITH_KNOTS('',2,1,((#11617,#11618),(#11619,#11620),
(#11621,#11622)),.UNSPECIFIED.,.F.,.F.,.F.,(3,3),(2,2),(0.,1.),(-0.01,0.),
 .UNSPECIFIED.);
#95=B_SPLINE_SURFACE_WITH_KNOTS('',2,1,((#11628,#11629),(#11630,#11631),
(#11632,#11633)),.UNSPECIFIED.,.F.,.F.,.F.,(3,3),(2,2),(0.,1.),(-0.01,0.),
 .UNSPECIFIED.);
#96=B_SPLINE_SURFACE_WITH_KNOTS('',2,1,((#11639,#11640),(#11641,#11642),
(#11643,#11644)),.UNSPECIFIED.,.F.,.F.,.F.,(3,3),(2,2),(0.,1.),(-0.01,0.),
 .UNSPECIFIED.);
#97=B_SPLINE_SURFACE_WITH_KNOTS('',2,1,((#11650,#11651),(#11652,#11653),
(#11654,#11655)),.UNSPECIFIED.,.F.,.F.,.F.,(3,3),(2,2),(0.,1.),(-0.01,0.),
 .UNSPECIFIED.);
#98=B_SPLINE_SURFACE_WITH_KNOTS('',2,1,((#11661,#11662),(#11663,#11664),
(#11665,#11666)),.UNSPECIFIED.,.F.,.F.,.F.,(3,3),(2,2),(0.,1.),(-0.01,0.),
 .UNSPECIFIED.);
#99=B_SPLINE_SURFACE_WITH_KNOTS('',2,1,((#11688,#11689),(#11690,#11691),
(#11692,#11693)),.UNSPECIFIED.,.F.,.F.,.F.,(3,3),(2,2),(-1.,0.),(-0.01,
0.),.UNSPECIFIED.);
#100=B_SPLINE_SURFACE_WITH_KNOTS('',2,1,((#11699,#11700),(#11701,#11702),
(#11703,#11704)),.UNSPECIFIED.,.F.,.F.,.F.,(3,3),(2,2),(-1.,0.),(-0.01,
0.),.UNSPECIFIED.);
#101=B_SPLINE_SURFACE_WITH_KNOTS('',2,1,((#11710,#11711),(#11712,#11713),
(#11714,#11715)),.UNSPECIFIED.,.F.,.F.,.F.,(3,3),(2,2),(-1.,0.),(-0.01,
0.),.UNSPECIFIED.);
#102=B_SPLINE_SURFACE_WITH_KNOTS('',2,1,((#11721,#11722),(#11723,#11724),
(#11725,#11726)),.UNSPECIFIED.,.F.,.F.,.F.,(3,3),(2,2),(-1.,0.),(-0.01,
0.),.UNSPECIFIED.);
#103=B_SPLINE_SURFACE_WITH_KNOTS('',2,1,((#11744,#11745),(#11746,#11747),
(#11748,#11749)),.UNSPECIFIED.,.F.,.F.,.F.,(3,3),(2,2),(-1.,0.),(-0.01,
0.),.UNSPECIFIED.);
#104=B_SPLINE_SURFACE_WITH_KNOTS('',2,1,((#11755,#11756),(#11757,#11758),
(#11759,#11760)),.UNSPECIFIED.,.F.,.F.,.F.,(3,3),(2,2),(-1.,0.),(-0.01,
0.),.UNSPECIFIED.);
#105=B_SPLINE_SURFACE_WITH_KNOTS('',2,1,((#11766,#11767),(#11768,#11769),
(#11770,#11771)),.UNSPECIFIED.,.F.,.F.,.F.,(3,3),(2,2),(-1.,0.),(-0.01,
0.),.UNSPECIFIED.);
#106=B_SPLINE_SURFACE_WITH_KNOTS('',2,1,((#11781,#11782),(#11783,#11784),
(#11785,#11786)),.UNSPECIFIED.,.F.,.F.,.F.,(3,3),(2,2),(-1.,0.),(-0.01,
0.),.UNSPECIFIED.);
#107=B_SPLINE_SURFACE_WITH_KNOTS('',2,1,((#11792,#11793),(#11794,#11795),
(#11796,#11797)),.UNSPECIFIED.,.F.,.F.,.F.,(3,3),(2,2),(-1.,0.),(-0.01,
0.),.UNSPECIFIED.);
#108=B_SPLINE_SURFACE_WITH_KNOTS('',2,1,((#11914,#11915),(#11916,#11917),
(#11918,#11919)),.UNSPECIFIED.,.F.,.F.,.F.,(3,3),(2,2),(0.311346693344923,
1.),(-0.01,0.),.UNSPECIFIED.);
#109=B_SPLINE_SURFACE_WITH_KNOTS('',2,1,((#11939,#11940),(#11941,#11942),
(#11943,#11944)),.UNSPECIFIED.,.F.,.F.,.F.,(3,3),(2,2),(0.,1.),(-0.01,0.),
 .UNSPECIFIED.);
#110=B_SPLINE_SURFACE_WITH_KNOTS('',2,1,((#11950,#11951),(#11952,#11953),
(#11954,#11955)),.UNSPECIFIED.,.F.,.F.,.F.,(3,3),(2,2),(0.,1.),(-0.01,0.),
 .UNSPECIFIED.);
#111=B_SPLINE_SURFACE_WITH_KNOTS('',2,1,((#11961,#11962),(#11963,#11964),
(#11965,#11966)),.UNSPECIFIED.,.F.,.F.,.F.,(3,3),(2,2),(0.,1.),(-0.01,0.),
 .UNSPECIFIED.);
#112=B_SPLINE_SURFACE_WITH_KNOTS('',2,1,((#11972,#11973),(#11974,#11975),
(#11976,#11977)),.UNSPECIFIED.,.F.,.F.,.F.,(3,3),(2,2),(0.,1.),(-0.01,0.),
 .UNSPECIFIED.);
#113=B_SPLINE_SURFACE_WITH_KNOTS('',2,1,((#11983,#11984),(#11985,#11986),
(#11987,#11988)),.UNSPECIFIED.,.F.,.F.,.F.,(3,3),(2,2),(0.,1.),(-0.01,0.),
 .UNSPECIFIED.);
#114=B_SPLINE_SURFACE_WITH_KNOTS('',2,1,((#11998,#11999),(#12000,#12001),
(#12002,#12003)),.UNSPECIFIED.,.F.,.F.,.F.,(3,3),(2,2),(0.,1.),(-0.01,0.),
 .UNSPECIFIED.);
#115=B_SPLINE_SURFACE_WITH_KNOTS('',2,1,((#12009,#12010),(#12011,#12012),
(#12013,#12014)),.UNSPECIFIED.,.F.,.F.,.F.,(3,3),(2,2),(0.,1.),(-0.01,0.),
 .UNSPECIFIED.);
#116=B_SPLINE_SURFACE_WITH_KNOTS('',2,1,((#12020,#12021),(#12022,#12023),
(#12024,#12025)),.UNSPECIFIED.,.F.,.F.,.F.,(3,3),(2,2),(0.,1.),(-0.01,0.),
 .UNSPECIFIED.);
#117=B_SPLINE_SURFACE_WITH_KNOTS('',2,1,((#12031,#12032),(#12033,#12034),
(#12035,#12036)),.UNSPECIFIED.,.F.,.F.,.F.,(3,3),(2,2),(0.,1.),(-0.01,0.),
 .UNSPECIFIED.);
#118=B_SPLINE_SURFACE_WITH_KNOTS('',2,1,((#12050,#12051),(#12052,#12053),
(#12054,#12055)),.UNSPECIFIED.,.F.,.F.,.F.,(3,3),(2,2),(0.,1.),(-0.01,0.),
 .UNSPECIFIED.);
#119=B_SPLINE_SURFACE_WITH_KNOTS('',2,1,((#12061,#12062),(#12063,#12064),
(#12065,#12066)),.UNSPECIFIED.,.F.,.F.,.F.,(3,3),(2,2),(0.,1.),(-0.01,0.),
 .UNSPECIFIED.);
#120=B_SPLINE_SURFACE_WITH_KNOTS('',2,1,((#12072,#12073),(#12074,#12075),
(#12076,#12077)),.UNSPECIFIED.,.F.,.F.,.F.,(3,3),(2,2),(0.,1.),(-0.01,0.),
 .UNSPECIFIED.);
#121=B_SPLINE_SURFACE_WITH_KNOTS('',2,1,((#12083,#12084),(#12085,#12086),
(#12087,#12088)),.UNSPECIFIED.,.F.,.F.,.F.,(3,3),(2,2),(0.,1.),(-0.01,0.),
 .UNSPECIFIED.);
#122=B_SPLINE_SURFACE_WITH_KNOTS('',2,1,((#12094,#12095),(#12096,#12097),
(#12098,#12099)),.UNSPECIFIED.,.F.,.F.,.F.,(3,3),(2,2),(0.,1.),(-0.01,0.),
 .UNSPECIFIED.);
#123=B_SPLINE_SURFACE_WITH_KNOTS('',2,1,((#12105,#12106),(#12107,#12108),
(#12109,#12110)),.UNSPECIFIED.,.F.,.F.,.F.,(3,3),(2,2),(0.,1.),(-0.01,0.),
 .UNSPECIFIED.);
#124=B_SPLINE_SURFACE_WITH_KNOTS('',2,1,((#12114,#12115),(#12116,#12117),
(#12118,#12119)),.UNSPECIFIED.,.F.,.F.,.F.,(3,3),(2,2),(-1.,0.),(-0.01,
0.),.UNSPECIFIED.);
#125=B_SPLINE_SURFACE_WITH_KNOTS('',2,1,((#12127,#12128),(#12129,#12130),
(#12131,#12132)),.UNSPECIFIED.,.F.,.F.,.F.,(3,3),(2,2),(-1.,0.),(-0.01,
0.),.UNSPECIFIED.);
#126=B_SPLINE_SURFACE_WITH_KNOTS('',2,1,((#12138,#12139),(#12140,#12141),
(#12142,#12143)),.UNSPECIFIED.,.F.,.F.,.F.,(3,3),(2,2),(-1.,0.),(-0.01,
0.),.UNSPECIFIED.);
#127=B_SPLINE_SURFACE_WITH_KNOTS('',2,1,((#12149,#12150),(#12151,#12152),
(#12153,#12154)),.UNSPECIFIED.,.F.,.F.,.F.,(3,3),(2,2),(-1.,0.),(-0.01,
0.),.UNSPECIFIED.);
#128=B_SPLINE_SURFACE_WITH_KNOTS('',2,1,((#12160,#12161),(#12162,#12163),
(#12164,#12165)),.UNSPECIFIED.,.F.,.F.,.F.,(3,3),(2,2),(-1.,0.),(-0.01,
0.),.UNSPECIFIED.);
#129=B_SPLINE_SURFACE_WITH_KNOTS('',2,1,((#12171,#12172),(#12173,#12174),
(#12175,#12176)),.UNSPECIFIED.,.F.,.F.,.F.,(3,3),(2,2),(-1.,0.),(-0.01,
0.),.UNSPECIFIED.);
#130=B_SPLINE_SURFACE_WITH_KNOTS('',2,1,((#12229,#12230),(#12231,#12232),
(#12233,#12234)),.UNSPECIFIED.,.F.,.F.,.F.,(3,3),(2,2),(0.,1.),(-0.01,0.),
 .UNSPECIFIED.);
#131=B_SPLINE_SURFACE_WITH_KNOTS('',2,1,((#12254,#12255),(#12256,#12257),
(#12258,#12259)),.UNSPECIFIED.,.F.,.F.,.F.,(3,3),(2,2),(0.,1.),(-0.01,0.),
 .UNSPECIFIED.);
#132=B_SPLINE_SURFACE_WITH_KNOTS('',2,1,((#12265,#12266),(#12267,#12268),
(#12269,#12270)),.UNSPECIFIED.,.F.,.F.,.F.,(3,3),(2,2),(0.,1.),(-0.01,0.),
 .UNSPECIFIED.);
#133=B_SPLINE_SURFACE_WITH_KNOTS('',2,1,((#12276,#12277),(#12278,#12279),
(#12280,#12281)),.UNSPECIFIED.,.F.,.F.,.F.,(3,3),(2,2),(0.,1.),(-0.01,0.),
 .UNSPECIFIED.);
#134=B_SPLINE_SURFACE_WITH_KNOTS('',2,1,((#12315,#12316),(#12317,#12318),
(#12319,#12320)),.UNSPECIFIED.,.F.,.F.,.F.,(3,3),(2,2),(0.,1.),(-0.01,0.),
 .UNSPECIFIED.);
#135=B_SPLINE_SURFACE_WITH_KNOTS('',2,1,((#12429,#12430),(#12431,#12432),
(#12433,#12434)),.UNSPECIFIED.,.F.,.F.,.F.,(3,3),(2,2),(0.,1.),(0.,0.01),
 .UNSPECIFIED.);
#136=B_SPLINE_SURFACE_WITH_KNOTS('',2,1,((#12465,#12466),(#12467,#12468),
(#12469,#12470)),.UNSPECIFIED.,.F.,.F.,.F.,(3,3),(2,2),(0.,1.),(0.,0.01),
 .UNSPECIFIED.);
#137=B_SPLINE_SURFACE_WITH_KNOTS('',2,1,((#12480,#12481),(#12482,#12483),
(#12484,#12485)),.UNSPECIFIED.,.F.,.F.,.F.,(3,3),(2,2),(0.,1.),(0.,0.01),
 .UNSPECIFIED.);
#138=B_SPLINE_SURFACE_WITH_KNOTS('',2,1,((#12495,#12496),(#12497,#12498),
(#12499,#12500)),.UNSPECIFIED.,.F.,.F.,.F.,(3,3),(2,2),(0.,1.),(0.,0.01),
 .UNSPECIFIED.);
#139=B_SPLINE_SURFACE_WITH_KNOTS('',2,1,((#12552,#12553),(#12554,#12555),
(#12556,#12557)),.UNSPECIFIED.,.F.,.F.,.F.,(3,3),(2,2),(0.,1.),(0.,0.01),
 .UNSPECIFIED.);
#140=B_SPLINE_SURFACE_WITH_KNOTS('',2,1,((#12566,#12567),(#12568,#12569),
(#12570,#12571)),.UNSPECIFIED.,.F.,.F.,.F.,(3,3),(2,2),(0.,1.),(0.,0.01),
 .UNSPECIFIED.);
#141=B_SPLINE_SURFACE_WITH_KNOTS('',2,1,((#12584,#12585),(#12586,#12587),
(#12588,#12589)),.UNSPECIFIED.,.F.,.F.,.F.,(3,3),(2,2),(0.,1.),(0.,0.01),
 .UNSPECIFIED.);
#142=B_SPLINE_SURFACE_WITH_KNOTS('',2,1,((#12599,#12600),(#12601,#12602),
(#12603,#12604)),.UNSPECIFIED.,.F.,.F.,.F.,(3,3),(2,2),(0.,1.),(0.,0.01),
 .UNSPECIFIED.);
#143=B_SPLINE_SURFACE_WITH_KNOTS('',2,1,((#12614,#12615),(#12616,#12617),
(#12618,#12619)),.UNSPECIFIED.,.F.,.F.,.F.,(3,3),(2,2),(0.,1.),(0.,0.01),
 .UNSPECIFIED.);
#144=B_SPLINE_SURFACE_WITH_KNOTS('',2,1,((#12629,#12630),(#12631,#12632),
(#12633,#12634)),.UNSPECIFIED.,.F.,.F.,.F.,(3,3),(2,2),(0.,1.),(0.,0.01),
 .UNSPECIFIED.);
#145=B_SPLINE_SURFACE_WITH_KNOTS('',2,1,((#12656,#12657),(#12658,#12659),
(#12660,#12661)),.UNSPECIFIED.,.F.,.F.,.F.,(3,3),(2,2),(0.,1.),(0.,0.01),
 .UNSPECIFIED.);
#146=B_SPLINE_SURFACE_WITH_KNOTS('',2,1,((#12668,#12669),(#12670,#12671),
(#12672,#12673)),.UNSPECIFIED.,.F.,.F.,.F.,(3,3),(2,2),(0.311346693344923,
1.),(0.,0.01),.UNSPECIFIED.);
#147=B_SPLINE_SURFACE_WITH_KNOTS('',2,1,((#12704,#12705),(#12706,#12707),
(#12708,#12709)),.UNSPECIFIED.,.F.,.F.,.F.,(3,3),(2,2),(0.,1.),(0.,0.01),
 .UNSPECIFIED.);
#148=B_SPLINE_SURFACE_WITH_KNOTS('',2,1,((#12719,#12720),(#12721,#12722),
(#12723,#12724)),.UNSPECIFIED.,.F.,.F.,.F.,(3,3),(2,2),(0.,1.),(0.,0.01),
 .UNSPECIFIED.);
#149=B_SPLINE_SURFACE_WITH_KNOTS('',2,1,((#12734,#12735),(#12736,#12737),
(#12738,#12739)),.UNSPECIFIED.,.F.,.F.,.F.,(3,3),(2,2),(0.,1.),(0.,0.01),
 .UNSPECIFIED.);
#150=B_SPLINE_SURFACE_WITH_KNOTS('',2,1,((#12749,#12750),(#12751,#12752),
(#12753,#12754)),.UNSPECIFIED.,.F.,.F.,.F.,(3,3),(2,2),(0.,1.),(0.,0.01),
 .UNSPECIFIED.);
#151=B_SPLINE_SURFACE_WITH_KNOTS('',2,1,((#12764,#12765),(#12766,#12767),
(#12768,#12769)),.UNSPECIFIED.,.F.,.F.,.F.,(3,3),(2,2),(0.,1.),(0.,0.01),
 .UNSPECIFIED.);
#152=B_SPLINE_SURFACE_WITH_KNOTS('',2,1,((#12785,#12786),(#12787,#12788),
(#12789,#12790)),.UNSPECIFIED.,.F.,.F.,.F.,(3,3),(2,2),(0.,1.),(0.,0.01),
 .UNSPECIFIED.);
#153=B_SPLINE_SURFACE_WITH_KNOTS('',2,1,((#12800,#12801),(#12802,#12803),
(#12804,#12805)),.UNSPECIFIED.,.F.,.F.,.F.,(3,3),(2,2),(0.,1.),(0.,0.01),
 .UNSPECIFIED.);
#154=B_SPLINE_SURFACE_WITH_KNOTS('',2,1,((#12815,#12816),(#12817,#12818),
(#12819,#12820)),.UNSPECIFIED.,.F.,.F.,.F.,(3,3),(2,2),(0.,1.),(0.,0.01),
 .UNSPECIFIED.);
#155=B_SPLINE_SURFACE_WITH_KNOTS('',2,1,((#12830,#12831),(#12832,#12833),
(#12834,#12835)),.UNSPECIFIED.,.F.,.F.,.F.,(3,3),(2,2),(0.,1.),(0.,0.01),
 .UNSPECIFIED.);
#156=B_SPLINE_SURFACE_WITH_KNOTS('',2,1,((#12857,#12858),(#12859,#12860),
(#12861,#12862)),.UNSPECIFIED.,.F.,.F.,.F.,(3,3),(2,2),(0.,1.),(0.,0.01),
 .UNSPECIFIED.);
#157=B_SPLINE_SURFACE_WITH_KNOTS('',2,1,((#12872,#12873),(#12874,#12875),
(#12876,#12877)),.UNSPECIFIED.,.F.,.F.,.F.,(3,3),(2,2),(0.,1.),(0.,0.01),
 .UNSPECIFIED.);
#158=B_SPLINE_SURFACE_WITH_KNOTS('',2,1,((#12887,#12888),(#12889,#12890),
(#12891,#12892)),.UNSPECIFIED.,.F.,.F.,.F.,(3,3),(2,2),(0.,1.),(0.,0.01),
 .UNSPECIFIED.);
#159=B_SPLINE_SURFACE_WITH_KNOTS('',2,1,((#12902,#12903),(#12904,#12905),
(#12906,#12907)),.UNSPECIFIED.,.F.,.F.,.F.,(3,3),(2,2),(0.,1.),(0.,0.01),
 .UNSPECIFIED.);
#160=B_SPLINE_SURFACE_WITH_KNOTS('',2,1,((#12917,#12918),(#12919,#12920),
(#12921,#12922)),.UNSPECIFIED.,.F.,.F.,.F.,(3,3),(2,2),(0.,1.),(0.,0.01),
 .UNSPECIFIED.);
#161=B_SPLINE_SURFACE_WITH_KNOTS('',2,1,((#12932,#12933),(#12934,#12935),
(#12936,#12937)),.UNSPECIFIED.,.F.,.F.,.F.,(3,3),(2,2),(0.,1.),(0.,0.01),
 .UNSPECIFIED.);
#162=B_SPLINE_SURFACE_WITH_KNOTS('',2,1,((#12946,#12947),(#12948,#12949),
(#12950,#12951)),.UNSPECIFIED.,.F.,.F.,.F.,(3,3),(2,2),(0.,1.),(0.,0.01),
 .UNSPECIFIED.);
#163=B_SPLINE_SURFACE_WITH_KNOTS('',2,1,((#12964,#12965),(#12966,#12967),
(#12968,#12969)),.UNSPECIFIED.,.F.,.F.,.F.,(3,3),(2,2),(0.,1.),(0.,0.01),
 .UNSPECIFIED.);
#164=B_SPLINE_SURFACE_WITH_KNOTS('',2,1,((#12979,#12980),(#12981,#12982),
(#12983,#12984)),.UNSPECIFIED.,.F.,.F.,.F.,(3,3),(2,2),(0.,1.),(0.,0.01),
 .UNSPECIFIED.);
#165=B_SPLINE_SURFACE_WITH_KNOTS('',2,1,((#12994,#12995),(#12996,#12997),
(#12998,#12999)),.UNSPECIFIED.,.F.,.F.,.F.,(3,3),(2,2),(0.,1.),(0.,0.01),
 .UNSPECIFIED.);
#166=B_SPLINE_SURFACE_WITH_KNOTS('',2,1,((#13024,#13025),(#13026,#13027),
(#13028,#13029)),.UNSPECIFIED.,.F.,.F.,.F.,(3,3),(2,2),(0.,1.),(0.,0.01),
 .UNSPECIFIED.);
#167=B_SPLINE_SURFACE_WITH_KNOTS('',2,1,((#13042,#13043),(#13044,#13045),
(#13046,#13047)),.UNSPECIFIED.,.F.,.F.,.F.,(3,3),(2,2),(0.,1.),(0.,0.01),
 .UNSPECIFIED.);
#168=B_SPLINE_SURFACE_WITH_KNOTS('',2,1,((#13057,#13058),(#13059,#13060),
(#13061,#13062)),.UNSPECIFIED.,.F.,.F.,.F.,(3,3),(2,2),(0.,1.),(0.,0.01),
 .UNSPECIFIED.);
#169=B_SPLINE_SURFACE_WITH_KNOTS('',2,1,((#13078,#13079),(#13080,#13081),
(#13082,#13083)),.UNSPECIFIED.,.F.,.F.,.F.,(3,3),(2,2),(0.,1.),(0.,0.01),
 .UNSPECIFIED.);
#170=B_SPLINE_SURFACE_WITH_KNOTS('',2,1,((#13093,#13094),(#13095,#13096),
(#13097,#13098)),.UNSPECIFIED.,.F.,.F.,.F.,(3,3),(2,2),(0.,1.),(0.,0.01),
 .UNSPECIFIED.);
#171=B_SPLINE_SURFACE_WITH_KNOTS('',2,1,((#13123,#13124),(#13125,#13126),
(#13127,#13128)),.UNSPECIFIED.,.F.,.F.,.F.,(3,3),(2,2),(0.,1.),(0.,0.01),
 .UNSPECIFIED.);
#172=B_SPLINE_SURFACE_WITH_KNOTS('',2,1,((#13141,#13142),(#13143,#13144),
(#13145,#13146)),.UNSPECIFIED.,.F.,.F.,.F.,(3,3),(2,2),(0.,1.),(0.,0.01),
 .UNSPECIFIED.);
#173=B_SPLINE_SURFACE_WITH_KNOTS('',2,1,((#13156,#13157),(#13158,#13159),
(#13160,#13161)),.UNSPECIFIED.,.F.,.F.,.F.,(3,3),(2,2),(0.,1.),(0.,0.01),
 .UNSPECIFIED.);
#174=B_SPLINE_SURFACE_WITH_KNOTS('',2,1,((#13177,#13178),(#13179,#13180),
(#13181,#13182)),.UNSPECIFIED.,.F.,.F.,.F.,(3,3),(2,2),(0.,1.),(0.,0.01),
 .UNSPECIFIED.);
#175=B_SPLINE_SURFACE_WITH_KNOTS('',2,1,((#13192,#13193),(#13194,#13195),
(#13196,#13197)),.UNSPECIFIED.,.F.,.F.,.F.,(3,3),(2,2),(0.,1.),(0.,0.01),
 .UNSPECIFIED.);
#176=B_SPLINE_SURFACE_WITH_KNOTS('',2,1,((#13207,#13208),(#13209,#13210),
(#13211,#13212)),.UNSPECIFIED.,.F.,.F.,.F.,(3,3),(2,2),(0.,1.),(0.,0.01),
 .UNSPECIFIED.);
#177=B_SPLINE_SURFACE_WITH_KNOTS('',2,1,((#13222,#13223),(#13224,#13225),
(#13226,#13227)),.UNSPECIFIED.,.F.,.F.,.F.,(3,3),(2,2),(0.,1.),(0.,0.01),
 .UNSPECIFIED.);
#178=B_SPLINE_SURFACE_WITH_KNOTS('',2,1,((#13237,#13238),(#13239,#13240),
(#13241,#13242)),.UNSPECIFIED.,.F.,.F.,.F.,(3,3),(2,2),(0.,1.),(0.,0.01),
 .UNSPECIFIED.);
#179=B_SPLINE_SURFACE_WITH_KNOTS('',2,1,((#13252,#13253),(#13254,#13255),
(#13256,#13257)),.UNSPECIFIED.,.F.,.F.,.F.,(3,3),(2,2),(0.,1.),(0.,0.01),
 .UNSPECIFIED.);
#180=B_SPLINE_SURFACE_WITH_KNOTS('',2,1,((#13267,#13268),(#13269,#13270),
(#13271,#13272)),.UNSPECIFIED.,.F.,.F.,.F.,(3,3),(2,2),(0.,1.),(0.,0.01),
 .UNSPECIFIED.);
#181=B_SPLINE_SURFACE_WITH_KNOTS('',2,1,((#13282,#13283),(#13284,#13285),
(#13286,#13287)),.UNSPECIFIED.,.F.,.F.,.F.,(3,3),(2,2),(0.,1.),(0.,0.01),
 .UNSPECIFIED.);
#182=B_SPLINE_SURFACE_WITH_KNOTS('',2,1,((#13297,#13298),(#13299,#13300),
(#13301,#13302)),.UNSPECIFIED.,.F.,.F.,.F.,(3,3),(2,2),(0.,1.),(0.,0.01),
 .UNSPECIFIED.);
#183=B_SPLINE_SURFACE_WITH_KNOTS('',2,1,((#13329,#13330),(#13331,#13332),
(#13333,#13334)),.UNSPECIFIED.,.F.,.F.,.F.,(3,3),(2,2),(0.,1.),(0.,0.01),
 .UNSPECIFIED.);
#184=B_SPLINE_SURFACE_WITH_KNOTS('',2,1,((#13347,#13348),(#13349,#13350),
(#13351,#13352)),.UNSPECIFIED.,.F.,.F.,.F.,(3,3),(2,2),(0.,1.),(0.,0.01),
 .UNSPECIFIED.);
#185=B_SPLINE_SURFACE_WITH_KNOTS('',2,1,((#13362,#13363),(#13364,#13365),
(#13366,#13367)),.UNSPECIFIED.,.F.,.F.,.F.,(3,3),(2,2),(0.,1.),(0.,0.01),
 .UNSPECIFIED.);
#186=B_SPLINE_SURFACE_WITH_KNOTS('',2,1,((#13377,#13378),(#13379,#13380),
(#13381,#13382)),.UNSPECIFIED.,.F.,.F.,.F.,(3,3),(2,2),(0.,1.),(0.,0.01),
 .UNSPECIFIED.);
#187=B_SPLINE_SURFACE_WITH_KNOTS('',2,1,((#13398,#13399),(#13400,#13401),
(#13402,#13403)),.UNSPECIFIED.,.F.,.F.,.F.,(3,3),(2,2),(0.,1.),(0.,0.01),
 .UNSPECIFIED.);
#188=B_SPLINE_SURFACE_WITH_KNOTS('',2,1,((#13413,#13414),(#13415,#13416),
(#13417,#13418)),.UNSPECIFIED.,.F.,.F.,.F.,(3,3),(2,2),(0.,1.),(0.,0.01),
 .UNSPECIFIED.);
#189=B_SPLINE_SURFACE_WITH_KNOTS('',2,1,((#13428,#13429),(#13430,#13431),
(#13432,#13433)),.UNSPECIFIED.,.F.,.F.,.F.,(3,3),(2,2),(0.,1.),(0.,0.01),
 .UNSPECIFIED.);
#190=B_SPLINE_SURFACE_WITH_KNOTS('',2,1,((#13443,#13444),(#13445,#13446),
(#13447,#13448)),.UNSPECIFIED.,.F.,.F.,.F.,(3,3),(2,2),(0.,1.),(0.,0.01),
 .UNSPECIFIED.);
#191=B_SPLINE_SURFACE_WITH_KNOTS('',2,1,((#13458,#13459),(#13460,#13461),
(#13462,#13463)),.UNSPECIFIED.,.F.,.F.,.F.,(3,3),(2,2),(0.,1.),(0.,0.01),
 .UNSPECIFIED.);
#192=B_SPLINE_SURFACE_WITH_KNOTS('',2,1,((#13479,#13480),(#13481,#13482),
(#13483,#13484)),.UNSPECIFIED.,.F.,.F.,.F.,(3,3),(2,2),(0.,1.),(0.,0.01),
 .UNSPECIFIED.);
#193=B_SPLINE_SURFACE_WITH_KNOTS('',2,1,((#13524,#13525),(#13526,#13527),
(#13528,#13529)),.UNSPECIFIED.,.F.,.F.,.F.,(3,3),(2,2),(0.,0.816611290397618),
(0.,0.01),.UNSPECIFIED.);
#194=B_SPLINE_SURFACE_WITH_KNOTS('',2,1,((#13539,#13540),(#13541,#13542),
(#13543,#13544)),.UNSPECIFIED.,.F.,.F.,.F.,(3,3),(2,2),(0.,1.),(0.,0.01),
 .UNSPECIFIED.);
#195=B_SPLINE_SURFACE_WITH_KNOTS('',2,1,((#13554,#13555),(#13556,#13557),
(#13558,#13559)),.UNSPECIFIED.,.F.,.F.,.F.,(3,3),(2,2),(0.,1.),(0.,0.01),
 .UNSPECIFIED.);
#196=B_SPLINE_SURFACE_WITH_KNOTS('',2,1,((#13569,#13570),(#13571,#13572),
(#13573,#13574)),.UNSPECIFIED.,.F.,.F.,.F.,(3,3),(2,2),(0.,1.),(0.,0.01),
 .UNSPECIFIED.);
#197=B_SPLINE_SURFACE_WITH_KNOTS('',2,1,((#13584,#13585),(#13586,#13587),
(#13588,#13589)),.UNSPECIFIED.,.F.,.F.,.F.,(3,3),(2,2),(0.,1.),(0.,0.01),
 .UNSPECIFIED.);
#198=B_SPLINE_SURFACE_WITH_KNOTS('',2,1,((#13605,#13606),(#13607,#13608),
(#13609,#13610)),.UNSPECIFIED.,.F.,.F.,.F.,(3,3),(2,2),(0.,1.),(0.,0.01),
 .UNSPECIFIED.);
#199=B_SPLINE_SURFACE_WITH_KNOTS('',2,1,((#13620,#13621),(#13622,#13623),
(#13624,#13625)),.UNSPECIFIED.,.F.,.F.,.F.,(3,3),(2,2),(0.,1.),(0.,0.01),
 .UNSPECIFIED.);
#200=B_SPLINE_SURFACE_WITH_KNOTS('',2,1,((#13635,#13636),(#13637,#13638),
(#13639,#13640)),.UNSPECIFIED.,.F.,.F.,.F.,(3,3),(2,2),(0.,1.),(0.,0.01),
 .UNSPECIFIED.);
#201=B_SPLINE_SURFACE_WITH_KNOTS('',2,1,((#13650,#13651),(#13652,#13653),
(#13654,#13655)),.UNSPECIFIED.,.F.,.F.,.F.,(3,3),(2,2),(0.,1.),(0.,0.01),
 .UNSPECIFIED.);
#202=B_SPLINE_SURFACE_WITH_KNOTS('',2,1,((#13665,#13666),(#13667,#13668),
(#13669,#13670)),.UNSPECIFIED.,.F.,.F.,.F.,(3,3),(2,2),(0.163684450070537,
1.),(0.,0.01),.UNSPECIFIED.);
#203=B_SPLINE_SURFACE_WITH_KNOTS('',2,1,((#13705,#13706),(#13707,#13708),
(#13709,#13710)),.UNSPECIFIED.,.F.,.F.,.F.,(3,3),(2,2),(0.,1.),(0.,0.01),
 .UNSPECIFIED.);
#204=B_SPLINE_SURFACE_WITH_KNOTS('',2,1,((#13723,#13724),(#13725,#13726),
(#13727,#13728)),.UNSPECIFIED.,.F.,.F.,.F.,(3,3),(2,2),(0.,1.),(0.,0.01),
 .UNSPECIFIED.);
#205=B_SPLINE_SURFACE_WITH_KNOTS('',2,1,((#13738,#13739),(#13740,#13741),
(#13742,#13743)),.UNSPECIFIED.,.F.,.F.,.F.,(3,3),(2,2),(0.,1.),(0.,0.01),
 .UNSPECIFIED.);
#206=B_SPLINE_SURFACE_WITH_KNOTS('',2,1,((#13753,#13754),(#13755,#13756),
(#13757,#13758)),.UNSPECIFIED.,.F.,.F.,.F.,(3,3),(2,2),(0.,1.),(0.,0.01),
 .UNSPECIFIED.);
#207=B_SPLINE_SURFACE_WITH_KNOTS('',2,1,((#13768,#13769),(#13770,#13771),
(#13772,#13773)),.UNSPECIFIED.,.F.,.F.,.F.,(3,3),(2,2),(0.,1.),(0.,0.01),
 .UNSPECIFIED.);
#208=B_SPLINE_SURFACE_WITH_KNOTS('',2,1,((#13795,#13796),(#13797,#13798),
(#13799,#13800)),.UNSPECIFIED.,.F.,.F.,.F.,(3,3),(2,2),(0.,1.),(0.,0.01),
 .UNSPECIFIED.);
#209=B_SPLINE_SURFACE_WITH_KNOTS('',2,1,((#13807,#13808),(#13809,#13810),
(#13811,#13812)),.UNSPECIFIED.,.F.,.F.,.F.,(3,3),(2,2),(0.311349525638128,
1.),(0.,0.01),.UNSPECIFIED.);
#210=B_SPLINE_SURFACE_WITH_KNOTS('',2,1,((#13843,#13844),(#13845,#13846),
(#13847,#13848)),.UNSPECIFIED.,.F.,.F.,.F.,(3,3),(2,2),(0.,1.),(0.,0.01),
 .UNSPECIFIED.);
#211=B_SPLINE_SURFACE_WITH_KNOTS('',2,1,((#13858,#13859),(#13860,#13861),
(#13862,#13863)),.UNSPECIFIED.,.F.,.F.,.F.,(3,3),(2,2),(0.,1.),(0.,0.01),
 .UNSPECIFIED.);
#212=B_SPLINE_SURFACE_WITH_KNOTS('',2,1,((#13873,#13874),(#13875,#13876),
(#13877,#13878)),.UNSPECIFIED.,.F.,.F.,.F.,(3,3),(2,2),(0.,1.),(0.,0.01),
 .UNSPECIFIED.);
#213=B_SPLINE_SURFACE_WITH_KNOTS('',2,1,((#13888,#13889),(#13890,#13891),
(#13892,#13893)),.UNSPECIFIED.,.F.,.F.,.F.,(3,3),(2,2),(0.,1.),(0.,0.01),
 .UNSPECIFIED.);
#214=B_SPLINE_SURFACE_WITH_KNOTS('',2,1,((#13903,#13904),(#13905,#13906),
(#13907,#13908)),.UNSPECIFIED.,.F.,.F.,.F.,(3,3),(2,2),(0.,1.),(0.,0.01),
 .UNSPECIFIED.);
#215=B_SPLINE_SURFACE_WITH_KNOTS('',2,1,((#13924,#13925),(#13926,#13927),
(#13928,#13929)),.UNSPECIFIED.,.F.,.F.,.F.,(3,3),(2,2),(0.,1.),(0.,0.01),
 .UNSPECIFIED.);
#216=B_SPLINE_SURFACE_WITH_KNOTS('',2,1,((#13939,#13940),(#13941,#13942),
(#13943,#13944)),.UNSPECIFIED.,.F.,.F.,.F.,(3,3),(2,2),(0.,1.),(0.,0.01),
 .UNSPECIFIED.);
#217=B_SPLINE_SURFACE_WITH_KNOTS('',2,1,((#13954,#13955),(#13956,#13957),
(#13958,#13959)),.UNSPECIFIED.,.F.,.F.,.F.,(3,3),(2,2),(0.,1.),(0.,0.01),
 .UNSPECIFIED.);
#218=B_SPLINE_SURFACE_WITH_KNOTS('',2,1,((#13969,#13970),(#13971,#13972),
(#13973,#13974)),.UNSPECIFIED.,.F.,.F.,.F.,(3,3),(2,2),(0.,1.),(0.,0.01),
 .UNSPECIFIED.);
#219=B_SPLINE_SURFACE_WITH_KNOTS('',2,1,((#13996,#13997),(#13998,#13999),
(#14000,#14001)),.UNSPECIFIED.,.F.,.F.,.F.,(3,3),(2,2),(0.,1.),(0.,0.01),
 .UNSPECIFIED.);
#220=B_SPLINE_SURFACE_WITH_KNOTS('',2,1,((#14011,#14012),(#14013,#14014),
(#14015,#14016)),.UNSPECIFIED.,.F.,.F.,.F.,(3,3),(2,2),(0.,1.),(0.,0.01),
 .UNSPECIFIED.);
#221=B_SPLINE_SURFACE_WITH_KNOTS('',2,1,((#14026,#14027),(#14028,#14029),
(#14030,#14031)),.UNSPECIFIED.,.F.,.F.,.F.,(3,3),(2,2),(0.,1.),(0.,0.01),
 .UNSPECIFIED.);
#222=B_SPLINE_SURFACE_WITH_KNOTS('',2,1,((#14041,#14042),(#14043,#14044),
(#14045,#14046)),.UNSPECIFIED.,.F.,.F.,.F.,(3,3),(2,2),(0.,1.),(0.,0.01),
 .UNSPECIFIED.);
#223=B_SPLINE_SURFACE_WITH_KNOTS('',2,1,((#14056,#14057),(#14058,#14059),
(#14060,#14061)),.UNSPECIFIED.,.F.,.F.,.F.,(3,3),(2,2),(0.,1.),(0.,0.01),
 .UNSPECIFIED.);
#224=B_SPLINE_SURFACE_WITH_KNOTS('',2,1,((#14071,#14072),(#14073,#14074),
(#14075,#14076)),.UNSPECIFIED.,.F.,.F.,.F.,(3,3),(2,2),(0.,1.),(0.,0.01),
 .UNSPECIFIED.);
#225=B_SPLINE_SURFACE_WITH_KNOTS('',2,1,((#14085,#14086),(#14087,#14088),
(#14089,#14090)),.UNSPECIFIED.,.F.,.F.,.F.,(3,3),(2,2),(0.,1.),(0.,0.01),
 .UNSPECIFIED.);
#226=B_SPLINE_SURFACE_WITH_KNOTS('',2,1,((#14109,#14110),(#14111,#14112),
(#14113,#14114)),.UNSPECIFIED.,.F.,.F.,.F.,(3,3),(2,2),(0.,1.),(0.,0.01),
 .UNSPECIFIED.);
#227=B_SPLINE_SURFACE_WITH_KNOTS('',2,1,((#14124,#14125),(#14126,#14127),
(#14128,#14129)),.UNSPECIFIED.,.F.,.F.,.F.,(3,3),(2,2),(0.,1.),(0.,0.01),
 .UNSPECIFIED.);
#228=B_SPLINE_SURFACE_WITH_KNOTS('',2,1,((#14139,#14140),(#14141,#14142),
(#14143,#14144)),.UNSPECIFIED.,.F.,.F.,.F.,(3,3),(2,2),(0.,1.),(0.,0.01),
 .UNSPECIFIED.);
#229=B_SPLINE_SURFACE_WITH_KNOTS('',2,1,((#14154,#14155),(#14156,#14157),
(#14158,#14159)),.UNSPECIFIED.,.F.,.F.,.F.,(3,3),(2,2),(0.,1.),(0.,0.01),
 .UNSPECIFIED.);
#230=B_SPLINE_SURFACE_WITH_KNOTS('',2,1,((#14175,#14176),(#14177,#14178),
(#14179,#14180)),.UNSPECIFIED.,.F.,.F.,.F.,(3,3),(2,2),(0.,1.),(0.,0.01),
 .UNSPECIFIED.);
#231=B_SPLINE_SURFACE_WITH_KNOTS('',2,1,((#14190,#14191),(#14192,#14193),
(#14194,#14195)),.UNSPECIFIED.,.F.,.F.,.F.,(3,3),(2,2),(0.,1.),(0.,0.01),
 .UNSPECIFIED.);
#232=B_SPLINE_SURFACE_WITH_KNOTS('',2,1,((#14205,#14206),(#14207,#14208),
(#14209,#14210)),.UNSPECIFIED.,.F.,.F.,.F.,(3,3),(2,2),(0.,1.),(0.,0.01),
 .UNSPECIFIED.);
#233=B_SPLINE_SURFACE_WITH_KNOTS('',2,1,((#14217,#14218),(#14219,#14220),
(#14221,#14222)),.UNSPECIFIED.,.F.,.F.,.F.,(3,3),(2,2),(0.,1.),(0.,0.01),
 .UNSPECIFIED.);
#234=B_SPLINE_SURFACE_WITH_KNOTS('',2,1,((#14241,#14242),(#14243,#14244),
(#14245,#14246)),.UNSPECIFIED.,.F.,.F.,.F.,(3,3),(2,2),(0.,1.),(0.,0.01),
 .UNSPECIFIED.);
#235=B_SPLINE_SURFACE_WITH_KNOTS('',2,1,((#14256,#14257),(#14258,#14259),
(#14260,#14261)),.UNSPECIFIED.,.F.,.F.,.F.,(3,3),(2,2),(0.,1.),(0.,0.01),
 .UNSPECIFIED.);
#236=B_SPLINE_SURFACE_WITH_KNOTS('',2,1,((#14271,#14272),(#14273,#14274),
(#14275,#14276)),.UNSPECIFIED.,.F.,.F.,.F.,(3,3),(2,2),(0.,1.),(0.,0.01),
 .UNSPECIFIED.);
#237=B_SPLINE_SURFACE_WITH_KNOTS('',2,1,((#14286,#14287),(#14288,#14289),
(#14290,#14291)),.UNSPECIFIED.,.F.,.F.,.F.,(3,3),(2,2),(0.,1.),(0.,0.01),
 .UNSPECIFIED.);
#238=B_SPLINE_SURFACE_WITH_KNOTS('',2,1,((#14301,#14302),(#14303,#14304),
(#14305,#14306)),.UNSPECIFIED.,.F.,.F.,.F.,(3,3),(2,2),(0.,1.),(0.,0.01),
 .UNSPECIFIED.);
#239=B_SPLINE_SURFACE_WITH_KNOTS('',2,1,((#14316,#14317),(#14318,#14319),
(#14320,#14321)),.UNSPECIFIED.,.F.,.F.,.F.,(3,3),(2,2),(0.,1.),(0.,0.01),
 .UNSPECIFIED.);
#240=B_SPLINE_SURFACE_WITH_KNOTS('',2,1,((#14337,#14338),(#14339,#14340),
(#14341,#14342)),.UNSPECIFIED.,.F.,.F.,.F.,(3,3),(2,2),(0.,1.),(0.,0.01),
 .UNSPECIFIED.);
#241=B_SPLINE_SURFACE_WITH_KNOTS('',2,1,((#14352,#14353),(#14354,#14355),
(#14356,#14357)),.UNSPECIFIED.,.F.,.F.,.F.,(3,3),(2,2),(0.,1.),(0.,0.01),
 .UNSPECIFIED.);
#242=B_SPLINE_SURFACE_WITH_KNOTS('',2,1,((#14367,#14368),(#14369,#14370),
(#14371,#14372)),.UNSPECIFIED.,.F.,.F.,.F.,(3,3),(2,2),(0.,1.),(0.,0.01),
 .UNSPECIFIED.);
#243=B_SPLINE_SURFACE_WITH_KNOTS('',2,1,((#14382,#14383),(#14384,#14385),
(#14386,#14387)),.UNSPECIFIED.,.F.,.F.,.F.,(3,3),(2,2),(0.,1.),(0.,0.01),
 .UNSPECIFIED.);
#244=B_SPLINE_SURFACE_WITH_KNOTS('',2,1,((#14397,#14398),(#14399,#14400),
(#14401,#14402)),.UNSPECIFIED.,.F.,.F.,.F.,(3,3),(2,2),(0.,1.),(0.,0.01),
 .UNSPECIFIED.);
#245=B_SPLINE_SURFACE_WITH_KNOTS('',2,1,((#14411,#14412),(#14413,#14414),
(#14415,#14416)),.UNSPECIFIED.,.F.,.F.,.F.,(3,3),(2,2),(0.,1.),(0.,0.01),
 .UNSPECIFIED.);
#246=B_SPLINE_SURFACE_WITH_KNOTS('',2,1,((#14429,#14430),(#14431,#14432),
(#14433,#14434)),.UNSPECIFIED.,.F.,.F.,.F.,(3,3),(2,2),(0.,1.),(0.,0.01),
 .UNSPECIFIED.);
#247=B_SPLINE_SURFACE_WITH_KNOTS('',2,1,((#14444,#14445),(#14446,#14447),
(#14448,#14449)),.UNSPECIFIED.,.F.,.F.,.F.,(3,3),(2,2),(0.174706141156731,
1.),(0.,0.01),.UNSPECIFIED.);
#248=B_SPLINE_SURFACE_WITH_KNOTS('',2,1,((#14489,#14490),(#14491,#14492),
(#14493,#14494)),.UNSPECIFIED.,.F.,.F.,.F.,(3,3),(2,2),(0.,1.),(0.,0.01),
 .UNSPECIFIED.);
#249=B_SPLINE_SURFACE_WITH_KNOTS('',2,1,((#14504,#14505),(#14506,#14507),
(#14508,#14509)),.UNSPECIFIED.,.F.,.F.,.F.,(3,3),(2,2),(0.,1.),(0.,0.01),
 .UNSPECIFIED.);
#250=B_SPLINE_SURFACE_WITH_KNOTS('',2,1,((#14519,#14520),(#14521,#14522),
(#14523,#14524)),.UNSPECIFIED.,.F.,.F.,.F.,(3,3),(2,2),(0.,1.),(0.,0.01),
 .UNSPECIFIED.);
#251=B_SPLINE_SURFACE_WITH_KNOTS('',2,1,((#14534,#14535),(#14536,#14537),
(#14538,#14539)),.UNSPECIFIED.,.F.,.F.,.F.,(3,3),(2,2),(0.,1.),(0.,0.01),
 .UNSPECIFIED.);
#252=B_SPLINE_SURFACE_WITH_KNOTS('',2,1,((#14555,#14556),(#14557,#14558),
(#14559,#14560)),.UNSPECIFIED.,.F.,.F.,.F.,(3,3),(2,2),(0.,1.),(0.,0.01),
 .UNSPECIFIED.);
#253=B_SPLINE_CURVE_WITH_KNOTS('',2,(#10152,#10153,#10154),
 .UNSPECIFIED.,.F.,.F.,(3,3),(0.,1.),.UNSPECIFIED.);
#254=B_SPLINE_CURVE_WITH_KNOTS('',2,(#10156,#10157,#10158),
 .UNSPECIFIED.,.F.,.F.,(3,3),(0.,1.),.UNSPECIFIED.);
#255=B_SPLINE_CURVE_WITH_KNOTS('',2,(#10160,#10161,#10162),
 .UNSPECIFIED.,.F.,.F.,(3,3),(0.174706141156731,1.),.UNSPECIFIED.);
#256=B_SPLINE_CURVE_WITH_KNOTS('',2,(#10174,#10175,#10176),
 .UNSPECIFIED.,.F.,.F.,(3,3),(0.,1.),.UNSPECIFIED.);
#257=B_SPLINE_CURVE_WITH_KNOTS('',2,(#10178,#10179,#10180),
 .UNSPECIFIED.,.F.,.F.,(3,3),(0.,1.),.UNSPECIFIED.);
#258=B_SPLINE_CURVE_WITH_KNOTS('',2,(#10182,#10183,#10184),
 .UNSPECIFIED.,.F.,.F.,(3,3),(0.,1.),.UNSPECIFIED.);
#259=B_SPLINE_CURVE_WITH_KNOTS('',2,(#10186,#10187,#10188),
 .UNSPECIFIED.,.F.,.F.,(3,3),(0.,1.),.UNSPECIFIED.);
#260=B_SPLINE_CURVE_WITH_KNOTS('',2,(#10191,#10192,#10193),
 .UNSPECIFIED.,.F.,.F.,(3,3),(0.,1.),.UNSPECIFIED.);
#261=B_SPLINE_CURVE_WITH_KNOTS('',2,(#10203,#10204,#10205),
 .UNSPECIFIED.,.F.,.F.,(3,3),(0.,1.),.UNSPECIFIED.);
#262=B_SPLINE_CURVE_WITH_KNOTS('',2,(#10214,#10215,#10216),
 .UNSPECIFIED.,.F.,.F.,(3,3),(0.,1.),.UNSPECIFIED.);
#263=B_SPLINE_CURVE_WITH_KNOTS('',2,(#10225,#10226,#10227),
 .UNSPECIFIED.,.F.,.F.,(3,3),(0.174706141156731,1.),.UNSPECIFIED.);
#264=B_SPLINE_CURVE_WITH_KNOTS('',2,(#10256,#10257,#10258),
 .UNSPECIFIED.,.F.,.F.,(3,3),(0.,1.),.UNSPECIFIED.);
#265=B_SPLINE_CURVE_WITH_KNOTS('',2,(#10267,#10268,#10269),
 .UNSPECIFIED.,.F.,.F.,(3,3),(0.,1.),.UNSPECIFIED.);
#266=B_SPLINE_CURVE_WITH_KNOTS('',2,(#10278,#10279,#10280),
 .UNSPECIFIED.,.F.,.F.,(3,3),(0.,1.),.UNSPECIFIED.);
#267=B_SPLINE_CURVE_WITH_KNOTS('',2,(#10289,#10290,#10291),
 .UNSPECIFIED.,.F.,.F.,(3,3),(0.,1.),.UNSPECIFIED.);
#268=B_SPLINE_CURVE_WITH_KNOTS('',2,(#10303,#10304,#10305),
 .UNSPECIFIED.,.F.,.F.,(3,3),(0.,1.),.UNSPECIFIED.);
#269=B_SPLINE_CURVE_WITH_KNOTS('',2,(#10309,#10310,#10311),
 .UNSPECIFIED.,.F.,.F.,(3,3),(0.,1.),.UNSPECIFIED.);
#270=B_SPLINE_CURVE_WITH_KNOTS('',2,(#10315,#10316,#10317),
 .UNSPECIFIED.,.F.,.F.,(3,3),(0.,1.),.UNSPECIFIED.);
#271=B_SPLINE_CURVE_WITH_KNOTS('',2,(#10319,#10320,#10321),
 .UNSPECIFIED.,.F.,.F.,(3,3),(0.,1.),.UNSPECIFIED.);
#272=B_SPLINE_CURVE_WITH_KNOTS('',2,(#10323,#10324,#10325),
 .UNSPECIFIED.,.F.,.F.,(3,3),(0.,1.),.UNSPECIFIED.);
#273=B_SPLINE_CURVE_WITH_KNOTS('',2,(#10327,#10328,#10329),
 .UNSPECIFIED.,.F.,.F.,(3,3),(0.,1.),.UNSPECIFIED.);
#274=B_SPLINE_CURVE_WITH_KNOTS('',2,(#10331,#10332,#10333),
 .UNSPECIFIED.,.F.,.F.,(3,3),(0.,1.),.UNSPECIFIED.);
#275=B_SPLINE_CURVE_WITH_KNOTS('',2,(#10335,#10336,#10337),
 .UNSPECIFIED.,.F.,.F.,(3,3),(0.,1.),.UNSPECIFIED.);
#276=B_SPLINE_CURVE_WITH_KNOTS('',2,(#10341,#10342,#10343),
 .UNSPECIFIED.,.F.,.F.,(3,3),(0.,1.),.UNSPECIFIED.);
#277=B_SPLINE_CURVE_WITH_KNOTS('',2,(#10345,#10346,#10347),
 .UNSPECIFIED.,.F.,.F.,(3,3),(0.,1.),.UNSPECIFIED.);
#278=B_SPLINE_CURVE_WITH_KNOTS('',2,(#10349,#10350,#10351),
 .UNSPECIFIED.,.F.,.F.,(3,3),(0.,1.),.UNSPECIFIED.);
#279=B_SPLINE_CURVE_WITH_KNOTS('',2,(#10353,#10354,#10355),
 .UNSPECIFIED.,.F.,.F.,(3,3),(0.,1.),.UNSPECIFIED.);
#280=B_SPLINE_CURVE_WITH_KNOTS('',2,(#10356,#10357,#10358),
 .UNSPECIFIED.,.F.,.F.,(3,3),(0.,1.),.UNSPECIFIED.);
#281=B_SPLINE_CURVE_WITH_KNOTS('',2,(#10361,#10362,#10363),
 .UNSPECIFIED.,.F.,.F.,(3,3),(-1.,0.),.UNSPECIFIED.);
#282=B_SPLINE_CURVE_WITH_KNOTS('',2,(#10365,#10366,#10367),
 .UNSPECIFIED.,.F.,.F.,(3,3),(-1.,0.),.UNSPECIFIED.);
#283=B_SPLINE_CURVE_WITH_KNOTS('',2,(#10371,#10372,#10373),
 .UNSPECIFIED.,.F.,.F.,(3,3),(-1.,0.),.UNSPECIFIED.);
#284=B_SPLINE_CURVE_WITH_KNOTS('',2,(#10375,#10376,#10377),
 .UNSPECIFIED.,.F.,.F.,(3,3),(-1.,0.),.UNSPECIFIED.);
#285=B_SPLINE_CURVE_WITH_KNOTS('',2,(#10379,#10380,#10381),
 .UNSPECIFIED.,.F.,.F.,(3,3),(-1.,0.),.UNSPECIFIED.);
#286=B_SPLINE_CURVE_WITH_KNOTS('',2,(#10383,#10384,#10385),
 .UNSPECIFIED.,.F.,.F.,(3,3),(-1.,0.),.UNSPECIFIED.);
#287=B_SPLINE_CURVE_WITH_KNOTS('',2,(#10389,#10390,#10391),
 .UNSPECIFIED.,.F.,.F.,(3,3),(-1.,0.),.UNSPECIFIED.);
#288=B_SPLINE_CURVE_WITH_KNOTS('',2,(#10392,#10393,#10394),
 .UNSPECIFIED.,.F.,.F.,(3,3),(-1.,0.),.UNSPECIFIED.);
#289=B_SPLINE_CURVE_WITH_KNOTS('',2,(#10404,#10405,#10406),
 .UNSPECIFIED.,.F.,.F.,(3,3),(0.,1.),.UNSPECIFIED.);
#290=B_SPLINE_CURVE_WITH_KNOTS('',2,(#10419,#10420,#10421),
 .UNSPECIFIED.,.F.,.F.,(3,3),(0.,1.),.UNSPECIFIED.);
#291=B_SPLINE_CURVE_WITH_KNOTS('',2,(#10430,#10431,#10432),
 .UNSPECIFIED.,.F.,.F.,(3,3),(0.,1.),.UNSPECIFIED.);
#292=B_SPLINE_CURVE_WITH_KNOTS('',2,(#10441,#10442,#10443),
 .UNSPECIFIED.,.F.,.F.,(3,3),(0.,1.),.UNSPECIFIED.);
#293=B_SPLINE_CURVE_WITH_KNOTS('',2,(#10452,#10453,#10454),
 .UNSPECIFIED.,.F.,.F.,(3,3),(0.,1.),.UNSPECIFIED.);
#294=B_SPLINE_CURVE_WITH_KNOTS('',2,(#10463,#10464,#10465),
 .UNSPECIFIED.,.F.,.F.,(3,3),(0.,1.),.UNSPECIFIED.);
#295=B_SPLINE_CURVE_WITH_KNOTS('',2,(#10474,#10475,#10476),
 .UNSPECIFIED.,.F.,.F.,(3,3),(0.,1.),.UNSPECIFIED.);
#296=B_SPLINE_CURVE_WITH_KNOTS('',2,(#10489,#10490,#10491),
 .UNSPECIFIED.,.F.,.F.,(3,3),(0.,1.),.UNSPECIFIED.);
#297=B_SPLINE_CURVE_WITH_KNOTS('',2,(#10500,#10501,#10502),
 .UNSPECIFIED.,.F.,.F.,(3,3),(0.,1.),.UNSPECIFIED.);
#298=B_SPLINE_CURVE_WITH_KNOTS('',2,(#10511,#10512,#10513),
 .UNSPECIFIED.,.F.,.F.,(3,3),(0.,1.),.UNSPECIFIED.);
#299=B_SPLINE_CURVE_WITH_KNOTS('',2,(#10522,#10523,#10524),
 .UNSPECIFIED.,.F.,.F.,(3,3),(0.,1.),.UNSPECIFIED.);
#300=B_SPLINE_CURVE_WITH_KNOTS('',2,(#10532,#10533,#10534),
 .UNSPECIFIED.,.F.,.F.,(3,3),(0.,1.),.UNSPECIFIED.);
#301=B_SPLINE_CURVE_WITH_KNOTS('',2,(#10544,#10545,#10546),
 .UNSPECIFIED.,.F.,.F.,(3,3),(0.,1.),.UNSPECIFIED.);
#302=B_SPLINE_CURVE_WITH_KNOTS('',2,(#10555,#10556,#10557),
 .UNSPECIFIED.,.F.,.F.,(3,3),(0.,1.),.UNSPECIFIED.);
#303=B_SPLINE_CURVE_WITH_KNOTS('',2,(#10570,#10571,#10572),
 .UNSPECIFIED.,.F.,.F.,(3,3),(0.,1.),.UNSPECIFIED.);
#304=B_SPLINE_CURVE_WITH_KNOTS('',2,(#10581,#10582,#10583),
 .UNSPECIFIED.,.F.,.F.,(3,3),(0.,1.),.UNSPECIFIED.);
#305=B_SPLINE_CURVE_WITH_KNOTS('',2,(#10592,#10593,#10594),
 .UNSPECIFIED.,.F.,.F.,(3,3),(0.,1.),.UNSPECIFIED.);
#306=B_SPLINE_CURVE_WITH_KNOTS('',2,(#10603,#10604,#10605),
 .UNSPECIFIED.,.F.,.F.,(3,3),(0.,1.),.UNSPECIFIED.);
#307=B_SPLINE_CURVE_WITH_KNOTS('',2,(#10618,#10619,#10620),
 .UNSPECIFIED.,.F.,.F.,(3,3),(0.,1.),.UNSPECIFIED.);
#308=B_SPLINE_CURVE_WITH_KNOTS('',2,(#10628,#10629,#10630),
 .UNSPECIFIED.,.F.,.F.,(3,3),(0.,1.),.UNSPECIFIED.);
#309=B_SPLINE_CURVE_WITH_KNOTS('',2,(#10634,#10635,#10636),
 .UNSPECIFIED.,.F.,.F.,(3,3),(0.311349525638128,1.),.UNSPECIFIED.);
#310=B_SPLINE_CURVE_WITH_KNOTS('',2,(#10644,#10645,#10646),
 .UNSPECIFIED.,.F.,.F.,(3,3),(0.,1.),.UNSPECIFIED.);
#311=B_SPLINE_CURVE_WITH_KNOTS('',2,(#10648,#10649,#10650),
 .UNSPECIFIED.,.F.,.F.,(3,3),(0.,1.),.UNSPECIFIED.);
#312=B_SPLINE_CURVE_WITH_KNOTS('',2,(#10652,#10653,#10654),
 .UNSPECIFIED.,.F.,.F.,(3,3),(0.,1.),.UNSPECIFIED.);
#313=B_SPLINE_CURVE_WITH_KNOTS('',2,(#10656,#10657,#10658),
 .UNSPECIFIED.,.F.,.F.,(3,3),(0.,1.),.UNSPECIFIED.);
#314=B_SPLINE_CURVE_WITH_KNOTS('',2,(#10660,#10661,#10662),
 .UNSPECIFIED.,.F.,.F.,(3,3),(0.,1.),.UNSPECIFIED.);
#315=B_SPLINE_CURVE_WITH_KNOTS('',2,(#10666,#10667,#10668),
 .UNSPECIFIED.,.F.,.F.,(3,3),(0.,1.),.UNSPECIFIED.);
#316=B_SPLINE_CURVE_WITH_KNOTS('',2,(#10670,#10671,#10672),
 .UNSPECIFIED.,.F.,.F.,(3,3),(0.,1.),.UNSPECIFIED.);
#317=B_SPLINE_CURVE_WITH_KNOTS('',2,(#10674,#10675,#10676),
 .UNSPECIFIED.,.F.,.F.,(3,3),(0.,1.),.UNSPECIFIED.);
#318=B_SPLINE_CURVE_WITH_KNOTS('',2,(#10678,#10679,#10680),
 .UNSPECIFIED.,.F.,.F.,(3,3),(0.,1.),.UNSPECIFIED.);
#319=B_SPLINE_CURVE_WITH_KNOTS('',2,(#10686,#10687,#10688),
 .UNSPECIFIED.,.F.,.F.,(3,3),(0.,1.),.UNSPECIFIED.);
#320=B_SPLINE_CURVE_WITH_KNOTS('',2,(#10690,#10691,#10692),
 .UNSPECIFIED.,.F.,.F.,(3,3),(0.,1.),.UNSPECIFIED.);
#321=B_SPLINE_CURVE_WITH_KNOTS('',2,(#10694,#10695,#10696),
 .UNSPECIFIED.,.F.,.F.,(3,3),(0.,1.),.UNSPECIFIED.);
#322=B_SPLINE_CURVE_WITH_KNOTS('',2,(#10698,#10699,#10700),
 .UNSPECIFIED.,.F.,.F.,(3,3),(0.,1.),.UNSPECIFIED.);
#323=B_SPLINE_CURVE_WITH_KNOTS('',2,(#10702,#10703,#10704),
 .UNSPECIFIED.,.F.,.F.,(3,3),(0.,1.),.UNSPECIFIED.);
#324=B_SPLINE_CURVE_WITH_KNOTS('',2,(#10705,#10706,#10707),
 .UNSPECIFIED.,.F.,.F.,(3,3),(0.,1.),.UNSPECIFIED.);
#325=B_SPLINE_CURVE_WITH_KNOTS('',2,(#10710,#10711,#10712),
 .UNSPECIFIED.,.F.,.F.,(3,3),(-1.,0.),.UNSPECIFIED.);
#326=B_SPLINE_CURVE_WITH_KNOTS('',2,(#10714,#10715,#10716),
 .UNSPECIFIED.,.F.,.F.,(3,3),(-1.,0.),.UNSPECIFIED.);
#327=B_SPLINE_CURVE_WITH_KNOTS('',2,(#10718,#10719,#10720),
 .UNSPECIFIED.,.F.,.F.,(3,3),(-1.,0.),.UNSPECIFIED.);
#328=B_SPLINE_CURVE_WITH_KNOTS('',2,(#10722,#10723,#10724),
 .UNSPECIFIED.,.F.,.F.,(3,3),(-1.,0.),.UNSPECIFIED.);
#329=B_SPLINE_CURVE_WITH_KNOTS('',2,(#10726,#10727,#10728),
 .UNSPECIFIED.,.F.,.F.,(3,3),(-1.,0.),.UNSPECIFIED.);
#330=B_SPLINE_CURVE_WITH_KNOTS('',2,(#10730,#10731,#10732),
 .UNSPECIFIED.,.F.,.F.,(3,3),(-1.,0.),.UNSPECIFIED.);
#331=B_SPLINE_CURVE_WITH_KNOTS('',2,(#10745,#10746,#10747),
 .UNSPECIFIED.,.F.,.F.,(3,3),(0.311349525638128,1.),.UNSPECIFIED.);
#332=B_SPLINE_CURVE_WITH_KNOTS('',2,(#10768,#10769,#10770),
 .UNSPECIFIED.,.F.,.F.,(3,3),(0.,1.),.UNSPECIFIED.);
#333=B_SPLINE_CURVE_WITH_KNOTS('',2,(#10779,#10780,#10781),
 .UNSPECIFIED.,.F.,.F.,(3,3),(0.,1.),.UNSPECIFIED.);
#334=B_SPLINE_CURVE_WITH_KNOTS('',2,(#10790,#10791,#10792),
 .UNSPECIFIED.,.F.,.F.,(3,3),(0.,1.),.UNSPECIFIED.);
#335=B_SPLINE_CURVE_WITH_KNOTS('',2,(#10801,#10802,#10803),
 .UNSPECIFIED.,.F.,.F.,(3,3),(0.,1.),.UNSPECIFIED.);
#336=B_SPLINE_CURVE_WITH_KNOTS('',2,(#10812,#10813,#10814),
 .UNSPECIFIED.,.F.,.F.,(3,3),(0.,1.),.UNSPECIFIED.);
#337=B_SPLINE_CURVE_WITH_KNOTS('',2,(#10827,#10828,#10829),
 .UNSPECIFIED.,.F.,.F.,(3,3),(0.,1.),.UNSPECIFIED.);
#338=B_SPLINE_CURVE_WITH_KNOTS('',2,(#10838,#10839,#10840),
 .UNSPECIFIED.,.F.,.F.,(3,3),(0.,1.),.UNSPECIFIED.);
#339=B_SPLINE_CURVE_WITH_KNOTS('',2,(#10849,#10850,#10851),
 .UNSPECIFIED.,.F.,.F.,(3,3),(0.,1.),.UNSPECIFIED.);
#340=B_SPLINE_CURVE_WITH_KNOTS('',2,(#10860,#10861,#10862),
 .UNSPECIFIED.,.F.,.F.,(3,3),(0.,1.),.UNSPECIFIED.);
#341=B_SPLINE_CURVE_WITH_KNOTS('',2,(#10879,#10880,#10881),
 .UNSPECIFIED.,.F.,.F.,(3,3),(0.,1.),.UNSPECIFIED.);
#342=B_SPLINE_CURVE_WITH_KNOTS('',2,(#10890,#10891,#10892),
 .UNSPECIFIED.,.F.,.F.,(3,3),(0.,1.),.UNSPECIFIED.);
#343=B_SPLINE_CURVE_WITH_KNOTS('',2,(#10901,#10902,#10903),
 .UNSPECIFIED.,.F.,.F.,(3,3),(0.,1.),.UNSPECIFIED.);
#344=B_SPLINE_CURVE_WITH_KNOTS('',2,(#10912,#10913,#10914),
 .UNSPECIFIED.,.F.,.F.,(3,3),(0.,1.),.UNSPECIFIED.);
#345=B_SPLINE_CURVE_WITH_KNOTS('',2,(#10923,#10924,#10925),
 .UNSPECIFIED.,.F.,.F.,(3,3),(0.,1.),.UNSPECIFIED.);
#346=B_SPLINE_CURVE_WITH_KNOTS('',2,(#10933,#10934,#10935),
 .UNSPECIFIED.,.F.,.F.,(3,3),(0.,1.),.UNSPECIFIED.);
#347=B_SPLINE_CURVE_WITH_KNOTS('',2,(#10945,#10946,#10947),
 .UNSPECIFIED.,.F.,.F.,(3,3),(0.,1.),.UNSPECIFIED.);
#348=B_SPLINE_CURVE_WITH_KNOTS('',2,(#10956,#10957,#10958),
 .UNSPECIFIED.,.F.,.F.,(3,3),(0.,1.),.UNSPECIFIED.);
#349=B_SPLINE_CURVE_WITH_KNOTS('',2,(#10967,#10968,#10969),
 .UNSPECIFIED.,.F.,.F.,(3,3),(0.,1.),.UNSPECIFIED.);
#350=B_SPLINE_CURVE_WITH_KNOTS('',2,(#10978,#10979,#10980),
 .UNSPECIFIED.,.F.,.F.,(3,3),(0.,1.),.UNSPECIFIED.);
#351=B_SPLINE_CURVE_WITH_KNOTS('',2,(#10989,#10990,#10991),
 .UNSPECIFIED.,.F.,.F.,(3,3),(0.,1.),.UNSPECIFIED.);
#352=B_SPLINE_CURVE_WITH_KNOTS('',2,(#11000,#11001,#11002),
 .UNSPECIFIED.,.F.,.F.,(3,3),(0.,1.),.UNSPECIFIED.);
#353=B_SPLINE_CURVE_WITH_KNOTS('',2,(#11091,#11092,#11093),
 .UNSPECIFIED.,.F.,.F.,(3,3),(0.,0.816611290397618),.UNSPECIFIED.);
#354=B_SPLINE_CURVE_WITH_KNOTS('',2,(#11095,#11096,#11097),
 .UNSPECIFIED.,.F.,.F.,(3,3),(0.,1.),.UNSPECIFIED.);
#355=B_SPLINE_CURVE_WITH_KNOTS('',2,(#11099,#11100,#11101),
 .UNSPECIFIED.,.F.,.F.,(3,3),(0.,1.),.UNSPECIFIED.);
#356=B_SPLINE_CURVE_WITH_KNOTS('',2,(#11103,#11104,#11105),
 .UNSPECIFIED.,.F.,.F.,(3,3),(0.,1.),.UNSPECIFIED.);
#357=B_SPLINE_CURVE_WITH_KNOTS('',2,(#11107,#11108,#11109),
 .UNSPECIFIED.,.F.,.F.,(3,3),(0.,1.),.UNSPECIFIED.);
#358=B_SPLINE_CURVE_WITH_KNOTS('',2,(#11113,#11114,#11115),
 .UNSPECIFIED.,.F.,.F.,(3,3),(0.,1.),.UNSPECIFIED.);
#359=B_SPLINE_CURVE_WITH_KNOTS('',2,(#11117,#11118,#11119),
 .UNSPECIFIED.,.F.,.F.,(3,3),(0.,1.),.UNSPECIFIED.);
#360=B_SPLINE_CURVE_WITH_KNOTS('',2,(#11121,#11122,#11123),
 .UNSPECIFIED.,.F.,.F.,(3,3),(0.,1.),.UNSPECIFIED.);
#361=B_SPLINE_CURVE_WITH_KNOTS('',2,(#11125,#11126,#11127),
 .UNSPECIFIED.,.F.,.F.,(3,3),(0.,1.),.UNSPECIFIED.);
#362=B_SPLINE_CURVE_WITH_KNOTS('',2,(#11128,#11129,#11130),
 .UNSPECIFIED.,.F.,.F.,(3,3),(0.163684450070537,1.),.UNSPECIFIED.);
#363=B_SPLINE_CURVE_WITH_KNOTS('',2,(#11133,#11134,#11135),
 .UNSPECIFIED.,.F.,.F.,(3,3),(-1.,0.),.UNSPECIFIED.);
#364=B_SPLINE_CURVE_WITH_KNOTS('',2,(#11137,#11138,#11139),
 .UNSPECIFIED.,.F.,.F.,(3,3),(-1.,0.),.UNSPECIFIED.);
#365=B_SPLINE_CURVE_WITH_KNOTS('',2,(#11141,#11142,#11143),
 .UNSPECIFIED.,.F.,.F.,(3,3),(-1.,0.),.UNSPECIFIED.);
#366=B_SPLINE_CURVE_WITH_KNOTS('',2,(#11145,#11146,#11147),
 .UNSPECIFIED.,.F.,.F.,(3,3),(-1.,0.),.UNSPECIFIED.);
#367=B_SPLINE_CURVE_WITH_KNOTS('',2,(#11149,#11150,#11151),
 .UNSPECIFIED.,.F.,.F.,(3,3),(-1.,0.),.UNSPECIFIED.);
#368=B_SPLINE_CURVE_WITH_KNOTS('',2,(#11155,#11156,#11157),
 .UNSPECIFIED.,.F.,.F.,(3,3),(-1.,0.),.UNSPECIFIED.);
#369=B_SPLINE_CURVE_WITH_KNOTS('',2,(#11159,#11160,#11161),
 .UNSPECIFIED.,.F.,.F.,(3,3),(-1.,0.),.UNSPECIFIED.);
#370=B_SPLINE_CURVE_WITH_KNOTS('',2,(#11163,#11164,#11165),
 .UNSPECIFIED.,.F.,.F.,(3,3),(-1.,0.),.UNSPECIFIED.);
#371=B_SPLINE_CURVE_WITH_KNOTS('',2,(#11167,#11168,#11169),
 .UNSPECIFIED.,.F.,.F.,(3,3),(-1.,0.),.UNSPECIFIED.);
#372=B_SPLINE_CURVE_WITH_KNOTS('',2,(#11171,#11172,#11173),
 .UNSPECIFIED.,.F.,.F.,(3,3),(-1.,0.),.UNSPECIFIED.);
#373=B_SPLINE_CURVE_WITH_KNOTS('',2,(#11204,#11205,#11206),
 .UNSPECIFIED.,.F.,.F.,(3,3),(0.,0.816611290397618),.UNSPECIFIED.);
#374=B_SPLINE_CURVE_WITH_KNOTS('',2,(#11215,#11216,#11217),
 .UNSPECIFIED.,.F.,.F.,(3,3),(0.,1.),.UNSPECIFIED.);
#375=B_SPLINE_CURVE_WITH_KNOTS('',2,(#11226,#11227,#11228),
 .UNSPECIFIED.,.F.,.F.,(3,3),(0.,1.),.UNSPECIFIED.);
#376=B_SPLINE_CURVE_WITH_KNOTS('',2,(#11237,#11238,#11239),
 .UNSPECIFIED.,.F.,.F.,(3,3),(0.,1.),.UNSPECIFIED.);
#377=B_SPLINE_CURVE_WITH_KNOTS('',2,(#11248,#11249,#11250),
 .UNSPECIFIED.,.F.,.F.,(3,3),(0.,1.),.UNSPECIFIED.);
#378=B_SPLINE_CURVE_WITH_KNOTS('',2,(#11263,#11264,#11265),
 .UNSPECIFIED.,.F.,.F.,(3,3),(0.,1.),.UNSPECIFIED.);
#379=B_SPLINE_CURVE_WITH_KNOTS('',2,(#11274,#11275,#11276),
 .UNSPECIFIED.,.F.,.F.,(3,3),(0.,1.),.UNSPECIFIED.);
#380=B_SPLINE_CURVE_WITH_KNOTS('',2,(#11285,#11286,#11287),
 .UNSPECIFIED.,.F.,.F.,(3,3),(0.,1.),.UNSPECIFIED.);
#381=B_SPLINE_CURVE_WITH_KNOTS('',2,(#11296,#11297,#11298),
 .UNSPECIFIED.,.F.,.F.,(3,3),(0.,1.),.UNSPECIFIED.);
#382=B_SPLINE_CURVE_WITH_KNOTS('',2,(#11306,#11307,#11308),
 .UNSPECIFIED.,.F.,.F.,(3,3),(0.163684450070537,1.),.UNSPECIFIED.);
#383=B_SPLINE_CURVE_WITH_KNOTS('',2,(#11318,#11319,#11320),
 .UNSPECIFIED.,.F.,.F.,(3,3),(0.,1.),.UNSPECIFIED.);
#384=B_SPLINE_CURVE_WITH_KNOTS('',2,(#11329,#11330,#11331),
 .UNSPECIFIED.,.F.,.F.,(3,3),(0.,1.),.UNSPECIFIED.);
#385=B_SPLINE_CURVE_WITH_KNOTS('',2,(#11340,#11341,#11342),
 .UNSPECIFIED.,.F.,.F.,(3,3),(0.,1.),.UNSPECIFIED.);
#386=B_SPLINE_CURVE_WITH_KNOTS('',2,(#11351,#11352,#11353),
 .UNSPECIFIED.,.F.,.F.,(3,3),(0.,1.),.UNSPECIFIED.);
#387=B_SPLINE_CURVE_WITH_KNOTS('',2,(#11362,#11363,#11364),
 .UNSPECIFIED.,.F.,.F.,(3,3),(0.,1.),.UNSPECIFIED.);
#388=B_SPLINE_CURVE_WITH_KNOTS('',2,(#11377,#11378,#11379),
 .UNSPECIFIED.,.F.,.F.,(3,3),(0.,1.),.UNSPECIFIED.);
#389=B_SPLINE_CURVE_WITH_KNOTS('',2,(#11388,#11389,#11390),
 .UNSPECIFIED.,.F.,.F.,(3,3),(0.,1.),.UNSPECIFIED.);
#390=B_SPLINE_CURVE_WITH_KNOTS('',2,(#11399,#11400,#11401),
 .UNSPECIFIED.,.F.,.F.,(3,3),(0.,1.),.UNSPECIFIED.);
#391=B_SPLINE_CURVE_WITH_KNOTS('',2,(#11410,#11411,#11412),
 .UNSPECIFIED.,.F.,.F.,(3,3),(0.,1.),.UNSPECIFIED.);
#392=B_SPLINE_CURVE_WITH_KNOTS('',2,(#11421,#11422,#11423),
 .UNSPECIFIED.,.F.,.F.,(3,3),(0.,1.),.UNSPECIFIED.);
#393=B_SPLINE_CURVE_WITH_KNOTS('',2,(#11430,#11431,#11432),
 .UNSPECIFIED.,.F.,.F.,(3,3),(0.,1.),.UNSPECIFIED.);
#394=B_SPLINE_CURVE_WITH_KNOTS('',2,(#11434,#11435,#11436),
 .UNSPECIFIED.,.F.,.F.,(3,3),(0.,1.),.UNSPECIFIED.);
#395=B_SPLINE_CURVE_WITH_KNOTS('',2,(#11438,#11439,#11440),
 .UNSPECIFIED.,.F.,.F.,(3,3),(0.,1.),.UNSPECIFIED.);
#396=B_SPLINE_CURVE_WITH_KNOTS('',2,(#11444,#11445,#11446),
 .UNSPECIFIED.,.F.,.F.,(3,3),(0.,1.),.UNSPECIFIED.);
#397=B_SPLINE_CURVE_WITH_KNOTS('',2,(#11448,#11449,#11450),
 .UNSPECIFIED.,.F.,.F.,(3,3),(0.,1.),.UNSPECIFIED.);
#398=B_SPLINE_CURVE_WITH_KNOTS('',2,(#11452,#11453,#11454),
 .UNSPECIFIED.,.F.,.F.,(3,3),(0.,1.),.UNSPECIFIED.);
#399=B_SPLINE_CURVE_WITH_KNOTS('',2,(#11456,#11457,#11458),
 .UNSPECIFIED.,.F.,.F.,(3,3),(0.,1.),.UNSPECIFIED.);
#400=B_SPLINE_CURVE_WITH_KNOTS('',2,(#11460,#11461,#11462),
 .UNSPECIFIED.,.F.,.F.,(3,3),(0.,1.),.UNSPECIFIED.);
#401=B_SPLINE_CURVE_WITH_KNOTS('',2,(#11464,#11465,#11466),
 .UNSPECIFIED.,.F.,.F.,(3,3),(0.,1.),.UNSPECIFIED.);
#402=B_SPLINE_CURVE_WITH_KNOTS('',2,(#11468,#11469,#11470),
 .UNSPECIFIED.,.F.,.F.,(3,3),(0.,1.),.UNSPECIFIED.);
#403=B_SPLINE_CURVE_WITH_KNOTS('',2,(#11472,#11473,#11474),
 .UNSPECIFIED.,.F.,.F.,(3,3),(0.,1.),.UNSPECIFIED.);
#404=B_SPLINE_CURVE_WITH_KNOTS('',2,(#11476,#11477,#11478),
 .UNSPECIFIED.,.F.,.F.,(3,3),(0.,1.),.UNSPECIFIED.);
#405=B_SPLINE_CURVE_WITH_KNOTS('',2,(#11488,#11489,#11490),
 .UNSPECIFIED.,.F.,.F.,(3,3),(-1.,0.),.UNSPECIFIED.);
#406=B_SPLINE_CURVE_WITH_KNOTS('',2,(#11492,#11493,#11494),
 .UNSPECIFIED.,.F.,.F.,(3,3),(-1.,0.),.UNSPECIFIED.);
#407=B_SPLINE_CURVE_WITH_KNOTS('',2,(#11496,#11497,#11498),
 .UNSPECIFIED.,.F.,.F.,(3,3),(-1.,0.),.UNSPECIFIED.);
#408=B_SPLINE_CURVE_WITH_KNOTS('',2,(#11500,#11501,#11502),
 .UNSPECIFIED.,.F.,.F.,(3,3),(-1.,0.),.UNSPECIFIED.);
#409=B_SPLINE_CURVE_WITH_KNOTS('',2,(#11510,#11511,#11512),
 .UNSPECIFIED.,.F.,.F.,(3,3),(-1.,0.),.UNSPECIFIED.);
#410=B_SPLINE_CURVE_WITH_KNOTS('',2,(#11514,#11515,#11516),
 .UNSPECIFIED.,.F.,.F.,(3,3),(-1.,0.),.UNSPECIFIED.);
#411=B_SPLINE_CURVE_WITH_KNOTS('',2,(#11518,#11519,#11520),
 .UNSPECIFIED.,.F.,.F.,(3,3),(-1.,0.),.UNSPECIFIED.);
#412=B_SPLINE_CURVE_WITH_KNOTS('',2,(#11524,#11525,#11526),
 .UNSPECIFIED.,.F.,.F.,(3,3),(-1.,0.),.UNSPECIFIED.);
#413=B_SPLINE_CURVE_WITH_KNOTS('',2,(#11528,#11529,#11530),
 .UNSPECIFIED.,.F.,.F.,(3,3),(-1.,0.),.UNSPECIFIED.);
#414=B_SPLINE_CURVE_WITH_KNOTS('',2,(#11543,#11544,#11545),
 .UNSPECIFIED.,.F.,.F.,(3,3),(0.,1.),.UNSPECIFIED.);
#415=B_SPLINE_CURVE_WITH_KNOTS('',2,(#11554,#11555,#11556),
 .UNSPECIFIED.,.F.,.F.,(3,3),(0.,1.),.UNSPECIFIED.);
#416=B_SPLINE_CURVE_WITH_KNOTS('',2,(#11565,#11566,#11567),
 .UNSPECIFIED.,.F.,.F.,(3,3),(0.,1.),.UNSPECIFIED.);
#417=B_SPLINE_CURVE_WITH_KNOTS('',2,(#11580,#11581,#11582),
 .UNSPECIFIED.,.F.,.F.,(3,3),(0.,1.),.UNSPECIFIED.);
#418=B_SPLINE_CURVE_WITH_KNOTS('',2,(#11591,#11592,#11593),
 .UNSPECIFIED.,.F.,.F.,(3,3),(0.,1.),.UNSPECIFIED.);
#419=B_SPLINE_CURVE_WITH_KNOTS('',2,(#11602,#11603,#11604),
 .UNSPECIFIED.,.F.,.F.,(3,3),(0.,1.),.UNSPECIFIED.);
#420=B_SPLINE_CURVE_WITH_KNOTS('',2,(#11613,#11614,#11615),
 .UNSPECIFIED.,.F.,.F.,(3,3),(0.,1.),.UNSPECIFIED.);
#421=B_SPLINE_CURVE_WITH_KNOTS('',2,(#11624,#11625,#11626),
 .UNSPECIFIED.,.F.,.F.,(3,3),(0.,1.),.UNSPECIFIED.);
#422=B_SPLINE_CURVE_WITH_KNOTS('',2,(#11635,#11636,#11637),
 .UNSPECIFIED.,.F.,.F.,(3,3),(0.,1.),.UNSPECIFIED.);
#423=B_SPLINE_CURVE_WITH_KNOTS('',2,(#11646,#11647,#11648),
 .UNSPECIFIED.,.F.,.F.,(3,3),(0.,1.),.UNSPECIFIED.);
#424=B_SPLINE_CURVE_WITH_KNOTS('',2,(#11657,#11658,#11659),
 .UNSPECIFIED.,.F.,.F.,(3,3),(0.,1.),.UNSPECIFIED.);
#425=B_SPLINE_CURVE_WITH_KNOTS('',2,(#11668,#11669,#11670),
 .UNSPECIFIED.,.F.,.F.,(3,3),(0.,1.),.UNSPECIFIED.);
#426=B_SPLINE_CURVE_WITH_KNOTS('',2,(#11695,#11696,#11697),
 .UNSPECIFIED.,.F.,.F.,(3,3),(0.,1.),.UNSPECIFIED.);
#427=B_SPLINE_CURVE_WITH_KNOTS('',2,(#11706,#11707,#11708),
 .UNSPECIFIED.,.F.,.F.,(3,3),(0.,1.),.UNSPECIFIED.);
#428=B_SPLINE_CURVE_WITH_KNOTS('',2,(#11717,#11718,#11719),
 .UNSPECIFIED.,.F.,.F.,(3,3),(0.,1.),.UNSPECIFIED.);
#429=B_SPLINE_CURVE_WITH_KNOTS('',2,(#11728,#11729,#11730),
 .UNSPECIFIED.,.F.,.F.,(3,3),(0.,1.),.UNSPECIFIED.);
#430=B_SPLINE_CURVE_WITH_KNOTS('',2,(#11751,#11752,#11753),
 .UNSPECIFIED.,.F.,.F.,(3,3),(0.,1.),.UNSPECIFIED.);
#431=B_SPLINE_CURVE_WITH_KNOTS('',2,(#11762,#11763,#11764),
 .UNSPECIFIED.,.F.,.F.,(3,3),(0.,1.),.UNSPECIFIED.);
#432=B_SPLINE_CURVE_WITH_KNOTS('',2,(#11773,#11774,#11775),
 .UNSPECIFIED.,.F.,.F.,(3,3),(0.,1.),.UNSPECIFIED.);
#433=B_SPLINE_CURVE_WITH_KNOTS('',2,(#11788,#11789,#11790),
 .UNSPECIFIED.,.F.,.F.,(3,3),(0.,1.),.UNSPECIFIED.);
#434=B_SPLINE_CURVE_WITH_KNOTS('',2,(#11799,#11800,#11801),
 .UNSPECIFIED.,.F.,.F.,(3,3),(0.,1.),.UNSPECIFIED.);
#435=B_SPLINE_CURVE_WITH_KNOTS('',2,(#11812,#11813,#11814),
 .UNSPECIFIED.,.F.,.F.,(3,3),(0.311346693344923,1.),.UNSPECIFIED.);
#436=B_SPLINE_CURVE_WITH_KNOTS('',2,(#11822,#11823,#11824),
 .UNSPECIFIED.,.F.,.F.,(3,3),(0.,1.),.UNSPECIFIED.);
#437=B_SPLINE_CURVE_WITH_KNOTS('',2,(#11826,#11827,#11828),
 .UNSPECIFIED.,.F.,.F.,(3,3),(0.,1.),.UNSPECIFIED.);
#438=B_SPLINE_CURVE_WITH_KNOTS('',2,(#11830,#11831,#11832),
 .UNSPECIFIED.,.F.,.F.,(3,3),(0.,1.),.UNSPECIFIED.);
#439=B_SPLINE_CURVE_WITH_KNOTS('',2,(#11834,#11835,#11836),
 .UNSPECIFIED.,.F.,.F.,(3,3),(0.,1.),.UNSPECIFIED.);
#440=B_SPLINE_CURVE_WITH_KNOTS('',2,(#11838,#11839,#11840),
 .UNSPECIFIED.,.F.,.F.,(3,3),(0.,1.),.UNSPECIFIED.);
#441=B_SPLINE_CURVE_WITH_KNOTS('',2,(#11844,#11845,#11846),
 .UNSPECIFIED.,.F.,.F.,(3,3),(0.,1.),.UNSPECIFIED.);
#442=B_SPLINE_CURVE_WITH_KNOTS('',2,(#11848,#11849,#11850),
 .UNSPECIFIED.,.F.,.F.,(3,3),(0.,1.),.UNSPECIFIED.);
#443=B_SPLINE_CURVE_WITH_KNOTS('',2,(#11852,#11853,#11854),
 .UNSPECIFIED.,.F.,.F.,(3,3),(0.,1.),.UNSPECIFIED.);
#444=B_SPLINE_CURVE_WITH_KNOTS('',2,(#11856,#11857,#11858),
 .UNSPECIFIED.,.F.,.F.,(3,3),(0.,1.),.UNSPECIFIED.);
#445=B_SPLINE_CURVE_WITH_KNOTS('',2,(#11864,#11865,#11866),
 .UNSPECIFIED.,.F.,.F.,(3,3),(0.,1.),.UNSPECIFIED.);
#446=B_SPLINE_CURVE_WITH_KNOTS('',2,(#11868,#11869,#11870),
 .UNSPECIFIED.,.F.,.F.,(3,3),(0.,1.),.UNSPECIFIED.);
#447=B_SPLINE_CURVE_WITH_KNOTS('',2,(#11872,#11873,#11874),
 .UNSPECIFIED.,.F.,.F.,(3,3),(0.,1.),.UNSPECIFIED.);
#448=B_SPLINE_CURVE_WITH_KNOTS('',2,(#11876,#11877,#11878),
 .UNSPECIFIED.,.F.,.F.,(3,3),(0.,1.),.UNSPECIFIED.);
#449=B_SPLINE_CURVE_WITH_KNOTS('',2,(#11880,#11881,#11882),
 .UNSPECIFIED.,.F.,.F.,(3,3),(0.,1.),.UNSPECIFIED.);
#450=B_SPLINE_CURVE_WITH_KNOTS('',2,(#11883,#11884,#11885),
 .UNSPECIFIED.,.F.,.F.,(3,3),(0.,1.),.UNSPECIFIED.);
#451=B_SPLINE_CURVE_WITH_KNOTS('',2,(#11888,#11889,#11890),
 .UNSPECIFIED.,.F.,.F.,(3,3),(-1.,0.),.UNSPECIFIED.);
#452=B_SPLINE_CURVE_WITH_KNOTS('',2,(#11892,#11893,#11894),
 .UNSPECIFIED.,.F.,.F.,(3,3),(-1.,0.),.UNSPECIFIED.);
#453=B_SPLINE_CURVE_WITH_KNOTS('',2,(#11896,#11897,#11898),
 .UNSPECIFIED.,.F.,.F.,(3,3),(-1.,0.),.UNSPECIFIED.);
#454=B_SPLINE_CURVE_WITH_KNOTS('',2,(#11900,#11901,#11902),
 .UNSPECIFIED.,.F.,.F.,(3,3),(-1.,0.),.UNSPECIFIED.);
#455=B_SPLINE_CURVE_WITH_KNOTS('',2,(#11904,#11905,#11906),
 .UNSPECIFIED.,.F.,.F.,(3,3),(-1.,0.),.UNSPECIFIED.);
#456=B_SPLINE_CURVE_WITH_KNOTS('',2,(#11908,#11909,#11910),
 .UNSPECIFIED.,.F.,.F.,(3,3),(-1.,0.),.UNSPECIFIED.);
#457=B_SPLINE_CURVE_WITH_KNOTS('',2,(#11923,#11924,#11925),
 .UNSPECIFIED.,.F.,.F.,(3,3),(0.311346693344923,1.),.UNSPECIFIED.);
#458=B_SPLINE_CURVE_WITH_KNOTS('',2,(#11946,#11947,#11948),
 .UNSPECIFIED.,.F.,.F.,(3,3),(0.,1.),.UNSPECIFIED.);
#459=B_SPLINE_CURVE_WITH_KNOTS('',2,(#11957,#11958,#11959),
 .UNSPECIFIED.,.F.,.F.,(3,3),(0.,1.),.UNSPECIFIED.);
#460=B_SPLINE_CURVE_WITH_KNOTS('',2,(#11968,#11969,#11970),
 .UNSPECIFIED.,.F.,.F.,(3,3),(0.,1.),.UNSPECIFIED.);
#461=B_SPLINE_CURVE_WITH_KNOTS('',2,(#11979,#11980,#11981),
 .UNSPECIFIED.,.F.,.F.,(3,3),(0.,1.),.UNSPECIFIED.);
#462=B_SPLINE_CURVE_WITH_KNOTS('',2,(#11990,#11991,#11992),
 .UNSPECIFIED.,.F.,.F.,(3,3),(0.,1.),.UNSPECIFIED.);
#463=B_SPLINE_CURVE_WITH_KNOTS('',2,(#12005,#12006,#12007),
 .UNSPECIFIED.,.F.,.F.,(3,3),(0.,1.),.UNSPECIFIED.);
#464=B_SPLINE_CURVE_WITH_KNOTS('',2,(#12016,#12017,#12018),
 .UNSPECIFIED.,.F.,.F.,(3,3),(0.,1.),.UNSPECIFIED.);
#465=B_SPLINE_CURVE_WITH_KNOTS('',2,(#12027,#12028,#12029),
 .UNSPECIFIED.,.F.,.F.,(3,3),(0.,1.),.UNSPECIFIED.);
#466=B_SPLINE_CURVE_WITH_KNOTS('',2,(#12038,#12039,#12040),
 .UNSPECIFIED.,.F.,.F.,(3,3),(0.,1.),.UNSPECIFIED.);
#467=B_SPLINE_CURVE_WITH_KNOTS('',2,(#12057,#12058,#12059),
 .UNSPECIFIED.,.F.,.F.,(3,3),(0.,1.),.UNSPECIFIED.);
#468=B_SPLINE_CURVE_WITH_KNOTS('',2,(#12068,#12069,#12070),
 .UNSPECIFIED.,.F.,.F.,(3,3),(0.,1.),.UNSPECIFIED.);
#469=B_SPLINE_CURVE_WITH_KNOTS('',2,(#12079,#12080,#12081),
 .UNSPECIFIED.,.F.,.F.,(3,3),(0.,1.),.UNSPECIFIED.);
#470=B_SPLINE_CURVE_WITH_KNOTS('',2,(#12090,#12091,#12092),
 .UNSPECIFIED.,.F.,.F.,(3,3),(0.,1.),.UNSPECIFIED.);
#471=B_SPLINE_CURVE_WITH_KNOTS('',2,(#12101,#12102,#12103),
 .UNSPECIFIED.,.F.,.F.,(3,3),(0.,1.),.UNSPECIFIED.);
#472=B_SPLINE_CURVE_WITH_KNOTS('',2,(#12111,#12112,#12113),
 .UNSPECIFIED.,.F.,.F.,(3,3),(0.,1.),.UNSPECIFIED.);
#473=B_SPLINE_CURVE_WITH_KNOTS('',2,(#12123,#12124,#12125),
 .UNSPECIFIED.,.F.,.F.,(3,3),(0.,1.),.UNSPECIFIED.);
#474=B_SPLINE_CURVE_WITH_KNOTS('',2,(#12134,#12135,#12136),
 .UNSPECIFIED.,.F.,.F.,(3,3),(0.,1.),.UNSPECIFIED.);
#475=B_SPLINE_CURVE_WITH_KNOTS('',2,(#12145,#12146,#12147),
 .UNSPECIFIED.,.F.,.F.,(3,3),(0.,1.),.UNSPECIFIED.);
#476=B_SPLINE_CURVE_WITH_KNOTS('',2,(#12156,#12157,#12158),
 .UNSPECIFIED.,.F.,.F.,(3,3),(0.,1.),.UNSPECIFIED.);
#477=B_SPLINE_CURVE_WITH_KNOTS('',2,(#12167,#12168,#12169),
 .UNSPECIFIED.,.F.,.F.,(3,3),(0.,1.),.UNSPECIFIED.);
#478=B_SPLINE_CURVE_WITH_KNOTS('',2,(#12178,#12179,#12180),
 .UNSPECIFIED.,.F.,.F.,(3,3),(0.,1.),.UNSPECIFIED.);
#479=B_SPLINE_CURVE_WITH_KNOTS('',2,(#12191,#12192,#12193),
 .UNSPECIFIED.,.F.,.F.,(3,3),(0.,1.),.UNSPECIFIED.);
#480=B_SPLINE_CURVE_WITH_KNOTS('',2,(#12201,#12202,#12203),
 .UNSPECIFIED.,.F.,.F.,(3,3),(0.,1.),.UNSPECIFIED.);
#481=B_SPLINE_CURVE_WITH_KNOTS('',2,(#12205,#12206,#12207),
 .UNSPECIFIED.,.F.,.F.,(3,3),(0.,1.),.UNSPECIFIED.);
#482=B_SPLINE_CURVE_WITH_KNOTS('',2,(#12209,#12210,#12211),
 .UNSPECIFIED.,.F.,.F.,(3,3),(0.,1.),.UNSPECIFIED.);
#483=B_SPLINE_CURVE_WITH_KNOTS('',2,(#12226,#12227,#12228),
 .UNSPECIFIED.,.F.,.F.,(3,3),(0.,1.),.UNSPECIFIED.);
#484=B_SPLINE_CURVE_WITH_KNOTS('',2,(#12238,#12239,#12240),
 .UNSPECIFIED.,.F.,.F.,(3,3),(0.,1.),.UNSPECIFIED.);
#485=B_SPLINE_CURVE_WITH_KNOTS('',2,(#12261,#12262,#12263),
 .UNSPECIFIED.,.F.,.F.,(3,3),(0.,1.),.UNSPECIFIED.);
#486=B_SPLINE_CURVE_WITH_KNOTS('',2,(#12272,#12273,#12274),
 .UNSPECIFIED.,.F.,.F.,(3,3),(0.,1.),.UNSPECIFIED.);
#487=B_SPLINE_CURVE_WITH_KNOTS('',2,(#12283,#12284,#12285),
 .UNSPECIFIED.,.F.,.F.,(3,3),(0.,1.),.UNSPECIFIED.);
#488=B_SPLINE_CURVE_WITH_KNOTS('',2,(#12321,#12322,#12323),
 .UNSPECIFIED.,.F.,.F.,(3,3),(0.,1.),.UNSPECIFIED.);
#489=B_SPLINE_CURVE_WITH_KNOTS('',2,(#12437,#12438,#12439),
 .UNSPECIFIED.,.F.,.F.,(3,3),(0.,1.),.UNSPECIFIED.);
#490=B_SPLINE_CURVE_WITH_KNOTS('',2,(#12443,#12444,#12445),
 .UNSPECIFIED.,.F.,.F.,(3,3),(0.,1.),.UNSPECIFIED.);
#491=B_SPLINE_CURVE_WITH_KNOTS('',2,(#12472,#12473,#12474),
 .UNSPECIFIED.,.F.,.F.,(3,3),(0.,1.),.UNSPECIFIED.);
#492=B_SPLINE_CURVE_WITH_KNOTS('',2,(#12476,#12477,#12478),
 .UNSPECIFIED.,.F.,.F.,(3,3),(0.,1.),.UNSPECIFIED.);
#493=B_SPLINE_CURVE_WITH_KNOTS('',2,(#12487,#12488,#12489),
 .UNSPECIFIED.,.F.,.F.,(3,3),(0.,1.),.UNSPECIFIED.);
#494=B_SPLINE_CURVE_WITH_KNOTS('',2,(#12491,#12492,#12493),
 .UNSPECIFIED.,.F.,.F.,(3,3),(0.,1.),.UNSPECIFIED.);
#495=B_SPLINE_CURVE_WITH_KNOTS('',2,(#12502,#12503,#12504),
 .UNSPECIFIED.,.F.,.F.,(3,3),(0.,1.),.UNSPECIFIED.);
#496=B_SPLINE_CURVE_WITH_KNOTS('',2,(#12506,#12507,#12508),
 .UNSPECIFIED.,.F.,.F.,(3,3),(0.,1.),.UNSPECIFIED.);
#497=B_SPLINE_CURVE_WITH_KNOTS('',2,(#12558,#12559,#12560),
 .UNSPECIFIED.,.F.,.F.,(3,3),(0.,1.),.UNSPECIFIED.);
#498=B_SPLINE_CURVE_WITH_KNOTS('',2,(#12561,#12562,#12563),
 .UNSPECIFIED.,.F.,.F.,(3,3),(0.,1.),.UNSPECIFIED.);
#499=B_SPLINE_CURVE_WITH_KNOTS('',2,(#12574,#12575,#12576),
 .UNSPECIFIED.,.F.,.F.,(3,3),(-1.,0.),.UNSPECIFIED.);
#500=B_SPLINE_CURVE_WITH_KNOTS('',2,(#12580,#12581,#12582),
 .UNSPECIFIED.,.F.,.F.,(3,3),(0.,1.),.UNSPECIFIED.);
#501=B_SPLINE_CURVE_WITH_KNOTS('',2,(#12591,#12592,#12593),
 .UNSPECIFIED.,.F.,.F.,(3,3),(-1.,0.),.UNSPECIFIED.);
#502=B_SPLINE_CURVE_WITH_KNOTS('',2,(#12595,#12596,#12597),
 .UNSPECIFIED.,.F.,.F.,(3,3),(0.,1.),.UNSPECIFIED.);
#503=B_SPLINE_CURVE_WITH_KNOTS('',2,(#12606,#12607,#12608),
 .UNSPECIFIED.,.F.,.F.,(3,3),(-1.,0.),.UNSPECIFIED.);
#504=B_SPLINE_CURVE_WITH_KNOTS('',2,(#12610,#12611,#12612),
 .UNSPECIFIED.,.F.,.F.,(3,3),(0.,1.),.UNSPECIFIED.);
#505=B_SPLINE_CURVE_WITH_KNOTS('',2,(#12621,#12622,#12623),
 .UNSPECIFIED.,.F.,.F.,(3,3),(-1.,0.),.UNSPECIFIED.);
#506=B_SPLINE_CURVE_WITH_KNOTS('',2,(#12625,#12626,#12627),
 .UNSPECIFIED.,.F.,.F.,(3,3),(0.,1.),.UNSPECIFIED.);
#507=B_SPLINE_CURVE_WITH_KNOTS('',2,(#12636,#12637,#12638),
 .UNSPECIFIED.,.F.,.F.,(3,3),(-1.,0.),.UNSPECIFIED.);
#508=B_SPLINE_CURVE_WITH_KNOTS('',2,(#12640,#12641,#12642),
 .UNSPECIFIED.,.F.,.F.,(3,3),(0.,1.),.UNSPECIFIED.);
#509=B_SPLINE_CURVE_WITH_KNOTS('',2,(#12662,#12663,#12664),
 .UNSPECIFIED.,.F.,.F.,(3,3),(-1.,0.),.UNSPECIFIED.);
#510=B_SPLINE_CURVE_WITH_KNOTS('',2,(#12665,#12666,#12667),
 .UNSPECIFIED.,.F.,.F.,(3,3),(0.,1.),.UNSPECIFIED.);
#511=B_SPLINE_CURVE_WITH_KNOTS('',2,(#12676,#12677,#12678),
 .UNSPECIFIED.,.F.,.F.,(3,3),(0.311346693344923,1.),.UNSPECIFIED.);
#512=B_SPLINE_CURVE_WITH_KNOTS('',2,(#12682,#12683,#12684),
 .UNSPECIFIED.,.F.,.F.,(3,3),(0.311346693344923,1.),.UNSPECIFIED.);
#513=B_SPLINE_CURVE_WITH_KNOTS('',2,(#12711,#12712,#12713),
 .UNSPECIFIED.,.F.,.F.,(3,3),(0.,1.),.UNSPECIFIED.);
#514=B_SPLINE_CURVE_WITH_KNOTS('',2,(#12715,#12716,#12717),
 .UNSPECIFIED.,.F.,.F.,(3,3),(0.,1.),.UNSPECIFIED.);
#515=B_SPLINE_CURVE_WITH_KNOTS('',2,(#12726,#12727,#12728),
 .UNSPECIFIED.,.F.,.F.,(3,3),(0.,1.),.UNSPECIFIED.);
#516=B_SPLINE_CURVE_WITH_KNOTS('',2,(#12730,#12731,#12732),
 .UNSPECIFIED.,.F.,.F.,(3,3),(0.,1.),.UNSPECIFIED.);
#517=B_SPLINE_CURVE_WITH_KNOTS('',2,(#12741,#12742,#12743),
 .UNSPECIFIED.,.F.,.F.,(3,3),(0.,1.),.UNSPECIFIED.);
#518=B_SPLINE_CURVE_WITH_KNOTS('',2,(#12745,#12746,#12747),
 .UNSPECIFIED.,.F.,.F.,(3,3),(0.,1.),.UNSPECIFIED.);
#519=B_SPLINE_CURVE_WITH_KNOTS('',2,(#12756,#12757,#12758),
 .UNSPECIFIED.,.F.,.F.,(3,3),(0.,1.),.UNSPECIFIED.);
#520=B_SPLINE_CURVE_WITH_KNOTS('',2,(#12760,#12761,#12762),
 .UNSPECIFIED.,.F.,.F.,(3,3),(0.,1.),.UNSPECIFIED.);
#521=B_SPLINE_CURVE_WITH_KNOTS('',2,(#12771,#12772,#12773),
 .UNSPECIFIED.,.F.,.F.,(3,3),(0.,1.),.UNSPECIFIED.);
#522=B_SPLINE_CURVE_WITH_KNOTS('',2,(#12775,#12776,#12777),
 .UNSPECIFIED.,.F.,.F.,(3,3),(0.,1.),.UNSPECIFIED.);
#523=B_SPLINE_CURVE_WITH_KNOTS('',2,(#12792,#12793,#12794),
 .UNSPECIFIED.,.F.,.F.,(3,3),(0.,1.),.UNSPECIFIED.);
#524=B_SPLINE_CURVE_WITH_KNOTS('',2,(#12796,#12797,#12798),
 .UNSPECIFIED.,.F.,.F.,(3,3),(0.,1.),.UNSPECIFIED.);
#525=B_SPLINE_CURVE_WITH_KNOTS('',2,(#12807,#12808,#12809),
 .UNSPECIFIED.,.F.,.F.,(3,3),(0.,1.),.UNSPECIFIED.);
#526=B_SPLINE_CURVE_WITH_KNOTS('',2,(#12811,#12812,#12813),
 .UNSPECIFIED.,.F.,.F.,(3,3),(0.,1.),.UNSPECIFIED.);
#527=B_SPLINE_CURVE_WITH_KNOTS('',2,(#12822,#12823,#12824),
 .UNSPECIFIED.,.F.,.F.,(3,3),(0.,1.),.UNSPECIFIED.);
#528=B_SPLINE_CURVE_WITH_KNOTS('',2,(#12826,#12827,#12828),
 .UNSPECIFIED.,.F.,.F.,(3,3),(0.,1.),.UNSPECIFIED.);
#529=B_SPLINE_CURVE_WITH_KNOTS('',2,(#12837,#12838,#12839),
 .UNSPECIFIED.,.F.,.F.,(3,3),(0.,1.),.UNSPECIFIED.);
#530=B_SPLINE_CURVE_WITH_KNOTS('',2,(#12841,#12842,#12843),
 .UNSPECIFIED.,.F.,.F.,(3,3),(0.,1.),.UNSPECIFIED.);
#531=B_SPLINE_CURVE_WITH_KNOTS('',2,(#12864,#12865,#12866),
 .UNSPECIFIED.,.F.,.F.,(3,3),(0.,1.),.UNSPECIFIED.);
#532=B_SPLINE_CURVE_WITH_KNOTS('',2,(#12868,#12869,#12870),
 .UNSPECIFIED.,.F.,.F.,(3,3),(0.,1.),.UNSPECIFIED.);
#533=B_SPLINE_CURVE_WITH_KNOTS('',2,(#12879,#12880,#12881),
 .UNSPECIFIED.,.F.,.F.,(3,3),(0.,1.),.UNSPECIFIED.);
#534=B_SPLINE_CURVE_WITH_KNOTS('',2,(#12883,#12884,#12885),
 .UNSPECIFIED.,.F.,.F.,(3,3),(0.,1.),.UNSPECIFIED.);
#535=B_SPLINE_CURVE_WITH_KNOTS('',2,(#12894,#12895,#12896),
 .UNSPECIFIED.,.F.,.F.,(3,3),(0.,1.),.UNSPECIFIED.);
#536=B_SPLINE_CURVE_WITH_KNOTS('',2,(#12898,#12899,#12900),
 .UNSPECIFIED.,.F.,.F.,(3,3),(0.,1.),.UNSPECIFIED.);
#537=B_SPLINE_CURVE_WITH_KNOTS('',2,(#12909,#12910,#12911),
 .UNSPECIFIED.,.F.,.F.,(3,3),(0.,1.),.UNSPECIFIED.);
#538=B_SPLINE_CURVE_WITH_KNOTS('',2,(#12913,#12914,#12915),
 .UNSPECIFIED.,.F.,.F.,(3,3),(0.,1.),.UNSPECIFIED.);
#539=B_SPLINE_CURVE_WITH_KNOTS('',2,(#12924,#12925,#12926),
 .UNSPECIFIED.,.F.,.F.,(3,3),(0.,1.),.UNSPECIFIED.);
#540=B_SPLINE_CURVE_WITH_KNOTS('',2,(#12928,#12929,#12930),
 .UNSPECIFIED.,.F.,.F.,(3,3),(0.,1.),.UNSPECIFIED.);
#541=B_SPLINE_CURVE_WITH_KNOTS('',2,(#12938,#12939,#12940),
 .UNSPECIFIED.,.F.,.F.,(3,3),(0.,1.),.UNSPECIFIED.);
#542=B_SPLINE_CURVE_WITH_KNOTS('',2,(#12941,#12942,#12943),
 .UNSPECIFIED.,.F.,.F.,(3,3),(0.,1.),.UNSPECIFIED.);
#543=B_SPLINE_CURVE_WITH_KNOTS('',2,(#12954,#12955,#12956),
 .UNSPECIFIED.,.F.,.F.,(3,3),(-1.,0.),.UNSPECIFIED.);
#544=B_SPLINE_CURVE_WITH_KNOTS('',2,(#12960,#12961,#12962),
 .UNSPECIFIED.,.F.,.F.,(3,3),(0.,1.),.UNSPECIFIED.);
#545=B_SPLINE_CURVE_WITH_KNOTS('',2,(#12971,#12972,#12973),
 .UNSPECIFIED.,.F.,.F.,(3,3),(-1.,0.),.UNSPECIFIED.);
#546=B_SPLINE_CURVE_WITH_KNOTS('',2,(#12975,#12976,#12977),
 .UNSPECIFIED.,.F.,.F.,(3,3),(0.,1.),.UNSPECIFIED.);
#547=B_SPLINE_CURVE_WITH_KNOTS('',2,(#12986,#12987,#12988),
 .UNSPECIFIED.,.F.,.F.,(3,3),(-1.,0.),.UNSPECIFIED.);
#548=B_SPLINE_CURVE_WITH_KNOTS('',2,(#12990,#12991,#12992),
 .UNSPECIFIED.,.F.,.F.,(3,3),(0.,1.),.UNSPECIFIED.);
#549=B_SPLINE_CURVE_WITH_KNOTS('',2,(#13001,#13002,#13003),
 .UNSPECIFIED.,.F.,.F.,(3,3),(-1.,0.),.UNSPECIFIED.);
#550=B_SPLINE_CURVE_WITH_KNOTS('',2,(#13005,#13006,#13007),
 .UNSPECIFIED.,.F.,.F.,(3,3),(0.,1.),.UNSPECIFIED.);
#551=B_SPLINE_CURVE_WITH_KNOTS('',2,(#13032,#13033,#13034),
 .UNSPECIFIED.,.F.,.F.,(3,3),(-1.,0.),.UNSPECIFIED.);
#552=B_SPLINE_CURVE_WITH_KNOTS('',2,(#13038,#13039,#13040),
 .UNSPECIFIED.,.F.,.F.,(3,3),(0.,1.),.UNSPECIFIED.);
#553=B_SPLINE_CURVE_WITH_KNOTS('',2,(#13049,#13050,#13051),
 .UNSPECIFIED.,.F.,.F.,(3,3),(-1.,0.),.UNSPECIFIED.);
#554=B_SPLINE_CURVE_WITH_KNOTS('',2,(#13053,#13054,#13055),
 .UNSPECIFIED.,.F.,.F.,(3,3),(0.,1.),.UNSPECIFIED.);
#555=B_SPLINE_CURVE_WITH_KNOTS('',2,(#13064,#13065,#13066),
 .UNSPECIFIED.,.F.,.F.,(3,3),(-1.,0.),.UNSPECIFIED.);
#556=B_SPLINE_CURVE_WITH_KNOTS('',2,(#13068,#13069,#13070),
 .UNSPECIFIED.,.F.,.F.,(3,3),(0.,1.),.UNSPECIFIED.);
#557=B_SPLINE_CURVE_WITH_KNOTS('',2,(#13085,#13086,#13087),
 .UNSPECIFIED.,.F.,.F.,(3,3),(-1.,0.),.UNSPECIFIED.);
#558=B_SPLINE_CURVE_WITH_KNOTS('',2,(#13089,#13090,#13091),
 .UNSPECIFIED.,.F.,.F.,(3,3),(0.,1.),.UNSPECIFIED.);
#559=B_SPLINE_CURVE_WITH_KNOTS('',2,(#13100,#13101,#13102),
 .UNSPECIFIED.,.F.,.F.,(3,3),(-1.,0.),.UNSPECIFIED.);
#560=B_SPLINE_CURVE_WITH_KNOTS('',2,(#13104,#13105,#13106),
 .UNSPECIFIED.,.F.,.F.,(3,3),(0.,1.),.UNSPECIFIED.);
#561=B_SPLINE_CURVE_WITH_KNOTS('',2,(#13131,#13132,#13133),
 .UNSPECIFIED.,.F.,.F.,(3,3),(0.,1.),.UNSPECIFIED.);
#562=B_SPLINE_CURVE_WITH_KNOTS('',2,(#13137,#13138,#13139),
 .UNSPECIFIED.,.F.,.F.,(3,3),(0.,1.),.UNSPECIFIED.);
#563=B_SPLINE_CURVE_WITH_KNOTS('',2,(#13148,#13149,#13150),
 .UNSPECIFIED.,.F.,.F.,(3,3),(0.,1.),.UNSPECIFIED.);
#564=B_SPLINE_CURVE_WITH_KNOTS('',2,(#13152,#13153,#13154),
 .UNSPECIFIED.,.F.,.F.,(3,3),(0.,1.),.UNSPECIFIED.);
#565=B_SPLINE_CURVE_WITH_KNOTS('',2,(#13163,#13164,#13165),
 .UNSPECIFIED.,.F.,.F.,(3,3),(0.,1.),.UNSPECIFIED.);
#566=B_SPLINE_CURVE_WITH_KNOTS('',2,(#13167,#13168,#13169),
 .UNSPECIFIED.,.F.,.F.,(3,3),(0.,1.),.UNSPECIFIED.);
#567=B_SPLINE_CURVE_WITH_KNOTS('',2,(#13184,#13185,#13186),
 .UNSPECIFIED.,.F.,.F.,(3,3),(0.,1.),.UNSPECIFIED.);
#568=B_SPLINE_CURVE_WITH_KNOTS('',2,(#13188,#13189,#13190),
 .UNSPECIFIED.,.F.,.F.,(3,3),(0.,1.),.UNSPECIFIED.);
#569=B_SPLINE_CURVE_WITH_KNOTS('',2,(#13199,#13200,#13201),
 .UNSPECIFIED.,.F.,.F.,(3,3),(0.,1.),.UNSPECIFIED.);
#570=B_SPLINE_CURVE_WITH_KNOTS('',2,(#13203,#13204,#13205),
 .UNSPECIFIED.,.F.,.F.,(3,3),(0.,1.),.UNSPECIFIED.);
#571=B_SPLINE_CURVE_WITH_KNOTS('',2,(#13214,#13215,#13216),
 .UNSPECIFIED.,.F.,.F.,(3,3),(0.,1.),.UNSPECIFIED.);
#572=B_SPLINE_CURVE_WITH_KNOTS('',2,(#13218,#13219,#13220),
 .UNSPECIFIED.,.F.,.F.,(3,3),(0.,1.),.UNSPECIFIED.);
#573=B_SPLINE_CURVE_WITH_KNOTS('',2,(#13229,#13230,#13231),
 .UNSPECIFIED.,.F.,.F.,(3,3),(0.,1.),.UNSPECIFIED.);
#574=B_SPLINE_CURVE_WITH_KNOTS('',2,(#13233,#13234,#13235),
 .UNSPECIFIED.,.F.,.F.,(3,3),(0.,1.),.UNSPECIFIED.);
#575=B_SPLINE_CURVE_WITH_KNOTS('',2,(#13244,#13245,#13246),
 .UNSPECIFIED.,.F.,.F.,(3,3),(0.,1.),.UNSPECIFIED.);
#576=B_SPLINE_CURVE_WITH_KNOTS('',2,(#13248,#13249,#13250),
 .UNSPECIFIED.,.F.,.F.,(3,3),(0.,1.),.UNSPECIFIED.);
#577=B_SPLINE_CURVE_WITH_KNOTS('',2,(#13259,#13260,#13261),
 .UNSPECIFIED.,.F.,.F.,(3,3),(0.,1.),.UNSPECIFIED.);
#578=B_SPLINE_CURVE_WITH_KNOTS('',2,(#13263,#13264,#13265),
 .UNSPECIFIED.,.F.,.F.,(3,3),(0.,1.),.UNSPECIFIED.);
#579=B_SPLINE_CURVE_WITH_KNOTS('',2,(#13274,#13275,#13276),
 .UNSPECIFIED.,.F.,.F.,(3,3),(0.,1.),.UNSPECIFIED.);
#580=B_SPLINE_CURVE_WITH_KNOTS('',2,(#13278,#13279,#13280),
 .UNSPECIFIED.,.F.,.F.,(3,3),(0.,1.),.UNSPECIFIED.);
#581=B_SPLINE_CURVE_WITH_KNOTS('',2,(#13289,#13290,#13291),
 .UNSPECIFIED.,.F.,.F.,(3,3),(0.,1.),.UNSPECIFIED.);
#582=B_SPLINE_CURVE_WITH_KNOTS('',2,(#13293,#13294,#13295),
 .UNSPECIFIED.,.F.,.F.,(3,3),(0.,1.),.UNSPECIFIED.);
#583=B_SPLINE_CURVE_WITH_KNOTS('',2,(#13304,#13305,#13306),
 .UNSPECIFIED.,.F.,.F.,(3,3),(0.,1.),.UNSPECIFIED.);
#584=B_SPLINE_CURVE_WITH_KNOTS('',2,(#13308,#13309,#13310),
 .UNSPECIFIED.,.F.,.F.,(3,3),(0.,1.),.UNSPECIFIED.);
#585=B_SPLINE_CURVE_WITH_KNOTS('',2,(#13337,#13338,#13339),
 .UNSPECIFIED.,.F.,.F.,(3,3),(-1.,0.),.UNSPECIFIED.);
#586=B_SPLINE_CURVE_WITH_KNOTS('',2,(#13343,#13344,#13345),
 .UNSPECIFIED.,.F.,.F.,(3,3),(0.,1.),.UNSPECIFIED.);
#587=B_SPLINE_CURVE_WITH_KNOTS('',2,(#13354,#13355,#13356),
 .UNSPECIFIED.,.F.,.F.,(3,3),(-1.,0.),.UNSPECIFIED.);
#588=B_SPLINE_CURVE_WITH_KNOTS('',2,(#13358,#13359,#13360),
 .UNSPECIFIED.,.F.,.F.,(3,3),(0.,1.),.UNSPECIFIED.);
#589=B_SPLINE_CURVE_WITH_KNOTS('',2,(#13369,#13370,#13371),
 .UNSPECIFIED.,.F.,.F.,(3,3),(-1.,0.),.UNSPECIFIED.);
#590=B_SPLINE_CURVE_WITH_KNOTS('',2,(#13373,#13374,#13375),
 .UNSPECIFIED.,.F.,.F.,(3,3),(0.,1.),.UNSPECIFIED.);
#591=B_SPLINE_CURVE_WITH_KNOTS('',2,(#13384,#13385,#13386),
 .UNSPECIFIED.,.F.,.F.,(3,3),(-1.,0.),.UNSPECIFIED.);
#592=B_SPLINE_CURVE_WITH_KNOTS('',2,(#13388,#13389,#13390),
 .UNSPECIFIED.,.F.,.F.,(3,3),(0.,1.),.UNSPECIFIED.);
#593=B_SPLINE_CURVE_WITH_KNOTS('',2,(#13405,#13406,#13407),
 .UNSPECIFIED.,.F.,.F.,(3,3),(-1.,0.),.UNSPECIFIED.);
#594=B_SPLINE_CURVE_WITH_KNOTS('',2,(#13409,#13410,#13411),
 .UNSPECIFIED.,.F.,.F.,(3,3),(0.,1.),.UNSPECIFIED.);
#595=B_SPLINE_CURVE_WITH_KNOTS('',2,(#13420,#13421,#13422),
 .UNSPECIFIED.,.F.,.F.,(3,3),(-1.,0.),.UNSPECIFIED.);
#596=B_SPLINE_CURVE_WITH_KNOTS('',2,(#13424,#13425,#13426),
 .UNSPECIFIED.,.F.,.F.,(3,3),(0.,1.),.UNSPECIFIED.);
#597=B_SPLINE_CURVE_WITH_KNOTS('',2,(#13435,#13436,#13437),
 .UNSPECIFIED.,.F.,.F.,(3,3),(-1.,0.),.UNSPECIFIED.);
#598=B_SPLINE_CURVE_WITH_KNOTS('',2,(#13439,#13440,#13441),
 .UNSPECIFIED.,.F.,.F.,(3,3),(0.,1.),.UNSPECIFIED.);
#599=B_SPLINE_CURVE_WITH_KNOTS('',2,(#13450,#13451,#13452),
 .UNSPECIFIED.,.F.,.F.,(3,3),(-1.,0.),.UNSPECIFIED.);
#600=B_SPLINE_CURVE_WITH_KNOTS('',2,(#13454,#13455,#13456),
 .UNSPECIFIED.,.F.,.F.,(3,3),(0.,1.),.UNSPECIFIED.);
#601=B_SPLINE_CURVE_WITH_KNOTS('',2,(#13465,#13466,#13467),
 .UNSPECIFIED.,.F.,.F.,(3,3),(-1.,0.),.UNSPECIFIED.);
#602=B_SPLINE_CURVE_WITH_KNOTS('',2,(#13469,#13470,#13471),
 .UNSPECIFIED.,.F.,.F.,(3,3),(0.,1.),.UNSPECIFIED.);
#603=B_SPLINE_CURVE_WITH_KNOTS('',2,(#13485,#13486,#13487),
 .UNSPECIFIED.,.F.,.F.,(3,3),(-1.,0.),.UNSPECIFIED.);
#604=B_SPLINE_CURVE_WITH_KNOTS('',2,(#13488,#13489,#13490),
 .UNSPECIFIED.,.F.,.F.,(3,3),(0.,1.),.UNSPECIFIED.);
#605=B_SPLINE_CURVE_WITH_KNOTS('',2,(#13531,#13532,#13533),
 .UNSPECIFIED.,.F.,.F.,(3,3),(0.,0.816611290397626),.UNSPECIFIED.);
#606=B_SPLINE_CURVE_WITH_KNOTS('',2,(#13535,#13536,#13537),
 .UNSPECIFIED.,.F.,.F.,(3,3),(0.,0.816611290397618),.UNSPECIFIED.);
#607=B_SPLINE_CURVE_WITH_KNOTS('',2,(#13546,#13547,#13548),
 .UNSPECIFIED.,.F.,.F.,(3,3),(0.,1.),.UNSPECIFIED.);
#608=B_SPLINE_CURVE_WITH_KNOTS('',2,(#13550,#13551,#13552),
 .UNSPECIFIED.,.F.,.F.,(3,3),(0.,1.),.UNSPECIFIED.);
#609=B_SPLINE_CURVE_WITH_KNOTS('',2,(#13561,#13562,#13563),
 .UNSPECIFIED.,.F.,.F.,(3,3),(0.,1.),.UNSPECIFIED.);
#610=B_SPLINE_CURVE_WITH_KNOTS('',2,(#13565,#13566,#13567),
 .UNSPECIFIED.,.F.,.F.,(3,3),(0.,1.),.UNSPECIFIED.);
#611=B_SPLINE_CURVE_WITH_KNOTS('',2,(#13576,#13577,#13578),
 .UNSPECIFIED.,.F.,.F.,(3,3),(0.,1.),.UNSPECIFIED.);
#612=B_SPLINE_CURVE_WITH_KNOTS('',2,(#13580,#13581,#13582),
 .UNSPECIFIED.,.F.,.F.,(3,3),(0.,1.),.UNSPECIFIED.);
#613=B_SPLINE_CURVE_WITH_KNOTS('',2,(#13591,#13592,#13593),
 .UNSPECIFIED.,.F.,.F.,(3,3),(0.,1.),.UNSPECIFIED.);
#614=B_SPLINE_CURVE_WITH_KNOTS('',2,(#13595,#13596,#13597),
 .UNSPECIFIED.,.F.,.F.,(3,3),(0.,1.),.UNSPECIFIED.);
#615=B_SPLINE_CURVE_WITH_KNOTS('',2,(#13612,#13613,#13614),
 .UNSPECIFIED.,.F.,.F.,(3,3),(0.,1.),.UNSPECIFIED.);
#616=B_SPLINE_CURVE_WITH_KNOTS('',2,(#13616,#13617,#13618),
 .UNSPECIFIED.,.F.,.F.,(3,3),(0.,1.),.UNSPECIFIED.);
#617=B_SPLINE_CURVE_WITH_KNOTS('',2,(#13627,#13628,#13629),
 .UNSPECIFIED.,.F.,.F.,(3,3),(0.,1.),.UNSPECIFIED.);
#618=B_SPLINE_CURVE_WITH_KNOTS('',2,(#13631,#13632,#13633),
 .UNSPECIFIED.,.F.,.F.,(3,3),(0.,1.),.UNSPECIFIED.);
#619=B_SPLINE_CURVE_WITH_KNOTS('',2,(#13642,#13643,#13644),
 .UNSPECIFIED.,.F.,.F.,(3,3),(0.,1.),.UNSPECIFIED.);
#620=B_SPLINE_CURVE_WITH_KNOTS('',2,(#13646,#13647,#13648),
 .UNSPECIFIED.,.F.,.F.,(3,3),(0.,1.),.UNSPECIFIED.);
#621=B_SPLINE_CURVE_WITH_KNOTS('',2,(#13657,#13658,#13659),
 .UNSPECIFIED.,.F.,.F.,(3,3),(0.,1.),.UNSPECIFIED.);
#622=B_SPLINE_CURVE_WITH_KNOTS('',2,(#13661,#13662,#13663),
 .UNSPECIFIED.,.F.,.F.,(3,3),(0.,1.),.UNSPECIFIED.);
#623=B_SPLINE_CURVE_WITH_KNOTS('',2,(#13671,#13672,#13673),
 .UNSPECIFIED.,.F.,.F.,(3,3),(0.163684450070537,1.),.UNSPECIFIED.);
#624=B_SPLINE_CURVE_WITH_KNOTS('',2,(#13674,#13675,#13676),
 .UNSPECIFIED.,.F.,.F.,(3,3),(0.163684450070537,1.),.UNSPECIFIED.);
#625=B_SPLINE_CURVE_WITH_KNOTS('',2,(#13713,#13714,#13715),
 .UNSPECIFIED.,.F.,.F.,(3,3),(-1.,0.),.UNSPECIFIED.);
#626=B_SPLINE_CURVE_WITH_KNOTS('',2,(#13719,#13720,#13721),
 .UNSPECIFIED.,.F.,.F.,(3,3),(0.,1.),.UNSPECIFIED.);
#627=B_SPLINE_CURVE_WITH_KNOTS('',2,(#13730,#13731,#13732),
 .UNSPECIFIED.,.F.,.F.,(3,3),(-1.,0.),.UNSPECIFIED.);
#628=B_SPLINE_CURVE_WITH_KNOTS('',2,(#13734,#13735,#13736),
 .UNSPECIFIED.,.F.,.F.,(3,3),(0.,1.),.UNSPECIFIED.);
#629=B_SPLINE_CURVE_WITH_KNOTS('',2,(#13745,#13746,#13747),
 .UNSPECIFIED.,.F.,.F.,(3,3),(-1.,0.),.UNSPECIFIED.);
#630=B_SPLINE_CURVE_WITH_KNOTS('',2,(#13749,#13750,#13751),
 .UNSPECIFIED.,.F.,.F.,(3,3),(0.,1.),.UNSPECIFIED.);
#631=B_SPLINE_CURVE_WITH_KNOTS('',2,(#13760,#13761,#13762),
 .UNSPECIFIED.,.F.,.F.,(3,3),(-1.,0.),.UNSPECIFIED.);
#632=B_SPLINE_CURVE_WITH_KNOTS('',2,(#13764,#13765,#13766),
 .UNSPECIFIED.,.F.,.F.,(3,3),(0.,1.),.UNSPECIFIED.);
#633=B_SPLINE_CURVE_WITH_KNOTS('',2,(#13775,#13776,#13777),
 .UNSPECIFIED.,.F.,.F.,(3,3),(-1.,0.),.UNSPECIFIED.);
#634=B_SPLINE_CURVE_WITH_KNOTS('',2,(#13779,#13780,#13781),
 .UNSPECIFIED.,.F.,.F.,(3,3),(0.,1.),.UNSPECIFIED.);
#635=B_SPLINE_CURVE_WITH_KNOTS('',2,(#13801,#13802,#13803),
 .UNSPECIFIED.,.F.,.F.,(3,3),(-1.,0.),.UNSPECIFIED.);
#636=B_SPLINE_CURVE_WITH_KNOTS('',2,(#13804,#13805,#13806),
 .UNSPECIFIED.,.F.,.F.,(3,3),(0.,1.),.UNSPECIFIED.);
#637=B_SPLINE_CURVE_WITH_KNOTS('',2,(#13815,#13816,#13817),
 .UNSPECIFIED.,.F.,.F.,(3,3),(0.311349525638109,1.),.UNSPECIFIED.);
#638=B_SPLINE_CURVE_WITH_KNOTS('',2,(#13821,#13822,#13823),
 .UNSPECIFIED.,.F.,.F.,(3,3),(0.311349525638128,1.),.UNSPECIFIED.);
#639=B_SPLINE_CURVE_WITH_KNOTS('',2,(#13850,#13851,#13852),
 .UNSPECIFIED.,.F.,.F.,(3,3),(0.,1.),.UNSPECIFIED.);
#640=B_SPLINE_CURVE_WITH_KNOTS('',2,(#13854,#13855,#13856),
 .UNSPECIFIED.,.F.,.F.,(3,3),(0.,1.),.UNSPECIFIED.);
#641=B_SPLINE_CURVE_WITH_KNOTS('',2,(#13865,#13866,#13867),
 .UNSPECIFIED.,.F.,.F.,(3,3),(0.,1.),.UNSPECIFIED.);
#642=B_SPLINE_CURVE_WITH_KNOTS('',2,(#13869,#13870,#13871),
 .UNSPECIFIED.,.F.,.F.,(3,3),(0.,1.),.UNSPECIFIED.);
#643=B_SPLINE_CURVE_WITH_KNOTS('',2,(#13880,#13881,#13882),
 .UNSPECIFIED.,.F.,.F.,(3,3),(0.,1.),.UNSPECIFIED.);
#644=B_SPLINE_CURVE_WITH_KNOTS('',2,(#13884,#13885,#13886),
 .UNSPECIFIED.,.F.,.F.,(3,3),(0.,1.),.UNSPECIFIED.);
#645=B_SPLINE_CURVE_WITH_KNOTS('',2,(#13895,#13896,#13897),
 .UNSPECIFIED.,.F.,.F.,(3,3),(0.,1.),.UNSPECIFIED.);
#646=B_SPLINE_CURVE_WITH_KNOTS('',2,(#13899,#13900,#13901),
 .UNSPECIFIED.,.F.,.F.,(3,3),(0.,1.),.UNSPECIFIED.);
#647=B_SPLINE_CURVE_WITH_KNOTS('',2,(#13910,#13911,#13912),
 .UNSPECIFIED.,.F.,.F.,(3,3),(0.,1.),.UNSPECIFIED.);
#648=B_SPLINE_CURVE_WITH_KNOTS('',2,(#13914,#13915,#13916),
 .UNSPECIFIED.,.F.,.F.,(3,3),(0.,1.),.UNSPECIFIED.);
#649=B_SPLINE_CURVE_WITH_KNOTS('',2,(#13931,#13932,#13933),
 .UNSPECIFIED.,.F.,.F.,(3,3),(0.,1.),.UNSPECIFIED.);
#650=B_SPLINE_CURVE_WITH_KNOTS('',2,(#13935,#13936,#13937),
 .UNSPECIFIED.,.F.,.F.,(3,3),(0.,1.),.UNSPECIFIED.);
#651=B_SPLINE_CURVE_WITH_KNOTS('',2,(#13946,#13947,#13948),
 .UNSPECIFIED.,.F.,.F.,(3,3),(0.,1.),.UNSPECIFIED.);
#652=B_SPLINE_CURVE_WITH_KNOTS('',2,(#13950,#13951,#13952),
 .UNSPECIFIED.,.F.,.F.,(3,3),(0.,1.),.UNSPECIFIED.);
#653=B_SPLINE_CURVE_WITH_KNOTS('',2,(#13961,#13962,#13963),
 .UNSPECIFIED.,.F.,.F.,(3,3),(0.,1.),.UNSPECIFIED.);
#654=B_SPLINE_CURVE_WITH_KNOTS('',2,(#13965,#13966,#13967),
 .UNSPECIFIED.,.F.,.F.,(3,3),(0.,1.),.UNSPECIFIED.);
#655=B_SPLINE_CURVE_WITH_KNOTS('',2,(#13976,#13977,#13978),
 .UNSPECIFIED.,.F.,.F.,(3,3),(0.,1.),.UNSPECIFIED.);
#656=B_SPLINE_CURVE_WITH_KNOTS('',2,(#13980,#13981,#13982),
 .UNSPECIFIED.,.F.,.F.,(3,3),(0.,1.),.UNSPECIFIED.);
#657=B_SPLINE_CURVE_WITH_KNOTS('',2,(#14003,#14004,#14005),
 .UNSPECIFIED.,.F.,.F.,(3,3),(0.,1.),.UNSPECIFIED.);
#658=B_SPLINE_CURVE_WITH_KNOTS('',2,(#14007,#14008,#14009),
 .UNSPECIFIED.,.F.,.F.,(3,3),(0.,1.),.UNSPECIFIED.);
#659=B_SPLINE_CURVE_WITH_KNOTS('',2,(#14018,#14019,#14020),
 .UNSPECIFIED.,.F.,.F.,(3,3),(0.,1.),.UNSPECIFIED.);
#660=B_SPLINE_CURVE_WITH_KNOTS('',2,(#14022,#14023,#14024),
 .UNSPECIFIED.,.F.,.F.,(3,3),(0.,1.),.UNSPECIFIED.);
#661=B_SPLINE_CURVE_WITH_KNOTS('',2,(#14033,#14034,#14035),
 .UNSPECIFIED.,.F.,.F.,(3,3),(0.,1.),.UNSPECIFIED.);
#662=B_SPLINE_CURVE_WITH_KNOTS('',2,(#14037,#14038,#14039),
 .UNSPECIFIED.,.F.,.F.,(3,3),(0.,1.),.UNSPECIFIED.);
#663=B_SPLINE_CURVE_WITH_KNOTS('',2,(#14048,#14049,#14050),
 .UNSPECIFIED.,.F.,.F.,(3,3),(0.,1.),.UNSPECIFIED.);
#664=B_SPLINE_CURVE_WITH_KNOTS('',2,(#14052,#14053,#14054),
 .UNSPECIFIED.,.F.,.F.,(3,3),(0.,1.),.UNSPECIFIED.);
#665=B_SPLINE_CURVE_WITH_KNOTS('',2,(#14063,#14064,#14065),
 .UNSPECIFIED.,.F.,.F.,(3,3),(0.,1.),.UNSPECIFIED.);
#666=B_SPLINE_CURVE_WITH_KNOTS('',2,(#14067,#14068,#14069),
 .UNSPECIFIED.,.F.,.F.,(3,3),(0.,1.),.UNSPECIFIED.);
#667=B_SPLINE_CURVE_WITH_KNOTS('',2,(#14077,#14078,#14079),
 .UNSPECIFIED.,.F.,.F.,(3,3),(0.,1.),.UNSPECIFIED.);
#668=B_SPLINE_CURVE_WITH_KNOTS('',2,(#14080,#14081,#14082),
 .UNSPECIFIED.,.F.,.F.,(3,3),(0.,1.),.UNSPECIFIED.);
#669=B_SPLINE_CURVE_WITH_KNOTS('',2,(#14093,#14094,#14095),
 .UNSPECIFIED.,.F.,.F.,(3,3),(-1.,0.),.UNSPECIFIED.);
#670=B_SPLINE_CURVE_WITH_KNOTS('',2,(#14099,#14100,#14101),
 .UNSPECIFIED.,.F.,.F.,(3,3),(0.,1.),.UNSPECIFIED.);
#671=B_SPLINE_CURVE_WITH_KNOTS('',2,(#14116,#14117,#14118),
 .UNSPECIFIED.,.F.,.F.,(3,3),(-1.,0.),.UNSPECIFIED.);
#672=B_SPLINE_CURVE_WITH_KNOTS('',2,(#14120,#14121,#14122),
 .UNSPECIFIED.,.F.,.F.,(3,3),(0.,1.),.UNSPECIFIED.);
#673=B_SPLINE_CURVE_WITH_KNOTS('',2,(#14131,#14132,#14133),
 .UNSPECIFIED.,.F.,.F.,(3,3),(-1.,0.),.UNSPECIFIED.);
#674=B_SPLINE_CURVE_WITH_KNOTS('',2,(#14135,#14136,#14137),
 .UNSPECIFIED.,.F.,.F.,(3,3),(0.,1.),.UNSPECIFIED.);
#675=B_SPLINE_CURVE_WITH_KNOTS('',2,(#14146,#14147,#14148),
 .UNSPECIFIED.,.F.,.F.,(3,3),(-1.,0.),.UNSPECIFIED.);
#676=B_SPLINE_CURVE_WITH_KNOTS('',2,(#14150,#14151,#14152),
 .UNSPECIFIED.,.F.,.F.,(3,3),(0.,1.),.UNSPECIFIED.);
#677=B_SPLINE_CURVE_WITH_KNOTS('',2,(#14161,#14162,#14163),
 .UNSPECIFIED.,.F.,.F.,(3,3),(-1.,0.),.UNSPECIFIED.);
#678=B_SPLINE_CURVE_WITH_KNOTS('',2,(#14165,#14166,#14167),
 .UNSPECIFIED.,.F.,.F.,(3,3),(0.,1.),.UNSPECIFIED.);
#679=B_SPLINE_CURVE_WITH_KNOTS('',2,(#14182,#14183,#14184),
 .UNSPECIFIED.,.F.,.F.,(3,3),(-1.,0.),.UNSPECIFIED.);
#680=B_SPLINE_CURVE_WITH_KNOTS('',2,(#14186,#14187,#14188),
 .UNSPECIFIED.,.F.,.F.,(3,3),(0.,1.),.UNSPECIFIED.);
#681=B_SPLINE_CURVE_WITH_KNOTS('',2,(#14197,#14198,#14199),
 .UNSPECIFIED.,.F.,.F.,(3,3),(-1.,0.),.UNSPECIFIED.);
#682=B_SPLINE_CURVE_WITH_KNOTS('',2,(#14201,#14202,#14203),
 .UNSPECIFIED.,.F.,.F.,(3,3),(0.,1.),.UNSPECIFIED.);
#683=B_SPLINE_CURVE_WITH_KNOTS('',2,(#14211,#14212,#14213),
 .UNSPECIFIED.,.F.,.F.,(3,3),(-1.,0.),.UNSPECIFIED.);
#684=B_SPLINE_CURVE_WITH_KNOTS('',2,(#14214,#14215,#14216),
 .UNSPECIFIED.,.F.,.F.,(3,3),(0.,1.),.UNSPECIFIED.);
#685=B_SPLINE_CURVE_WITH_KNOTS('',2,(#14225,#14226,#14227),
 .UNSPECIFIED.,.F.,.F.,(3,3),(0.,1.),.UNSPECIFIED.);
#686=B_SPLINE_CURVE_WITH_KNOTS('',2,(#14231,#14232,#14233),
 .UNSPECIFIED.,.F.,.F.,(3,3),(0.,1.),.UNSPECIFIED.);
#687=B_SPLINE_CURVE_WITH_KNOTS('',2,(#14248,#14249,#14250),
 .UNSPECIFIED.,.F.,.F.,(3,3),(0.,1.),.UNSPECIFIED.);
#688=B_SPLINE_CURVE_WITH_KNOTS('',2,(#14252,#14253,#14254),
 .UNSPECIFIED.,.F.,.F.,(3,3),(0.,1.),.UNSPECIFIED.);
#689=B_SPLINE_CURVE_WITH_KNOTS('',2,(#14263,#14264,#14265),
 .UNSPECIFIED.,.F.,.F.,(3,3),(0.,1.),.UNSPECIFIED.);
#690=B_SPLINE_CURVE_WITH_KNOTS('',2,(#14267,#14268,#14269),
 .UNSPECIFIED.,.F.,.F.,(3,3),(0.,1.),.UNSPECIFIED.);
#691=B_SPLINE_CURVE_WITH_KNOTS('',2,(#14278,#14279,#14280),
 .UNSPECIFIED.,.F.,.F.,(3,3),(0.,1.),.UNSPECIFIED.);
#692=B_SPLINE_CURVE_WITH_KNOTS('',2,(#14282,#14283,#14284),
 .UNSPECIFIED.,.F.,.F.,(3,3),(0.,1.),.UNSPECIFIED.);
#693=B_SPLINE_CURVE_WITH_KNOTS('',2,(#14293,#14294,#14295),
 .UNSPECIFIED.,.F.,.F.,(3,3),(0.,1.),.UNSPECIFIED.);
#694=B_SPLINE_CURVE_WITH_KNOTS('',2,(#14297,#14298,#14299),
 .UNSPECIFIED.,.F.,.F.,(3,3),(0.,1.),.UNSPECIFIED.);
#695=B_SPLINE_CURVE_WITH_KNOTS('',2,(#14308,#14309,#14310),
 .UNSPECIFIED.,.F.,.F.,(3,3),(0.,1.),.UNSPECIFIED.);
#696=B_SPLINE_CURVE_WITH_KNOTS('',2,(#14312,#14313,#14314),
 .UNSPECIFIED.,.F.,.F.,(3,3),(0.,1.),.UNSPECIFIED.);
#697=B_SPLINE_CURVE_WITH_KNOTS('',2,(#14323,#14324,#14325),
 .UNSPECIFIED.,.F.,.F.,(3,3),(0.,1.),.UNSPECIFIED.);
#698=B_SPLINE_CURVE_WITH_KNOTS('',2,(#14327,#14328,#14329),
 .UNSPECIFIED.,.F.,.F.,(3,3),(0.,1.),.UNSPECIFIED.);
#699=B_SPLINE_CURVE_WITH_KNOTS('',2,(#14344,#14345,#14346),
 .UNSPECIFIED.,.F.,.F.,(3,3),(0.,1.),.UNSPECIFIED.);
#700=B_SPLINE_CURVE_WITH_KNOTS('',2,(#14348,#14349,#14350),
 .UNSPECIFIED.,.F.,.F.,(3,3),(0.,1.),.UNSPECIFIED.);
#701=B_SPLINE_CURVE_WITH_KNOTS('',2,(#14359,#14360,#14361),
 .UNSPECIFIED.,.F.,.F.,(3,3),(0.,1.),.UNSPECIFIED.);
#702=B_SPLINE_CURVE_WITH_KNOTS('',2,(#14363,#14364,#14365),
 .UNSPECIFIED.,.F.,.F.,(3,3),(0.,1.),.UNSPECIFIED.);
#703=B_SPLINE_CURVE_WITH_KNOTS('',2,(#14374,#14375,#14376),
 .UNSPECIFIED.,.F.,.F.,(3,3),(0.,1.),.UNSPECIFIED.);
#704=B_SPLINE_CURVE_WITH_KNOTS('',2,(#14378,#14379,#14380),
 .UNSPECIFIED.,.F.,.F.,(3,3),(0.,1.),.UNSPECIFIED.);
#705=B_SPLINE_CURVE_WITH_KNOTS('',2,(#14389,#14390,#14391),
 .UNSPECIFIED.,.F.,.F.,(3,3),(0.,1.),.UNSPECIFIED.);
#706=B_SPLINE_CURVE_WITH_KNOTS('',2,(#14393,#14394,#14395),
 .UNSPECIFIED.,.F.,.F.,(3,3),(0.,1.),.UNSPECIFIED.);
#707=B_SPLINE_CURVE_WITH_KNOTS('',2,(#14403,#14404,#14405),
 .UNSPECIFIED.,.F.,.F.,(3,3),(0.,1.),.UNSPECIFIED.);
#708=B_SPLINE_CURVE_WITH_KNOTS('',2,(#14406,#14407,#14408),
 .UNSPECIFIED.,.F.,.F.,(3,3),(0.,1.),.UNSPECIFIED.);
#709=B_SPLINE_CURVE_WITH_KNOTS('',2,(#14419,#14420,#14421),
 .UNSPECIFIED.,.F.,.F.,(3,3),(0.,1.),.UNSPECIFIED.);
#710=B_SPLINE_CURVE_WITH_KNOTS('',2,(#14425,#14426,#14427),
 .UNSPECIFIED.,.F.,.F.,(3,3),(0.,1.),.UNSPECIFIED.);
#711=B_SPLINE_CURVE_WITH_KNOTS('',2,(#14436,#14437,#14438),
 .UNSPECIFIED.,.F.,.F.,(3,3),(0.,1.),.UNSPECIFIED.);
#712=B_SPLINE_CURVE_WITH_KNOTS('',2,(#14440,#14441,#14442),
 .UNSPECIFIED.,.F.,.F.,(3,3),(0.,1.),.UNSPECIFIED.);
#713=B_SPLINE_CURVE_WITH_KNOTS('',2,(#14451,#14452,#14453),
 .UNSPECIFIED.,.F.,.F.,(3,3),(0.174706141156477,1.),.UNSPECIFIED.);
#714=B_SPLINE_CURVE_WITH_KNOTS('',2,(#14455,#14456,#14457),
 .UNSPECIFIED.,.F.,.F.,(3,3),(0.174706141156731,1.),.UNSPECIFIED.);
#715=B_SPLINE_CURVE_WITH_KNOTS('',2,(#14496,#14497,#14498),
 .UNSPECIFIED.,.F.,.F.,(3,3),(0.,1.),.UNSPECIFIED.);
#716=B_SPLINE_CURVE_WITH_KNOTS('',2,(#14500,#14501,#14502),
 .UNSPECIFIED.,.F.,.F.,(3,3),(0.,1.),.UNSPECIFIED.);
#717=B_SPLINE_CURVE_WITH_KNOTS('',2,(#14511,#14512,#14513),
 .UNSPECIFIED.,.F.,.F.,(3,3),(0.,1.),.UNSPECIFIED.);
#718=B_SPLINE_CURVE_WITH_KNOTS('',2,(#14515,#14516,#14517),
 .UNSPECIFIED.,.F.,.F.,(3,3),(0.,1.),.UNSPECIFIED.);
#719=B_SPLINE_CURVE_WITH_KNOTS('',2,(#14526,#14527,#14528),
 .UNSPECIFIED.,.F.,.F.,(3,3),(0.,1.),.UNSPECIFIED.);
#720=B_SPLINE_CURVE_WITH_KNOTS('',2,(#14530,#14531,#14532),
 .UNSPECIFIED.,.F.,.F.,(3,3),(0.,1.),.UNSPECIFIED.);
#721=B_SPLINE_CURVE_WITH_KNOTS('',2,(#14541,#14542,#14543),
 .UNSPECIFIED.,.F.,.F.,(3,3),(0.,1.),.UNSPECIFIED.);
#722=B_SPLINE_CURVE_WITH_KNOTS('',2,(#14545,#14546,#14547),
 .UNSPECIFIED.,.F.,.F.,(3,3),(0.,1.),.UNSPECIFIED.);
#723=B_SPLINE_CURVE_WITH_KNOTS('',2,(#14561,#14562,#14563),
 .UNSPECIFIED.,.F.,.F.,(3,3),(0.,1.),.UNSPECIFIED.);
#724=B_SPLINE_CURVE_WITH_KNOTS('',2,(#14564,#14565,#14566),
 .UNSPECIFIED.,.F.,.F.,(3,3),(0.,1.),.UNSPECIFIED.);
#725=FACE_BOUND('',#1285,.T.);
#726=FACE_BOUND('',#1317,.T.);
#727=FACE_BOUND('',#1343,.T.);
#728=FACE_BOUND('',#1388,.T.);
#729=FACE_BOUND('',#1418,.T.);
#730=FACE_BOUND('',#1419,.T.);
#731=FACE_BOUND('',#1453,.T.);
#732=FACE_BOUND('',#1515,.T.);
#733=FACE_BOUND('',#1516,.T.);
#734=FACE_BOUND('',#1518,.T.);
#735=FACE_BOUND('',#1519,.T.);
#736=FACE_BOUND('',#1520,.T.);
#737=FACE_BOUND('',#1521,.T.);
#738=FACE_BOUND('',#1522,.T.);
#739=FACE_BOUND('',#1523,.T.);
#740=FACE_BOUND('',#1524,.T.);
#741=FACE_BOUND('',#1525,.T.);
#742=FACE_BOUND('',#1526,.T.);
#743=FACE_BOUND('',#1527,.T.);
#744=FACE_BOUND('',#1531,.T.);
#745=FACE_BOUND('',#1586,.T.);
#746=FACE_BOUND('',#1588,.T.);
#747=FACE_BOUND('',#1622,.T.);
#748=FACE_BOUND('',#1623,.T.);
#749=FACE_BOUND('',#1625,.T.);
#750=FACE_BOUND('',#1626,.T.);
#751=FACE_BOUND('',#1656,.T.);
#752=FACE_BOUND('',#1658,.T.);
#753=FACE_BOUND('',#1696,.T.);
#754=FACE_BOUND('',#1698,.T.);
#755=FACE_BOUND('',#1724,.T.);
#756=FACE_BOUND('',#1726,.T.);
#757=CIRCLE('',#8537,0.375000000000001);
#758=CIRCLE('',#8538,0.375000000000001);
#759=CIRCLE('',#8540,0.625);
#760=CIRCLE('',#8542,0.625);
#761=CIRCLE('',#8639,0.800000000000001);
#762=CIRCLE('',#8640,1.8);
#763=CIRCLE('',#8641,0.8);
#764=CIRCLE('',#8642,1.);
#765=CIRCLE('',#8644,0.8);
#766=CIRCLE('',#8646,1.8);
#767=CIRCLE('',#8647,0.8);
#768=CIRCLE('',#8648,1.);
#769=CIRCLE('',#8650,0.8);
#770=CIRCLE('',#8652,1.8);
#771=CIRCLE('',#8653,0.8);
#772=CIRCLE('',#8654,1.);
#773=CIRCLE('',#8656,0.8);
#774=CIRCLE('',#8658,1.8);
#775=CIRCLE('',#8659,0.8);
#776=CIRCLE('',#8660,1.);
#777=CIRCLE('',#8663,1.25);
#778=CIRCLE('',#8664,1.25);
#779=CIRCLE('',#8665,1.25);
#780=CIRCLE('',#8666,1.25);
#781=CIRCLE('',#8669,1.25);
#782=CIRCLE('',#8672,1.25);
#783=CIRCLE('',#8673,1.25);
#784=CIRCLE('',#8674,1.25);
#785=CYLINDRICAL_SURFACE('',#8536,0.375000000000001);
#786=CYLINDRICAL_SURFACE('',#8541,0.625);
#787=CYLINDRICAL_SURFACE('',#8643,0.8);
#788=CYLINDRICAL_SURFACE('',#8649,0.8);
#789=CYLINDRICAL_SURFACE('',#8655,0.8);
#790=CYLINDRICAL_SURFACE('',#8661,0.8);
#791=CYLINDRICAL_SURFACE('',#8668,1.25);
#792=CYLINDRICAL_SURFACE('',#8675,1.25);
#793=CYLINDRICAL_SURFACE('',#8677,1.25);
#794=CYLINDRICAL_SURFACE('',#8679,1.25);
#795=STYLED_ITEM('',(#14713),#807);
#796=STYLED_ITEM('',(#14712),#808);
#797=STYLED_ITEM('',(#14714),#809);
#798=STYLED_ITEM('',(#14714),#810);
#799=STYLED_ITEM('',(#14714),#811);
#800=STYLED_ITEM('',(#14714),#812);
#801=STYLED_ITEM('',(#14714),#813);
#802=STYLED_ITEM('',(#14714),#814);
#803=STYLED_ITEM('',(#14714),#815);
#804=STYLED_ITEM('',(#14714),#816);
#805=STYLED_ITEM('',(#14714),#817);
#806=STYLED_ITEM('',(#14714),#818);
#807=MANIFOLD_SOLID_BREP('Body17',#8505);
#808=MANIFOLD_SOLID_BREP('Body18',#8506);
#809=MANIFOLD_SOLID_BREP('Body19',#8507);
#810=MANIFOLD_SOLID_BREP('Body20',#8508);
#811=MANIFOLD_SOLID_BREP('Body21',#8509);
#812=MANIFOLD_SOLID_BREP('Body22',#8510);
#813=MANIFOLD_SOLID_BREP('Body23',#8511);
#814=MANIFOLD_SOLID_BREP('Body24',#8512);
#815=MANIFOLD_SOLID_BREP('Body25',#8513);
#816=MANIFOLD_SOLID_BREP('Body26',#8514);
#817=MANIFOLD_SOLID_BREP('Body27',#8515);
#818=MANIFOLD_SOLID_BREP('Body28',#8516);
#819=FACE_OUTER_BOUND('',#1277,.T.);
#820=FACE_OUTER_BOUND('',#1278,.T.);
#821=FACE_OUTER_BOUND('',#1279,.T.);
#822=FACE_OUTER_BOUND('',#1280,.T.);
#823=FACE_OUTER_BOUND('',#1281,.T.);
#824=FACE_OUTER_BOUND('',#1282,.T.);
#825=FACE_OUTER_BOUND('',#1283,.T.);
#826=FACE_OUTER_BOUND('',#1284,.T.);
#827=FACE_OUTER_BOUND('',#1286,.T.);
#828=FACE_OUTER_BOUND('',#1287,.T.);
#829=FACE_OUTER_BOUND('',#1288,.T.);
#830=FACE_OUTER_BOUND('',#1289,.T.);
#831=FACE_OUTER_BOUND('',#1290,.T.);
#832=FACE_OUTER_BOUND('',#1291,.T.);
#833=FACE_OUTER_BOUND('',#1292,.T.);
#834=FACE_OUTER_BOUND('',#1293,.T.);
#835=FACE_OUTER_BOUND('',#1294,.T.);
#836=FACE_OUTER_BOUND('',#1295,.T.);
#837=FACE_OUTER_BOUND('',#1296,.T.);
#838=FACE_OUTER_BOUND('',#1297,.T.);
#839=FACE_OUTER_BOUND('',#1298,.T.);
#840=FACE_OUTER_BOUND('',#1299,.T.);
#841=FACE_OUTER_BOUND('',#1300,.T.);
#842=FACE_OUTER_BOUND('',#1301,.T.);
#843=FACE_OUTER_BOUND('',#1302,.T.);
#844=FACE_OUTER_BOUND('',#1303,.T.);
#845=FACE_OUTER_BOUND('',#1304,.T.);
#846=FACE_OUTER_BOUND('',#1305,.T.);
#847=FACE_OUTER_BOUND('',#1306,.T.);
#848=FACE_OUTER_BOUND('',#1307,.T.);
#849=FACE_OUTER_BOUND('',#1308,.T.);
#850=FACE_OUTER_BOUND('',#1309,.T.);
#851=FACE_OUTER_BOUND('',#1310,.T.);
#852=FACE_OUTER_BOUND('',#1311,.T.);
#853=FACE_OUTER_BOUND('',#1312,.T.);
#854=FACE_OUTER_BOUND('',#1313,.T.);
#855=FACE_OUTER_BOUND('',#1314,.T.);
#856=FACE_OUTER_BOUND('',#1315,.T.);
#857=FACE_OUTER_BOUND('',#1316,.T.);
#858=FACE_OUTER_BOUND('',#1318,.T.);
#859=FACE_OUTER_BOUND('',#1319,.T.);
#860=FACE_OUTER_BOUND('',#1320,.T.);
#861=FACE_OUTER_BOUND('',#1321,.T.);
#862=FACE_OUTER_BOUND('',#1322,.T.);
#863=FACE_OUTER_BOUND('',#1323,.T.);
#864=FACE_OUTER_BOUND('',#1324,.T.);
#865=FACE_OUTER_BOUND('',#1325,.T.);
#866=FACE_OUTER_BOUND('',#1326,.T.);
#867=FACE_OUTER_BOUND('',#1327,.T.);
#868=FACE_OUTER_BOUND('',#1328,.T.);
#869=FACE_OUTER_BOUND('',#1329,.T.);
#870=FACE_OUTER_BOUND('',#1330,.T.);
#871=FACE_OUTER_BOUND('',#1331,.T.);
#872=FACE_OUTER_BOUND('',#1332,.T.);
#873=FACE_OUTER_BOUND('',#1333,.T.);
#874=FACE_OUTER_BOUND('',#1334,.T.);
#875=FACE_OUTER_BOUND('',#1335,.T.);
#876=FACE_OUTER_BOUND('',#1336,.T.);
#877=FACE_OUTER_BOUND('',#1337,.T.);
#878=FACE_OUTER_BOUND('',#1338,.T.);
#879=FACE_OUTER_BOUND('',#1339,.T.);
#880=FACE_OUTER_BOUND('',#1340,.T.);
#881=FACE_OUTER_BOUND('',#1341,.T.);
#882=FACE_OUTER_BOUND('',#1342,.T.);
#883=FACE_OUTER_BOUND('',#1344,.T.);
#884=FACE_OUTER_BOUND('',#1345,.T.);
#885=FACE_OUTER_BOUND('',#1346,.T.);
#886=FACE_OUTER_BOUND('',#1347,.T.);
#887=FACE_OUTER_BOUND('',#1348,.T.);
#888=FACE_OUTER_BOUND('',#1349,.T.);
#889=FACE_OUTER_BOUND('',#1350,.T.);
#890=FACE_OUTER_BOUND('',#1351,.T.);
#891=FACE_OUTER_BOUND('',#1352,.T.);
#892=FACE_OUTER_BOUND('',#1353,.T.);
#893=FACE_OUTER_BOUND('',#1354,.T.);
#894=FACE_OUTER_BOUND('',#1355,.T.);
#895=FACE_OUTER_BOUND('',#1356,.T.);
#896=FACE_OUTER_BOUND('',#1357,.T.);
#897=FACE_OUTER_BOUND('',#1358,.T.);
#898=FACE_OUTER_BOUND('',#1359,.T.);
#899=FACE_OUTER_BOUND('',#1360,.T.);
#900=FACE_OUTER_BOUND('',#1361,.T.);
#901=FACE_OUTER_BOUND('',#1362,.T.);
#902=FACE_OUTER_BOUND('',#1363,.T.);
#903=FACE_OUTER_BOUND('',#1364,.T.);
#904=FACE_OUTER_BOUND('',#1365,.T.);
#905=FACE_OUTER_BOUND('',#1366,.T.);
#906=FACE_OUTER_BOUND('',#1367,.T.);
#907=FACE_OUTER_BOUND('',#1368,.T.);
#908=FACE_OUTER_BOUND('',#1369,.T.);
#909=FACE_OUTER_BOUND('',#1370,.T.);
#910=FACE_OUTER_BOUND('',#1371,.T.);
#911=FACE_OUTER_BOUND('',#1372,.T.);
#912=FACE_OUTER_BOUND('',#1373,.T.);
#913=FACE_OUTER_BOUND('',#1374,.T.);
#914=FACE_OUTER_BOUND('',#1375,.T.);
#915=FACE_OUTER_BOUND('',#1376,.T.);
#916=FACE_OUTER_BOUND('',#1377,.T.);
#917=FACE_OUTER_BOUND('',#1378,.T.);
#918=FACE_OUTER_BOUND('',#1379,.T.);
#919=FACE_OUTER_BOUND('',#1380,.T.);
#920=FACE_OUTER_BOUND('',#1381,.T.);
#921=FACE_OUTER_BOUND('',#1382,.T.);
#922=FACE_OUTER_BOUND('',#1383,.T.);
#923=FACE_OUTER_BOUND('',#1384,.T.);
#924=FACE_OUTER_BOUND('',#1385,.T.);
#925=FACE_OUTER_BOUND('',#1386,.T.);
#926=FACE_OUTER_BOUND('',#1387,.T.);
#927=FACE_OUTER_BOUND('',#1389,.T.);
#928=FACE_OUTER_BOUND('',#1390,.T.);
#929=FACE_OUTER_BOUND('',#1391,.T.);
#930=FACE_OUTER_BOUND('',#1392,.T.);
#931=FACE_OUTER_BOUND('',#1393,.T.);
#932=FACE_OUTER_BOUND('',#1394,.T.);
#933=FACE_OUTER_BOUND('',#1395,.T.);
#934=FACE_OUTER_BOUND('',#1396,.T.);
#935=FACE_OUTER_BOUND('',#1397,.T.);
#936=FACE_OUTER_BOUND('',#1398,.T.);
#937=FACE_OUTER_BOUND('',#1399,.T.);
#938=FACE_OUTER_BOUND('',#1400,.T.);
#939=FACE_OUTER_BOUND('',#1401,.T.);
#940=FACE_OUTER_BOUND('',#1402,.T.);
#941=FACE_OUTER_BOUND('',#1403,.T.);
#942=FACE_OUTER_BOUND('',#1404,.T.);
#943=FACE_OUTER_BOUND('',#1405,.T.);
#944=FACE_OUTER_BOUND('',#1406,.T.);
#945=FACE_OUTER_BOUND('',#1407,.T.);
#946=FACE_OUTER_BOUND('',#1408,.T.);
#947=FACE_OUTER_BOUND('',#1409,.T.);
#948=FACE_OUTER_BOUND('',#1410,.T.);
#949=FACE_OUTER_BOUND('',#1411,.T.);
#950=FACE_OUTER_BOUND('',#1412,.T.);
#951=FACE_OUTER_BOUND('',#1413,.T.);
#952=FACE_OUTER_BOUND('',#1414,.T.);
#953=FACE_OUTER_BOUND('',#1415,.T.);
#954=FACE_OUTER_BOUND('',#1416,.T.);
#955=FACE_OUTER_BOUND('',#1417,.T.);
#956=FACE_OUTER_BOUND('',#1420,.T.);
#957=FACE_OUTER_BOUND('',#1421,.T.);
#958=FACE_OUTER_BOUND('',#1422,.T.);
#959=FACE_OUTER_BOUND('',#1423,.T.);
#960=FACE_OUTER_BOUND('',#1424,.T.);
#961=FACE_OUTER_BOUND('',#1425,.T.);
#962=FACE_OUTER_BOUND('',#1426,.T.);
#963=FACE_OUTER_BOUND('',#1427,.T.);
#964=FACE_OUTER_BOUND('',#1428,.T.);
#965=FACE_OUTER_BOUND('',#1429,.T.);
#966=FACE_OUTER_BOUND('',#1430,.T.);
#967=FACE_OUTER_BOUND('',#1431,.T.);
#968=FACE_OUTER_BOUND('',#1432,.T.);
#969=FACE_OUTER_BOUND('',#1433,.T.);
#970=FACE_OUTER_BOUND('',#1434,.T.);
#971=FACE_OUTER_BOUND('',#1435,.T.);
#972=FACE_OUTER_BOUND('',#1436,.T.);
#973=FACE_OUTER_BOUND('',#1437,.T.);
#974=FACE_OUTER_BOUND('',#1438,.T.);
#975=FACE_OUTER_BOUND('',#1439,.T.);
#976=FACE_OUTER_BOUND('',#1440,.T.);
#977=FACE_OUTER_BOUND('',#1441,.T.);
#978=FACE_OUTER_BOUND('',#1442,.T.);
#979=FACE_OUTER_BOUND('',#1443,.T.);
#980=FACE_OUTER_BOUND('',#1444,.T.);
#981=FACE_OUTER_BOUND('',#1445,.T.);
#982=FACE_OUTER_BOUND('',#1446,.T.);
#983=FACE_OUTER_BOUND('',#1447,.T.);
#984=FACE_OUTER_BOUND('',#1448,.T.);
#985=FACE_OUTER_BOUND('',#1449,.T.);
#986=FACE_OUTER_BOUND('',#1450,.T.);
#987=FACE_OUTER_BOUND('',#1451,.T.);
#988=FACE_OUTER_BOUND('',#1452,.T.);
#989=FACE_OUTER_BOUND('',#1454,.T.);
#990=FACE_OUTER_BOUND('',#1455,.T.);
#991=FACE_OUTER_BOUND('',#1456,.T.);
#992=FACE_OUTER_BOUND('',#1457,.T.);
#993=FACE_OUTER_BOUND('',#1458,.T.);
#994=FACE_OUTER_BOUND('',#1459,.T.);
#995=FACE_OUTER_BOUND('',#1460,.T.);
#996=FACE_OUTER_BOUND('',#1461,.T.);
#997=FACE_OUTER_BOUND('',#1462,.T.);
#998=FACE_OUTER_BOUND('',#1463,.T.);
#999=FACE_OUTER_BOUND('',#1464,.T.);
#1000=FACE_OUTER_BOUND('',#1465,.T.);
#1001=FACE_OUTER_BOUND('',#1466,.T.);
#1002=FACE_OUTER_BOUND('',#1467,.T.);
#1003=FACE_OUTER_BOUND('',#1468,.T.);
#1004=FACE_OUTER_BOUND('',#1469,.T.);
#1005=FACE_OUTER_BOUND('',#1470,.T.);
#1006=FACE_OUTER_BOUND('',#1471,.T.);
#1007=FACE_OUTER_BOUND('',#1472,.T.);
#1008=FACE_OUTER_BOUND('',#1473,.T.);
#1009=FACE_OUTER_BOUND('',#1474,.T.);
#1010=FACE_OUTER_BOUND('',#1475,.T.);
#1011=FACE_OUTER_BOUND('',#1476,.T.);
#1012=FACE_OUTER_BOUND('',#1477,.T.);
#1013=FACE_OUTER_BOUND('',#1478,.T.);
#1014=FACE_OUTER_BOUND('',#1479,.T.);
#1015=FACE_OUTER_BOUND('',#1480,.T.);
#1016=FACE_OUTER_BOUND('',#1481,.T.);
#1017=FACE_OUTER_BOUND('',#1482,.T.);
#1018=FACE_OUTER_BOUND('',#1483,.T.);
#1019=FACE_OUTER_BOUND('',#1484,.T.);
#1020=FACE_OUTER_BOUND('',#1485,.T.);
#1021=FACE_OUTER_BOUND('',#1486,.T.);
#1022=FACE_OUTER_BOUND('',#1487,.T.);
#1023=FACE_OUTER_BOUND('',#1488,.T.);
#1024=FACE_OUTER_BOUND('',#1489,.T.);
#1025=FACE_OUTER_BOUND('',#1490,.T.);
#1026=FACE_OUTER_BOUND('',#1491,.T.);
#1027=FACE_OUTER_BOUND('',#1492,.T.);
#1028=FACE_OUTER_BOUND('',#1493,.T.);
#1029=FACE_OUTER_BOUND('',#1494,.T.);
#1030=FACE_OUTER_BOUND('',#1495,.T.);
#1031=FACE_OUTER_BOUND('',#1496,.T.);
#1032=FACE_OUTER_BOUND('',#1497,.T.);
#1033=FACE_OUTER_BOUND('',#1498,.T.);
#1034=FACE_OUTER_BOUND('',#1499,.T.);
#1035=FACE_OUTER_BOUND('',#1500,.T.);
#1036=FACE_OUTER_BOUND('',#1501,.T.);
#1037=FACE_OUTER_BOUND('',#1502,.T.);
#1038=FACE_OUTER_BOUND('',#1503,.T.);
#1039=FACE_OUTER_BOUND('',#1504,.T.);
#1040=FACE_OUTER_BOUND('',#1505,.T.);
#1041=FACE_OUTER_BOUND('',#1506,.T.);
#1042=FACE_OUTER_BOUND('',#1507,.T.);
#1043=FACE_OUTER_BOUND('',#1508,.T.);
#1044=FACE_OUTER_BOUND('',#1509,.T.);
#1045=FACE_OUTER_BOUND('',#1510,.T.);
#1046=FACE_OUTER_BOUND('',#1511,.T.);
#1047=FACE_OUTER_BOUND('',#1512,.T.);
#1048=FACE_OUTER_BOUND('',#1513,.T.);
#1049=FACE_OUTER_BOUND('',#1514,.T.);
#1050=FACE_OUTER_BOUND('',#1517,.T.);
#1051=FACE_OUTER_BOUND('',#1528,.T.);
#1052=FACE_OUTER_BOUND('',#1529,.T.);
#1053=FACE_OUTER_BOUND('',#1530,.T.);
#1054=FACE_OUTER_BOUND('',#1532,.T.);
#1055=FACE_OUTER_BOUND('',#1533,.T.);
#1056=FACE_OUTER_BOUND('',#1534,.T.);
#1057=FACE_OUTER_BOUND('',#1535,.T.);
#1058=FACE_OUTER_BOUND('',#1536,.T.);
#1059=FACE_OUTER_BOUND('',#1537,.T.);
#1060=FACE_OUTER_BOUND('',#1538,.T.);
#1061=FACE_OUTER_BOUND('',#1539,.T.);
#1062=FACE_OUTER_BOUND('',#1540,.T.);
#1063=FACE_OUTER_BOUND('',#1541,.T.);
#1064=FACE_OUTER_BOUND('',#1542,.T.);
#1065=FACE_OUTER_BOUND('',#1543,.T.);
#1066=FACE_OUTER_BOUND('',#1544,.T.);
#1067=FACE_OUTER_BOUND('',#1545,.T.);
#1068=FACE_OUTER_BOUND('',#1546,.T.);
#1069=FACE_OUTER_BOUND('',#1547,.T.);
#1070=FACE_OUTER_BOUND('',#1548,.T.);
#1071=FACE_OUTER_BOUND('',#1549,.T.);
#1072=FACE_OUTER_BOUND('',#1550,.T.);
#1073=FACE_OUTER_BOUND('',#1551,.T.);
#1074=FACE_OUTER_BOUND('',#1552,.T.);
#1075=FACE_OUTER_BOUND('',#1553,.T.);
#1076=FACE_OUTER_BOUND('',#1554,.T.);
#1077=FACE_OUTER_BOUND('',#1555,.T.);
#1078=FACE_OUTER_BOUND('',#1556,.T.);
#1079=FACE_OUTER_BOUND('',#1557,.T.);
#1080=FACE_OUTER_BOUND('',#1558,.T.);
#1081=FACE_OUTER_BOUND('',#1559,.T.);
#1082=FACE_OUTER_BOUND('',#1560,.T.);
#1083=FACE_OUTER_BOUND('',#1561,.T.);
#1084=FACE_OUTER_BOUND('',#1562,.T.);
#1085=FACE_OUTER_BOUND('',#1563,.T.);
#1086=FACE_OUTER_BOUND('',#1564,.T.);
#1087=FACE_OUTER_BOUND('',#1565,.T.);
#1088=FACE_OUTER_BOUND('',#1566,.T.);
#1089=FACE_OUTER_BOUND('',#1567,.T.);
#1090=FACE_OUTER_BOUND('',#1568,.T.);
#1091=FACE_OUTER_BOUND('',#1569,.T.);
#1092=FACE_OUTER_BOUND('',#1570,.T.);
#1093=FACE_OUTER_BOUND('',#1571,.T.);
#1094=FACE_OUTER_BOUND('',#1572,.T.);
#1095=FACE_OUTER_BOUND('',#1573,.T.);
#1096=FACE_OUTER_BOUND('',#1574,.T.);
#1097=FACE_OUTER_BOUND('',#1575,.T.);
#1098=FACE_OUTER_BOUND('',#1576,.T.);
#1099=FACE_OUTER_BOUND('',#1577,.T.);
#1100=FACE_OUTER_BOUND('',#1578,.T.);
#1101=FACE_OUTER_BOUND('',#1579,.T.);
#1102=FACE_OUTER_BOUND('',#1580,.T.);
#1103=FACE_OUTER_BOUND('',#1581,.T.);
#1104=FACE_OUTER_BOUND('',#1582,.T.);
#1105=FACE_OUTER_BOUND('',#1583,.T.);
#1106=FACE_OUTER_BOUND('',#1584,.T.);
#1107=FACE_OUTER_BOUND('',#1585,.T.);
#1108=FACE_OUTER_BOUND('',#1587,.T.);
#1109=FACE_OUTER_BOUND('',#1589,.T.);
#1110=FACE_OUTER_BOUND('',#1590,.T.);
#1111=FACE_OUTER_BOUND('',#1591,.T.);
#1112=FACE_OUTER_BOUND('',#1592,.T.);
#1113=FACE_OUTER_BOUND('',#1593,.T.);
#1114=FACE_OUTER_BOUND('',#1594,.T.);
#1115=FACE_OUTER_BOUND('',#1595,.T.);
#1116=FACE_OUTER_BOUND('',#1596,.T.);
#1117=FACE_OUTER_BOUND('',#1597,.T.);
#1118=FACE_OUTER_BOUND('',#1598,.T.);
#1119=FACE_OUTER_BOUND('',#1599,.T.);
#1120=FACE_OUTER_BOUND('',#1600,.T.);
#1121=FACE_OUTER_BOUND('',#1601,.T.);
#1122=FACE_OUTER_BOUND('',#1602,.T.);
#1123=FACE_OUTER_BOUND('',#1603,.T.);
#1124=FACE_OUTER_BOUND('',#1604,.T.);
#1125=FACE_OUTER_BOUND('',#1605,.T.);
#1126=FACE_OUTER_BOUND('',#1606,.T.);
#1127=FACE_OUTER_BOUND('',#1607,.T.);
#1128=FACE_OUTER_BOUND('',#1608,.T.);
#1129=FACE_OUTER_BOUND('',#1609,.T.);
#1130=FACE_OUTER_BOUND('',#1610,.T.);
#1131=FACE_OUTER_BOUND('',#1611,.T.);
#1132=FACE_OUTER_BOUND('',#1612,.T.);
#1133=FACE_OUTER_BOUND('',#1613,.T.);
#1134=FACE_OUTER_BOUND('',#1614,.T.);
#1135=FACE_OUTER_BOUND('',#1615,.T.);
#1136=FACE_OUTER_BOUND('',#1616,.T.);
#1137=FACE_OUTER_BOUND('',#1617,.T.);
#1138=FACE_OUTER_BOUND('',#1618,.T.);
#1139=FACE_OUTER_BOUND('',#1619,.T.);
#1140=FACE_OUTER_BOUND('',#1620,.T.);
#1141=FACE_OUTER_BOUND('',#1621,.T.);
#1142=FACE_OUTER_BOUND('',#1624,.T.);
#1143=FACE_OUTER_BOUND('',#1627,.T.);
#1144=FACE_OUTER_BOUND('',#1628,.T.);
#1145=FACE_OUTER_BOUND('',#1629,.T.);
#1146=FACE_OUTER_BOUND('',#1630,.T.);
#1147=FACE_OUTER_BOUND('',#1631,.T.);
#1148=FACE_OUTER_BOUND('',#1632,.T.);
#1149=FACE_OUTER_BOUND('',#1633,.T.);
#1150=FACE_OUTER_BOUND('',#1634,.T.);
#1151=FACE_OUTER_BOUND('',#1635,.T.);
#1152=FACE_OUTER_BOUND('',#1636,.T.);
#1153=FACE_OUTER_BOUND('',#1637,.T.);
#1154=FACE_OUTER_BOUND('',#1638,.T.);
#1155=FACE_OUTER_BOUND('',#1639,.T.);
#1156=FACE_OUTER_BOUND('',#1640,.T.);
#1157=FACE_OUTER_BOUND('',#1641,.T.);
#1158=FACE_OUTER_BOUND('',#1642,.T.);
#1159=FACE_OUTER_BOUND('',#1643,.T.);
#1160=FACE_OUTER_BOUND('',#1644,.T.);
#1161=FACE_OUTER_BOUND('',#1645,.T.);
#1162=FACE_OUTER_BOUND('',#1646,.T.);
#1163=FACE_OUTER_BOUND('',#1647,.T.);
#1164=FACE_OUTER_BOUND('',#1648,.T.);
#1165=FACE_OUTER_BOUND('',#1649,.T.);
#1166=FACE_OUTER_BOUND('',#1650,.T.);
#1167=FACE_OUTER_BOUND('',#1651,.T.);
#1168=FACE_OUTER_BOUND('',#1652,.T.);
#1169=FACE_OUTER_BOUND('',#1653,.T.);
#1170=FACE_OUTER_BOUND('',#1654,.T.);
#1171=FACE_OUTER_BOUND('',#1655,.T.);
#1172=FACE_OUTER_BOUND('',#1657,.T.);
#1173=FACE_OUTER_BOUND('',#1659,.T.);
#1174=FACE_OUTER_BOUND('',#1660,.T.);
#1175=FACE_OUTER_BOUND('',#1661,.T.);
#1176=FACE_OUTER_BOUND('',#1662,.T.);
#1177=FACE_OUTER_BOUND('',#1663,.T.);
#1178=FACE_OUTER_BOUND('',#1664,.T.);
#1179=FACE_OUTER_BOUND('',#1665,.T.);
#1180=FACE_OUTER_BOUND('',#1666,.T.);
#1181=FACE_OUTER_BOUND('',#1667,.T.);
#1182=FACE_OUTER_BOUND('',#1668,.T.);
#1183=FACE_OUTER_BOUND('',#1669,.T.);
#1184=FACE_OUTER_BOUND('',#1670,.T.);
#1185=FACE_OUTER_BOUND('',#1671,.T.);
#1186=FACE_OUTER_BOUND('',#1672,.T.);
#1187=FACE_OUTER_BOUND('',#1673,.T.);
#1188=FACE_OUTER_BOUND('',#1674,.T.);
#1189=FACE_OUTER_BOUND('',#1675,.T.);
#1190=FACE_OUTER_BOUND('',#1676,.T.);
#1191=FACE_OUTER_BOUND('',#1677,.T.);
#1192=FACE_OUTER_BOUND('',#1678,.T.);
#1193=FACE_OUTER_BOUND('',#1679,.T.);
#1194=FACE_OUTER_BOUND('',#1680,.T.);
#1195=FACE_OUTER_BOUND('',#1681,.T.);
#1196=FACE_OUTER_BOUND('',#1682,.T.);
#1197=FACE_OUTER_BOUND('',#1683,.T.);
#1198=FACE_OUTER_BOUND('',#1684,.T.);
#1199=FACE_OUTER_BOUND('',#1685,.T.);
#1200=FACE_OUTER_BOUND('',#1686,.T.);
#1201=FACE_OUTER_BOUND('',#1687,.T.);
#1202=FACE_OUTER_BOUND('',#1688,.T.);
#1203=FACE_OUTER_BOUND('',#1689,.T.);
#1204=FACE_OUTER_BOUND('',#1690,.T.);
#1205=FACE_OUTER_BOUND('',#1691,.T.);
#1206=FACE_OUTER_BOUND('',#1692,.T.);
#1207=FACE_OUTER_BOUND('',#1693,.T.);
#1208=FACE_OUTER_BOUND('',#1694,.T.);
#1209=FACE_OUTER_BOUND('',#1695,.T.);
#1210=FACE_OUTER_BOUND('',#1697,.T.);
#1211=FACE_OUTER_BOUND('',#1699,.T.);
#1212=FACE_OUTER_BOUND('',#1700,.T.);
#1213=FACE_OUTER_BOUND('',#1701,.T.);
#1214=FACE_OUTER_BOUND('',#1702,.T.);
#1215=FACE_OUTER_BOUND('',#1703,.T.);
#1216=FACE_OUTER_BOUND('',#1704,.T.);
#1217=FACE_OUTER_BOUND('',#1705,.T.);
#1218=FACE_OUTER_BOUND('',#1706,.T.);
#1219=FACE_OUTER_BOUND('',#1707,.T.);
#1220=FACE_OUTER_BOUND('',#1708,.T.);
#1221=FACE_OUTER_BOUND('',#1709,.T.);
#1222=FACE_OUTER_BOUND('',#1710,.T.);
#1223=FACE_OUTER_BOUND('',#1711,.T.);
#1224=FACE_OUTER_BOUND('',#1712,.T.);
#1225=FACE_OUTER_BOUND('',#1713,.T.);
#1226=FACE_OUTER_BOUND('',#1714,.T.);
#1227=FACE_OUTER_BOUND('',#1715,.T.);
#1228=FACE_OUTER_BOUND('',#1716,.T.);
#1229=FACE_OUTER_BOUND('',#1717,.T.);
#1230=FACE_OUTER_BOUND('',#1718,.T.);
#1231=FACE_OUTER_BOUND('',#1719,.T.);
#1232=FACE_OUTER_BOUND('',#1720,.T.);
#1233=FACE_OUTER_BOUND('',#1721,.T.);
#1234=FACE_OUTER_BOUND('',#1722,.T.);
#1235=FACE_OUTER_BOUND('',#1723,.T.);
#1236=FACE_OUTER_BOUND('',#1725,.T.);
#1237=FACE_OUTER_BOUND('',#1727,.T.);
#1238=FACE_OUTER_BOUND('',#1728,.T.);
#1239=FACE_OUTER_BOUND('',#1729,.T.);
#1240=FACE_OUTER_BOUND('',#1730,.T.);
#1241=FACE_OUTER_BOUND('',#1731,.T.);
#1242=FACE_OUTER_BOUND('',#1732,.T.);
#1243=FACE_OUTER_BOUND('',#1733,.T.);
#1244=FACE_OUTER_BOUND('',#1734,.T.);
#1245=FACE_OUTER_BOUND('',#1735,.T.);
#1246=FACE_OUTER_BOUND('',#1736,.T.);
#1247=FACE_OUTER_BOUND('',#1737,.T.);
#1248=FACE_OUTER_BOUND('',#1738,.T.);
#1249=FACE_OUTER_BOUND('',#1739,.T.);
#1250=FACE_OUTER_BOUND('',#1740,.T.);
#1251=FACE_OUTER_BOUND('',#1741,.T.);
#1252=FACE_OUTER_BOUND('',#1742,.T.);
#1253=FACE_OUTER_BOUND('',#1743,.T.);
#1254=FACE_OUTER_BOUND('',#1744,.T.);
#1255=FACE_OUTER_BOUND('',#1745,.T.);
#1256=FACE_OUTER_BOUND('',#1746,.T.);
#1257=FACE_OUTER_BOUND('',#1747,.T.);
#1258=FACE_OUTER_BOUND('',#1748,.T.);
#1259=FACE_OUTER_BOUND('',#1749,.T.);
#1260=FACE_OUTER_BOUND('',#1750,.T.);
#1261=FACE_OUTER_BOUND('',#1751,.T.);
#1262=FACE_OUTER_BOUND('',#1752,.T.);
#1263=FACE_OUTER_BOUND('',#1753,.T.);
#1264=FACE_OUTER_BOUND('',#1754,.T.);
#1265=FACE_OUTER_BOUND('',#1755,.T.);
#1266=FACE_OUTER_BOUND('',#1756,.T.);
#1267=FACE_OUTER_BOUND('',#1757,.T.);
#1268=FACE_OUTER_BOUND('',#1758,.T.);
#1269=FACE_OUTER_BOUND('',#1759,.T.);
#1270=FACE_OUTER_BOUND('',#1760,.T.);
#1271=FACE_OUTER_BOUND('',#1761,.T.);
#1272=FACE_OUTER_BOUND('',#1762,.T.);
#1273=FACE_OUTER_BOUND('',#1763,.T.);
#1274=FACE_OUTER_BOUND('',#1764,.T.);
#1275=FACE_OUTER_BOUND('',#1765,.T.);
#1276=FACE_OUTER_BOUND('',#1766,.T.);
#1277=EDGE_LOOP('',(#5343,#5344,#5345,#5346));
#1278=EDGE_LOOP('',(#5347,#5348,#5349,#5350));
#1279=EDGE_LOOP('',(#5351,#5352,#5353,#5354));
#1280=EDGE_LOOP('',(#5355,#5356,#5357,#5358));
#1281=EDGE_LOOP('',(#5359,#5360,#5361,#5362));
#1282=EDGE_LOOP('',(#5363,#5364,#5365,#5366));
#1283=EDGE_LOOP('',(#5367,#5368,#5369,#5370));
#1284=EDGE_LOOP('',(#5371));
#1285=EDGE_LOOP('',(#5372));
#1286=EDGE_LOOP('',(#5373,#5374,#5375,#5376));
#1287=EDGE_LOOP('',(#5377,#5378,#5379,#5380,#5381,#5382,#5383,#5384,#5385,
#5386,#5387,#5388,#5389));
#1288=EDGE_LOOP('',(#5390,#5391,#5392,#5393));
#1289=EDGE_LOOP('',(#5394,#5395,#5396,#5397));
#1290=EDGE_LOOP('',(#5398,#5399,#5400,#5401));
#1291=EDGE_LOOP('',(#5402,#5403,#5404,#5405));
#1292=EDGE_LOOP('',(#5406,#5407,#5408,#5409));
#1293=EDGE_LOOP('',(#5410,#5411,#5412,#5413));
#1294=EDGE_LOOP('',(#5414,#5415,#5416,#5417));
#1295=EDGE_LOOP('',(#5418,#5419,#5420,#5421));
#1296=EDGE_LOOP('',(#5422,#5423,#5424,#5425));
#1297=EDGE_LOOP('',(#5426,#5427,#5428,#5429));
#1298=EDGE_LOOP('',(#5430,#5431,#5432,#5433));
#1299=EDGE_LOOP('',(#5434,#5435,#5436,#5437));
#1300=EDGE_LOOP('',(#5438,#5439,#5440,#5441));
#1301=EDGE_LOOP('',(#5442,#5443,#5444,#5445,#5446,#5447,#5448,#5449,#5450,
#5451,#5452,#5453,#5454,#5455));
#1302=EDGE_LOOP('',(#5456,#5457,#5458,#5459));
#1303=EDGE_LOOP('',(#5460,#5461,#5462,#5463));
#1304=EDGE_LOOP('',(#5464,#5465,#5466,#5467));
#1305=EDGE_LOOP('',(#5468,#5469,#5470,#5471));
#1306=EDGE_LOOP('',(#5472,#5473,#5474,#5475));
#1307=EDGE_LOOP('',(#5476,#5477,#5478,#5479));
#1308=EDGE_LOOP('',(#5480,#5481,#5482,#5483));
#1309=EDGE_LOOP('',(#5484,#5485,#5486,#5487));
#1310=EDGE_LOOP('',(#5488,#5489,#5490,#5491));
#1311=EDGE_LOOP('',(#5492,#5493,#5494,#5495));
#1312=EDGE_LOOP('',(#5496,#5497,#5498,#5499));
#1313=EDGE_LOOP('',(#5500,#5501,#5502,#5503));
#1314=EDGE_LOOP('',(#5504,#5505,#5506,#5507));
#1315=EDGE_LOOP('',(#5508,#5509,#5510,#5511));
#1316=EDGE_LOOP('',(#5512,#5513,#5514,#5515,#5516,#5517,#5518,#5519,#5520,
#5521,#5522,#5523,#5524,#5525));
#1317=EDGE_LOOP('',(#5526,#5527,#5528,#5529,#5530,#5531,#5532,#5533,#5534,
#5535));
#1318=EDGE_LOOP('',(#5536,#5537,#5538,#5539));
#1319=EDGE_LOOP('',(#5540,#5541,#5542,#5543));
#1320=EDGE_LOOP('',(#5544,#5545,#5546,#5547));
#1321=EDGE_LOOP('',(#5548,#5549,#5550,#5551));
#1322=EDGE_LOOP('',(#5552,#5553,#5554,#5555));
#1323=EDGE_LOOP('',(#5556,#5557,#5558,#5559));
#1324=EDGE_LOOP('',(#5560,#5561,#5562,#5563));
#1325=EDGE_LOOP('',(#5564,#5565,#5566,#5567));
#1326=EDGE_LOOP('',(#5568,#5569,#5570,#5571));
#1327=EDGE_LOOP('',(#5572,#5573,#5574,#5575));
#1328=EDGE_LOOP('',(#5576,#5577,#5578,#5579));
#1329=EDGE_LOOP('',(#5580,#5581,#5582,#5583));
#1330=EDGE_LOOP('',(#5584,#5585,#5586,#5587));
#1331=EDGE_LOOP('',(#5588,#5589,#5590,#5591));
#1332=EDGE_LOOP('',(#5592,#5593,#5594,#5595));
#1333=EDGE_LOOP('',(#5596,#5597,#5598,#5599));
#1334=EDGE_LOOP('',(#5600,#5601,#5602,#5603));
#1335=EDGE_LOOP('',(#5604,#5605,#5606,#5607));
#1336=EDGE_LOOP('',(#5608,#5609,#5610,#5611));
#1337=EDGE_LOOP('',(#5612,#5613,#5614,#5615));
#1338=EDGE_LOOP('',(#5616,#5617,#5618,#5619));
#1339=EDGE_LOOP('',(#5620,#5621,#5622,#5623));
#1340=EDGE_LOOP('',(#5624,#5625,#5626,#5627));
#1341=EDGE_LOOP('',(#5628,#5629,#5630,#5631));
#1342=EDGE_LOOP('',(#5632,#5633,#5634,#5635,#5636,#5637,#5638,#5639,#5640,
#5641,#5642,#5643,#5644,#5645,#5646,#5647,#5648,#5649,#5650,#5651,#5652,
#5653));
#1343=EDGE_LOOP('',(#5654,#5655,#5656,#5657,#5658,#5659,#5660,#5661));
#1344=EDGE_LOOP('',(#5662,#5663,#5664,#5665));
#1345=EDGE_LOOP('',(#5666,#5667,#5668,#5669));
#1346=EDGE_LOOP('',(#5670,#5671,#5672,#5673));
#1347=EDGE_LOOP('',(#5674,#5675,#5676,#5677));
#1348=EDGE_LOOP('',(#5678,#5679,#5680,#5681));
#1349=EDGE_LOOP('',(#5682,#5683,#5684,#5685));
#1350=EDGE_LOOP('',(#5686,#5687,#5688,#5689));
#1351=EDGE_LOOP('',(#5690,#5691,#5692,#5693));
#1352=EDGE_LOOP('',(#5694,#5695,#5696,#5697));
#1353=EDGE_LOOP('',(#5698,#5699,#5700,#5701));
#1354=EDGE_LOOP('',(#5702,#5703,#5704,#5705));
#1355=EDGE_LOOP('',(#5706,#5707,#5708,#5709));
#1356=EDGE_LOOP('',(#5710,#5711,#5712,#5713));
#1357=EDGE_LOOP('',(#5714,#5715,#5716,#5717));
#1358=EDGE_LOOP('',(#5718,#5719,#5720,#5721));
#1359=EDGE_LOOP('',(#5722,#5723,#5724,#5725));
#1360=EDGE_LOOP('',(#5726,#5727,#5728,#5729));
#1361=EDGE_LOOP('',(#5730,#5731,#5732,#5733));
#1362=EDGE_LOOP('',(#5734,#5735,#5736,#5737));
#1363=EDGE_LOOP('',(#5738,#5739,#5740,#5741));
#1364=EDGE_LOOP('',(#5742,#5743,#5744,#5745));
#1365=EDGE_LOOP('',(#5746,#5747,#5748,#5749));
#1366=EDGE_LOOP('',(#5750,#5751,#5752,#5753));
#1367=EDGE_LOOP('',(#5754,#5755,#5756,#5757));
#1368=EDGE_LOOP('',(#5758,#5759,#5760,#5761));
#1369=EDGE_LOOP('',(#5762,#5763,#5764,#5765));
#1370=EDGE_LOOP('',(#5766,#5767,#5768,#5769));
#1371=EDGE_LOOP('',(#5770,#5771,#5772,#5773));
#1372=EDGE_LOOP('',(#5774,#5775,#5776,#5777));
#1373=EDGE_LOOP('',(#5778,#5779,#5780,#5781));
#1374=EDGE_LOOP('',(#5782,#5783,#5784,#5785,#5786,#5787,#5788));
#1375=EDGE_LOOP('',(#5789,#5790,#5791,#5792));
#1376=EDGE_LOOP('',(#5793,#5794,#5795,#5796));
#1377=EDGE_LOOP('',(#5797,#5798,#5799,#5800));
#1378=EDGE_LOOP('',(#5801,#5802,#5803,#5804));
#1379=EDGE_LOOP('',(#5805,#5806,#5807,#5808));
#1380=EDGE_LOOP('',(#5809,#5810,#5811,#5812));
#1381=EDGE_LOOP('',(#5813,#5814,#5815,#5816));
#1382=EDGE_LOOP('',(#5817,#5818,#5819,#5820));
#1383=EDGE_LOOP('',(#5821,#5822,#5823,#5824));
#1384=EDGE_LOOP('',(#5825,#5826,#5827,#5828));
#1385=EDGE_LOOP('',(#5829,#5830,#5831,#5832));
#1386=EDGE_LOOP('',(#5833,#5834,#5835,#5836));
#1387=EDGE_LOOP('',(#5837,#5838,#5839,#5840,#5841,#5842,#5843,#5844,#5845,
#5846,#5847,#5848,#5849,#5850,#5851,#5852));
#1388=EDGE_LOOP('',(#5853,#5854,#5855,#5856,#5857,#5858,#5859,#5860,#5861,
#5862,#5863,#5864));
#1389=EDGE_LOOP('',(#5865,#5866,#5867,#5868));
#1390=EDGE_LOOP('',(#5869,#5870,#5871,#5872));
#1391=EDGE_LOOP('',(#5873,#5874,#5875,#5876));
#1392=EDGE_LOOP('',(#5877,#5878,#5879,#5880));
#1393=EDGE_LOOP('',(#5881,#5882,#5883,#5884));
#1394=EDGE_LOOP('',(#5885,#5886,#5887,#5888));
#1395=EDGE_LOOP('',(#5889,#5890,#5891,#5892));
#1396=EDGE_LOOP('',(#5893,#5894,#5895,#5896));
#1397=EDGE_LOOP('',(#5897,#5898,#5899,#5900));
#1398=EDGE_LOOP('',(#5901,#5902,#5903,#5904));
#1399=EDGE_LOOP('',(#5905,#5906,#5907,#5908));
#1400=EDGE_LOOP('',(#5909,#5910,#5911,#5912));
#1401=EDGE_LOOP('',(#5913,#5914,#5915,#5916));
#1402=EDGE_LOOP('',(#5917,#5918,#5919,#5920));
#1403=EDGE_LOOP('',(#5921,#5922,#5923,#5924));
#1404=EDGE_LOOP('',(#5925,#5926,#5927,#5928));
#1405=EDGE_LOOP('',(#5929,#5930,#5931,#5932));
#1406=EDGE_LOOP('',(#5933,#5934,#5935,#5936));
#1407=EDGE_LOOP('',(#5937,#5938,#5939,#5940));
#1408=EDGE_LOOP('',(#5941,#5942,#5943,#5944));
#1409=EDGE_LOOP('',(#5945,#5946,#5947,#5948));
#1410=EDGE_LOOP('',(#5949,#5950,#5951,#5952));
#1411=EDGE_LOOP('',(#5953,#5954,#5955,#5956));
#1412=EDGE_LOOP('',(#5957,#5958,#5959,#5960));
#1413=EDGE_LOOP('',(#5961,#5962,#5963,#5964));
#1414=EDGE_LOOP('',(#5965,#5966,#5967,#5968));
#1415=EDGE_LOOP('',(#5969,#5970,#5971,#5972));
#1416=EDGE_LOOP('',(#5973,#5974,#5975,#5976));
#1417=EDGE_LOOP('',(#5977,#5978,#5979,#5980,#5981,#5982,#5983,#5984,#5985,
#5986,#5987,#5988,#5989,#5990,#5991,#5992));
#1418=EDGE_LOOP('',(#5993,#5994,#5995,#5996,#5997,#5998,#5999));
#1419=EDGE_LOOP('',(#6000,#6001,#6002,#6003,#6004,#6005,#6006,#6007,#6008));
#1420=EDGE_LOOP('',(#6009,#6010,#6011,#6012));
#1421=EDGE_LOOP('',(#6013,#6014,#6015,#6016));
#1422=EDGE_LOOP('',(#6017,#6018,#6019,#6020));
#1423=EDGE_LOOP('',(#6021,#6022,#6023,#6024));
#1424=EDGE_LOOP('',(#6025,#6026,#6027,#6028));
#1425=EDGE_LOOP('',(#6029,#6030,#6031,#6032));
#1426=EDGE_LOOP('',(#6033,#6034,#6035,#6036));
#1427=EDGE_LOOP('',(#6037,#6038,#6039,#6040));
#1428=EDGE_LOOP('',(#6041,#6042,#6043,#6044));
#1429=EDGE_LOOP('',(#6045,#6046,#6047,#6048));
#1430=EDGE_LOOP('',(#6049,#6050,#6051,#6052));
#1431=EDGE_LOOP('',(#6053,#6054,#6055,#6056));
#1432=EDGE_LOOP('',(#6057,#6058,#6059,#6060));
#1433=EDGE_LOOP('',(#6061,#6062,#6063,#6064));
#1434=EDGE_LOOP('',(#6065,#6066,#6067,#6068));
#1435=EDGE_LOOP('',(#6069,#6070,#6071,#6072));
#1436=EDGE_LOOP('',(#6073,#6074,#6075,#6076));
#1437=EDGE_LOOP('',(#6077,#6078,#6079,#6080));
#1438=EDGE_LOOP('',(#6081,#6082,#6083,#6084));
#1439=EDGE_LOOP('',(#6085,#6086,#6087,#6088));
#1440=EDGE_LOOP('',(#6089,#6090,#6091,#6092));
#1441=EDGE_LOOP('',(#6093,#6094,#6095,#6096));
#1442=EDGE_LOOP('',(#6097,#6098,#6099,#6100));
#1443=EDGE_LOOP('',(#6101,#6102,#6103,#6104));
#1444=EDGE_LOOP('',(#6105,#6106,#6107,#6108));
#1445=EDGE_LOOP('',(#6109,#6110,#6111,#6112));
#1446=EDGE_LOOP('',(#6113,#6114,#6115,#6116));
#1447=EDGE_LOOP('',(#6117,#6118,#6119,#6120));
#1448=EDGE_LOOP('',(#6121,#6122,#6123,#6124));
#1449=EDGE_LOOP('',(#6125,#6126,#6127,#6128));
#1450=EDGE_LOOP('',(#6129,#6130,#6131,#6132));
#1451=EDGE_LOOP('',(#6133,#6134,#6135,#6136));
#1452=EDGE_LOOP('',(#6137,#6138,#6139,#6140,#6141,#6142,#6143,#6144,#6145,
#6146,#6147,#6148,#6149,#6150,#6151,#6152,#6153,#6154,#6155,#6156,#6157,
#6158));
#1453=EDGE_LOOP('',(#6159,#6160,#6161,#6162,#6163,#6164,#6165,#6166));
#1454=EDGE_LOOP('',(#6167,#6168,#6169,#6170));
#1455=EDGE_LOOP('',(#6171,#6172,#6173,#6174));
#1456=EDGE_LOOP('',(#6175,#6176,#6177,#6178));
#1457=EDGE_LOOP('',(#6179,#6180,#6181,#6182));
#1458=EDGE_LOOP('',(#6183,#6184,#6185,#6186));
#1459=EDGE_LOOP('',(#6187,#6188,#6189,#6190));
#1460=EDGE_LOOP('',(#6191,#6192,#6193,#6194));
#1461=EDGE_LOOP('',(#6195,#6196,#6197,#6198));
#1462=EDGE_LOOP('',(#6199,#6200,#6201,#6202));
#1463=EDGE_LOOP('',(#6203,#6204,#6205,#6206));
#1464=EDGE_LOOP('',(#6207,#6208,#6209,#6210));
#1465=EDGE_LOOP('',(#6211,#6212,#6213,#6214));
#1466=EDGE_LOOP('',(#6215,#6216,#6217,#6218));
#1467=EDGE_LOOP('',(#6219,#6220,#6221,#6222));
#1468=EDGE_LOOP('',(#6223,#6224,#6225,#6226));
#1469=EDGE_LOOP('',(#6227,#6228,#6229,#6230));
#1470=EDGE_LOOP('',(#6231,#6232,#6233,#6234));
#1471=EDGE_LOOP('',(#6235,#6236,#6237,#6238));
#1472=EDGE_LOOP('',(#6239,#6240,#6241,#6242));
#1473=EDGE_LOOP('',(#6243,#6244,#6245,#6246));
#1474=EDGE_LOOP('',(#6247,#6248,#6249,#6250));
#1475=EDGE_LOOP('',(#6251,#6252,#6253,#6254));
#1476=EDGE_LOOP('',(#6255,#6256,#6257,#6258));
#1477=EDGE_LOOP('',(#6259,#6260,#6261,#6262));
#1478=EDGE_LOOP('',(#6263,#6264,#6265,#6266));
#1479=EDGE_LOOP('',(#6267,#6268,#6269,#6270));
#1480=EDGE_LOOP('',(#6271,#6272,#6273,#6274));
#1481=EDGE_LOOP('',(#6275,#6276,#6277,#6278));
#1482=EDGE_LOOP('',(#6279,#6280,#6281,#6282));
#1483=EDGE_LOOP('',(#6283,#6284,#6285,#6286));
#1484=EDGE_LOOP('',(#6287,#6288,#6289,#6290,#6291,#6292,#6293,#6294,#6295,
#6296,#6297,#6298,#6299,#6300,#6301));
#1485=EDGE_LOOP('',(#6302,#6303,#6304,#6305));
#1486=EDGE_LOOP('',(#6306,#6307,#6308,#6309));
#1487=EDGE_LOOP('',(#6310,#6311,#6312,#6313));
#1488=EDGE_LOOP('',(#6314,#6315,#6316,#6317));
#1489=EDGE_LOOP('',(#6318,#6319,#6320,#6321));
#1490=EDGE_LOOP('',(#6322,#6323,#6324,#6325));
#1491=EDGE_LOOP('',(#6326,#6327,#6328,#6329));
#1492=EDGE_LOOP('',(#6330,#6331,#6332,#6333));
#1493=EDGE_LOOP('',(#6334,#6335,#6336,#6337));
#1494=EDGE_LOOP('',(#6338,#6339,#6340,#6341));
#1495=EDGE_LOOP('',(#6342,#6343,#6344,#6345));
#1496=EDGE_LOOP('',(#6346,#6347,#6348,#6349));
#1497=EDGE_LOOP('',(#6350,#6351,#6352,#6353));
#1498=EDGE_LOOP('',(#6354,#6355,#6356,#6357));
#1499=EDGE_LOOP('',(#6358,#6359,#6360,#6361));
#1500=EDGE_LOOP('',(#6362,#6363,#6364,#6365,#6366,#6367,#6368,#6369));
#1501=EDGE_LOOP('',(#6370,#6371,#6372,#6373,#6374,#6375,#6376,#6377,#6378));
#1502=EDGE_LOOP('',(#6379,#6380,#6381,#6382,#6383,#6384,#6385));
#1503=EDGE_LOOP('',(#6386,#6387,#6388,#6389,#6390,#6391,#6392,#6393,#6394,
#6395,#6396,#6397));
#1504=EDGE_LOOP('',(#6398,#6399,#6400,#6401,#6402,#6403,#6404,#6405));
#1505=EDGE_LOOP('',(#6406,#6407,#6408,#6409,#6410,#6411,#6412,#6413,#6414,
#6415));
#1506=EDGE_LOOP('',(#6416,#6417,#6418,#6419));
#1507=EDGE_LOOP('',(#6420,#6421,#6422,#6423));
#1508=EDGE_LOOP('',(#6424,#6425,#6426,#6427));
#1509=EDGE_LOOP('',(#6428,#6429,#6430,#6431));
#1510=EDGE_LOOP('',(#6432,#6433,#6434,#6435));
#1511=EDGE_LOOP('',(#6436,#6437,#6438,#6439));
#1512=EDGE_LOOP('',(#6440,#6441,#6442,#6443));
#1513=EDGE_LOOP('',(#6444,#6445,#6446,#6447));
#1514=EDGE_LOOP('',(#6448,#6449,#6450,#6451,#6452,#6453,#6454,#6455));
#1515=EDGE_LOOP('',(#6456));
#1516=EDGE_LOOP('',(#6457,#6458,#6459,#6460,#6461,#6462,#6463,#6464));
#1517=EDGE_LOOP('',(#6465,#6466,#6467,#6468,#6469,#6470,#6471,#6472));
#1518=EDGE_LOOP('',(#6473,#6474,#6475,#6476,#6477,#6478,#6479,#6480,#6481,
#6482,#6483,#6484,#6485));
#1519=EDGE_LOOP('',(#6486,#6487,#6488,#6489,#6490,#6491,#6492,#6493,#6494,
#6495,#6496,#6497,#6498,#6499));
#1520=EDGE_LOOP('',(#6500,#6501,#6502,#6503,#6504,#6505,#6506,#6507,#6508,
#6509,#6510,#6511,#6512,#6513));
#1521=EDGE_LOOP('',(#6514,#6515,#6516,#6517,#6518,#6519,#6520,#6521,#6522,
#6523,#6524,#6525,#6526,#6527,#6528,#6529,#6530,#6531,#6532,#6533,#6534,
#6535));
#1522=EDGE_LOOP('',(#6536,#6537,#6538,#6539,#6540,#6541,#6542));
#1523=EDGE_LOOP('',(#6543,#6544,#6545,#6546));
#1524=EDGE_LOOP('',(#6547,#6548,#6549,#6550,#6551,#6552,#6553,#6554,#6555,
#6556,#6557,#6558,#6559,#6560,#6561,#6562));
#1525=EDGE_LOOP('',(#6563,#6564,#6565,#6566,#6567,#6568,#6569,#6570,#6571,
#6572,#6573,#6574,#6575,#6576,#6577,#6578));
#1526=EDGE_LOOP('',(#6579,#6580,#6581,#6582,#6583,#6584,#6585,#6586,#6587,
#6588,#6589,#6590,#6591,#6592,#6593,#6594,#6595,#6596,#6597,#6598,#6599,
#6600));
#1527=EDGE_LOOP('',(#6601,#6602,#6603,#6604,#6605,#6606,#6607,#6608,#6609,
#6610,#6611,#6612,#6613,#6614,#6615));
#1528=EDGE_LOOP('',(#6616,#6617,#6618,#6619));
#1529=EDGE_LOOP('',(#6620,#6621,#6622,#6623));
#1530=EDGE_LOOP('',(#6624,#6625,#6626,#6627,#6628,#6629,#6630,#6631));
#1531=EDGE_LOOP('',(#6632));
#1532=EDGE_LOOP('',(#6633,#6634,#6635,#6636));
#1533=EDGE_LOOP('',(#6637,#6638,#6639,#6640));
#1534=EDGE_LOOP('',(#6641,#6642,#6643,#6644));
#1535=EDGE_LOOP('',(#6645,#6646,#6647,#6648));
#1536=EDGE_LOOP('',(#6649,#6650,#6651,#6652));
#1537=EDGE_LOOP('',(#6653,#6654,#6655,#6656));
#1538=EDGE_LOOP('',(#6657,#6658,#6659,#6660));
#1539=EDGE_LOOP('',(#6661,#6662,#6663,#6664));
#1540=EDGE_LOOP('',(#6665,#6666,#6667,#6668));
#1541=EDGE_LOOP('',(#6669,#6670,#6671,#6672));
#1542=EDGE_LOOP('',(#6673,#6674,#6675,#6676));
#1543=EDGE_LOOP('',(#6677,#6678,#6679,#6680));
#1544=EDGE_LOOP('',(#6681,#6682,#6683,#6684));
#1545=EDGE_LOOP('',(#6685,#6686,#6687,#6688));
#1546=EDGE_LOOP('',(#6689,#6690,#6691,#6692));
#1547=EDGE_LOOP('',(#6693,#6694,#6695,#6696));
#1548=EDGE_LOOP('',(#6697,#6698,#6699,#6700));
#1549=EDGE_LOOP('',(#6701,#6702,#6703,#6704));
#1550=EDGE_LOOP('',(#6705,#6706,#6707,#6708));
#1551=EDGE_LOOP('',(#6709,#6710,#6711,#6712));
#1552=EDGE_LOOP('',(#6713,#6714,#6715,#6716));
#1553=EDGE_LOOP('',(#6717,#6718,#6719,#6720,#6721,#6722,#6723,#6724,#6725,
#6726,#6727,#6728,#6729,#6730,#6731));
#1554=EDGE_LOOP('',(#6732,#6733,#6734,#6735,#6736,#6737,#6738,#6739,#6740,
#6741,#6742,#6743,#6744,#6745,#6746));
#1555=EDGE_LOOP('',(#6747,#6748,#6749,#6750));
#1556=EDGE_LOOP('',(#6751,#6752,#6753,#6754));
#1557=EDGE_LOOP('',(#6755,#6756,#6757,#6758));
#1558=EDGE_LOOP('',(#6759,#6760,#6761,#6762));
#1559=EDGE_LOOP('',(#6763,#6764,#6765,#6766));
#1560=EDGE_LOOP('',(#6767,#6768,#6769,#6770));
#1561=EDGE_LOOP('',(#6771,#6772,#6773,#6774));
#1562=EDGE_LOOP('',(#6775,#6776,#6777,#6778));
#1563=EDGE_LOOP('',(#6779,#6780,#6781,#6782));
#1564=EDGE_LOOP('',(#6783,#6784,#6785,#6786));
#1565=EDGE_LOOP('',(#6787,#6788,#6789,#6790));
#1566=EDGE_LOOP('',(#6791,#6792,#6793,#6794));
#1567=EDGE_LOOP('',(#6795,#6796,#6797,#6798));
#1568=EDGE_LOOP('',(#6799,#6800,#6801,#6802));
#1569=EDGE_LOOP('',(#6803,#6804,#6805,#6806));
#1570=EDGE_LOOP('',(#6807,#6808,#6809,#6810));
#1571=EDGE_LOOP('',(#6811,#6812,#6813,#6814));
#1572=EDGE_LOOP('',(#6815,#6816,#6817,#6818));
#1573=EDGE_LOOP('',(#6819,#6820,#6821,#6822));
#1574=EDGE_LOOP('',(#6823,#6824,#6825,#6826));
#1575=EDGE_LOOP('',(#6827,#6828,#6829,#6830));
#1576=EDGE_LOOP('',(#6831,#6832,#6833,#6834));
#1577=EDGE_LOOP('',(#6835,#6836,#6837,#6838));
#1578=EDGE_LOOP('',(#6839,#6840,#6841,#6842));
#1579=EDGE_LOOP('',(#6843,#6844,#6845,#6846));
#1580=EDGE_LOOP('',(#6847,#6848,#6849,#6850));
#1581=EDGE_LOOP('',(#6851,#6852,#6853,#6854));
#1582=EDGE_LOOP('',(#6855,#6856,#6857,#6858));
#1583=EDGE_LOOP('',(#6859,#6860,#6861,#6862));
#1584=EDGE_LOOP('',(#6863,#6864,#6865,#6866));
#1585=EDGE_LOOP('',(#6867,#6868,#6869,#6870,#6871,#6872,#6873,#6874,#6875,
#6876,#6877,#6878,#6879,#6880,#6881,#6882,#6883,#6884,#6885,#6886,#6887,
#6888));
#1586=EDGE_LOOP('',(#6889,#6890,#6891,#6892,#6893,#6894,#6895,#6896));
#1587=EDGE_LOOP('',(#6897,#6898,#6899,#6900,#6901,#6902,#6903,#6904,#6905,
#6906,#6907,#6908,#6909,#6910,#6911,#6912,#6913,#6914,#6915,#6916,#6917,
#6918));
#1588=EDGE_LOOP('',(#6919,#6920,#6921,#6922,#6923,#6924,#6925,#6926));
#1589=EDGE_LOOP('',(#6927,#6928,#6929,#6930));
#1590=EDGE_LOOP('',(#6931,#6932,#6933,#6934));
#1591=EDGE_LOOP('',(#6935,#6936,#6937,#6938));
#1592=EDGE_LOOP('',(#6939,#6940,#6941,#6942));
#1593=EDGE_LOOP('',(#6943,#6944,#6945,#6946));
#1594=EDGE_LOOP('',(#6947,#6948,#6949,#6950));
#1595=EDGE_LOOP('',(#6951,#6952,#6953,#6954));
#1596=EDGE_LOOP('',(#6955,#6956,#6957,#6958));
#1597=EDGE_LOOP('',(#6959,#6960,#6961,#6962));
#1598=EDGE_LOOP('',(#6963,#6964,#6965,#6966));
#1599=EDGE_LOOP('',(#6967,#6968,#6969,#6970));
#1600=EDGE_LOOP('',(#6971,#6972,#6973,#6974));
#1601=EDGE_LOOP('',(#6975,#6976,#6977,#6978));
#1602=EDGE_LOOP('',(#6979,#6980,#6981,#6982));
#1603=EDGE_LOOP('',(#6983,#6984,#6985,#6986));
#1604=EDGE_LOOP('',(#6987,#6988,#6989,#6990));
#1605=EDGE_LOOP('',(#6991,#6992,#6993,#6994));
#1606=EDGE_LOOP('',(#6995,#6996,#6997,#6998));
#1607=EDGE_LOOP('',(#6999,#7000,#7001,#7002));
#1608=EDGE_LOOP('',(#7003,#7004,#7005,#7006));
#1609=EDGE_LOOP('',(#7007,#7008,#7009,#7010));
#1610=EDGE_LOOP('',(#7011,#7012,#7013,#7014));
#1611=EDGE_LOOP('',(#7015,#7016,#7017,#7018));
#1612=EDGE_LOOP('',(#7019,#7020,#7021,#7022));
#1613=EDGE_LOOP('',(#7023,#7024,#7025,#7026));
#1614=EDGE_LOOP('',(#7027,#7028,#7029,#7030));
#1615=EDGE_LOOP('',(#7031,#7032,#7033,#7034));
#1616=EDGE_LOOP('',(#7035,#7036,#7037,#7038));
#1617=EDGE_LOOP('',(#7039,#7040,#7041,#7042));
#1618=EDGE_LOOP('',(#7043,#7044,#7045,#7046));
#1619=EDGE_LOOP('',(#7047,#7048,#7049,#7050));
#1620=EDGE_LOOP('',(#7051,#7052,#7053,#7054));
#1621=EDGE_LOOP('',(#7055,#7056,#7057,#7058,#7059,#7060,#7061,#7062,#7063,
#7064,#7065,#7066,#7067,#7068,#7069,#7070));
#1622=EDGE_LOOP('',(#7071,#7072,#7073,#7074,#7075,#7076,#7077,#7078,#7079));
#1623=EDGE_LOOP('',(#7080,#7081,#7082,#7083,#7084,#7085,#7086));
#1624=EDGE_LOOP('',(#7087,#7088,#7089,#7090,#7091,#7092,#7093,#7094,#7095,
#7096,#7097,#7098,#7099,#7100,#7101,#7102));
#1625=EDGE_LOOP('',(#7103,#7104,#7105,#7106,#7107,#7108,#7109,#7110,#7111));
#1626=EDGE_LOOP('',(#7112,#7113,#7114,#7115,#7116,#7117,#7118));
#1627=EDGE_LOOP('',(#7119,#7120,#7121,#7122));
#1628=EDGE_LOOP('',(#7123,#7124,#7125,#7126));
#1629=EDGE_LOOP('',(#7127,#7128,#7129,#7130));
#1630=EDGE_LOOP('',(#7131,#7132,#7133,#7134));
#1631=EDGE_LOOP('',(#7135,#7136,#7137,#7138));
#1632=EDGE_LOOP('',(#7139,#7140,#7141,#7142));
#1633=EDGE_LOOP('',(#7143,#7144,#7145,#7146));
#1634=EDGE_LOOP('',(#7147,#7148,#7149,#7150));
#1635=EDGE_LOOP('',(#7151,#7152,#7153,#7154));
#1636=EDGE_LOOP('',(#7155,#7156,#7157,#7158));
#1637=EDGE_LOOP('',(#7159,#7160,#7161,#7162));
#1638=EDGE_LOOP('',(#7163,#7164,#7165,#7166));
#1639=EDGE_LOOP('',(#7167,#7168,#7169,#7170));
#1640=EDGE_LOOP('',(#7171,#7172,#7173,#7174));
#1641=EDGE_LOOP('',(#7175,#7176,#7177,#7178));
#1642=EDGE_LOOP('',(#7179,#7180,#7181,#7182));
#1643=EDGE_LOOP('',(#7183,#7184,#7185,#7186));
#1644=EDGE_LOOP('',(#7187,#7188,#7189,#7190));
#1645=EDGE_LOOP('',(#7191,#7192,#7193,#7194));
#1646=EDGE_LOOP('',(#7195,#7196,#7197,#7198));
#1647=EDGE_LOOP('',(#7199,#7200,#7201,#7202));
#1648=EDGE_LOOP('',(#7203,#7204,#7205,#7206));
#1649=EDGE_LOOP('',(#7207,#7208,#7209,#7210));
#1650=EDGE_LOOP('',(#7211,#7212,#7213,#7214));
#1651=EDGE_LOOP('',(#7215,#7216,#7217,#7218));
#1652=EDGE_LOOP('',(#7219,#7220,#7221,#7222));
#1653=EDGE_LOOP('',(#7223,#7224,#7225,#7226));
#1654=EDGE_LOOP('',(#7227,#7228,#7229,#7230));
#1655=EDGE_LOOP('',(#7231,#7232,#7233,#7234,#7235,#7236,#7237,#7238,#7239,
#7240,#7241,#7242,#7243,#7244,#7245,#7246));
#1656=EDGE_LOOP('',(#7247,#7248,#7249,#7250,#7251,#7252,#7253,#7254,#7255,
#7256,#7257,#7258));
#1657=EDGE_LOOP('',(#7259,#7260,#7261,#7262,#7263,#7264,#7265,#7266,#7267,
#7268,#7269,#7270,#7271,#7272,#7273,#7274));
#1658=EDGE_LOOP('',(#7275,#7276,#7277,#7278,#7279,#7280,#7281,#7282,#7283,
#7284,#7285,#7286));
#1659=EDGE_LOOP('',(#7287,#7288,#7289,#7290));
#1660=EDGE_LOOP('',(#7291,#7292,#7293,#7294));
#1661=EDGE_LOOP('',(#7295,#7296,#7297,#7298));
#1662=EDGE_LOOP('',(#7299,#7300,#7301,#7302));
#1663=EDGE_LOOP('',(#7303,#7304,#7305,#7306));
#1664=EDGE_LOOP('',(#7307,#7308,#7309,#7310));
#1665=EDGE_LOOP('',(#7311,#7312,#7313,#7314));
#1666=EDGE_LOOP('',(#7315,#7316,#7317,#7318));
#1667=EDGE_LOOP('',(#7319,#7320,#7321,#7322));
#1668=EDGE_LOOP('',(#7323,#7324,#7325,#7326));
#1669=EDGE_LOOP('',(#7327,#7328,#7329,#7330));
#1670=EDGE_LOOP('',(#7331,#7332,#7333,#7334));
#1671=EDGE_LOOP('',(#7335,#7336,#7337,#7338));
#1672=EDGE_LOOP('',(#7339,#7340,#7341,#7342));
#1673=EDGE_LOOP('',(#7343,#7344,#7345,#7346));
#1674=EDGE_LOOP('',(#7347,#7348,#7349,#7350));
#1675=EDGE_LOOP('',(#7351,#7352,#7353,#7354));
#1676=EDGE_LOOP('',(#7355,#7356,#7357,#7358));
#1677=EDGE_LOOP('',(#7359,#7360,#7361,#7362));
#1678=EDGE_LOOP('',(#7363,#7364,#7365,#7366));
#1679=EDGE_LOOP('',(#7367,#7368,#7369,#7370));
#1680=EDGE_LOOP('',(#7371,#7372,#7373,#7374));
#1681=EDGE_LOOP('',(#7375,#7376,#7377,#7378));
#1682=EDGE_LOOP('',(#7379,#7380,#7381,#7382));
#1683=EDGE_LOOP('',(#7383,#7384,#7385,#7386));
#1684=EDGE_LOOP('',(#7387,#7388,#7389,#7390));
#1685=EDGE_LOOP('',(#7391,#7392,#7393,#7394));
#1686=EDGE_LOOP('',(#7395,#7396,#7397,#7398));
#1687=EDGE_LOOP('',(#7399,#7400,#7401,#7402));
#1688=EDGE_LOOP('',(#7403,#7404,#7405,#7406));
#1689=EDGE_LOOP('',(#7407,#7408,#7409,#7410));
#1690=EDGE_LOOP('',(#7411,#7412,#7413,#7414));
#1691=EDGE_LOOP('',(#7415,#7416,#7417,#7418));
#1692=EDGE_LOOP('',(#7419,#7420,#7421,#7422));
#1693=EDGE_LOOP('',(#7423,#7424,#7425,#7426));
#1694=EDGE_LOOP('',(#7427,#7428,#7429,#7430));
#1695=EDGE_LOOP('',(#7431,#7432,#7433,#7434,#7435,#7436,#7437,#7438,#7439,
#7440,#7441,#7442,#7443,#7444,#7445,#7446,#7447,#7448,#7449,#7450,#7451,
#7452));
#1696=EDGE_LOOP('',(#7453,#7454,#7455,#7456,#7457,#7458,#7459,#7460));
#1697=EDGE_LOOP('',(#7461,#7462,#7463,#7464,#7465,#7466,#7467,#7468,#7469,
#7470,#7471,#7472,#7473,#7474,#7475,#7476,#7477,#7478,#7479,#7480,#7481,
#7482));
#1698=EDGE_LOOP('',(#7483,#7484,#7485,#7486,#7487,#7488,#7489,#7490));
#1699=EDGE_LOOP('',(#7491,#7492,#7493,#7494));
#1700=EDGE_LOOP('',(#7495,#7496,#7497,#7498));
#1701=EDGE_LOOP('',(#7499,#7500,#7501,#7502));
#1702=EDGE_LOOP('',(#7503,#7504,#7505,#7506));
#1703=EDGE_LOOP('',(#7507,#7508,#7509,#7510));
#1704=EDGE_LOOP('',(#7511,#7512,#7513,#7514));
#1705=EDGE_LOOP('',(#7515,#7516,#7517,#7518));
#1706=EDGE_LOOP('',(#7519,#7520,#7521,#7522));
#1707=EDGE_LOOP('',(#7523,#7524,#7525,#7526));
#1708=EDGE_LOOP('',(#7527,#7528,#7529,#7530));
#1709=EDGE_LOOP('',(#7531,#7532,#7533,#7534));
#1710=EDGE_LOOP('',(#7535,#7536,#7537,#7538));
#1711=EDGE_LOOP('',(#7539,#7540,#7541,#7542));
#1712=EDGE_LOOP('',(#7543,#7544,#7545,#7546));
#1713=EDGE_LOOP('',(#7547,#7548,#7549,#7550));
#1714=EDGE_LOOP('',(#7551,#7552,#7553,#7554));
#1715=EDGE_LOOP('',(#7555,#7556,#7557,#7558));
#1716=EDGE_LOOP('',(#7559,#7560,#7561,#7562));
#1717=EDGE_LOOP('',(#7563,#7564,#7565,#7566));
#1718=EDGE_LOOP('',(#7567,#7568,#7569,#7570));
#1719=EDGE_LOOP('',(#7571,#7572,#7573,#7574));
#1720=EDGE_LOOP('',(#7575,#7576,#7577,#7578));
#1721=EDGE_LOOP('',(#7579,#7580,#7581,#7582));
#1722=EDGE_LOOP('',(#7583,#7584,#7585,#7586));
#1723=EDGE_LOOP('',(#7587,#7588,#7589,#7590,#7591,#7592,#7593,#7594,#7595,
#7596,#7597,#7598,#7599,#7600));
#1724=EDGE_LOOP('',(#7601,#7602,#7603,#7604,#7605,#7606,#7607,#7608,#7609,
#7610));
#1725=EDGE_LOOP('',(#7611,#7612,#7613,#7614,#7615,#7616,#7617,#7618,#7619,
#7620,#7621,#7622,#7623,#7624));
#1726=EDGE_LOOP('',(#7625,#7626,#7627,#7628,#7629,#7630,#7631,#7632,#7633,
#7634));
#1727=EDGE_LOOP('',(#7635,#7636,#7637,#7638));
#1728=EDGE_LOOP('',(#7639,#7640,#7641,#7642));
#1729=EDGE_LOOP('',(#7643,#7644,#7645,#7646));
#1730=EDGE_LOOP('',(#7647,#7648,#7649,#7650));
#1731=EDGE_LOOP('',(#7651,#7652,#7653,#7654));
#1732=EDGE_LOOP('',(#7655,#7656,#7657,#7658));
#1733=EDGE_LOOP('',(#7659,#7660,#7661,#7662));
#1734=EDGE_LOOP('',(#7663,#7664,#7665,#7666));
#1735=EDGE_LOOP('',(#7667,#7668,#7669,#7670));
#1736=EDGE_LOOP('',(#7671,#7672,#7673,#7674));
#1737=EDGE_LOOP('',(#7675,#7676,#7677,#7678));
#1738=EDGE_LOOP('',(#7679,#7680,#7681,#7682));
#1739=EDGE_LOOP('',(#7683,#7684,#7685,#7686));
#1740=EDGE_LOOP('',(#7687,#7688,#7689,#7690));
#1741=EDGE_LOOP('',(#7691,#7692,#7693,#7694,#7695,#7696,#7697,#7698,#7699,
#7700,#7701,#7702,#7703,#7704));
#1742=EDGE_LOOP('',(#7705,#7706,#7707,#7708,#7709,#7710,#7711,#7712,#7713,
#7714,#7715,#7716,#7717,#7718));
#1743=EDGE_LOOP('',(#7719,#7720,#7721,#7722));
#1744=EDGE_LOOP('',(#7723,#7724,#7725,#7726));
#1745=EDGE_LOOP('',(#7727,#7728,#7729,#7730));
#1746=EDGE_LOOP('',(#7731,#7732,#7733,#7734));
#1747=EDGE_LOOP('',(#7735,#7736,#7737,#7738));
#1748=EDGE_LOOP('',(#7739,#7740,#7741,#7742));
#1749=EDGE_LOOP('',(#7743,#7744,#7745,#7746));
#1750=EDGE_LOOP('',(#7747,#7748,#7749,#7750));
#1751=EDGE_LOOP('',(#7751,#7752,#7753,#7754));
#1752=EDGE_LOOP('',(#7755,#7756,#7757,#7758));
#1753=EDGE_LOOP('',(#7759,#7760,#7761,#7762));
#1754=EDGE_LOOP('',(#7763,#7764,#7765,#7766));
#1755=EDGE_LOOP('',(#7767,#7768,#7769,#7770));
#1756=EDGE_LOOP('',(#7771,#7772,#7773,#7774,#7775,#7776,#7777,#7778,#7779,
#7780,#7781,#7782,#7783));
#1757=EDGE_LOOP('',(#7784,#7785,#7786,#7787,#7788,#7789,#7790,#7791,#7792,
#7793,#7794,#7795,#7796));
#1758=EDGE_LOOP('',(#7797,#7798,#7799,#7800));
#1759=EDGE_LOOP('',(#7801,#7802,#7803,#7804));
#1760=EDGE_LOOP('',(#7805,#7806,#7807,#7808));
#1761=EDGE_LOOP('',(#7809,#7810,#7811,#7812));
#1762=EDGE_LOOP('',(#7813,#7814,#7815,#7816));
#1763=EDGE_LOOP('',(#7817,#7818,#7819,#7820));
#1764=EDGE_LOOP('',(#7821,#7822,#7823,#7824));
#1765=EDGE_LOOP('',(#7825,#7826,#7827,#7828,#7829,#7830,#7831));
#1766=EDGE_LOOP('',(#7832,#7833,#7834,#7835,#7836,#7837,#7838));
#1767=LINE('',#10034,#2515);
#1768=LINE('',#10036,#2516);
#1769=LINE('',#10038,#2517);
#1770=LINE('',#10039,#2518);
#1771=LINE('',#10042,#2519);
#1772=LINE('',#10044,#2520);
#1773=LINE('',#10045,#2521);
#1774=LINE('',#10048,#2522);
#1775=LINE('',#10050,#2523);
#1776=LINE('',#10051,#2524);
#1777=LINE('',#10053,#2525);
#1778=LINE('',#10054,#2526);
#1779=LINE('',#10061,#2527);
#1780=LINE('',#10068,#2528);
#1781=LINE('',#10073,#2529);
#1782=LINE('',#10075,#2530);
#1783=LINE('',#10077,#2531);
#1784=LINE('',#10079,#2532);
#1785=LINE('',#10081,#2533);
#1786=LINE('',#10083,#2534);
#1787=LINE('',#10085,#2535);
#1788=LINE('',#10087,#2536);
#1789=LINE('',#10089,#2537);
#1790=LINE('',#10091,#2538);
#1791=LINE('',#10093,#2539);
#1792=LINE('',#10095,#2540);
#1793=LINE('',#10096,#2541);
#1794=LINE('',#10099,#2542);
#1795=LINE('',#10101,#2543);
#1796=LINE('',#10102,#2544);
#1797=LINE('',#10105,#2545);
#1798=LINE('',#10106,#2546);
#1799=LINE('',#10109,#2547);
#1800=LINE('',#10110,#2548);
#1801=LINE('',#10113,#2549);
#1802=LINE('',#10114,#2550);
#1803=LINE('',#10117,#2551);
#1804=LINE('',#10118,#2552);
#1805=LINE('',#10121,#2553);
#1806=LINE('',#10122,#2554);
#1807=LINE('',#10125,#2555);
#1808=LINE('',#10126,#2556);
#1809=LINE('',#10129,#2557);
#1810=LINE('',#10130,#2558);
#1811=LINE('',#10133,#2559);
#1812=LINE('',#10134,#2560);
#1813=LINE('',#10137,#2561);
#1814=LINE('',#10138,#2562);
#1815=LINE('',#10141,#2563);
#1816=LINE('',#10142,#2564);
#1817=LINE('',#10145,#2565);
#1818=LINE('',#10146,#2566);
#1819=LINE('',#10148,#2567);
#1820=LINE('',#10164,#2568);
#1821=LINE('',#10166,#2569);
#1822=LINE('',#10168,#2570);
#1823=LINE('',#10170,#2571);
#1824=LINE('',#10172,#2572);
#1825=LINE('',#10190,#2573);
#1826=LINE('',#10201,#2574);
#1827=LINE('',#10206,#2575);
#1828=LINE('',#10217,#2576);
#1829=LINE('',#10228,#2577);
#1830=LINE('',#10231,#2578);
#1831=LINE('',#10232,#2579);
#1832=LINE('',#10235,#2580);
#1833=LINE('',#10236,#2581);
#1834=LINE('',#10239,#2582);
#1835=LINE('',#10240,#2583);
#1836=LINE('',#10243,#2584);
#1837=LINE('',#10244,#2585);
#1838=LINE('',#10247,#2586);
#1839=LINE('',#10248,#2587);
#1840=LINE('',#10259,#2588);
#1841=LINE('',#10270,#2589);
#1842=LINE('',#10281,#2590);
#1843=LINE('',#10292,#2591);
#1844=LINE('',#10295,#2592);
#1845=LINE('',#10296,#2593);
#1846=LINE('',#10313,#2594);
#1847=LINE('',#10339,#2595);
#1848=LINE('',#10369,#2596);
#1849=LINE('',#10387,#2597);
#1850=LINE('',#10402,#2598);
#1851=LINE('',#10407,#2599);
#1852=LINE('',#10410,#2600);
#1853=LINE('',#10411,#2601);
#1854=LINE('',#10422,#2602);
#1855=LINE('',#10433,#2603);
#1856=LINE('',#10444,#2604);
#1857=LINE('',#10455,#2605);
#1858=LINE('',#10466,#2606);
#1859=LINE('',#10477,#2607);
#1860=LINE('',#10480,#2608);
#1861=LINE('',#10481,#2609);
#1862=LINE('',#10492,#2610);
#1863=LINE('',#10503,#2611);
#1864=LINE('',#10514,#2612);
#1865=LINE('',#10525,#2613);
#1866=LINE('',#10542,#2614);
#1867=LINE('',#10547,#2615);
#1868=LINE('',#10558,#2616);
#1869=LINE('',#10561,#2617);
#1870=LINE('',#10562,#2618);
#1871=LINE('',#10573,#2619);
#1872=LINE('',#10584,#2620);
#1873=LINE('',#10595,#2621);
#1874=LINE('',#10606,#2622);
#1875=LINE('',#10609,#2623);
#1876=LINE('',#10610,#2624);
#1877=LINE('',#10621,#2625);
#1878=LINE('',#10638,#2626);
#1879=LINE('',#10640,#2627);
#1880=LINE('',#10642,#2628);
#1881=LINE('',#10664,#2629);
#1882=LINE('',#10682,#2630);
#1883=LINE('',#10684,#2631);
#1884=LINE('',#10734,#2632);
#1885=LINE('',#10735,#2633);
#1886=LINE('',#10743,#2634);
#1887=LINE('',#10748,#2635);
#1888=LINE('',#10751,#2636);
#1889=LINE('',#10752,#2637);
#1890=LINE('',#10755,#2638);
#1891=LINE('',#10756,#2639);
#1892=LINE('',#10759,#2640);
#1893=LINE('',#10760,#2641);
#1894=LINE('',#10771,#2642);
#1895=LINE('',#10782,#2643);
#1896=LINE('',#10793,#2644);
#1897=LINE('',#10804,#2645);
#1898=LINE('',#10815,#2646);
#1899=LINE('',#10818,#2647);
#1900=LINE('',#10819,#2648);
#1901=LINE('',#10830,#2649);
#1902=LINE('',#10841,#2650);
#1903=LINE('',#10852,#2651);
#1904=LINE('',#10863,#2652);
#1905=LINE('',#10866,#2653);
#1906=LINE('',#10867,#2654);
#1907=LINE('',#10870,#2655);
#1908=LINE('',#10871,#2656);
#1909=LINE('',#10882,#2657);
#1910=LINE('',#10893,#2658);
#1911=LINE('',#10904,#2659);
#1912=LINE('',#10915,#2660);
#1913=LINE('',#10926,#2661);
#1914=LINE('',#10943,#2662);
#1915=LINE('',#10948,#2663);
#1916=LINE('',#10959,#2664);
#1917=LINE('',#10970,#2665);
#1918=LINE('',#10981,#2666);
#1919=LINE('',#10992,#2667);
#1920=LINE('',#11003,#2668);
#1921=LINE('',#11006,#2669);
#1922=LINE('',#11007,#2670);
#1923=LINE('',#11009,#2671);
#1924=LINE('',#11013,#2672);
#1925=LINE('',#11015,#2673);
#1926=LINE('',#11017,#2674);
#1927=LINE('',#11019,#2675);
#1928=LINE('',#11021,#2676);
#1929=LINE('',#11023,#2677);
#1930=LINE('',#11024,#2678);
#1931=LINE('',#11027,#2679);
#1932=LINE('',#11029,#2680);
#1933=LINE('',#11030,#2681);
#1934=LINE('',#11033,#2682);
#1935=LINE('',#11034,#2683);
#1936=LINE('',#11037,#2684);
#1937=LINE('',#11038,#2685);
#1938=LINE('',#11041,#2686);
#1939=LINE('',#11042,#2687);
#1940=LINE('',#11045,#2688);
#1941=LINE('',#11046,#2689);
#1942=LINE('',#11049,#2690);
#1943=LINE('',#11050,#2691);
#1944=LINE('',#11052,#2692);
#1945=LINE('',#11056,#2693);
#1946=LINE('',#11058,#2694);
#1947=LINE('',#11060,#2695);
#1948=LINE('',#11061,#2696);
#1949=LINE('',#11064,#2697);
#1950=LINE('',#11066,#2698);
#1951=LINE('',#11067,#2699);
#1952=LINE('',#11070,#2700);
#1953=LINE('',#11071,#2701);
#1954=LINE('',#11074,#2702);
#1955=LINE('',#11075,#2703);
#1956=LINE('',#11077,#2704);
#1957=LINE('',#11081,#2705);
#1958=LINE('',#11083,#2706);
#1959=LINE('',#11085,#2707);
#1960=LINE('',#11087,#2708);
#1961=LINE('',#11089,#2709);
#1962=LINE('',#11111,#2710);
#1963=LINE('',#11153,#2711);
#1964=LINE('',#11174,#2712);
#1965=LINE('',#11177,#2713);
#1966=LINE('',#11179,#2714);
#1967=LINE('',#11180,#2715);
#1968=LINE('',#11183,#2716);
#1969=LINE('',#11184,#2717);
#1970=LINE('',#11187,#2718);
#1971=LINE('',#11188,#2719);
#1972=LINE('',#11191,#2720);
#1973=LINE('',#11192,#2721);
#1974=LINE('',#11195,#2722);
#1975=LINE('',#11196,#2723);
#1976=LINE('',#11207,#2724);
#1977=LINE('',#11218,#2725);
#1978=LINE('',#11229,#2726);
#1979=LINE('',#11240,#2727);
#1980=LINE('',#11251,#2728);
#1981=LINE('',#11254,#2729);
#1982=LINE('',#11255,#2730);
#1983=LINE('',#11266,#2731);
#1984=LINE('',#11277,#2732);
#1985=LINE('',#11288,#2733);
#1986=LINE('',#11299,#2734);
#1987=LINE('',#11316,#2735);
#1988=LINE('',#11321,#2736);
#1989=LINE('',#11332,#2737);
#1990=LINE('',#11343,#2738);
#1991=LINE('',#11354,#2739);
#1992=LINE('',#11365,#2740);
#1993=LINE('',#11368,#2741);
#1994=LINE('',#11369,#2742);
#1995=LINE('',#11380,#2743);
#1996=LINE('',#11391,#2744);
#1997=LINE('',#11402,#2745);
#1998=LINE('',#11413,#2746);
#1999=LINE('',#11424,#2747);
#2000=LINE('',#11426,#2748);
#2001=LINE('',#11442,#2749);
#2002=LINE('',#11480,#2750);
#2003=LINE('',#11482,#2751);
#2004=LINE('',#11483,#2752);
#2005=LINE('',#11486,#2753);
#2006=LINE('',#11504,#2754);
#2007=LINE('',#11505,#2755);
#2008=LINE('',#11508,#2756);
#2009=LINE('',#11522,#2757);
#2010=LINE('',#11532,#2758);
#2011=LINE('',#11533,#2759);
#2012=LINE('',#11541,#2760);
#2013=LINE('',#11546,#2761);
#2014=LINE('',#11557,#2762);
#2015=LINE('',#11568,#2763);
#2016=LINE('',#11571,#2764);
#2017=LINE('',#11572,#2765);
#2018=LINE('',#11583,#2766);
#2019=LINE('',#11594,#2767);
#2020=LINE('',#11605,#2768);
#2021=LINE('',#11616,#2769);
#2022=LINE('',#11627,#2770);
#2023=LINE('',#11638,#2771);
#2024=LINE('',#11649,#2772);
#2025=LINE('',#11660,#2773);
#2026=LINE('',#11671,#2774);
#2027=LINE('',#11674,#2775);
#2028=LINE('',#11675,#2776);
#2029=LINE('',#11678,#2777);
#2030=LINE('',#11679,#2778);
#2031=LINE('',#11681,#2779);
#2032=LINE('',#11684,#2780);
#2033=LINE('',#11686,#2781);
#2034=LINE('',#11687,#2782);
#2035=LINE('',#11698,#2783);
#2036=LINE('',#11709,#2784);
#2037=LINE('',#11720,#2785);
#2038=LINE('',#11731,#2786);
#2039=LINE('',#11734,#2787);
#2040=LINE('',#11735,#2788);
#2041=LINE('',#11737,#2789);
#2042=LINE('',#11740,#2790);
#2043=LINE('',#11742,#2791);
#2044=LINE('',#11743,#2792);
#2045=LINE('',#11754,#2793);
#2046=LINE('',#11765,#2794);
#2047=LINE('',#11776,#2795);
#2048=LINE('',#11779,#2796);
#2049=LINE('',#11780,#2797);
#2050=LINE('',#11791,#2798);
#2051=LINE('',#11802,#2799);
#2052=LINE('',#11805,#2800);
#2053=LINE('',#11806,#2801);
#2054=LINE('',#11808,#2802);
#2055=LINE('',#11816,#2803);
#2056=LINE('',#11818,#2804);
#2057=LINE('',#11820,#2805);
#2058=LINE('',#11842,#2806);
#2059=LINE('',#11860,#2807);
#2060=LINE('',#11862,#2808);
#2061=LINE('',#11912,#2809);
#2062=LINE('',#11913,#2810);
#2063=LINE('',#11921,#2811);
#2064=LINE('',#11926,#2812);
#2065=LINE('',#11929,#2813);
#2066=LINE('',#11930,#2814);
#2067=LINE('',#11933,#2815);
#2068=LINE('',#11934,#2816);
#2069=LINE('',#11937,#2817);
#2070=LINE('',#11938,#2818);
#2071=LINE('',#11949,#2819);
#2072=LINE('',#11960,#2820);
#2073=LINE('',#11971,#2821);
#2074=LINE('',#11982,#2822);
#2075=LINE('',#11993,#2823);
#2076=LINE('',#11996,#2824);
#2077=LINE('',#11997,#2825);
#2078=LINE('',#12008,#2826);
#2079=LINE('',#12019,#2827);
#2080=LINE('',#12030,#2828);
#2081=LINE('',#12041,#2829);
#2082=LINE('',#12044,#2830);
#2083=LINE('',#12045,#2831);
#2084=LINE('',#12048,#2832);
#2085=LINE('',#12049,#2833);
#2086=LINE('',#12060,#2834);
#2087=LINE('',#12071,#2835);
#2088=LINE('',#12082,#2836);
#2089=LINE('',#12093,#2837);
#2090=LINE('',#12104,#2838);
#2091=LINE('',#12121,#2839);
#2092=LINE('',#12126,#2840);
#2093=LINE('',#12137,#2841);
#2094=LINE('',#12148,#2842);
#2095=LINE('',#12159,#2843);
#2096=LINE('',#12170,#2844);
#2097=LINE('',#12181,#2845);
#2098=LINE('',#12184,#2846);
#2099=LINE('',#12185,#2847);
#2100=LINE('',#12187,#2848);
#2101=LINE('',#12195,#2849);
#2102=LINE('',#12197,#2850);
#2103=LINE('',#12199,#2851);
#2104=LINE('',#12213,#2852);
#2105=LINE('',#12215,#2853);
#2106=LINE('',#12217,#2854);
#2107=LINE('',#12219,#2855);
#2108=LINE('',#12221,#2856);
#2109=LINE('',#12223,#2857);
#2110=LINE('',#12225,#2858);
#2111=LINE('',#12236,#2859);
#2112=LINE('',#12241,#2860);
#2113=LINE('',#12244,#2861);
#2114=LINE('',#12245,#2862);
#2115=LINE('',#12248,#2863);
#2116=LINE('',#12249,#2864);
#2117=LINE('',#12252,#2865);
#2118=LINE('',#12253,#2866);
#2119=LINE('',#12264,#2867);
#2120=LINE('',#12275,#2868);
#2121=LINE('',#12286,#2869);
#2122=LINE('',#12289,#2870);
#2123=LINE('',#12290,#2871);
#2124=LINE('',#12293,#2872);
#2125=LINE('',#12294,#2873);
#2126=LINE('',#12297,#2874);
#2127=LINE('',#12298,#2875);
#2128=LINE('',#12301,#2876);
#2129=LINE('',#12302,#2877);
#2130=LINE('',#12305,#2878);
#2131=LINE('',#12306,#2879);
#2132=LINE('',#12309,#2880);
#2133=LINE('',#12310,#2881);
#2134=LINE('',#12313,#2882);
#2135=LINE('',#12314,#2883);
#2136=LINE('',#12343,#2884);
#2137=LINE('',#12344,#2885);
#2138=LINE('',#12355,#2886);
#2139=LINE('',#12356,#2887);
#2140=LINE('',#12367,#2888);
#2141=LINE('',#12368,#2889);
#2142=LINE('',#12376,#2890);
#2143=LINE('',#12377,#2891);
#2144=LINE('',#12383,#2892);
#2145=LINE('',#12387,#2893);
#2146=LINE('',#12391,#2894);
#2147=LINE('',#12394,#2895);
#2148=LINE('',#12398,#2896);
#2149=LINE('',#12401,#2897);
#2150=LINE('',#12404,#2898);
#2151=LINE('',#12405,#2899);
#2152=LINE('',#12408,#2900);
#2153=LINE('',#12412,#2901);
#2154=LINE('',#12416,#2902);
#2155=LINE('',#12419,#2903);
#2156=LINE('',#12421,#2904);
#2157=LINE('',#12423,#2905);
#2158=LINE('',#12425,#2906);
#2159=LINE('',#12427,#2907);
#2160=LINE('',#12441,#2908);
#2161=LINE('',#12446,#2909);
#2162=LINE('',#12449,#2910);
#2163=LINE('',#12451,#2911);
#2164=LINE('',#12452,#2912);
#2165=LINE('',#12455,#2913);
#2166=LINE('',#12457,#2914);
#2167=LINE('',#12458,#2915);
#2168=LINE('',#12461,#2916);
#2169=LINE('',#12463,#2917);
#2170=LINE('',#12464,#2918);
#2171=LINE('',#12479,#2919);
#2172=LINE('',#12494,#2920);
#2173=LINE('',#12509,#2921);
#2174=LINE('',#12512,#2922);
#2175=LINE('',#12514,#2923);
#2176=LINE('',#12515,#2924);
#2177=LINE('',#12518,#2925);
#2178=LINE('',#12520,#2926);
#2179=LINE('',#12521,#2927);
#2180=LINE('',#12524,#2928);
#2181=LINE('',#12526,#2929);
#2182=LINE('',#12527,#2930);
#2183=LINE('',#12530,#2931);
#2184=LINE('',#12532,#2932);
#2185=LINE('',#12533,#2933);
#2186=LINE('',#12536,#2934);
#2187=LINE('',#12538,#2935);
#2188=LINE('',#12539,#2936);
#2189=LINE('',#12542,#2937);
#2190=LINE('',#12544,#2938);
#2191=LINE('',#12545,#2939);
#2192=LINE('',#12548,#2940);
#2193=LINE('',#12550,#2941);
#2194=LINE('',#12551,#2942);
#2195=LINE('',#12578,#2943);
#2196=LINE('',#12583,#2944);
#2197=LINE('',#12598,#2945);
#2198=LINE('',#12613,#2946);
#2199=LINE('',#12628,#2947);
#2200=LINE('',#12643,#2948);
#2201=LINE('',#12646,#2949);
#2202=LINE('',#12648,#2950);
#2203=LINE('',#12649,#2951);
#2204=LINE('',#12652,#2952);
#2205=LINE('',#12654,#2953);
#2206=LINE('',#12655,#2954);
#2207=LINE('',#12680,#2955);
#2208=LINE('',#12685,#2956);
#2209=LINE('',#12688,#2957);
#2210=LINE('',#12690,#2958);
#2211=LINE('',#12691,#2959);
#2212=LINE('',#12694,#2960);
#2213=LINE('',#12696,#2961);
#2214=LINE('',#12697,#2962);
#2215=LINE('',#12700,#2963);
#2216=LINE('',#12702,#2964);
#2217=LINE('',#12703,#2965);
#2218=LINE('',#12718,#2966);
#2219=LINE('',#12733,#2967);
#2220=LINE('',#12748,#2968);
#2221=LINE('',#12763,#2969);
#2222=LINE('',#12778,#2970);
#2223=LINE('',#12781,#2971);
#2224=LINE('',#12783,#2972);
#2225=LINE('',#12784,#2973);
#2226=LINE('',#12799,#2974);
#2227=LINE('',#12814,#2975);
#2228=LINE('',#12829,#2976);
#2229=LINE('',#12844,#2977);
#2230=LINE('',#12847,#2978);
#2231=LINE('',#12849,#2979);
#2232=LINE('',#12850,#2980);
#2233=LINE('',#12853,#2981);
#2234=LINE('',#12855,#2982);
#2235=LINE('',#12856,#2983);
#2236=LINE('',#12871,#2984);
#2237=LINE('',#12886,#2985);
#2238=LINE('',#12901,#2986);
#2239=LINE('',#12916,#2987);
#2240=LINE('',#12931,#2988);
#2241=LINE('',#12958,#2989);
#2242=LINE('',#12963,#2990);
#2243=LINE('',#12978,#2991);
#2244=LINE('',#12993,#2992);
#2245=LINE('',#13008,#2993);
#2246=LINE('',#13011,#2994);
#2247=LINE('',#13013,#2995);
#2248=LINE('',#13014,#2996);
#2249=LINE('',#13017,#2997);
#2250=LINE('',#13019,#2998);
#2251=LINE('',#13020,#2999);
#2252=LINE('',#13022,#3000);
#2253=LINE('',#13023,#3001);
#2254=LINE('',#13036,#3002);
#2255=LINE('',#13041,#3003);
#2256=LINE('',#13056,#3004);
#2257=LINE('',#13071,#3005);
#2258=LINE('',#13074,#3006);
#2259=LINE('',#13076,#3007);
#2260=LINE('',#13077,#3008);
#2261=LINE('',#13092,#3009);
#2262=LINE('',#13107,#3010);
#2263=LINE('',#13110,#3011);
#2264=LINE('',#13112,#3012);
#2265=LINE('',#13113,#3013);
#2266=LINE('',#13116,#3014);
#2267=LINE('',#13118,#3015);
#2268=LINE('',#13119,#3016);
#2269=LINE('',#13121,#3017);
#2270=LINE('',#13122,#3018);
#2271=LINE('',#13135,#3019);
#2272=LINE('',#13140,#3020);
#2273=LINE('',#13155,#3021);
#2274=LINE('',#13170,#3022);
#2275=LINE('',#13173,#3023);
#2276=LINE('',#13175,#3024);
#2277=LINE('',#13176,#3025);
#2278=LINE('',#13191,#3026);
#2279=LINE('',#13206,#3027);
#2280=LINE('',#13221,#3028);
#2281=LINE('',#13236,#3029);
#2282=LINE('',#13251,#3030);
#2283=LINE('',#13266,#3031);
#2284=LINE('',#13281,#3032);
#2285=LINE('',#13296,#3033);
#2286=LINE('',#13311,#3034);
#2287=LINE('',#13314,#3035);
#2288=LINE('',#13316,#3036);
#2289=LINE('',#13317,#3037);
#2290=LINE('',#13320,#3038);
#2291=LINE('',#13322,#3039);
#2292=LINE('',#13323,#3040);
#2293=LINE('',#13325,#3041);
#2294=LINE('',#13326,#3042);
#2295=LINE('',#13341,#3043);
#2296=LINE('',#13346,#3044);
#2297=LINE('',#13361,#3045);
#2298=LINE('',#13376,#3046);
#2299=LINE('',#13391,#3047);
#2300=LINE('',#13394,#3048);
#2301=LINE('',#13396,#3049);
#2302=LINE('',#13397,#3050);
#2303=LINE('',#13412,#3051);
#2304=LINE('',#13427,#3052);
#2305=LINE('',#13442,#3053);
#2306=LINE('',#13457,#3054);
#2307=LINE('',#13472,#3055);
#2308=LINE('',#13475,#3056);
#2309=LINE('',#13477,#3057);
#2310=LINE('',#13478,#3058);
#2311=LINE('',#13494,#3059);
#2312=LINE('',#13496,#3060);
#2313=LINE('',#13498,#3061);
#2314=LINE('',#13499,#3062);
#2315=LINE('',#13502,#3063);
#2316=LINE('',#13504,#3064);
#2317=LINE('',#13505,#3065);
#2318=LINE('',#13508,#3066);
#2319=LINE('',#13510,#3067);
#2320=LINE('',#13511,#3068);
#2321=LINE('',#13514,#3069);
#2322=LINE('',#13516,#3070);
#2323=LINE('',#13517,#3071);
#2324=LINE('',#13520,#3072);
#2325=LINE('',#13522,#3073);
#2326=LINE('',#13523,#3074);
#2327=LINE('',#13538,#3075);
#2328=LINE('',#13553,#3076);
#2329=LINE('',#13568,#3077);
#2330=LINE('',#13583,#3078);
#2331=LINE('',#13598,#3079);
#2332=LINE('',#13601,#3080);
#2333=LINE('',#13603,#3081);
#2334=LINE('',#13604,#3082);
#2335=LINE('',#13619,#3083);
#2336=LINE('',#13634,#3084);
#2337=LINE('',#13649,#3085);
#2338=LINE('',#13664,#3086);
#2339=LINE('',#13682,#3087);
#2340=LINE('',#13684,#3088);
#2341=LINE('',#13686,#3089);
#2342=LINE('',#13687,#3090);
#2343=LINE('',#13690,#3091);
#2344=LINE('',#13692,#3092);
#2345=LINE('',#13693,#3093);
#2346=LINE('',#13696,#3094);
#2347=LINE('',#13698,#3095);
#2348=LINE('',#13699,#3096);
#2349=LINE('',#13701,#3097);
#2350=LINE('',#13702,#3098);
#2351=LINE('',#13717,#3099);
#2352=LINE('',#13722,#3100);
#2353=LINE('',#13737,#3101);
#2354=LINE('',#13752,#3102);
#2355=LINE('',#13767,#3103);
#2356=LINE('',#13782,#3104);
#2357=LINE('',#13785,#3105);
#2358=LINE('',#13787,#3106);
#2359=LINE('',#13788,#3107);
#2360=LINE('',#13791,#3108);
#2361=LINE('',#13793,#3109);
#2362=LINE('',#13794,#3110);
#2363=LINE('',#13819,#3111);
#2364=LINE('',#13824,#3112);
#2365=LINE('',#13827,#3113);
#2366=LINE('',#13829,#3114);
#2367=LINE('',#13830,#3115);
#2368=LINE('',#13833,#3116);
#2369=LINE('',#13835,#3117);
#2370=LINE('',#13836,#3118);
#2371=LINE('',#13839,#3119);
#2372=LINE('',#13841,#3120);
#2373=LINE('',#13842,#3121);
#2374=LINE('',#13857,#3122);
#2375=LINE('',#13872,#3123);
#2376=LINE('',#13887,#3124);
#2377=LINE('',#13902,#3125);
#2378=LINE('',#13917,#3126);
#2379=LINE('',#13920,#3127);
#2380=LINE('',#13922,#3128);
#2381=LINE('',#13923,#3129);
#2382=LINE('',#13938,#3130);
#2383=LINE('',#13953,#3131);
#2384=LINE('',#13968,#3132);
#2385=LINE('',#13983,#3133);
#2386=LINE('',#13986,#3134);
#2387=LINE('',#13988,#3135);
#2388=LINE('',#13989,#3136);
#2389=LINE('',#13992,#3137);
#2390=LINE('',#13994,#3138);
#2391=LINE('',#13995,#3139);
#2392=LINE('',#14010,#3140);
#2393=LINE('',#14025,#3141);
#2394=LINE('',#14040,#3142);
#2395=LINE('',#14055,#3143);
#2396=LINE('',#14070,#3144);
#2397=LINE('',#14097,#3145);
#2398=LINE('',#14102,#3146);
#2399=LINE('',#14105,#3147);
#2400=LINE('',#14107,#3148);
#2401=LINE('',#14108,#3149);
#2402=LINE('',#14123,#3150);
#2403=LINE('',#14138,#3151);
#2404=LINE('',#14153,#3152);
#2405=LINE('',#14168,#3153);
#2406=LINE('',#14171,#3154);
#2407=LINE('',#14173,#3155);
#2408=LINE('',#14174,#3156);
#2409=LINE('',#14189,#3157);
#2410=LINE('',#14204,#3158);
#2411=LINE('',#14229,#3159);
#2412=LINE('',#14234,#3160);
#2413=LINE('',#14237,#3161);
#2414=LINE('',#14239,#3162);
#2415=LINE('',#14240,#3163);
#2416=LINE('',#14255,#3164);
#2417=LINE('',#14270,#3165);
#2418=LINE('',#14285,#3166);
#2419=LINE('',#14300,#3167);
#2420=LINE('',#14315,#3168);
#2421=LINE('',#14330,#3169);
#2422=LINE('',#14333,#3170);
#2423=LINE('',#14335,#3171);
#2424=LINE('',#14336,#3172);
#2425=LINE('',#14351,#3173);
#2426=LINE('',#14366,#3174);
#2427=LINE('',#14381,#3175);
#2428=LINE('',#14396,#3176);
#2429=LINE('',#14423,#3177);
#2430=LINE('',#14428,#3178);
#2431=LINE('',#14443,#3179);
#2432=LINE('',#14458,#3180);
#2433=LINE('',#14461,#3181);
#2434=LINE('',#14463,#3182);
#2435=LINE('',#14464,#3183);
#2436=LINE('',#14467,#3184);
#2437=LINE('',#14469,#3185);
#2438=LINE('',#14470,#3186);
#2439=LINE('',#14473,#3187);
#2440=LINE('',#14475,#3188);
#2441=LINE('',#14476,#3189);
#2442=LINE('',#14479,#3190);
#2443=LINE('',#14481,#3191);
#2444=LINE('',#14482,#3192);
#2445=LINE('',#14485,#3193);
#2446=LINE('',#14487,#3194);
#2447=LINE('',#14488,#3195);
#2448=LINE('',#14503,#3196);
#2449=LINE('',#14518,#3197);
#2450=LINE('',#14533,#3198);
#2451=LINE('',#14548,#3199);
#2452=LINE('',#14551,#3200);
#2453=LINE('',#14553,#3201);
#2454=LINE('',#14554,#3202);
#2455=LINE('',#14572,#3203);
#2456=LINE('',#14574,#3204);
#2457=LINE('',#14576,#3205);
#2458=LINE('',#14577,#3206);
#2459=LINE('',#14580,#3207);
#2460=LINE('',#14582,#3208);
#2461=LINE('',#14583,#3209);
#2462=LINE('',#14586,#3210);
#2463=LINE('',#14588,#3211);
#2464=LINE('',#14589,#3212);
#2465=LINE('',#14592,#3213);
#2466=LINE('',#14594,#3214);
#2467=LINE('',#14595,#3215);
#2468=LINE('',#14598,#3216);
#2469=LINE('',#14600,#3217);
#2470=LINE('',#14601,#3218);
#2471=LINE('',#14604,#3219);
#2472=LINE('',#14606,#3220);
#2473=LINE('',#14607,#3221);
#2474=LINE('',#14610,#3222);
#2475=LINE('',#14612,#3223);
#2476=LINE('',#14613,#3224);
#2477=LINE('',#14616,#3225);
#2478=LINE('',#14618,#3226);
#2479=LINE('',#14619,#3227);
#2480=LINE('',#14622,#3228);
#2481=LINE('',#14624,#3229);
#2482=LINE('',#14625,#3230);
#2483=LINE('',#14628,#3231);
#2484=LINE('',#14630,#3232);
#2485=LINE('',#14631,#3233);
#2486=LINE('',#14634,#3234);
#2487=LINE('',#14636,#3235);
#2488=LINE('',#14637,#3236);
#2489=LINE('',#14640,#3237);
#2490=LINE('',#14642,#3238);
#2491=LINE('',#14643,#3239);
#2492=LINE('',#14645,#3240);
#2493=LINE('',#14646,#3241);
#2494=LINE('',#14652,#3242);
#2495=LINE('',#14654,#3243);
#2496=LINE('',#14656,#3244);
#2497=LINE('',#14657,#3245);
#2498=LINE('',#14660,#3246);
#2499=LINE('',#14662,#3247);
#2500=LINE('',#14663,#3248);
#2501=LINE('',#14666,#3249);
#2502=LINE('',#14668,#3250);
#2503=LINE('',#14669,#3251);
#2504=LINE('',#14672,#3252);
#2505=LINE('',#14674,#3253);
#2506=LINE('',#14675,#3254);
#2507=LINE('',#14678,#3255);
#2508=LINE('',#14680,#3256);
#2509=LINE('',#14681,#3257);
#2510=LINE('',#14684,#3258);
#2511=LINE('',#14686,#3259);
#2512=LINE('',#14687,#3260);
#2513=LINE('',#14689,#3261);
#2514=LINE('',#14690,#3262);
#2515=VECTOR('',#8784,10.);
#2516=VECTOR('',#8785,10.);
#2517=VECTOR('',#8786,10.);
#2518=VECTOR('',#8787,10.);
#2519=VECTOR('',#8790,10.);
#2520=VECTOR('',#8791,10.);
#2521=VECTOR('',#8792,10.);
#2522=VECTOR('',#8795,10.);
#2523=VECTOR('',#8796,10.);
#2524=VECTOR('',#8797,10.);
#2525=VECTOR('',#8800,10.);
#2526=VECTOR('',#8801,10.);
#2527=VECTOR('',#8810,0.375000000000001);
#2528=VECTOR('',#8819,0.625);
#2529=VECTOR('',#8824,10.);
#2530=VECTOR('',#8825,10.);
#2531=VECTOR('',#8826,10.);
#2532=VECTOR('',#8827,10.);
#2533=VECTOR('',#8828,10.);
#2534=VECTOR('',#8829,10.);
#2535=VECTOR('',#8830,10.);
#2536=VECTOR('',#8831,10.);
#2537=VECTOR('',#8832,10.);
#2538=VECTOR('',#8833,10.);
#2539=VECTOR('',#8834,10.);
#2540=VECTOR('',#8835,10.);
#2541=VECTOR('',#8836,10.);
#2542=VECTOR('',#8839,10.);
#2543=VECTOR('',#8840,10.);
#2544=VECTOR('',#8841,10.);
#2545=VECTOR('',#8844,10.);
#2546=VECTOR('',#8845,10.);
#2547=VECTOR('',#8848,10.);
#2548=VECTOR('',#8849,10.);
#2549=VECTOR('',#8852,10.);
#2550=VECTOR('',#8853,10.);
#2551=VECTOR('',#8856,10.);
#2552=VECTOR('',#8857,10.);
#2553=VECTOR('',#8860,10.);
#2554=VECTOR('',#8861,10.);
#2555=VECTOR('',#8864,10.);
#2556=VECTOR('',#8865,10.);
#2557=VECTOR('',#8868,10.);
#2558=VECTOR('',#8869,10.);
#2559=VECTOR('',#8872,10.);
#2560=VECTOR('',#8873,10.);
#2561=VECTOR('',#8876,10.);
#2562=VECTOR('',#8877,10.);
#2563=VECTOR('',#8880,10.);
#2564=VECTOR('',#8881,10.);
#2565=VECTOR('',#8884,10.);
#2566=VECTOR('',#8885,10.);
#2567=VECTOR('',#8888,10.);
#2568=VECTOR('',#8891,10.);
#2569=VECTOR('',#8892,10.);
#2570=VECTOR('',#8893,10.);
#2571=VECTOR('',#8894,10.);
#2572=VECTOR('',#8895,10.);
#2573=VECTOR('',#8896,10.);
#2574=VECTOR('',#8897,10.);
#2575=VECTOR('',#8898,10.);
#2576=VECTOR('',#8899,10.);
#2577=VECTOR('',#8900,10.);
#2578=VECTOR('',#8903,10.);
#2579=VECTOR('',#8904,10.);
#2580=VECTOR('',#8907,10.);
#2581=VECTOR('',#8908,10.);
#2582=VECTOR('',#8911,10.);
#2583=VECTOR('',#8912,10.);
#2584=VECTOR('',#8915,10.);
#2585=VECTOR('',#8916,10.);
#2586=VECTOR('',#8919,10.);
#2587=VECTOR('',#8920,10.);
#2588=VECTOR('',#8921,10.);
#2589=VECTOR('',#8922,10.);
#2590=VECTOR('',#8923,10.);
#2591=VECTOR('',#8924,10.);
#2592=VECTOR('',#8927,10.);
#2593=VECTOR('',#8928,10.);
#2594=VECTOR('',#8931,10.);
#2595=VECTOR('',#8932,10.);
#2596=VECTOR('',#8933,10.);
#2597=VECTOR('',#8934,10.);
#2598=VECTOR('',#8935,10.);
#2599=VECTOR('',#8936,10.);
#2600=VECTOR('',#8939,10.);
#2601=VECTOR('',#8940,10.);
#2602=VECTOR('',#8941,10.);
#2603=VECTOR('',#8942,10.);
#2604=VECTOR('',#8943,10.);
#2605=VECTOR('',#8944,10.);
#2606=VECTOR('',#8945,10.);
#2607=VECTOR('',#8946,10.);
#2608=VECTOR('',#8949,10.);
#2609=VECTOR('',#8950,10.);
#2610=VECTOR('',#8951,10.);
#2611=VECTOR('',#8952,10.);
#2612=VECTOR('',#8953,10.);
#2613=VECTOR('',#8954,10.);
#2614=VECTOR('',#8955,10.);
#2615=VECTOR('',#8956,10.);
#2616=VECTOR('',#8957,10.);
#2617=VECTOR('',#8960,10.);
#2618=VECTOR('',#8961,10.);
#2619=VECTOR('',#8962,10.);
#2620=VECTOR('',#8963,10.);
#2621=VECTOR('',#8964,10.);
#2622=VECTOR('',#8965,10.);
#2623=VECTOR('',#8968,10.);
#2624=VECTOR('',#8969,10.);
#2625=VECTOR('',#8970,10.);
#2626=VECTOR('',#8973,10.);
#2627=VECTOR('',#8974,10.);
#2628=VECTOR('',#8975,10.);
#2629=VECTOR('',#8976,10.);
#2630=VECTOR('',#8977,10.);
#2631=VECTOR('',#8978,10.);
#2632=VECTOR('',#8979,10.);
#2633=VECTOR('',#8980,10.);
#2634=VECTOR('',#8981,10.);
#2635=VECTOR('',#8982,10.);
#2636=VECTOR('',#8985,10.);
#2637=VECTOR('',#8986,10.);
#2638=VECTOR('',#8989,10.);
#2639=VECTOR('',#8990,10.);
#2640=VECTOR('',#8993,10.);
#2641=VECTOR('',#8994,10.);
#2642=VECTOR('',#8995,10.);
#2643=VECTOR('',#8996,10.);
#2644=VECTOR('',#8997,10.);
#2645=VECTOR('',#8998,10.);
#2646=VECTOR('',#8999,10.);
#2647=VECTOR('',#9002,10.);
#2648=VECTOR('',#9003,10.);
#2649=VECTOR('',#9004,10.);
#2650=VECTOR('',#9005,10.);
#2651=VECTOR('',#9006,10.);
#2652=VECTOR('',#9007,10.);
#2653=VECTOR('',#9010,10.);
#2654=VECTOR('',#9011,10.);
#2655=VECTOR('',#9014,10.);
#2656=VECTOR('',#9015,10.);
#2657=VECTOR('',#9016,10.);
#2658=VECTOR('',#9017,10.);
#2659=VECTOR('',#9018,10.);
#2660=VECTOR('',#9019,10.);
#2661=VECTOR('',#9020,10.);
#2662=VECTOR('',#9021,10.);
#2663=VECTOR('',#9022,10.);
#2664=VECTOR('',#9023,10.);
#2665=VECTOR('',#9024,10.);
#2666=VECTOR('',#9025,10.);
#2667=VECTOR('',#9026,10.);
#2668=VECTOR('',#9027,10.);
#2669=VECTOR('',#9030,10.);
#2670=VECTOR('',#9031,10.);
#2671=VECTOR('',#9034,10.);
#2672=VECTOR('',#9037,10.);
#2673=VECTOR('',#9038,10.);
#2674=VECTOR('',#9039,10.);
#2675=VECTOR('',#9040,10.);
#2676=VECTOR('',#9041,10.);
#2677=VECTOR('',#9042,10.);
#2678=VECTOR('',#9043,10.);
#2679=VECTOR('',#9046,10.);
#2680=VECTOR('',#9047,10.);
#2681=VECTOR('',#9048,10.);
#2682=VECTOR('',#9051,10.);
#2683=VECTOR('',#9052,10.);
#2684=VECTOR('',#9055,10.);
#2685=VECTOR('',#9056,10.);
#2686=VECTOR('',#9059,10.);
#2687=VECTOR('',#9060,10.);
#2688=VECTOR('',#9063,10.);
#2689=VECTOR('',#9064,10.);
#2690=VECTOR('',#9067,10.);
#2691=VECTOR('',#9068,10.);
#2692=VECTOR('',#9071,10.);
#2693=VECTOR('',#9074,10.);
#2694=VECTOR('',#9075,10.);
#2695=VECTOR('',#9076,10.);
#2696=VECTOR('',#9077,10.);
#2697=VECTOR('',#9080,10.);
#2698=VECTOR('',#9081,10.);
#2699=VECTOR('',#9082,10.);
#2700=VECTOR('',#9085,10.);
#2701=VECTOR('',#9086,10.);
#2702=VECTOR('',#9089,10.);
#2703=VECTOR('',#9090,10.);
#2704=VECTOR('',#9093,10.);
#2705=VECTOR('',#9096,10.);
#2706=VECTOR('',#9097,10.);
#2707=VECTOR('',#9098,10.);
#2708=VECTOR('',#9099,10.);
#2709=VECTOR('',#9100,10.);
#2710=VECTOR('',#9101,10.);
#2711=VECTOR('',#9102,10.);
#2712=VECTOR('',#9103,10.);
#2713=VECTOR('',#9106,10.);
#2714=VECTOR('',#9107,10.);
#2715=VECTOR('',#9108,10.);
#2716=VECTOR('',#9111,10.);
#2717=VECTOR('',#9112,10.);
#2718=VECTOR('',#9115,10.);
#2719=VECTOR('',#9116,10.);
#2720=VECTOR('',#9119,10.);
#2721=VECTOR('',#9120,10.);
#2722=VECTOR('',#9123,10.);
#2723=VECTOR('',#9124,10.);
#2724=VECTOR('',#9125,10.);
#2725=VECTOR('',#9126,10.);
#2726=VECTOR('',#9127,10.);
#2727=VECTOR('',#9128,10.);
#2728=VECTOR('',#9129,10.);
#2729=VECTOR('',#9132,10.);
#2730=VECTOR('',#9133,10.);
#2731=VECTOR('',#9134,10.);
#2732=VECTOR('',#9135,10.);
#2733=VECTOR('',#9136,10.);
#2734=VECTOR('',#9137,10.);
#2735=VECTOR('',#9138,10.);
#2736=VECTOR('',#9139,10.);
#2737=VECTOR('',#9140,10.);
#2738=VECTOR('',#9141,10.);
#2739=VECTOR('',#9142,10.);
#2740=VECTOR('',#9143,10.);
#2741=VECTOR('',#9146,10.);
#2742=VECTOR('',#9147,10.);
#2743=VECTOR('',#9148,10.);
#2744=VECTOR('',#9149,10.);
#2745=VECTOR('',#9150,10.);
#2746=VECTOR('',#9151,10.);
#2747=VECTOR('',#9152,10.);
#2748=VECTOR('',#9155,10.);
#2749=VECTOR('',#9158,10.);
#2750=VECTOR('',#9159,10.);
#2751=VECTOR('',#9160,10.);
#2752=VECTOR('',#9161,10.);
#2753=VECTOR('',#9162,10.);
#2754=VECTOR('',#9163,10.);
#2755=VECTOR('',#9164,10.);
#2756=VECTOR('',#9165,10.);
#2757=VECTOR('',#9166,10.);
#2758=VECTOR('',#9167,10.);
#2759=VECTOR('',#9168,10.);
#2760=VECTOR('',#9169,10.);
#2761=VECTOR('',#9170,10.);
#2762=VECTOR('',#9171,10.);
#2763=VECTOR('',#9172,10.);
#2764=VECTOR('',#9175,10.);
#2765=VECTOR('',#9176,10.);
#2766=VECTOR('',#9177,10.);
#2767=VECTOR('',#9178,10.);
#2768=VECTOR('',#9179,10.);
#2769=VECTOR('',#9180,10.);
#2770=VECTOR('',#9181,10.);
#2771=VECTOR('',#9182,10.);
#2772=VECTOR('',#9183,10.);
#2773=VECTOR('',#9184,10.);
#2774=VECTOR('',#9185,10.);
#2775=VECTOR('',#9188,10.);
#2776=VECTOR('',#9189,10.);
#2777=VECTOR('',#9192,10.);
#2778=VECTOR('',#9193,10.);
#2779=VECTOR('',#9196,10.);
#2780=VECTOR('',#9199,10.);
#2781=VECTOR('',#9200,10.);
#2782=VECTOR('',#9201,10.);
#2783=VECTOR('',#9202,10.);
#2784=VECTOR('',#9203,10.);
#2785=VECTOR('',#9204,10.);
#2786=VECTOR('',#9205,10.);
#2787=VECTOR('',#9208,10.);
#2788=VECTOR('',#9209,10.);
#2789=VECTOR('',#9212,10.);
#2790=VECTOR('',#9215,10.);
#2791=VECTOR('',#9216,10.);
#2792=VECTOR('',#9217,10.);
#2793=VECTOR('',#9218,10.);
#2794=VECTOR('',#9219,10.);
#2795=VECTOR('',#9220,10.);
#2796=VECTOR('',#9223,10.);
#2797=VECTOR('',#9224,10.);
#2798=VECTOR('',#9225,10.);
#2799=VECTOR('',#9226,10.);
#2800=VECTOR('',#9229,10.);
#2801=VECTOR('',#9230,10.);
#2802=VECTOR('',#9233,10.);
#2803=VECTOR('',#9236,10.);
#2804=VECTOR('',#9237,10.);
#2805=VECTOR('',#9238,10.);
#2806=VECTOR('',#9239,10.);
#2807=VECTOR('',#9240,10.);
#2808=VECTOR('',#9241,10.);
#2809=VECTOR('',#9242,10.);
#2810=VECTOR('',#9243,10.);
#2811=VECTOR('',#9244,10.);
#2812=VECTOR('',#9245,10.);
#2813=VECTOR('',#9248,10.);
#2814=VECTOR('',#9249,10.);
#2815=VECTOR('',#9252,10.);
#2816=VECTOR('',#9253,10.);
#2817=VECTOR('',#9256,10.);
#2818=VECTOR('',#9257,10.);
#2819=VECTOR('',#9258,10.);
#2820=VECTOR('',#9259,10.);
#2821=VECTOR('',#9260,10.);
#2822=VECTOR('',#9261,10.);
#2823=VECTOR('',#9262,10.);
#2824=VECTOR('',#9265,10.);
#2825=VECTOR('',#9266,10.);
#2826=VECTOR('',#9267,10.);
#2827=VECTOR('',#9268,10.);
#2828=VECTOR('',#9269,10.);
#2829=VECTOR('',#9270,10.);
#2830=VECTOR('',#9273,10.);
#2831=VECTOR('',#9274,10.);
#2832=VECTOR('',#9277,10.);
#2833=VECTOR('',#9278,10.);
#2834=VECTOR('',#9279,10.);
#2835=VECTOR('',#9280,10.);
#2836=VECTOR('',#9281,10.);
#2837=VECTOR('',#9282,10.);
#2838=VECTOR('',#9283,10.);
#2839=VECTOR('',#9284,10.);
#2840=VECTOR('',#9285,10.);
#2841=VECTOR('',#9286,10.);
#2842=VECTOR('',#9287,10.);
#2843=VECTOR('',#9288,10.);
#2844=VECTOR('',#9289,10.);
#2845=VECTOR('',#9290,10.);
#2846=VECTOR('',#9293,10.);
#2847=VECTOR('',#9294,10.);
#2848=VECTOR('',#9297,10.);
#2849=VECTOR('',#9300,10.);
#2850=VECTOR('',#9301,10.);
#2851=VECTOR('',#9302,10.);
#2852=VECTOR('',#9303,10.);
#2853=VECTOR('',#9304,10.);
#2854=VECTOR('',#9305,10.);
#2855=VECTOR('',#9306,10.);
#2856=VECTOR('',#9307,10.);
#2857=VECTOR('',#9308,10.);
#2858=VECTOR('',#9309,10.);
#2859=VECTOR('',#9310,10.);
#2860=VECTOR('',#9311,10.);
#2861=VECTOR('',#9314,10.);
#2862=VECTOR('',#9315,10.);
#2863=VECTOR('',#9318,10.);
#2864=VECTOR('',#9319,10.);
#2865=VECTOR('',#9322,10.);
#2866=VECTOR('',#9323,10.);
#2867=VECTOR('',#9324,10.);
#2868=VECTOR('',#9325,10.);
#2869=VECTOR('',#9326,10.);
#2870=VECTOR('',#9329,10.);
#2871=VECTOR('',#9330,10.);
#2872=VECTOR('',#9333,10.);
#2873=VECTOR('',#9334,10.);
#2874=VECTOR('',#9337,10.);
#2875=VECTOR('',#9338,10.);
#2876=VECTOR('',#9341,10.);
#2877=VECTOR('',#9342,10.);
#2878=VECTOR('',#9345,10.);
#2879=VECTOR('',#9346,10.);
#2880=VECTOR('',#9349,10.);
#2881=VECTOR('',#9350,10.);
#2882=VECTOR('',#9353,10.);
#2883=VECTOR('',#9354,10.);
#2884=VECTOR('',#9381,10.);
#2885=VECTOR('',#9382,10.);
#2886=VECTOR('',#9395,10.);
#2887=VECTOR('',#9396,10.);
#2888=VECTOR('',#9409,10.);
#2889=VECTOR('',#9410,10.);
#2890=VECTOR('',#9421,10.);
#2891=VECTOR('',#9422,10.);
#2892=VECTOR('',#9427,10.);
#2893=VECTOR('',#9430,10.);
#2894=VECTOR('',#9433,10.);
#2895=VECTOR('',#9436,10.);
#2896=VECTOR('',#9441,10.);
#2897=VECTOR('',#9444,10.);
#2898=VECTOR('',#9447,10.);
#2899=VECTOR('',#9448,10.);
#2900=VECTOR('',#9451,10.);
#2901=VECTOR('',#9454,10.);
#2902=VECTOR('',#9457,10.);
#2903=VECTOR('',#9462,10.);
#2904=VECTOR('',#9465,10.);
#2905=VECTOR('',#9468,10.);
#2906=VECTOR('',#9471,10.);
#2907=VECTOR('',#9474,10.);
#2908=VECTOR('',#9477,10.);
#2909=VECTOR('',#9478,10.);
#2910=VECTOR('',#9481,10.);
#2911=VECTOR('',#9482,10.);
#2912=VECTOR('',#9483,10.);
#2913=VECTOR('',#9486,10.);
#2914=VECTOR('',#9487,10.);
#2915=VECTOR('',#9488,10.);
#2916=VECTOR('',#9491,10.);
#2917=VECTOR('',#9492,10.);
#2918=VECTOR('',#9493,10.);
#2919=VECTOR('',#9494,10.);
#2920=VECTOR('',#9495,10.);
#2921=VECTOR('',#9496,10.);
#2922=VECTOR('',#9499,10.);
#2923=VECTOR('',#9500,10.);
#2924=VECTOR('',#9501,10.);
#2925=VECTOR('',#9504,10.);
#2926=VECTOR('',#9505,10.);
#2927=VECTOR('',#9506,10.);
#2928=VECTOR('',#9509,10.);
#2929=VECTOR('',#9510,10.);
#2930=VECTOR('',#9511,10.);
#2931=VECTOR('',#9514,10.);
#2932=VECTOR('',#9515,10.);
#2933=VECTOR('',#9516,10.);
#2934=VECTOR('',#9519,10.);
#2935=VECTOR('',#9520,10.);
#2936=VECTOR('',#9521,10.);
#2937=VECTOR('',#9524,10.);
#2938=VECTOR('',#9525,10.);
#2939=VECTOR('',#9526,10.);
#2940=VECTOR('',#9529,10.);
#2941=VECTOR('',#9530,10.);
#2942=VECTOR('',#9531,10.);
#2943=VECTOR('',#9536,10.);
#2944=VECTOR('',#9537,10.);
#2945=VECTOR('',#9538,10.);
#2946=VECTOR('',#9539,10.);
#2947=VECTOR('',#9540,10.);
#2948=VECTOR('',#9541,10.);
#2949=VECTOR('',#9544,10.);
#2950=VECTOR('',#9545,10.);
#2951=VECTOR('',#9546,10.);
#2952=VECTOR('',#9549,10.);
#2953=VECTOR('',#9550,10.);
#2954=VECTOR('',#9551,10.);
#2955=VECTOR('',#9552,10.);
#2956=VECTOR('',#9553,10.);
#2957=VECTOR('',#9556,10.);
#2958=VECTOR('',#9557,10.);
#2959=VECTOR('',#9558,10.);
#2960=VECTOR('',#9561,10.);
#2961=VECTOR('',#9562,10.);
#2962=VECTOR('',#9563,10.);
#2963=VECTOR('',#9566,10.);
#2964=VECTOR('',#9567,10.);
#2965=VECTOR('',#9568,10.);
#2966=VECTOR('',#9569,10.);
#2967=VECTOR('',#9570,10.);
#2968=VECTOR('',#9571,10.);
#2969=VECTOR('',#9572,10.);
#2970=VECTOR('',#9573,10.);
#2971=VECTOR('',#9576,10.);
#2972=VECTOR('',#9577,10.);
#2973=VECTOR('',#9578,10.);
#2974=VECTOR('',#9579,10.);
#2975=VECTOR('',#9580,10.);
#2976=VECTOR('',#9581,10.);
#2977=VECTOR('',#9582,10.);
#2978=VECTOR('',#9585,10.);
#2979=VECTOR('',#9586,10.);
#2980=VECTOR('',#9587,10.);
#2981=VECTOR('',#9590,10.);
#2982=VECTOR('',#9591,10.);
#2983=VECTOR('',#9592,10.);
#2984=VECTOR('',#9593,10.);
#2985=VECTOR('',#9594,10.);
#2986=VECTOR('',#9595,10.);
#2987=VECTOR('',#9596,10.);
#2988=VECTOR('',#9597,10.);
#2989=VECTOR('',#9602,10.);
#2990=VECTOR('',#9603,10.);
#2991=VECTOR('',#9604,10.);
#2992=VECTOR('',#9605,10.);
#2993=VECTOR('',#9606,10.);
#2994=VECTOR('',#9609,10.);
#2995=VECTOR('',#9610,10.);
#2996=VECTOR('',#9611,10.);
#2997=VECTOR('',#9614,10.);
#2998=VECTOR('',#9615,10.);
#2999=VECTOR('',#9616,10.);
#3000=VECTOR('',#9619,10.);
#3001=VECTOR('',#9620,10.);
#3002=VECTOR('',#9621,10.);
#3003=VECTOR('',#9622,10.);
#3004=VECTOR('',#9623,10.);
#3005=VECTOR('',#9624,10.);
#3006=VECTOR('',#9627,10.);
#3007=VECTOR('',#9628,10.);
#3008=VECTOR('',#9629,10.);
#3009=VECTOR('',#9630,10.);
#3010=VECTOR('',#9631,10.);
#3011=VECTOR('',#9634,10.);
#3012=VECTOR('',#9635,10.);
#3013=VECTOR('',#9636,10.);
#3014=VECTOR('',#9639,10.);
#3015=VECTOR('',#9640,10.);
#3016=VECTOR('',#9641,10.);
#3017=VECTOR('',#9644,10.);
#3018=VECTOR('',#9645,10.);
#3019=VECTOR('',#9646,10.);
#3020=VECTOR('',#9647,10.);
#3021=VECTOR('',#9648,10.);
#3022=VECTOR('',#9649,10.);
#3023=VECTOR('',#9652,10.);
#3024=VECTOR('',#9653,10.);
#3025=VECTOR('',#9654,10.);
#3026=VECTOR('',#9655,10.);
#3027=VECTOR('',#9656,10.);
#3028=VECTOR('',#9657,10.);
#3029=VECTOR('',#9658,10.);
#3030=VECTOR('',#9659,10.);
#3031=VECTOR('',#9660,10.);
#3032=VECTOR('',#9661,10.);
#3033=VECTOR('',#9662,10.);
#3034=VECTOR('',#9663,10.);
#3035=VECTOR('',#9666,10.);
#3036=VECTOR('',#9667,10.);
#3037=VECTOR('',#9668,10.);
#3038=VECTOR('',#9671,10.);
#3039=VECTOR('',#9672,10.);
#3040=VECTOR('',#9673,10.);
#3041=VECTOR('',#9676,10.);
#3042=VECTOR('',#9677,10.);
#3043=VECTOR('',#9682,10.);
#3044=VECTOR('',#9683,10.);
#3045=VECTOR('',#9684,10.);
#3046=VECTOR('',#9685,10.);
#3047=VECTOR('',#9686,10.);
#3048=VECTOR('',#9689,10.);
#3049=VECTOR('',#9690,10.);
#3050=VECTOR('',#9691,10.);
#3051=VECTOR('',#9692,10.);
#3052=VECTOR('',#9693,10.);
#3053=VECTOR('',#9694,10.);
#3054=VECTOR('',#9695,10.);
#3055=VECTOR('',#9696,10.);
#3056=VECTOR('',#9699,10.);
#3057=VECTOR('',#9700,10.);
#3058=VECTOR('',#9701,10.);
#3059=VECTOR('',#9704,10.);
#3060=VECTOR('',#9705,10.);
#3061=VECTOR('',#9706,10.);
#3062=VECTOR('',#9707,10.);
#3063=VECTOR('',#9710,10.);
#3064=VECTOR('',#9711,10.);
#3065=VECTOR('',#9712,10.);
#3066=VECTOR('',#9715,10.);
#3067=VECTOR('',#9716,10.);
#3068=VECTOR('',#9717,10.);
#3069=VECTOR('',#9720,10.);
#3070=VECTOR('',#9721,10.);
#3071=VECTOR('',#9722,10.);
#3072=VECTOR('',#9725,10.);
#3073=VECTOR('',#9726,10.);
#3074=VECTOR('',#9727,10.);
#3075=VECTOR('',#9728,10.);
#3076=VECTOR('',#9729,10.);
#3077=VECTOR('',#9730,10.);
#3078=VECTOR('',#9731,10.);
#3079=VECTOR('',#9732,10.);
#3080=VECTOR('',#9735,10.);
#3081=VECTOR('',#9736,10.);
#3082=VECTOR('',#9737,10.);
#3083=VECTOR('',#9738,10.);
#3084=VECTOR('',#9739,10.);
#3085=VECTOR('',#9740,10.);
#3086=VECTOR('',#9741,10.);
#3087=VECTOR('',#9748,10.);
#3088=VECTOR('',#9749,10.);
#3089=VECTOR('',#9750,10.);
#3090=VECTOR('',#9751,10.);
#3091=VECTOR('',#9754,10.);
#3092=VECTOR('',#9755,10.);
#3093=VECTOR('',#9756,10.);
#3094=VECTOR('',#9759,10.);
#3095=VECTOR('',#9760,10.);
#3096=VECTOR('',#9761,10.);
#3097=VECTOR('',#9764,10.);
#3098=VECTOR('',#9765,10.);
#3099=VECTOR('',#9770,10.);
#3100=VECTOR('',#9771,10.);
#3101=VECTOR('',#9772,10.);
#3102=VECTOR('',#9773,10.);
#3103=VECTOR('',#9774,10.);
#3104=VECTOR('',#9775,10.);
#3105=VECTOR('',#9778,10.);
#3106=VECTOR('',#9779,10.);
#3107=VECTOR('',#9780,10.);
#3108=VECTOR('',#9783,10.);
#3109=VECTOR('',#9784,10.);
#3110=VECTOR('',#9785,10.);
#3111=VECTOR('',#9786,10.);
#3112=VECTOR('',#9787,10.);
#3113=VECTOR('',#9790,10.);
#3114=VECTOR('',#9791,10.);
#3115=VECTOR('',#9792,10.);
#3116=VECTOR('',#9795,10.);
#3117=VECTOR('',#9796,10.);
#3118=VECTOR('',#9797,10.);
#3119=VECTOR('',#9800,10.);
#3120=VECTOR('',#9801,10.);
#3121=VECTOR('',#9802,10.);
#3122=VECTOR('',#9803,10.);
#3123=VECTOR('',#9804,10.);
#3124=VECTOR('',#9805,10.);
#3125=VECTOR('',#9806,10.);
#3126=VECTOR('',#9807,10.);
#3127=VECTOR('',#9810,10.);
#3128=VECTOR('',#9811,10.);
#3129=VECTOR('',#9812,10.);
#3130=VECTOR('',#9813,10.);
#3131=VECTOR('',#9814,10.);
#3132=VECTOR('',#9815,10.);
#3133=VECTOR('',#9816,10.);
#3134=VECTOR('',#9819,10.);
#3135=VECTOR('',#9820,10.);
#3136=VECTOR('',#9821,10.);
#3137=VECTOR('',#9824,10.);
#3138=VECTOR('',#9825,10.);
#3139=VECTOR('',#9826,10.);
#3140=VECTOR('',#9827,10.);
#3141=VECTOR('',#9828,10.);
#3142=VECTOR('',#9829,10.);
#3143=VECTOR('',#9830,10.);
#3144=VECTOR('',#9831,10.);
#3145=VECTOR('',#9836,10.);
#3146=VECTOR('',#9837,10.);
#3147=VECTOR('',#9840,10.);
#3148=VECTOR('',#9841,10.);
#3149=VECTOR('',#9842,10.);
#3150=VECTOR('',#9843,10.);
#3151=VECTOR('',#9844,10.);
#3152=VECTOR('',#9845,10.);
#3153=VECTOR('',#9846,10.);
#3154=VECTOR('',#9849,10.);
#3155=VECTOR('',#9850,10.);
#3156=VECTOR('',#9851,10.);
#3157=VECTOR('',#9852,10.);
#3158=VECTOR('',#9853,10.);
#3159=VECTOR('',#9854,10.);
#3160=VECTOR('',#9855,10.);
#3161=VECTOR('',#9858,10.);
#3162=VECTOR('',#9859,10.);
#3163=VECTOR('',#9860,10.);
#3164=VECTOR('',#9861,10.);
#3165=VECTOR('',#9862,10.);
#3166=VECTOR('',#9863,10.);
#3167=VECTOR('',#9864,10.);
#3168=VECTOR('',#9865,10.);
#3169=VECTOR('',#9866,10.);
#3170=VECTOR('',#9869,10.);
#3171=VECTOR('',#9870,10.);
#3172=VECTOR('',#9871,10.);
#3173=VECTOR('',#9872,10.);
#3174=VECTOR('',#9873,10.);
#3175=VECTOR('',#9874,10.);
#3176=VECTOR('',#9875,10.);
#3177=VECTOR('',#9880,10.);
#3178=VECTOR('',#9881,10.);
#3179=VECTOR('',#9882,10.);
#3180=VECTOR('',#9883,10.);
#3181=VECTOR('',#9886,10.);
#3182=VECTOR('',#9887,10.);
#3183=VECTOR('',#9888,10.);
#3184=VECTOR('',#9891,10.);
#3185=VECTOR('',#9892,10.);
#3186=VECTOR('',#9893,10.);
#3187=VECTOR('',#9896,10.);
#3188=VECTOR('',#9897,10.);
#3189=VECTOR('',#9898,10.);
#3190=VECTOR('',#9901,10.);
#3191=VECTOR('',#9902,10.);
#3192=VECTOR('',#9903,10.);
#3193=VECTOR('',#9906,10.);
#3194=VECTOR('',#9907,10.);
#3195=VECTOR('',#9908,10.);
#3196=VECTOR('',#9909,10.);
#3197=VECTOR('',#9910,10.);
#3198=VECTOR('',#9911,10.);
#3199=VECTOR('',#9912,10.);
#3200=VECTOR('',#9915,10.);
#3201=VECTOR('',#9916,10.);
#3202=VECTOR('',#9917,10.);
#3203=VECTOR('',#9924,10.);
#3204=VECTOR('',#9925,10.);
#3205=VECTOR('',#9926,10.);
#3206=VECTOR('',#9927,10.);
#3207=VECTOR('',#9930,10.);
#3208=VECTOR('',#9931,10.);
#3209=VECTOR('',#9932,10.);
#3210=VECTOR('',#9935,10.);
#3211=VECTOR('',#9936,10.);
#3212=VECTOR('',#9937,10.);
#3213=VECTOR('',#9940,10.);
#3214=VECTOR('',#9941,10.);
#3215=VECTOR('',#9942,10.);
#3216=VECTOR('',#9945,10.);
#3217=VECTOR('',#9946,10.);
#3218=VECTOR('',#9947,10.);
#3219=VECTOR('',#9950,10.);
#3220=VECTOR('',#9951,10.);
#3221=VECTOR('',#9952,10.);
#3222=VECTOR('',#9955,10.);
#3223=VECTOR('',#9956,10.);
#3224=VECTOR('',#9957,10.);
#3225=VECTOR('',#9960,10.);
#3226=VECTOR('',#9961,10.);
#3227=VECTOR('',#9962,10.);
#3228=VECTOR('',#9965,10.);
#3229=VECTOR('',#9966,10.);
#3230=VECTOR('',#9967,10.);
#3231=VECTOR('',#9970,10.);
#3232=VECTOR('',#9971,10.);
#3233=VECTOR('',#9972,10.);
#3234=VECTOR('',#9975,10.);
#3235=VECTOR('',#9976,10.);
#3236=VECTOR('',#9977,10.);
#3237=VECTOR('',#9980,10.);
#3238=VECTOR('',#9981,10.);
#3239=VECTOR('',#9982,10.);
#3240=VECTOR('',#9985,10.);
#3241=VECTOR('',#9986,10.);
#3242=VECTOR('',#9993,10.);
#3243=VECTOR('',#9994,10.);
#3244=VECTOR('',#9995,10.);
#3245=VECTOR('',#9996,10.);
#3246=VECTOR('',#9999,10.);
#3247=VECTOR('',#10000,10.);
#3248=VECTOR('',#10001,10.);
#3249=VECTOR('',#10004,10.);
#3250=VECTOR('',#10005,10.);
#3251=VECTOR('',#10006,10.);
#3252=VECTOR('',#10009,10.);
#3253=VECTOR('',#10010,10.);
#3254=VECTOR('',#10011,10.);
#3255=VECTOR('',#10014,10.);
#3256=VECTOR('',#10015,10.);
#3257=VECTOR('',#10016,10.);
#3258=VECTOR('',#10019,10.);
#3259=VECTOR('',#10020,10.);
#3260=VECTOR('',#10021,10.);
#3261=VECTOR('',#10024,10.);
#3262=VECTOR('',#10025,10.);
#3263=VERTEX_POINT('',#10032);
#3264=VERTEX_POINT('',#10033);
#3265=VERTEX_POINT('',#10035);
#3266=VERTEX_POINT('',#10037);
#3267=VERTEX_POINT('',#10041);
#3268=VERTEX_POINT('',#10043);
#3269=VERTEX_POINT('',#10047);
#3270=VERTEX_POINT('',#10049);
#3271=VERTEX_POINT('',#10058);
#3272=VERTEX_POINT('',#10060);
#3273=VERTEX_POINT('',#10064);
#3274=VERTEX_POINT('',#10067);
#3275=VERTEX_POINT('',#10071);
#3276=VERTEX_POINT('',#10072);
#3277=VERTEX_POINT('',#10074);
#3278=VERTEX_POINT('',#10076);
#3279=VERTEX_POINT('',#10078);
#3280=VERTEX_POINT('',#10080);
#3281=VERTEX_POINT('',#10082);
#3282=VERTEX_POINT('',#10084);
#3283=VERTEX_POINT('',#10086);
#3284=VERTEX_POINT('',#10088);
#3285=VERTEX_POINT('',#10090);
#3286=VERTEX_POINT('',#10092);
#3287=VERTEX_POINT('',#10094);
#3288=VERTEX_POINT('',#10098);
#3289=VERTEX_POINT('',#10100);
#3290=VERTEX_POINT('',#10104);
#3291=VERTEX_POINT('',#10108);
#3292=VERTEX_POINT('',#10112);
#3293=VERTEX_POINT('',#10116);
#3294=VERTEX_POINT('',#10120);
#3295=VERTEX_POINT('',#10124);
#3296=VERTEX_POINT('',#10128);
#3297=VERTEX_POINT('',#10132);
#3298=VERTEX_POINT('',#10136);
#3299=VERTEX_POINT('',#10140);
#3300=VERTEX_POINT('',#10144);
#3301=VERTEX_POINT('',#10150);
#3302=VERTEX_POINT('',#10151);
#3303=VERTEX_POINT('',#10155);
#3304=VERTEX_POINT('',#10159);
#3305=VERTEX_POINT('',#10163);
#3306=VERTEX_POINT('',#10165);
#3307=VERTEX_POINT('',#10167);
#3308=VERTEX_POINT('',#10169);
#3309=VERTEX_POINT('',#10171);
#3310=VERTEX_POINT('',#10173);
#3311=VERTEX_POINT('',#10177);
#3312=VERTEX_POINT('',#10181);
#3313=VERTEX_POINT('',#10185);
#3314=VERTEX_POINT('',#10189);
#3315=VERTEX_POINT('',#10200);
#3316=VERTEX_POINT('',#10202);
#3317=VERTEX_POINT('',#10213);
#3318=VERTEX_POINT('',#10224);
#3319=VERTEX_POINT('',#10230);
#3320=VERTEX_POINT('',#10234);
#3321=VERTEX_POINT('',#10238);
#3322=VERTEX_POINT('',#10242);
#3323=VERTEX_POINT('',#10246);
#3324=VERTEX_POINT('',#10255);
#3325=VERTEX_POINT('',#10266);
#3326=VERTEX_POINT('',#10277);
#3327=VERTEX_POINT('',#10288);
#3328=VERTEX_POINT('',#10294);
#3329=VERTEX_POINT('',#10307);
#3330=VERTEX_POINT('',#10308);
#3331=VERTEX_POINT('',#10312);
#3332=VERTEX_POINT('',#10314);
#3333=VERTEX_POINT('',#10318);
#3334=VERTEX_POINT('',#10322);
#3335=VERTEX_POINT('',#10326);
#3336=VERTEX_POINT('',#10330);
#3337=VERTEX_POINT('',#10334);
#3338=VERTEX_POINT('',#10338);
#3339=VERTEX_POINT('',#10340);
#3340=VERTEX_POINT('',#10344);
#3341=VERTEX_POINT('',#10348);
#3342=VERTEX_POINT('',#10352);
#3343=VERTEX_POINT('',#10359);
#3344=VERTEX_POINT('',#10360);
#3345=VERTEX_POINT('',#10364);
#3346=VERTEX_POINT('',#10368);
#3347=VERTEX_POINT('',#10370);
#3348=VERTEX_POINT('',#10374);
#3349=VERTEX_POINT('',#10378);
#3350=VERTEX_POINT('',#10382);
#3351=VERTEX_POINT('',#10386);
#3352=VERTEX_POINT('',#10388);
#3353=VERTEX_POINT('',#10401);
#3354=VERTEX_POINT('',#10403);
#3355=VERTEX_POINT('',#10409);
#3356=VERTEX_POINT('',#10418);
#3357=VERTEX_POINT('',#10429);
#3358=VERTEX_POINT('',#10440);
#3359=VERTEX_POINT('',#10451);
#3360=VERTEX_POINT('',#10462);
#3361=VERTEX_POINT('',#10473);
#3362=VERTEX_POINT('',#10479);
#3363=VERTEX_POINT('',#10488);
#3364=VERTEX_POINT('',#10499);
#3365=VERTEX_POINT('',#10510);
#3366=VERTEX_POINT('',#10521);
#3367=VERTEX_POINT('',#10541);
#3368=VERTEX_POINT('',#10543);
#3369=VERTEX_POINT('',#10554);
#3370=VERTEX_POINT('',#10560);
#3371=VERTEX_POINT('',#10569);
#3372=VERTEX_POINT('',#10580);
#3373=VERTEX_POINT('',#10591);
#3374=VERTEX_POINT('',#10602);
#3375=VERTEX_POINT('',#10608);
#3376=VERTEX_POINT('',#10617);
#3377=VERTEX_POINT('',#10632);
#3378=VERTEX_POINT('',#10633);
#3379=VERTEX_POINT('',#10637);
#3380=VERTEX_POINT('',#10639);
#3381=VERTEX_POINT('',#10641);
#3382=VERTEX_POINT('',#10643);
#3383=VERTEX_POINT('',#10647);
#3384=VERTEX_POINT('',#10651);
#3385=VERTEX_POINT('',#10655);
#3386=VERTEX_POINT('',#10659);
#3387=VERTEX_POINT('',#10663);
#3388=VERTEX_POINT('',#10665);
#3389=VERTEX_POINT('',#10669);
#3390=VERTEX_POINT('',#10673);
#3391=VERTEX_POINT('',#10677);
#3392=VERTEX_POINT('',#10681);
#3393=VERTEX_POINT('',#10683);
#3394=VERTEX_POINT('',#10685);
#3395=VERTEX_POINT('',#10689);
#3396=VERTEX_POINT('',#10693);
#3397=VERTEX_POINT('',#10697);
#3398=VERTEX_POINT('',#10701);
#3399=VERTEX_POINT('',#10708);
#3400=VERTEX_POINT('',#10709);
#3401=VERTEX_POINT('',#10713);
#3402=VERTEX_POINT('',#10717);
#3403=VERTEX_POINT('',#10721);
#3404=VERTEX_POINT('',#10725);
#3405=VERTEX_POINT('',#10729);
#3406=VERTEX_POINT('',#10733);
#3407=VERTEX_POINT('',#10742);
#3408=VERTEX_POINT('',#10744);
#3409=VERTEX_POINT('',#10750);
#3410=VERTEX_POINT('',#10754);
#3411=VERTEX_POINT('',#10758);
#3412=VERTEX_POINT('',#10767);
#3413=VERTEX_POINT('',#10778);
#3414=VERTEX_POINT('',#10789);
#3415=VERTEX_POINT('',#10800);
#3416=VERTEX_POINT('',#10811);
#3417=VERTEX_POINT('',#10817);
#3418=VERTEX_POINT('',#10826);
#3419=VERTEX_POINT('',#10837);
#3420=VERTEX_POINT('',#10848);
#3421=VERTEX_POINT('',#10859);
#3422=VERTEX_POINT('',#10865);
#3423=VERTEX_POINT('',#10869);
#3424=VERTEX_POINT('',#10878);
#3425=VERTEX_POINT('',#10889);
#3426=VERTEX_POINT('',#10900);
#3427=VERTEX_POINT('',#10911);
#3428=VERTEX_POINT('',#10922);
#3429=VERTEX_POINT('',#10942);
#3430=VERTEX_POINT('',#10944);
#3431=VERTEX_POINT('',#10955);
#3432=VERTEX_POINT('',#10966);
#3433=VERTEX_POINT('',#10977);
#3434=VERTEX_POINT('',#10988);
#3435=VERTEX_POINT('',#10999);
#3436=VERTEX_POINT('',#11005);
#3437=VERTEX_POINT('',#11011);
#3438=VERTEX_POINT('',#11012);
#3439=VERTEX_POINT('',#11014);
#3440=VERTEX_POINT('',#11016);
#3441=VERTEX_POINT('',#11018);
#3442=VERTEX_POINT('',#11020);
#3443=VERTEX_POINT('',#11022);
#3444=VERTEX_POINT('',#11026);
#3445=VERTEX_POINT('',#11028);
#3446=VERTEX_POINT('',#11032);
#3447=VERTEX_POINT('',#11036);
#3448=VERTEX_POINT('',#11040);
#3449=VERTEX_POINT('',#11044);
#3450=VERTEX_POINT('',#11048);
#3451=VERTEX_POINT('',#11054);
#3452=VERTEX_POINT('',#11055);
#3453=VERTEX_POINT('',#11057);
#3454=VERTEX_POINT('',#11059);
#3455=VERTEX_POINT('',#11063);
#3456=VERTEX_POINT('',#11065);
#3457=VERTEX_POINT('',#11069);
#3458=VERTEX_POINT('',#11073);
#3459=VERTEX_POINT('',#11079);
#3460=VERTEX_POINT('',#11080);
#3461=VERTEX_POINT('',#11082);
#3462=VERTEX_POINT('',#11084);
#3463=VERTEX_POINT('',#11086);
#3464=VERTEX_POINT('',#11088);
#3465=VERTEX_POINT('',#11090);
#3466=VERTEX_POINT('',#11094);
#3467=VERTEX_POINT('',#11098);
#3468=VERTEX_POINT('',#11102);
#3469=VERTEX_POINT('',#11106);
#3470=VERTEX_POINT('',#11110);
#3471=VERTEX_POINT('',#11112);
#3472=VERTEX_POINT('',#11116);
#3473=VERTEX_POINT('',#11120);
#3474=VERTEX_POINT('',#11124);
#3475=VERTEX_POINT('',#11131);
#3476=VERTEX_POINT('',#11132);
#3477=VERTEX_POINT('',#11136);
#3478=VERTEX_POINT('',#11140);
#3479=VERTEX_POINT('',#11144);
#3480=VERTEX_POINT('',#11148);
#3481=VERTEX_POINT('',#11152);
#3482=VERTEX_POINT('',#11154);
#3483=VERTEX_POINT('',#11158);
#3484=VERTEX_POINT('',#11162);
#3485=VERTEX_POINT('',#11166);
#3486=VERTEX_POINT('',#11170);
#3487=VERTEX_POINT('',#11176);
#3488=VERTEX_POINT('',#11178);
#3489=VERTEX_POINT('',#11182);
#3490=VERTEX_POINT('',#11186);
#3491=VERTEX_POINT('',#11190);
#3492=VERTEX_POINT('',#11194);
#3493=VERTEX_POINT('',#11203);
#3494=VERTEX_POINT('',#11214);
#3495=VERTEX_POINT('',#11225);
#3496=VERTEX_POINT('',#11236);
#3497=VERTEX_POINT('',#11247);
#3498=VERTEX_POINT('',#11253);
#3499=VERTEX_POINT('',#11262);
#3500=VERTEX_POINT('',#11273);
#3501=VERTEX_POINT('',#11284);
#3502=VERTEX_POINT('',#11295);
#3503=VERTEX_POINT('',#11315);
#3504=VERTEX_POINT('',#11317);
#3505=VERTEX_POINT('',#11328);
#3506=VERTEX_POINT('',#11339);
#3507=VERTEX_POINT('',#11350);
#3508=VERTEX_POINT('',#11361);
#3509=VERTEX_POINT('',#11367);
#3510=VERTEX_POINT('',#11376);
#3511=VERTEX_POINT('',#11387);
#3512=VERTEX_POINT('',#11398);
#3513=VERTEX_POINT('',#11409);
#3514=VERTEX_POINT('',#11420);
#3515=VERTEX_POINT('',#11428);
#3516=VERTEX_POINT('',#11429);
#3517=VERTEX_POINT('',#11433);
#3518=VERTEX_POINT('',#11437);
#3519=VERTEX_POINT('',#11441);
#3520=VERTEX_POINT('',#11443);
#3521=VERTEX_POINT('',#11447);
#3522=VERTEX_POINT('',#11451);
#3523=VERTEX_POINT('',#11455);
#3524=VERTEX_POINT('',#11459);
#3525=VERTEX_POINT('',#11463);
#3526=VERTEX_POINT('',#11467);
#3527=VERTEX_POINT('',#11471);
#3528=VERTEX_POINT('',#11475);
#3529=VERTEX_POINT('',#11479);
#3530=VERTEX_POINT('',#11481);
#3531=VERTEX_POINT('',#11484);
#3532=VERTEX_POINT('',#11485);
#3533=VERTEX_POINT('',#11487);
#3534=VERTEX_POINT('',#11491);
#3535=VERTEX_POINT('',#11495);
#3536=VERTEX_POINT('',#11499);
#3537=VERTEX_POINT('',#11503);
#3538=VERTEX_POINT('',#11506);
#3539=VERTEX_POINT('',#11507);
#3540=VERTEX_POINT('',#11509);
#3541=VERTEX_POINT('',#11513);
#3542=VERTEX_POINT('',#11517);
#3543=VERTEX_POINT('',#11521);
#3544=VERTEX_POINT('',#11523);
#3545=VERTEX_POINT('',#11527);
#3546=VERTEX_POINT('',#11531);
#3547=VERTEX_POINT('',#11540);
#3548=VERTEX_POINT('',#11542);
#3549=VERTEX_POINT('',#11553);
#3550=VERTEX_POINT('',#11564);
#3551=VERTEX_POINT('',#11570);
#3552=VERTEX_POINT('',#11579);
#3553=VERTEX_POINT('',#11590);
#3554=VERTEX_POINT('',#11601);
#3555=VERTEX_POINT('',#11612);
#3556=VERTEX_POINT('',#11623);
#3557=VERTEX_POINT('',#11634);
#3558=VERTEX_POINT('',#11645);
#3559=VERTEX_POINT('',#11656);
#3560=VERTEX_POINT('',#11667);
#3561=VERTEX_POINT('',#11673);
#3562=VERTEX_POINT('',#11677);
#3563=VERTEX_POINT('',#11683);
#3564=VERTEX_POINT('',#11685);
#3565=VERTEX_POINT('',#11694);
#3566=VERTEX_POINT('',#11705);
#3567=VERTEX_POINT('',#11716);
#3568=VERTEX_POINT('',#11727);
#3569=VERTEX_POINT('',#11733);
#3570=VERTEX_POINT('',#11739);
#3571=VERTEX_POINT('',#11741);
#3572=VERTEX_POINT('',#11750);
#3573=VERTEX_POINT('',#11761);
#3574=VERTEX_POINT('',#11772);
#3575=VERTEX_POINT('',#11778);
#3576=VERTEX_POINT('',#11787);
#3577=VERTEX_POINT('',#11798);
#3578=VERTEX_POINT('',#11804);
#3579=VERTEX_POINT('',#11810);
#3580=VERTEX_POINT('',#11811);
#3581=VERTEX_POINT('',#11815);
#3582=VERTEX_POINT('',#11817);
#3583=VERTEX_POINT('',#11819);
#3584=VERTEX_POINT('',#11821);
#3585=VERTEX_POINT('',#11825);
#3586=VERTEX_POINT('',#11829);
#3587=VERTEX_POINT('',#11833);
#3588=VERTEX_POINT('',#11837);
#3589=VERTEX_POINT('',#11841);
#3590=VERTEX_POINT('',#11843);
#3591=VERTEX_POINT('',#11847);
#3592=VERTEX_POINT('',#11851);
#3593=VERTEX_POINT('',#11855);
#3594=VERTEX_POINT('',#11859);
#3595=VERTEX_POINT('',#11861);
#3596=VERTEX_POINT('',#11863);
#3597=VERTEX_POINT('',#11867);
#3598=VERTEX_POINT('',#11871);
#3599=VERTEX_POINT('',#11875);
#3600=VERTEX_POINT('',#11879);
#3601=VERTEX_POINT('',#11886);
#3602=VERTEX_POINT('',#11887);
#3603=VERTEX_POINT('',#11891);
#3604=VERTEX_POINT('',#11895);
#3605=VERTEX_POINT('',#11899);
#3606=VERTEX_POINT('',#11903);
#3607=VERTEX_POINT('',#11907);
#3608=VERTEX_POINT('',#11911);
#3609=VERTEX_POINT('',#11920);
#3610=VERTEX_POINT('',#11922);
#3611=VERTEX_POINT('',#11928);
#3612=VERTEX_POINT('',#11932);
#3613=VERTEX_POINT('',#11936);
#3614=VERTEX_POINT('',#11945);
#3615=VERTEX_POINT('',#11956);
#3616=VERTEX_POINT('',#11967);
#3617=VERTEX_POINT('',#11978);
#3618=VERTEX_POINT('',#11989);
#3619=VERTEX_POINT('',#11995);
#3620=VERTEX_POINT('',#12004);
#3621=VERTEX_POINT('',#12015);
#3622=VERTEX_POINT('',#12026);
#3623=VERTEX_POINT('',#12037);
#3624=VERTEX_POINT('',#12043);
#3625=VERTEX_POINT('',#12047);
#3626=VERTEX_POINT('',#12056);
#3627=VERTEX_POINT('',#12067);
#3628=VERTEX_POINT('',#12078);
#3629=VERTEX_POINT('',#12089);
#3630=VERTEX_POINT('',#12100);
#3631=VERTEX_POINT('',#12120);
#3632=VERTEX_POINT('',#12122);
#3633=VERTEX_POINT('',#12133);
#3634=VERTEX_POINT('',#12144);
#3635=VERTEX_POINT('',#12155);
#3636=VERTEX_POINT('',#12166);
#3637=VERTEX_POINT('',#12177);
#3638=VERTEX_POINT('',#12183);
#3639=VERTEX_POINT('',#12189);
#3640=VERTEX_POINT('',#12190);
#3641=VERTEX_POINT('',#12194);
#3642=VERTEX_POINT('',#12196);
#3643=VERTEX_POINT('',#12198);
#3644=VERTEX_POINT('',#12200);
#3645=VERTEX_POINT('',#12204);
#3646=VERTEX_POINT('',#12208);
#3647=VERTEX_POINT('',#12212);
#3648=VERTEX_POINT('',#12214);
#3649=VERTEX_POINT('',#12216);
#3650=VERTEX_POINT('',#12218);
#3651=VERTEX_POINT('',#12220);
#3652=VERTEX_POINT('',#12222);
#3653=VERTEX_POINT('',#12224);
#3654=VERTEX_POINT('',#12235);
#3655=VERTEX_POINT('',#12237);
#3656=VERTEX_POINT('',#12243);
#3657=VERTEX_POINT('',#12247);
#3658=VERTEX_POINT('',#12251);
#3659=VERTEX_POINT('',#12260);
#3660=VERTEX_POINT('',#12271);
#3661=VERTEX_POINT('',#12282);
#3662=VERTEX_POINT('',#12288);
#3663=VERTEX_POINT('',#12292);
#3664=VERTEX_POINT('',#12296);
#3665=VERTEX_POINT('',#12300);
#3666=VERTEX_POINT('',#12304);
#3667=VERTEX_POINT('',#12308);
#3668=VERTEX_POINT('',#12312);
#3669=VERTEX_POINT('',#12331);
#3670=VERTEX_POINT('',#12332);
#3671=VERTEX_POINT('',#12334);
#3672=VERTEX_POINT('',#12336);
#3673=VERTEX_POINT('',#12340);
#3674=VERTEX_POINT('',#12341);
#3675=VERTEX_POINT('',#12346);
#3676=VERTEX_POINT('',#12348);
#3677=VERTEX_POINT('',#12352);
#3678=VERTEX_POINT('',#12353);
#3679=VERTEX_POINT('',#12358);
#3680=VERTEX_POINT('',#12360);
#3681=VERTEX_POINT('',#12364);
#3682=VERTEX_POINT('',#12365);
#3683=VERTEX_POINT('',#12370);
#3684=VERTEX_POINT('',#12372);
#3685=VERTEX_POINT('',#12379);
#3686=VERTEX_POINT('',#12380);
#3687=VERTEX_POINT('',#12382);
#3688=VERTEX_POINT('',#12384);
#3689=VERTEX_POINT('',#12386);
#3690=VERTEX_POINT('',#12388);
#3691=VERTEX_POINT('',#12390);
#3692=VERTEX_POINT('',#12392);
#3693=VERTEX_POINT('',#12397);
#3694=VERTEX_POINT('',#12399);
#3695=VERTEX_POINT('',#12403);
#3696=VERTEX_POINT('',#12407);
#3697=VERTEX_POINT('',#12409);
#3698=VERTEX_POINT('',#12411);
#3699=VERTEX_POINT('',#12413);
#3700=VERTEX_POINT('',#12415);
#3701=VERTEX_POINT('',#12435);
#3702=VERTEX_POINT('',#12436);
#3703=VERTEX_POINT('',#12440);
#3704=VERTEX_POINT('',#12442);
#3705=VERTEX_POINT('',#12448);
#3706=VERTEX_POINT('',#12450);
#3707=VERTEX_POINT('',#12454);
#3708=VERTEX_POINT('',#12456);
#3709=VERTEX_POINT('',#12460);
#3710=VERTEX_POINT('',#12462);
#3711=VERTEX_POINT('',#12471);
#3712=VERTEX_POINT('',#12475);
#3713=VERTEX_POINT('',#12486);
#3714=VERTEX_POINT('',#12490);
#3715=VERTEX_POINT('',#12501);
#3716=VERTEX_POINT('',#12505);
#3717=VERTEX_POINT('',#12511);
#3718=VERTEX_POINT('',#12513);
#3719=VERTEX_POINT('',#12517);
#3720=VERTEX_POINT('',#12519);
#3721=VERTEX_POINT('',#12523);
#3722=VERTEX_POINT('',#12525);
#3723=VERTEX_POINT('',#12529);
#3724=VERTEX_POINT('',#12531);
#3725=VERTEX_POINT('',#12535);
#3726=VERTEX_POINT('',#12537);
#3727=VERTEX_POINT('',#12541);
#3728=VERTEX_POINT('',#12543);
#3729=VERTEX_POINT('',#12547);
#3730=VERTEX_POINT('',#12549);
#3731=VERTEX_POINT('',#12572);
#3732=VERTEX_POINT('',#12573);
#3733=VERTEX_POINT('',#12577);
#3734=VERTEX_POINT('',#12579);
#3735=VERTEX_POINT('',#12590);
#3736=VERTEX_POINT('',#12594);
#3737=VERTEX_POINT('',#12605);
#3738=VERTEX_POINT('',#12609);
#3739=VERTEX_POINT('',#12620);
#3740=VERTEX_POINT('',#12624);
#3741=VERTEX_POINT('',#12635);
#3742=VERTEX_POINT('',#12639);
#3743=VERTEX_POINT('',#12645);
#3744=VERTEX_POINT('',#12647);
#3745=VERTEX_POINT('',#12651);
#3746=VERTEX_POINT('',#12653);
#3747=VERTEX_POINT('',#12674);
#3748=VERTEX_POINT('',#12675);
#3749=VERTEX_POINT('',#12679);
#3750=VERTEX_POINT('',#12681);
#3751=VERTEX_POINT('',#12687);
#3752=VERTEX_POINT('',#12689);
#3753=VERTEX_POINT('',#12693);
#3754=VERTEX_POINT('',#12695);
#3755=VERTEX_POINT('',#12699);
#3756=VERTEX_POINT('',#12701);
#3757=VERTEX_POINT('',#12710);
#3758=VERTEX_POINT('',#12714);
#3759=VERTEX_POINT('',#12725);
#3760=VERTEX_POINT('',#12729);
#3761=VERTEX_POINT('',#12740);
#3762=VERTEX_POINT('',#12744);
#3763=VERTEX_POINT('',#12755);
#3764=VERTEX_POINT('',#12759);
#3765=VERTEX_POINT('',#12770);
#3766=VERTEX_POINT('',#12774);
#3767=VERTEX_POINT('',#12780);
#3768=VERTEX_POINT('',#12782);
#3769=VERTEX_POINT('',#12791);
#3770=VERTEX_POINT('',#12795);
#3771=VERTEX_POINT('',#12806);
#3772=VERTEX_POINT('',#12810);
#3773=VERTEX_POINT('',#12821);
#3774=VERTEX_POINT('',#12825);
#3775=VERTEX_POINT('',#12836);
#3776=VERTEX_POINT('',#12840);
#3777=VERTEX_POINT('',#12846);
#3778=VERTEX_POINT('',#12848);
#3779=VERTEX_POINT('',#12852);
#3780=VERTEX_POINT('',#12854);
#3781=VERTEX_POINT('',#12863);
#3782=VERTEX_POINT('',#12867);
#3783=VERTEX_POINT('',#12878);
#3784=VERTEX_POINT('',#12882);
#3785=VERTEX_POINT('',#12893);
#3786=VERTEX_POINT('',#12897);
#3787=VERTEX_POINT('',#12908);
#3788=VERTEX_POINT('',#12912);
#3789=VERTEX_POINT('',#12923);
#3790=VERTEX_POINT('',#12927);
#3791=VERTEX_POINT('',#12952);
#3792=VERTEX_POINT('',#12953);
#3793=VERTEX_POINT('',#12957);
#3794=VERTEX_POINT('',#12959);
#3795=VERTEX_POINT('',#12970);
#3796=VERTEX_POINT('',#12974);
#3797=VERTEX_POINT('',#12985);
#3798=VERTEX_POINT('',#12989);
#3799=VERTEX_POINT('',#13000);
#3800=VERTEX_POINT('',#13004);
#3801=VERTEX_POINT('',#13010);
#3802=VERTEX_POINT('',#13012);
#3803=VERTEX_POINT('',#13016);
#3804=VERTEX_POINT('',#13018);
#3805=VERTEX_POINT('',#13030);
#3806=VERTEX_POINT('',#13031);
#3807=VERTEX_POINT('',#13035);
#3808=VERTEX_POINT('',#13037);
#3809=VERTEX_POINT('',#13048);
#3810=VERTEX_POINT('',#13052);
#3811=VERTEX_POINT('',#13063);
#3812=VERTEX_POINT('',#13067);
#3813=VERTEX_POINT('',#13073);
#3814=VERTEX_POINT('',#13075);
#3815=VERTEX_POINT('',#13084);
#3816=VERTEX_POINT('',#13088);
#3817=VERTEX_POINT('',#13099);
#3818=VERTEX_POINT('',#13103);
#3819=VERTEX_POINT('',#13109);
#3820=VERTEX_POINT('',#13111);
#3821=VERTEX_POINT('',#13115);
#3822=VERTEX_POINT('',#13117);
#3823=VERTEX_POINT('',#13129);
#3824=VERTEX_POINT('',#13130);
#3825=VERTEX_POINT('',#13134);
#3826=VERTEX_POINT('',#13136);
#3827=VERTEX_POINT('',#13147);
#3828=VERTEX_POINT('',#13151);
#3829=VERTEX_POINT('',#13162);
#3830=VERTEX_POINT('',#13166);
#3831=VERTEX_POINT('',#13172);
#3832=VERTEX_POINT('',#13174);
#3833=VERTEX_POINT('',#13183);
#3834=VERTEX_POINT('',#13187);
#3835=VERTEX_POINT('',#13198);
#3836=VERTEX_POINT('',#13202);
#3837=VERTEX_POINT('',#13213);
#3838=VERTEX_POINT('',#13217);
#3839=VERTEX_POINT('',#13228);
#3840=VERTEX_POINT('',#13232);
#3841=VERTEX_POINT('',#13243);
#3842=VERTEX_POINT('',#13247);
#3843=VERTEX_POINT('',#13258);
#3844=VERTEX_POINT('',#13262);
#3845=VERTEX_POINT('',#13273);
#3846=VERTEX_POINT('',#13277);
#3847=VERTEX_POINT('',#13288);
#3848=VERTEX_POINT('',#13292);
#3849=VERTEX_POINT('',#13303);
#3850=VERTEX_POINT('',#13307);
#3851=VERTEX_POINT('',#13313);
#3852=VERTEX_POINT('',#13315);
#3853=VERTEX_POINT('',#13319);
#3854=VERTEX_POINT('',#13321);
#3855=VERTEX_POINT('',#13335);
#3856=VERTEX_POINT('',#13336);
#3857=VERTEX_POINT('',#13340);
#3858=VERTEX_POINT('',#13342);
#3859=VERTEX_POINT('',#13353);
#3860=VERTEX_POINT('',#13357);
#3861=VERTEX_POINT('',#13368);
#3862=VERTEX_POINT('',#13372);
#3863=VERTEX_POINT('',#13383);
#3864=VERTEX_POINT('',#13387);
#3865=VERTEX_POINT('',#13393);
#3866=VERTEX_POINT('',#13395);
#3867=VERTEX_POINT('',#13404);
#3868=VERTEX_POINT('',#13408);
#3869=VERTEX_POINT('',#13419);
#3870=VERTEX_POINT('',#13423);
#3871=VERTEX_POINT('',#13434);
#3872=VERTEX_POINT('',#13438);
#3873=VERTEX_POINT('',#13449);
#3874=VERTEX_POINT('',#13453);
#3875=VERTEX_POINT('',#13464);
#3876=VERTEX_POINT('',#13468);
#3877=VERTEX_POINT('',#13474);
#3878=VERTEX_POINT('',#13476);
#3879=VERTEX_POINT('',#13492);
#3880=VERTEX_POINT('',#13493);
#3881=VERTEX_POINT('',#13495);
#3882=VERTEX_POINT('',#13497);
#3883=VERTEX_POINT('',#13501);
#3884=VERTEX_POINT('',#13503);
#3885=VERTEX_POINT('',#13507);
#3886=VERTEX_POINT('',#13509);
#3887=VERTEX_POINT('',#13513);
#3888=VERTEX_POINT('',#13515);
#3889=VERTEX_POINT('',#13519);
#3890=VERTEX_POINT('',#13521);
#3891=VERTEX_POINT('',#13530);
#3892=VERTEX_POINT('',#13534);
#3893=VERTEX_POINT('',#13545);
#3894=VERTEX_POINT('',#13549);
#3895=VERTEX_POINT('',#13560);
#3896=VERTEX_POINT('',#13564);
#3897=VERTEX_POINT('',#13575);
#3898=VERTEX_POINT('',#13579);
#3899=VERTEX_POINT('',#13590);
#3900=VERTEX_POINT('',#13594);
#3901=VERTEX_POINT('',#13600);
#3902=VERTEX_POINT('',#13602);
#3903=VERTEX_POINT('',#13611);
#3904=VERTEX_POINT('',#13615);
#3905=VERTEX_POINT('',#13626);
#3906=VERTEX_POINT('',#13630);
#3907=VERTEX_POINT('',#13641);
#3908=VERTEX_POINT('',#13645);
#3909=VERTEX_POINT('',#13656);
#3910=VERTEX_POINT('',#13660);
#3911=VERTEX_POINT('',#13680);
#3912=VERTEX_POINT('',#13681);
#3913=VERTEX_POINT('',#13683);
#3914=VERTEX_POINT('',#13685);
#3915=VERTEX_POINT('',#13689);
#3916=VERTEX_POINT('',#13691);
#3917=VERTEX_POINT('',#13695);
#3918=VERTEX_POINT('',#13697);
#3919=VERTEX_POINT('',#13711);
#3920=VERTEX_POINT('',#13712);
#3921=VERTEX_POINT('',#13716);
#3922=VERTEX_POINT('',#13718);
#3923=VERTEX_POINT('',#13729);
#3924=VERTEX_POINT('',#13733);
#3925=VERTEX_POINT('',#13744);
#3926=VERTEX_POINT('',#13748);
#3927=VERTEX_POINT('',#13759);
#3928=VERTEX_POINT('',#13763);
#3929=VERTEX_POINT('',#13774);
#3930=VERTEX_POINT('',#13778);
#3931=VERTEX_POINT('',#13784);
#3932=VERTEX_POINT('',#13786);
#3933=VERTEX_POINT('',#13790);
#3934=VERTEX_POINT('',#13792);
#3935=VERTEX_POINT('',#13813);
#3936=VERTEX_POINT('',#13814);
#3937=VERTEX_POINT('',#13818);
#3938=VERTEX_POINT('',#13820);
#3939=VERTEX_POINT('',#13826);
#3940=VERTEX_POINT('',#13828);
#3941=VERTEX_POINT('',#13832);
#3942=VERTEX_POINT('',#13834);
#3943=VERTEX_POINT('',#13838);
#3944=VERTEX_POINT('',#13840);
#3945=VERTEX_POINT('',#13849);
#3946=VERTEX_POINT('',#13853);
#3947=VERTEX_POINT('',#13864);
#3948=VERTEX_POINT('',#13868);
#3949=VERTEX_POINT('',#13879);
#3950=VERTEX_POINT('',#13883);
#3951=VERTEX_POINT('',#13894);
#3952=VERTEX_POINT('',#13898);
#3953=VERTEX_POINT('',#13909);
#3954=VERTEX_POINT('',#13913);
#3955=VERTEX_POINT('',#13919);
#3956=VERTEX_POINT('',#13921);
#3957=VERTEX_POINT('',#13930);
#3958=VERTEX_POINT('',#13934);
#3959=VERTEX_POINT('',#13945);
#3960=VERTEX_POINT('',#13949);
#3961=VERTEX_POINT('',#13960);
#3962=VERTEX_POINT('',#13964);
#3963=VERTEX_POINT('',#13975);
#3964=VERTEX_POINT('',#13979);
#3965=VERTEX_POINT('',#13985);
#3966=VERTEX_POINT('',#13987);
#3967=VERTEX_POINT('',#13991);
#3968=VERTEX_POINT('',#13993);
#3969=VERTEX_POINT('',#14002);
#3970=VERTEX_POINT('',#14006);
#3971=VERTEX_POINT('',#14017);
#3972=VERTEX_POINT('',#14021);
#3973=VERTEX_POINT('',#14032);
#3974=VERTEX_POINT('',#14036);
#3975=VERTEX_POINT('',#14047);
#3976=VERTEX_POINT('',#14051);
#3977=VERTEX_POINT('',#14062);
#3978=VERTEX_POINT('',#14066);
#3979=VERTEX_POINT('',#14091);
#3980=VERTEX_POINT('',#14092);
#3981=VERTEX_POINT('',#14096);
#3982=VERTEX_POINT('',#14098);
#3983=VERTEX_POINT('',#14104);
#3984=VERTEX_POINT('',#14106);
#3985=VERTEX_POINT('',#14115);
#3986=VERTEX_POINT('',#14119);
#3987=VERTEX_POINT('',#14130);
#3988=VERTEX_POINT('',#14134);
#3989=VERTEX_POINT('',#14145);
#3990=VERTEX_POINT('',#14149);
#3991=VERTEX_POINT('',#14160);
#3992=VERTEX_POINT('',#14164);
#3993=VERTEX_POINT('',#14170);
#3994=VERTEX_POINT('',#14172);
#3995=VERTEX_POINT('',#14181);
#3996=VERTEX_POINT('',#14185);
#3997=VERTEX_POINT('',#14196);
#3998=VERTEX_POINT('',#14200);
#3999=VERTEX_POINT('',#14223);
#4000=VERTEX_POINT('',#14224);
#4001=VERTEX_POINT('',#14228);
#4002=VERTEX_POINT('',#14230);
#4003=VERTEX_POINT('',#14236);
#4004=VERTEX_POINT('',#14238);
#4005=VERTEX_POINT('',#14247);
#4006=VERTEX_POINT('',#14251);
#4007=VERTEX_POINT('',#14262);
#4008=VERTEX_POINT('',#14266);
#4009=VERTEX_POINT('',#14277);
#4010=VERTEX_POINT('',#14281);
#4011=VERTEX_POINT('',#14292);
#4012=VERTEX_POINT('',#14296);
#4013=VERTEX_POINT('',#14307);
#4014=VERTEX_POINT('',#14311);
#4015=VERTEX_POINT('',#14322);
#4016=VERTEX_POINT('',#14326);
#4017=VERTEX_POINT('',#14332);
#4018=VERTEX_POINT('',#14334);
#4019=VERTEX_POINT('',#14343);
#4020=VERTEX_POINT('',#14347);
#4021=VERTEX_POINT('',#14358);
#4022=VERTEX_POINT('',#14362);
#4023=VERTEX_POINT('',#14373);
#4024=VERTEX_POINT('',#14377);
#4025=VERTEX_POINT('',#14388);
#4026=VERTEX_POINT('',#14392);
#4027=VERTEX_POINT('',#14417);
#4028=VERTEX_POINT('',#14418);
#4029=VERTEX_POINT('',#14422);
#4030=VERTEX_POINT('',#14424);
#4031=VERTEX_POINT('',#14435);
#4032=VERTEX_POINT('',#14439);
#4033=VERTEX_POINT('',#14450);
#4034=VERTEX_POINT('',#14454);
#4035=VERTEX_POINT('',#14460);
#4036=VERTEX_POINT('',#14462);
#4037=VERTEX_POINT('',#14466);
#4038=VERTEX_POINT('',#14468);
#4039=VERTEX_POINT('',#14472);
#4040=VERTEX_POINT('',#14474);
#4041=VERTEX_POINT('',#14478);
#4042=VERTEX_POINT('',#14480);
#4043=VERTEX_POINT('',#14484);
#4044=VERTEX_POINT('',#14486);
#4045=VERTEX_POINT('',#14495);
#4046=VERTEX_POINT('',#14499);
#4047=VERTEX_POINT('',#14510);
#4048=VERTEX_POINT('',#14514);
#4049=VERTEX_POINT('',#14525);
#4050=VERTEX_POINT('',#14529);
#4051=VERTEX_POINT('',#14540);
#4052=VERTEX_POINT('',#14544);
#4053=VERTEX_POINT('',#14550);
#4054=VERTEX_POINT('',#14552);
#4055=VERTEX_POINT('',#14570);
#4056=VERTEX_POINT('',#14571);
#4057=VERTEX_POINT('',#14573);
#4058=VERTEX_POINT('',#14575);
#4059=VERTEX_POINT('',#14579);
#4060=VERTEX_POINT('',#14581);
#4061=VERTEX_POINT('',#14585);
#4062=VERTEX_POINT('',#14587);
#4063=VERTEX_POINT('',#14591);
#4064=VERTEX_POINT('',#14593);
#4065=VERTEX_POINT('',#14597);
#4066=VERTEX_POINT('',#14599);
#4067=VERTEX_POINT('',#14603);
#4068=VERTEX_POINT('',#14605);
#4069=VERTEX_POINT('',#14609);
#4070=VERTEX_POINT('',#14611);
#4071=VERTEX_POINT('',#14615);
#4072=VERTEX_POINT('',#14617);
#4073=VERTEX_POINT('',#14621);
#4074=VERTEX_POINT('',#14623);
#4075=VERTEX_POINT('',#14627);
#4076=VERTEX_POINT('',#14629);
#4077=VERTEX_POINT('',#14633);
#4078=VERTEX_POINT('',#14635);
#4079=VERTEX_POINT('',#14639);
#4080=VERTEX_POINT('',#14641);
#4081=VERTEX_POINT('',#14650);
#4082=VERTEX_POINT('',#14651);
#4083=VERTEX_POINT('',#14653);
#4084=VERTEX_POINT('',#14655);
#4085=VERTEX_POINT('',#14659);
#4086=VERTEX_POINT('',#14661);
#4087=VERTEX_POINT('',#14665);
#4088=VERTEX_POINT('',#14667);
#4089=VERTEX_POINT('',#14671);
#4090=VERTEX_POINT('',#14673);
#4091=VERTEX_POINT('',#14677);
#4092=VERTEX_POINT('',#14679);
#4093=VERTEX_POINT('',#14683);
#4094=VERTEX_POINT('',#14685);
#4095=EDGE_CURVE('',#3263,#3264,#1767,.T.);
#4096=EDGE_CURVE('',#3263,#3265,#1768,.T.);
#4097=EDGE_CURVE('',#3266,#3265,#1769,.T.);
#4098=EDGE_CURVE('',#3264,#3266,#1770,.T.);
#4099=EDGE_CURVE('',#3264,#3267,#1771,.T.);
#4100=EDGE_CURVE('',#3268,#3266,#1772,.T.);
#4101=EDGE_CURVE('',#3267,#3268,#1773,.T.);
#4102=EDGE_CURVE('',#3267,#3269,#1774,.T.);
#4103=EDGE_CURVE('',#3270,#3268,#1775,.T.);
#4104=EDGE_CURVE('',#3269,#3270,#1776,.T.);
#4105=EDGE_CURVE('',#3269,#3263,#1777,.T.);
#4106=EDGE_CURVE('',#3265,#3270,#1778,.T.);
#4107=EDGE_CURVE('',#3271,#3271,#757,.T.);
#4108=EDGE_CURVE('',#3271,#3272,#1779,.T.);
#4109=EDGE_CURVE('',#3272,#3272,#758,.T.);
#4110=EDGE_CURVE('',#3273,#3273,#759,.T.);
#4111=EDGE_CURVE('',#3273,#3274,#1780,.T.);
#4112=EDGE_CURVE('',#3274,#3274,#760,.T.);
#4113=EDGE_CURVE('',#3275,#3276,#1781,.T.);
#4114=EDGE_CURVE('',#3277,#3275,#1782,.T.);
#4115=EDGE_CURVE('',#3278,#3277,#1783,.T.);
#4116=EDGE_CURVE('',#3279,#3278,#1784,.T.);
#4117=EDGE_CURVE('',#3280,#3279,#1785,.T.);
#4118=EDGE_CURVE('',#3281,#3280,#1786,.T.);
#4119=EDGE_CURVE('',#3282,#3281,#1787,.T.);
#4120=EDGE_CURVE('',#3283,#3282,#1788,.T.);
#4121=EDGE_CURVE('',#3284,#3283,#1789,.T.);
#4122=EDGE_CURVE('',#3285,#3284,#1790,.T.);
#4123=EDGE_CURVE('',#3286,#3285,#1791,.T.);
#4124=EDGE_CURVE('',#3287,#3286,#1792,.T.);
#4125=EDGE_CURVE('',#3276,#3287,#1793,.T.);
#4126=EDGE_CURVE('',#3276,#3288,#1794,.T.);
#4127=EDGE_CURVE('',#3289,#3288,#1795,.T.);
#4128=EDGE_CURVE('',#3275,#3289,#1796,.T.);
#4129=EDGE_CURVE('',#3290,#3289,#1797,.T.);
#4130=EDGE_CURVE('',#3277,#3290,#1798,.T.);
#4131=EDGE_CURVE('',#3291,#3290,#1799,.T.);
#4132=EDGE_CURVE('',#3278,#3291,#1800,.T.);
#4133=EDGE_CURVE('',#3292,#3291,#1801,.T.);
#4134=EDGE_CURVE('',#3279,#3292,#1802,.T.);
#4135=EDGE_CURVE('',#3293,#3292,#1803,.T.);
#4136=EDGE_CURVE('',#3280,#3293,#1804,.T.);
#4137=EDGE_CURVE('',#3294,#3293,#1805,.T.);
#4138=EDGE_CURVE('',#3281,#3294,#1806,.T.);
#4139=EDGE_CURVE('',#3295,#3294,#1807,.T.);
#4140=EDGE_CURVE('',#3282,#3295,#1808,.T.);
#4141=EDGE_CURVE('',#3296,#3295,#1809,.T.);
#4142=EDGE_CURVE('',#3283,#3296,#1810,.T.);
#4143=EDGE_CURVE('',#3297,#3296,#1811,.T.);
#4144=EDGE_CURVE('',#3284,#3297,#1812,.T.);
#4145=EDGE_CURVE('',#3298,#3297,#1813,.T.);
#4146=EDGE_CURVE('',#3285,#3298,#1814,.T.);
#4147=EDGE_CURVE('',#3299,#3298,#1815,.T.);
#4148=EDGE_CURVE('',#3286,#3299,#1816,.T.);
#4149=EDGE_CURVE('',#3300,#3299,#1817,.T.);
#4150=EDGE_CURVE('',#3287,#3300,#1818,.T.);
#4151=EDGE_CURVE('',#3288,#3300,#1819,.T.);
#4152=EDGE_CURVE('',#3301,#3302,#253,.T.);
#4153=EDGE_CURVE('',#3303,#3301,#254,.T.);
#4154=EDGE_CURVE('',#3304,#3303,#255,.T.);
#4155=EDGE_CURVE('',#3305,#3304,#1820,.T.);
#4156=EDGE_CURVE('',#3306,#3305,#1821,.T.);
#4157=EDGE_CURVE('',#3307,#3306,#1822,.T.);
#4158=EDGE_CURVE('',#3308,#3307,#1823,.T.);
#4159=EDGE_CURVE('',#3309,#3308,#1824,.T.);
#4160=EDGE_CURVE('',#3310,#3309,#256,.T.);
#4161=EDGE_CURVE('',#3311,#3310,#257,.T.);
#4162=EDGE_CURVE('',#3312,#3311,#258,.T.);
#4163=EDGE_CURVE('',#3313,#3312,#259,.T.);
#4164=EDGE_CURVE('',#3314,#3313,#1825,.T.);
#4165=EDGE_CURVE('',#3302,#3314,#260,.T.);
#4166=EDGE_CURVE('',#3302,#3315,#1826,.T.);
#4167=EDGE_CURVE('',#3316,#3315,#261,.T.);
#4168=EDGE_CURVE('',#3301,#3316,#1827,.T.);
#4169=EDGE_CURVE('',#3317,#3316,#262,.T.);
#4170=EDGE_CURVE('',#3303,#3317,#1828,.T.);
#4171=EDGE_CURVE('',#3318,#3317,#263,.T.);
#4172=EDGE_CURVE('',#3304,#3318,#1829,.T.);
#4173=EDGE_CURVE('',#3319,#3318,#1830,.T.);
#4174=EDGE_CURVE('',#3305,#3319,#1831,.T.);
#4175=EDGE_CURVE('',#3320,#3319,#1832,.T.);
#4176=EDGE_CURVE('',#3306,#3320,#1833,.T.);
#4177=EDGE_CURVE('',#3321,#3320,#1834,.T.);
#4178=EDGE_CURVE('',#3307,#3321,#1835,.T.);
#4179=EDGE_CURVE('',#3322,#3321,#1836,.T.);
#4180=EDGE_CURVE('',#3308,#3322,#1837,.T.);
#4181=EDGE_CURVE('',#3323,#3322,#1838,.T.);
#4182=EDGE_CURVE('',#3309,#3323,#1839,.T.);
#4183=EDGE_CURVE('',#3324,#3323,#264,.T.);
#4184=EDGE_CURVE('',#3310,#3324,#1840,.T.);
#4185=EDGE_CURVE('',#3325,#3324,#265,.T.);
#4186=EDGE_CURVE('',#3311,#3325,#1841,.T.);
#4187=EDGE_CURVE('',#3326,#3325,#266,.T.);
#4188=EDGE_CURVE('',#3312,#3326,#1842,.T.);
#4189=EDGE_CURVE('',#3327,#3326,#267,.T.);
#4190=EDGE_CURVE('',#3313,#3327,#1843,.T.);
#4191=EDGE_CURVE('',#3328,#3327,#1844,.T.);
#4192=EDGE_CURVE('',#3314,#3328,#1845,.T.);
#4193=EDGE_CURVE('',#3315,#3328,#268,.T.);
#4194=EDGE_CURVE('',#3329,#3330,#269,.T.);
#4195=EDGE_CURVE('',#3331,#3329,#1846,.T.);
#4196=EDGE_CURVE('',#3332,#3331,#270,.T.);
#4197=EDGE_CURVE('',#3333,#3332,#271,.T.);
#4198=EDGE_CURVE('',#3334,#3333,#272,.T.);
#4199=EDGE_CURVE('',#3335,#3334,#273,.T.);
#4200=EDGE_CURVE('',#3336,#3335,#274,.T.);
#4201=EDGE_CURVE('',#3337,#3336,#275,.T.);
#4202=EDGE_CURVE('',#3338,#3337,#1847,.T.);
#4203=EDGE_CURVE('',#3339,#3338,#276,.T.);
#4204=EDGE_CURVE('',#3340,#3339,#277,.T.);
#4205=EDGE_CURVE('',#3341,#3340,#278,.T.);
#4206=EDGE_CURVE('',#3342,#3341,#279,.T.);
#4207=EDGE_CURVE('',#3330,#3342,#280,.T.);
#4208=EDGE_CURVE('',#3343,#3344,#281,.T.);
#4209=EDGE_CURVE('',#3344,#3345,#282,.T.);
#4210=EDGE_CURVE('',#3345,#3346,#1848,.T.);
#4211=EDGE_CURVE('',#3346,#3347,#283,.T.);
#4212=EDGE_CURVE('',#3347,#3348,#284,.T.);
#4213=EDGE_CURVE('',#3348,#3349,#285,.T.);
#4214=EDGE_CURVE('',#3349,#3350,#286,.T.);
#4215=EDGE_CURVE('',#3350,#3351,#1849,.T.);
#4216=EDGE_CURVE('',#3351,#3352,#287,.T.);
#4217=EDGE_CURVE('',#3352,#3343,#288,.T.);
#4218=EDGE_CURVE('',#3330,#3353,#1850,.T.);
#4219=EDGE_CURVE('',#3354,#3353,#289,.T.);
#4220=EDGE_CURVE('',#3329,#3354,#1851,.T.);
#4221=EDGE_CURVE('',#3355,#3354,#1852,.T.);
#4222=EDGE_CURVE('',#3331,#3355,#1853,.T.);
#4223=EDGE_CURVE('',#3356,#3355,#290,.T.);
#4224=EDGE_CURVE('',#3332,#3356,#1854,.T.);
#4225=EDGE_CURVE('',#3357,#3356,#291,.T.);
#4226=EDGE_CURVE('',#3333,#3357,#1855,.T.);
#4227=EDGE_CURVE('',#3358,#3357,#292,.T.);
#4228=EDGE_CURVE('',#3334,#3358,#1856,.T.);
#4229=EDGE_CURVE('',#3359,#3358,#293,.T.);
#4230=EDGE_CURVE('',#3335,#3359,#1857,.T.);
#4231=EDGE_CURVE('',#3360,#3359,#294,.T.);
#4232=EDGE_CURVE('',#3336,#3360,#1858,.T.);
#4233=EDGE_CURVE('',#3361,#3360,#295,.T.);
#4234=EDGE_CURVE('',#3337,#3361,#1859,.T.);
#4235=EDGE_CURVE('',#3362,#3361,#1860,.T.);
#4236=EDGE_CURVE('',#3338,#3362,#1861,.T.);
#4237=EDGE_CURVE('',#3363,#3362,#296,.T.);
#4238=EDGE_CURVE('',#3339,#3363,#1862,.T.);
#4239=EDGE_CURVE('',#3364,#3363,#297,.T.);
#4240=EDGE_CURVE('',#3340,#3364,#1863,.T.);
#4241=EDGE_CURVE('',#3365,#3364,#298,.T.);
#4242=EDGE_CURVE('',#3341,#3365,#1864,.T.);
#4243=EDGE_CURVE('',#3366,#3365,#299,.T.);
#4244=EDGE_CURVE('',#3342,#3366,#1865,.T.);
#4245=EDGE_CURVE('',#3353,#3366,#300,.T.);
#4246=EDGE_CURVE('',#3343,#3367,#1866,.T.);
#4247=EDGE_CURVE('',#3368,#3367,#301,.T.);
#4248=EDGE_CURVE('',#3344,#3368,#1867,.T.);
#4249=EDGE_CURVE('',#3369,#3368,#302,.T.);
#4250=EDGE_CURVE('',#3345,#3369,#1868,.T.);
#4251=EDGE_CURVE('',#3370,#3369,#1869,.T.);
#4252=EDGE_CURVE('',#3346,#3370,#1870,.T.);
#4253=EDGE_CURVE('',#3371,#3370,#303,.T.);
#4254=EDGE_CURVE('',#3347,#3371,#1871,.T.);
#4255=EDGE_CURVE('',#3372,#3371,#304,.T.);
#4256=EDGE_CURVE('',#3348,#3372,#1872,.T.);
#4257=EDGE_CURVE('',#3373,#3372,#305,.T.);
#4258=EDGE_CURVE('',#3349,#3373,#1873,.T.);
#4259=EDGE_CURVE('',#3374,#3373,#306,.T.);
#4260=EDGE_CURVE('',#3350,#3374,#1874,.T.);
#4261=EDGE_CURVE('',#3375,#3374,#1875,.T.);
#4262=EDGE_CURVE('',#3351,#3375,#1876,.T.);
#4263=EDGE_CURVE('',#3376,#3375,#307,.T.);
#4264=EDGE_CURVE('',#3352,#3376,#1877,.T.);
#4265=EDGE_CURVE('',#3367,#3376,#308,.T.);
#4266=EDGE_CURVE('',#3377,#3378,#309,.T.);
#4267=EDGE_CURVE('',#3379,#3377,#1878,.T.);
#4268=EDGE_CURVE('',#3380,#3379,#1879,.T.);
#4269=EDGE_CURVE('',#3381,#3380,#1880,.T.);
#4270=EDGE_CURVE('',#3382,#3381,#310,.T.);
#4271=EDGE_CURVE('',#3383,#3382,#311,.T.);
#4272=EDGE_CURVE('',#3384,#3383,#312,.T.);
#4273=EDGE_CURVE('',#3385,#3384,#313,.T.);
#4274=EDGE_CURVE('',#3386,#3385,#314,.T.);
#4275=EDGE_CURVE('',#3387,#3386,#1881,.T.);
#4276=EDGE_CURVE('',#3388,#3387,#315,.T.);
#4277=EDGE_CURVE('',#3389,#3388,#316,.T.);
#4278=EDGE_CURVE('',#3390,#3389,#317,.T.);
#4279=EDGE_CURVE('',#3391,#3390,#318,.T.);
#4280=EDGE_CURVE('',#3392,#3391,#1882,.T.);
#4281=EDGE_CURVE('',#3393,#3392,#1883,.T.);
#4282=EDGE_CURVE('',#3394,#3393,#319,.T.);
#4283=EDGE_CURVE('',#3395,#3394,#320,.T.);
#4284=EDGE_CURVE('',#3396,#3395,#321,.T.);
#4285=EDGE_CURVE('',#3397,#3396,#322,.T.);
#4286=EDGE_CURVE('',#3398,#3397,#323,.T.);
#4287=EDGE_CURVE('',#3378,#3398,#324,.T.);
#4288=EDGE_CURVE('',#3399,#3400,#325,.T.);
#4289=EDGE_CURVE('',#3400,#3401,#326,.T.);
#4290=EDGE_CURVE('',#3401,#3402,#327,.T.);
#4291=EDGE_CURVE('',#3402,#3403,#328,.T.);
#4292=EDGE_CURVE('',#3403,#3404,#329,.T.);
#4293=EDGE_CURVE('',#3404,#3405,#330,.T.);
#4294=EDGE_CURVE('',#3405,#3406,#1884,.T.);
#4295=EDGE_CURVE('',#3406,#3399,#1885,.T.);
#4296=EDGE_CURVE('',#3378,#3407,#1886,.T.);
#4297=EDGE_CURVE('',#3408,#3407,#331,.T.);
#4298=EDGE_CURVE('',#3377,#3408,#1887,.T.);
#4299=EDGE_CURVE('',#3409,#3408,#1888,.T.);
#4300=EDGE_CURVE('',#3379,#3409,#1889,.T.);
#4301=EDGE_CURVE('',#3410,#3409,#1890,.T.);
#4302=EDGE_CURVE('',#3380,#3410,#1891,.T.);
#4303=EDGE_CURVE('',#3411,#3410,#1892,.T.);
#4304=EDGE_CURVE('',#3381,#3411,#1893,.T.);
#4305=EDGE_CURVE('',#3412,#3411,#332,.T.);
#4306=EDGE_CURVE('',#3382,#3412,#1894,.T.);
#4307=EDGE_CURVE('',#3413,#3412,#333,.T.);
#4308=EDGE_CURVE('',#3383,#3413,#1895,.T.);
#4309=EDGE_CURVE('',#3414,#3413,#334,.T.);
#4310=EDGE_CURVE('',#3384,#3414,#1896,.T.);
#4311=EDGE_CURVE('',#3415,#3414,#335,.T.);
#4312=EDGE_CURVE('',#3385,#3415,#1897,.T.);
#4313=EDGE_CURVE('',#3416,#3415,#336,.T.);
#4314=EDGE_CURVE('',#3386,#3416,#1898,.T.);
#4315=EDGE_CURVE('',#3417,#3416,#1899,.T.);
#4316=EDGE_CURVE('',#3387,#3417,#1900,.T.);
#4317=EDGE_CURVE('',#3418,#3417,#337,.T.);
#4318=EDGE_CURVE('',#3388,#3418,#1901,.T.);
#4319=EDGE_CURVE('',#3419,#3418,#338,.T.);
#4320=EDGE_CURVE('',#3389,#3419,#1902,.T.);
#4321=EDGE_CURVE('',#3420,#3419,#339,.T.);
#4322=EDGE_CURVE('',#3390,#3420,#1903,.T.);
#4323=EDGE_CURVE('',#3421,#3420,#340,.T.);
#4324=EDGE_CURVE('',#3391,#3421,#1904,.T.);
#4325=EDGE_CURVE('',#3422,#3421,#1905,.T.);
#4326=EDGE_CURVE('',#3392,#3422,#1906,.T.);
#4327=EDGE_CURVE('',#3423,#3422,#1907,.T.);
#4328=EDGE_CURVE('',#3393,#3423,#1908,.T.);
#4329=EDGE_CURVE('',#3424,#3423,#341,.T.);
#4330=EDGE_CURVE('',#3394,#3424,#1909,.T.);
#4331=EDGE_CURVE('',#3425,#3424,#342,.T.);
#4332=EDGE_CURVE('',#3395,#3425,#1910,.T.);
#4333=EDGE_CURVE('',#3426,#3425,#343,.T.);
#4334=EDGE_CURVE('',#3396,#3426,#1911,.T.);
#4335=EDGE_CURVE('',#3427,#3426,#344,.T.);
#4336=EDGE_CURVE('',#3397,#3427,#1912,.T.);
#4337=EDGE_CURVE('',#3428,#3427,#345,.T.);
#4338=EDGE_CURVE('',#3398,#3428,#1913,.T.);
#4339=EDGE_CURVE('',#3407,#3428,#346,.T.);
#4340=EDGE_CURVE('',#3399,#3429,#1914,.T.);
#4341=EDGE_CURVE('',#3430,#3429,#347,.T.);
#4342=EDGE_CURVE('',#3400,#3430,#1915,.T.);
#4343=EDGE_CURVE('',#3431,#3430,#348,.T.);
#4344=EDGE_CURVE('',#3401,#3431,#1916,.T.);
#4345=EDGE_CURVE('',#3432,#3431,#349,.T.);
#4346=EDGE_CURVE('',#3402,#3432,#1917,.T.);
#4347=EDGE_CURVE('',#3433,#3432,#350,.T.);
#4348=EDGE_CURVE('',#3403,#3433,#1918,.T.);
#4349=EDGE_CURVE('',#3434,#3433,#351,.T.);
#4350=EDGE_CURVE('',#3404,#3434,#1919,.T.);
#4351=EDGE_CURVE('',#3435,#3434,#352,.T.);
#4352=EDGE_CURVE('',#3405,#3435,#1920,.T.);
#4353=EDGE_CURVE('',#3436,#3435,#1921,.T.);
#4354=EDGE_CURVE('',#3406,#3436,#1922,.T.);
#4355=EDGE_CURVE('',#3429,#3436,#1923,.T.);
#4356=EDGE_CURVE('',#3437,#3438,#1924,.T.);
#4357=EDGE_CURVE('',#3439,#3437,#1925,.T.);
#4358=EDGE_CURVE('',#3440,#3439,#1926,.T.);
#4359=EDGE_CURVE('',#3441,#3440,#1927,.T.);
#4360=EDGE_CURVE('',#3442,#3441,#1928,.T.);
#4361=EDGE_CURVE('',#3443,#3442,#1929,.T.);
#4362=EDGE_CURVE('',#3438,#3443,#1930,.T.);
#4363=EDGE_CURVE('',#3438,#3444,#1931,.T.);
#4364=EDGE_CURVE('',#3445,#3444,#1932,.T.);
#4365=EDGE_CURVE('',#3437,#3445,#1933,.T.);
#4366=EDGE_CURVE('',#3446,#3445,#1934,.T.);
#4367=EDGE_CURVE('',#3439,#3446,#1935,.T.);
#4368=EDGE_CURVE('',#3447,#3446,#1936,.T.);
#4369=EDGE_CURVE('',#3440,#3447,#1937,.T.);
#4370=EDGE_CURVE('',#3448,#3447,#1938,.T.);
#4371=EDGE_CURVE('',#3441,#3448,#1939,.T.);
#4372=EDGE_CURVE('',#3449,#3448,#1940,.T.);
#4373=EDGE_CURVE('',#3442,#3449,#1941,.T.);
#4374=EDGE_CURVE('',#3450,#3449,#1942,.T.);
#4375=EDGE_CURVE('',#3443,#3450,#1943,.T.);
#4376=EDGE_CURVE('',#3444,#3450,#1944,.T.);
#4377=EDGE_CURVE('',#3451,#3452,#1945,.T.);
#4378=EDGE_CURVE('',#3453,#3451,#1946,.T.);
#4379=EDGE_CURVE('',#3454,#3453,#1947,.T.);
#4380=EDGE_CURVE('',#3452,#3454,#1948,.T.);
#4381=EDGE_CURVE('',#3452,#3455,#1949,.T.);
#4382=EDGE_CURVE('',#3456,#3455,#1950,.T.);
#4383=EDGE_CURVE('',#3451,#3456,#1951,.T.);
#4384=EDGE_CURVE('',#3457,#3456,#1952,.T.);
#4385=EDGE_CURVE('',#3453,#3457,#1953,.T.);
#4386=EDGE_CURVE('',#3458,#3457,#1954,.T.);
#4387=EDGE_CURVE('',#3454,#3458,#1955,.T.);
#4388=EDGE_CURVE('',#3455,#3458,#1956,.T.);
#4389=EDGE_CURVE('',#3459,#3460,#1957,.T.);
#4390=EDGE_CURVE('',#3461,#3459,#1958,.T.);
#4391=EDGE_CURVE('',#3462,#3461,#1959,.T.);
#4392=EDGE_CURVE('',#3463,#3462,#1960,.T.);
#4393=EDGE_CURVE('',#3464,#3463,#1961,.T.);
#4394=EDGE_CURVE('',#3465,#3464,#353,.T.);
#4395=EDGE_CURVE('',#3466,#3465,#354,.T.);
#4396=EDGE_CURVE('',#3467,#3466,#355,.T.);
#4397=EDGE_CURVE('',#3468,#3467,#356,.T.);
#4398=EDGE_CURVE('',#3469,#3468,#357,.T.);
#4399=EDGE_CURVE('',#3470,#3469,#1962,.T.);
#4400=EDGE_CURVE('',#3471,#3470,#358,.T.);
#4401=EDGE_CURVE('',#3472,#3471,#359,.T.);
#4402=EDGE_CURVE('',#3473,#3472,#360,.T.);
#4403=EDGE_CURVE('',#3474,#3473,#361,.T.);
#4404=EDGE_CURVE('',#3460,#3474,#362,.T.);
#4405=EDGE_CURVE('',#3475,#3476,#363,.T.);
#4406=EDGE_CURVE('',#3476,#3477,#364,.T.);
#4407=EDGE_CURVE('',#3477,#3478,#365,.T.);
#4408=EDGE_CURVE('',#3478,#3479,#366,.T.);
#4409=EDGE_CURVE('',#3479,#3480,#367,.T.);
#4410=EDGE_CURVE('',#3480,#3481,#1963,.T.);
#4411=EDGE_CURVE('',#3481,#3482,#368,.T.);
#4412=EDGE_CURVE('',#3482,#3483,#369,.T.);
#4413=EDGE_CURVE('',#3483,#3484,#370,.T.);
#4414=EDGE_CURVE('',#3484,#3485,#371,.T.);
#4415=EDGE_CURVE('',#3485,#3486,#372,.T.);
#4416=EDGE_CURVE('',#3486,#3475,#1964,.T.);
#4417=EDGE_CURVE('',#3460,#3487,#1965,.T.);
#4418=EDGE_CURVE('',#3488,#3487,#1966,.T.);
#4419=EDGE_CURVE('',#3459,#3488,#1967,.T.);
#4420=EDGE_CURVE('',#3489,#3488,#1968,.T.);
#4421=EDGE_CURVE('',#3461,#3489,#1969,.T.);
#4422=EDGE_CURVE('',#3490,#3489,#1970,.T.);
#4423=EDGE_CURVE('',#3462,#3490,#1971,.T.);
#4424=EDGE_CURVE('',#3491,#3490,#1972,.T.);
#4425=EDGE_CURVE('',#3463,#3491,#1973,.T.);
#4426=EDGE_CURVE('',#3492,#3491,#1974,.T.);
#4427=EDGE_CURVE('',#3464,#3492,#1975,.T.);
#4428=EDGE_CURVE('',#3493,#3492,#373,.T.);
#4429=EDGE_CURVE('',#3465,#3493,#1976,.T.);
#4430=EDGE_CURVE('',#3494,#3493,#374,.T.);
#4431=EDGE_CURVE('',#3466,#3494,#1977,.T.);
#4432=EDGE_CURVE('',#3495,#3494,#375,.T.);
#4433=EDGE_CURVE('',#3467,#3495,#1978,.T.);
#4434=EDGE_CURVE('',#3496,#3495,#376,.T.);
#4435=EDGE_CURVE('',#3468,#3496,#1979,.T.);
#4436=EDGE_CURVE('',#3497,#3496,#377,.T.);
#4437=EDGE_CURVE('',#3469,#3497,#1980,.T.);
#4438=EDGE_CURVE('',#3498,#3497,#1981,.T.);
#4439=EDGE_CURVE('',#3470,#3498,#1982,.T.);
#4440=EDGE_CURVE('',#3499,#3498,#378,.T.);
#4441=EDGE_CURVE('',#3471,#3499,#1983,.T.);
#4442=EDGE_CURVE('',#3500,#3499,#379,.T.);
#4443=EDGE_CURVE('',#3472,#3500,#1984,.T.);
#4444=EDGE_CURVE('',#3501,#3500,#380,.T.);
#4445=EDGE_CURVE('',#3473,#3501,#1985,.T.);
#4446=EDGE_CURVE('',#3502,#3501,#381,.T.);
#4447=EDGE_CURVE('',#3474,#3502,#1986,.T.);
#4448=EDGE_CURVE('',#3487,#3502,#382,.T.);
#4449=EDGE_CURVE('',#3475,#3503,#1987,.T.);
#4450=EDGE_CURVE('',#3504,#3503,#383,.T.);
#4451=EDGE_CURVE('',#3476,#3504,#1988,.T.);
#4452=EDGE_CURVE('',#3505,#3504,#384,.T.);
#4453=EDGE_CURVE('',#3477,#3505,#1989,.T.);
#4454=EDGE_CURVE('',#3506,#3505,#385,.T.);
#4455=EDGE_CURVE('',#3478,#3506,#1990,.T.);
#4456=EDGE_CURVE('',#3507,#3506,#386,.T.);
#4457=EDGE_CURVE('',#3479,#3507,#1991,.T.);
#4458=EDGE_CURVE('',#3508,#3507,#387,.T.);
#4459=EDGE_CURVE('',#3480,#3508,#1992,.T.);
#4460=EDGE_CURVE('',#3509,#3508,#1993,.T.);
#4461=EDGE_CURVE('',#3481,#3509,#1994,.T.);
#4462=EDGE_CURVE('',#3510,#3509,#388,.T.);
#4463=EDGE_CURVE('',#3482,#3510,#1995,.T.);
#4464=EDGE_CURVE('',#3511,#3510,#389,.T.);
#4465=EDGE_CURVE('',#3483,#3511,#1996,.T.);
#4466=EDGE_CURVE('',#3512,#3511,#390,.T.);
#4467=EDGE_CURVE('',#3484,#3512,#1997,.T.);
#4468=EDGE_CURVE('',#3513,#3512,#391,.T.);
#4469=EDGE_CURVE('',#3485,#3513,#1998,.T.);
#4470=EDGE_CURVE('',#3514,#3513,#392,.T.);
#4471=EDGE_CURVE('',#3486,#3514,#1999,.T.);
#4472=EDGE_CURVE('',#3503,#3514,#2000,.T.);
#4473=EDGE_CURVE('',#3515,#3516,#393,.T.);
#4474=EDGE_CURVE('',#3517,#3515,#394,.T.);
#4475=EDGE_CURVE('',#3518,#3517,#395,.T.);
#4476=EDGE_CURVE('',#3519,#3518,#2001,.T.);
#4477=EDGE_CURVE('',#3520,#3519,#396,.T.);
#4478=EDGE_CURVE('',#3521,#3520,#397,.T.);
#4479=EDGE_CURVE('',#3522,#3521,#398,.T.);
#4480=EDGE_CURVE('',#3523,#3522,#399,.T.);
#4481=EDGE_CURVE('',#3524,#3523,#400,.T.);
#4482=EDGE_CURVE('',#3525,#3524,#401,.T.);
#4483=EDGE_CURVE('',#3526,#3525,#402,.T.);
#4484=EDGE_CURVE('',#3527,#3526,#403,.T.);
#4485=EDGE_CURVE('',#3528,#3527,#404,.T.);
#4486=EDGE_CURVE('',#3529,#3528,#2002,.T.);
#4487=EDGE_CURVE('',#3530,#3529,#2003,.T.);
#4488=EDGE_CURVE('',#3516,#3530,#2004,.T.);
#4489=EDGE_CURVE('',#3531,#3532,#2005,.T.);
#4490=EDGE_CURVE('',#3532,#3533,#405,.T.);
#4491=EDGE_CURVE('',#3533,#3534,#406,.T.);
#4492=EDGE_CURVE('',#3534,#3535,#407,.T.);
#4493=EDGE_CURVE('',#3535,#3536,#408,.T.);
#4494=EDGE_CURVE('',#3536,#3537,#2006,.T.);
#4495=EDGE_CURVE('',#3537,#3531,#2007,.T.);
#4496=EDGE_CURVE('',#3538,#3539,#2008,.T.);
#4497=EDGE_CURVE('',#3539,#3540,#409,.T.);
#4498=EDGE_CURVE('',#3540,#3541,#410,.T.);
#4499=EDGE_CURVE('',#3541,#3542,#411,.T.);
#4500=EDGE_CURVE('',#3542,#3543,#2009,.T.);
#4501=EDGE_CURVE('',#3543,#3544,#412,.T.);
#4502=EDGE_CURVE('',#3544,#3545,#413,.T.);
#4503=EDGE_CURVE('',#3545,#3546,#2010,.T.);
#4504=EDGE_CURVE('',#3546,#3538,#2011,.T.);
#4505=EDGE_CURVE('',#3516,#3547,#2012,.T.);
#4506=EDGE_CURVE('',#3548,#3547,#414,.T.);
#4507=EDGE_CURVE('',#3515,#3548,#2013,.T.);
#4508=EDGE_CURVE('',#3549,#3548,#415,.T.);
#4509=EDGE_CURVE('',#3517,#3549,#2014,.T.);
#4510=EDGE_CURVE('',#3550,#3549,#416,.T.);
#4511=EDGE_CURVE('',#3518,#3550,#2015,.T.);
#4512=EDGE_CURVE('',#3551,#3550,#2016,.T.);
#4513=EDGE_CURVE('',#3519,#3551,#2017,.T.);
#4514=EDGE_CURVE('',#3552,#3551,#417,.T.);
#4515=EDGE_CURVE('',#3520,#3552,#2018,.T.);
#4516=EDGE_CURVE('',#3553,#3552,#418,.T.);
#4517=EDGE_CURVE('',#3521,#3553,#2019,.T.);
#4518=EDGE_CURVE('',#3554,#3553,#419,.T.);
#4519=EDGE_CURVE('',#3522,#3554,#2020,.T.);
#4520=EDGE_CURVE('',#3555,#3554,#420,.T.);
#4521=EDGE_CURVE('',#3523,#3555,#2021,.T.);
#4522=EDGE_CURVE('',#3556,#3555,#421,.T.);
#4523=EDGE_CURVE('',#3524,#3556,#2022,.T.);
#4524=EDGE_CURVE('',#3557,#3556,#422,.T.);
#4525=EDGE_CURVE('',#3525,#3557,#2023,.T.);
#4526=EDGE_CURVE('',#3558,#3557,#423,.T.);
#4527=EDGE_CURVE('',#3526,#3558,#2024,.T.);
#4528=EDGE_CURVE('',#3559,#3558,#424,.T.);
#4529=EDGE_CURVE('',#3527,#3559,#2025,.T.);
#4530=EDGE_CURVE('',#3560,#3559,#425,.T.);
#4531=EDGE_CURVE('',#3528,#3560,#2026,.T.);
#4532=EDGE_CURVE('',#3561,#3560,#2027,.T.);
#4533=EDGE_CURVE('',#3529,#3561,#2028,.T.);
#4534=EDGE_CURVE('',#3562,#3561,#2029,.T.);
#4535=EDGE_CURVE('',#3530,#3562,#2030,.T.);
#4536=EDGE_CURVE('',#3547,#3562,#2031,.T.);
#4537=EDGE_CURVE('',#3531,#3563,#2032,.T.);
#4538=EDGE_CURVE('',#3564,#3563,#2033,.T.);
#4539=EDGE_CURVE('',#3532,#3564,#2034,.T.);
#4540=EDGE_CURVE('',#3565,#3564,#426,.T.);
#4541=EDGE_CURVE('',#3533,#3565,#2035,.T.);
#4542=EDGE_CURVE('',#3566,#3565,#427,.T.);
#4543=EDGE_CURVE('',#3534,#3566,#2036,.T.);
#4544=EDGE_CURVE('',#3567,#3566,#428,.T.);
#4545=EDGE_CURVE('',#3535,#3567,#2037,.T.);
#4546=EDGE_CURVE('',#3568,#3567,#429,.T.);
#4547=EDGE_CURVE('',#3536,#3568,#2038,.T.);
#4548=EDGE_CURVE('',#3569,#3568,#2039,.T.);
#4549=EDGE_CURVE('',#3537,#3569,#2040,.T.);
#4550=EDGE_CURVE('',#3563,#3569,#2041,.T.);
#4551=EDGE_CURVE('',#3538,#3570,#2042,.T.);
#4552=EDGE_CURVE('',#3571,#3570,#2043,.T.);
#4553=EDGE_CURVE('',#3539,#3571,#2044,.T.);
#4554=EDGE_CURVE('',#3572,#3571,#430,.T.);
#4555=EDGE_CURVE('',#3540,#3572,#2045,.T.);
#4556=EDGE_CURVE('',#3573,#3572,#431,.T.);
#4557=EDGE_CURVE('',#3541,#3573,#2046,.T.);
#4558=EDGE_CURVE('',#3574,#3573,#432,.T.);
#4559=EDGE_CURVE('',#3542,#3574,#2047,.T.);
#4560=EDGE_CURVE('',#3575,#3574,#2048,.T.);
#4561=EDGE_CURVE('',#3543,#3575,#2049,.T.);
#4562=EDGE_CURVE('',#3576,#3575,#433,.T.);
#4563=EDGE_CURVE('',#3544,#3576,#2050,.T.);
#4564=EDGE_CURVE('',#3577,#3576,#434,.T.);
#4565=EDGE_CURVE('',#3545,#3577,#2051,.T.);
#4566=EDGE_CURVE('',#3578,#3577,#2052,.T.);
#4567=EDGE_CURVE('',#3546,#3578,#2053,.T.);
#4568=EDGE_CURVE('',#3570,#3578,#2054,.T.);
#4569=EDGE_CURVE('',#3579,#3580,#435,.T.);
#4570=EDGE_CURVE('',#3581,#3579,#2055,.T.);
#4571=EDGE_CURVE('',#3582,#3581,#2056,.T.);
#4572=EDGE_CURVE('',#3583,#3582,#2057,.T.);
#4573=EDGE_CURVE('',#3584,#3583,#436,.T.);
#4574=EDGE_CURVE('',#3585,#3584,#437,.T.);
#4575=EDGE_CURVE('',#3586,#3585,#438,.T.);
#4576=EDGE_CURVE('',#3587,#3586,#439,.T.);
#4577=EDGE_CURVE('',#3588,#3587,#440,.T.);
#4578=EDGE_CURVE('',#3589,#3588,#2058,.T.);
#4579=EDGE_CURVE('',#3590,#3589,#441,.T.);
#4580=EDGE_CURVE('',#3591,#3590,#442,.T.);
#4581=EDGE_CURVE('',#3592,#3591,#443,.T.);
#4582=EDGE_CURVE('',#3593,#3592,#444,.T.);
#4583=EDGE_CURVE('',#3594,#3593,#2059,.T.);
#4584=EDGE_CURVE('',#3595,#3594,#2060,.T.);
#4585=EDGE_CURVE('',#3596,#3595,#445,.T.);
#4586=EDGE_CURVE('',#3597,#3596,#446,.T.);
#4587=EDGE_CURVE('',#3598,#3597,#447,.T.);
#4588=EDGE_CURVE('',#3599,#3598,#448,.T.);
#4589=EDGE_CURVE('',#3600,#3599,#449,.T.);
#4590=EDGE_CURVE('',#3580,#3600,#450,.T.);
#4591=EDGE_CURVE('',#3601,#3602,#451,.T.);
#4592=EDGE_CURVE('',#3602,#3603,#452,.T.);
#4593=EDGE_CURVE('',#3603,#3604,#453,.T.);
#4594=EDGE_CURVE('',#3604,#3605,#454,.T.);
#4595=EDGE_CURVE('',#3605,#3606,#455,.T.);
#4596=EDGE_CURVE('',#3606,#3607,#456,.T.);
#4597=EDGE_CURVE('',#3607,#3608,#2061,.T.);
#4598=EDGE_CURVE('',#3608,#3601,#2062,.T.);
#4599=EDGE_CURVE('',#3580,#3609,#2063,.T.);
#4600=EDGE_CURVE('',#3610,#3609,#457,.T.);
#4601=EDGE_CURVE('',#3579,#3610,#2064,.T.);
#4602=EDGE_CURVE('',#3611,#3610,#2065,.T.);
#4603=EDGE_CURVE('',#3581,#3611,#2066,.T.);
#4604=EDGE_CURVE('',#3612,#3611,#2067,.T.);
#4605=EDGE_CURVE('',#3582,#3612,#2068,.T.);
#4606=EDGE_CURVE('',#3613,#3612,#2069,.T.);
#4607=EDGE_CURVE('',#3583,#3613,#2070,.T.);
#4608=EDGE_CURVE('',#3614,#3613,#458,.T.);
#4609=EDGE_CURVE('',#3584,#3614,#2071,.T.);
#4610=EDGE_CURVE('',#3615,#3614,#459,.T.);
#4611=EDGE_CURVE('',#3585,#3615,#2072,.T.);
#4612=EDGE_CURVE('',#3616,#3615,#460,.T.);
#4613=EDGE_CURVE('',#3586,#3616,#2073,.T.);
#4614=EDGE_CURVE('',#3617,#3616,#461,.T.);
#4615=EDGE_CURVE('',#3587,#3617,#2074,.T.);
#4616=EDGE_CURVE('',#3618,#3617,#462,.T.);
#4617=EDGE_CURVE('',#3588,#3618,#2075,.T.);
#4618=EDGE_CURVE('',#3619,#3618,#2076,.T.);
#4619=EDGE_CURVE('',#3589,#3619,#2077,.T.);
#4620=EDGE_CURVE('',#3620,#3619,#463,.T.);
#4621=EDGE_CURVE('',#3590,#3620,#2078,.T.);
#4622=EDGE_CURVE('',#3621,#3620,#464,.T.);
#4623=EDGE_CURVE('',#3591,#3621,#2079,.T.);
#4624=EDGE_CURVE('',#3622,#3621,#465,.T.);
#4625=EDGE_CURVE('',#3592,#3622,#2080,.T.);
#4626=EDGE_CURVE('',#3623,#3622,#466,.T.);
#4627=EDGE_CURVE('',#3593,#3623,#2081,.T.);
#4628=EDGE_CURVE('',#3624,#3623,#2082,.T.);
#4629=EDGE_CURVE('',#3594,#3624,#2083,.T.);
#4630=EDGE_CURVE('',#3625,#3624,#2084,.T.);
#4631=EDGE_CURVE('',#3595,#3625,#2085,.T.);
#4632=EDGE_CURVE('',#3626,#3625,#467,.T.);
#4633=EDGE_CURVE('',#3596,#3626,#2086,.T.);
#4634=EDGE_CURVE('',#3627,#3626,#468,.T.);
#4635=EDGE_CURVE('',#3597,#3627,#2087,.T.);
#4636=EDGE_CURVE('',#3628,#3627,#469,.T.);
#4637=EDGE_CURVE('',#3598,#3628,#2088,.T.);
#4638=EDGE_CURVE('',#3629,#3628,#470,.T.);
#4639=EDGE_CURVE('',#3599,#3629,#2089,.T.);
#4640=EDGE_CURVE('',#3630,#3629,#471,.T.);
#4641=EDGE_CURVE('',#3600,#3630,#2090,.T.);
#4642=EDGE_CURVE('',#3609,#3630,#472,.T.);
#4643=EDGE_CURVE('',#3601,#3631,#2091,.T.);
#4644=EDGE_CURVE('',#3632,#3631,#473,.T.);
#4645=EDGE_CURVE('',#3602,#3632,#2092,.T.);
#4646=EDGE_CURVE('',#3633,#3632,#474,.T.);
#4647=EDGE_CURVE('',#3603,#3633,#2093,.T.);
#4648=EDGE_CURVE('',#3634,#3633,#475,.T.);
#4649=EDGE_CURVE('',#3604,#3634,#2094,.T.);
#4650=EDGE_CURVE('',#3635,#3634,#476,.T.);
#4651=EDGE_CURVE('',#3605,#3635,#2095,.T.);
#4652=EDGE_CURVE('',#3636,#3635,#477,.T.);
#4653=EDGE_CURVE('',#3606,#3636,#2096,.T.);
#4654=EDGE_CURVE('',#3637,#3636,#478,.T.);
#4655=EDGE_CURVE('',#3607,#3637,#2097,.T.);
#4656=EDGE_CURVE('',#3638,#3637,#2098,.T.);
#4657=EDGE_CURVE('',#3608,#3638,#2099,.T.);
#4658=EDGE_CURVE('',#3631,#3638,#2100,.T.);
#4659=EDGE_CURVE('',#3639,#3640,#479,.T.);
#4660=EDGE_CURVE('',#3641,#3639,#2101,.T.);
#4661=EDGE_CURVE('',#3642,#3641,#2102,.T.);
#4662=EDGE_CURVE('',#3643,#3642,#2103,.T.);
#4663=EDGE_CURVE('',#3644,#3643,#480,.T.);
#4664=EDGE_CURVE('',#3645,#3644,#481,.T.);
#4665=EDGE_CURVE('',#3646,#3645,#482,.T.);
#4666=EDGE_CURVE('',#3647,#3646,#2104,.T.);
#4667=EDGE_CURVE('',#3648,#3647,#2105,.T.);
#4668=EDGE_CURVE('',#3649,#3648,#2106,.T.);
#4669=EDGE_CURVE('',#3650,#3649,#2107,.T.);
#4670=EDGE_CURVE('',#3651,#3650,#2108,.T.);
#4671=EDGE_CURVE('',#3652,#3651,#2109,.T.);
#4672=EDGE_CURVE('',#3653,#3652,#2110,.T.);
#4673=EDGE_CURVE('',#3640,#3653,#483,.T.);
#4674=EDGE_CURVE('',#3640,#3654,#2111,.T.);
#4675=EDGE_CURVE('',#3655,#3654,#484,.T.);
#4676=EDGE_CURVE('',#3639,#3655,#2112,.T.);
#4677=EDGE_CURVE('',#3656,#3655,#2113,.T.);
#4678=EDGE_CURVE('',#3641,#3656,#2114,.T.);
#4679=EDGE_CURVE('',#3657,#3656,#2115,.T.);
#4680=EDGE_CURVE('',#3642,#3657,#2116,.T.);
#4681=EDGE_CURVE('',#3658,#3657,#2117,.T.);
#4682=EDGE_CURVE('',#3643,#3658,#2118,.T.);
#4683=EDGE_CURVE('',#3659,#3658,#485,.T.);
#4684=EDGE_CURVE('',#3644,#3659,#2119,.T.);
#4685=EDGE_CURVE('',#3660,#3659,#486,.T.);
#4686=EDGE_CURVE('',#3645,#3660,#2120,.T.);
#4687=EDGE_CURVE('',#3661,#3660,#487,.T.);
#4688=EDGE_CURVE('',#3646,#3661,#2121,.T.);
#4689=EDGE_CURVE('',#3662,#3661,#2122,.T.);
#4690=EDGE_CURVE('',#3647,#3662,#2123,.T.);
#4691=EDGE_CURVE('',#3663,#3662,#2124,.T.);
#4692=EDGE_CURVE('',#3648,#3663,#2125,.T.);
#4693=EDGE_CURVE('',#3664,#3663,#2126,.T.);
#4694=EDGE_CURVE('',#3649,#3664,#2127,.T.);
#4695=EDGE_CURVE('',#3665,#3664,#2128,.T.);
#4696=EDGE_CURVE('',#3650,#3665,#2129,.T.);
#4697=EDGE_CURVE('',#3666,#3665,#2130,.T.);
#4698=EDGE_CURVE('',#3651,#3666,#2131,.T.);
#4699=EDGE_CURVE('',#3667,#3666,#2132,.T.);
#4700=EDGE_CURVE('',#3652,#3667,#2133,.T.);
#4701=EDGE_CURVE('',#3668,#3667,#2134,.T.);
#4702=EDGE_CURVE('',#3653,#3668,#2135,.T.);
#4703=EDGE_CURVE('',#3654,#3668,#488,.T.);
#4704=EDGE_CURVE('',#3669,#3670,#761,.T.);
#4705=EDGE_CURVE('',#3670,#3671,#762,.T.);
#4706=EDGE_CURVE('',#3671,#3672,#763,.T.);
#4707=EDGE_CURVE('',#3672,#3669,#764,.T.);
#4708=EDGE_CURVE('',#3673,#3674,#765,.T.);
#4709=EDGE_CURVE('',#3672,#3674,#2136,.T.);
#4710=EDGE_CURVE('',#3671,#3673,#2137,.T.);
#4711=EDGE_CURVE('',#3673,#3675,#766,.T.);
#4712=EDGE_CURVE('',#3675,#3676,#767,.T.);
#4713=EDGE_CURVE('',#3676,#3674,#768,.T.);
#4714=EDGE_CURVE('',#3677,#3678,#769,.T.);
#4715=EDGE_CURVE('',#3676,#3678,#2138,.T.);
#4716=EDGE_CURVE('',#3675,#3677,#2139,.T.);
#4717=EDGE_CURVE('',#3677,#3679,#770,.T.);
#4718=EDGE_CURVE('',#3679,#3680,#771,.T.);
#4719=EDGE_CURVE('',#3680,#3678,#772,.T.);
#4720=EDGE_CURVE('',#3681,#3682,#773,.T.);
#4721=EDGE_CURVE('',#3680,#3682,#2140,.T.);
#4722=EDGE_CURVE('',#3679,#3681,#2141,.T.);
#4723=EDGE_CURVE('',#3681,#3683,#774,.T.);
#4724=EDGE_CURVE('',#3683,#3684,#775,.T.);
#4725=EDGE_CURVE('',#3684,#3682,#776,.T.);
#4726=EDGE_CURVE('',#3684,#3669,#2142,.T.);
#4727=EDGE_CURVE('',#3683,#3670,#2143,.T.);
#4728=EDGE_CURVE('',#3685,#3686,#777,.T.);
#4729=EDGE_CURVE('',#3685,#3687,#2144,.T.);
#4730=EDGE_CURVE('',#3688,#3687,#778,.T.);
#4731=EDGE_CURVE('',#3688,#3689,#2145,.T.);
#4732=EDGE_CURVE('',#3690,#3689,#779,.T.);
#4733=EDGE_CURVE('',#3690,#3691,#2146,.T.);
#4734=EDGE_CURVE('',#3692,#3691,#780,.T.);
#4735=EDGE_CURVE('',#3692,#3686,#2147,.T.);
#4736=EDGE_CURVE('',#3686,#3693,#2148,.T.);
#4737=EDGE_CURVE('',#3693,#3694,#781,.T.);
#4738=EDGE_CURVE('',#3694,#3685,#2149,.T.);
#4739=EDGE_CURVE('',#3695,#3694,#2150,.T.);
#4740=EDGE_CURVE('',#3687,#3695,#2151,.T.);
#4741=EDGE_CURVE('',#3693,#3696,#2152,.T.);
#4742=EDGE_CURVE('',#3697,#3696,#782,.T.);
#4743=EDGE_CURVE('',#3697,#3698,#2153,.T.);
#4744=EDGE_CURVE('',#3699,#3698,#783,.T.);
#4745=EDGE_CURVE('',#3699,#3700,#2154,.T.);
#4746=EDGE_CURVE('',#3695,#3700,#784,.T.);
#4747=EDGE_CURVE('',#3700,#3688,#2155,.T.);
#4748=EDGE_CURVE('',#3689,#3699,#2156,.T.);
#4749=EDGE_CURVE('',#3698,#3690,#2157,.T.);
#4750=EDGE_CURVE('',#3691,#3697,#2158,.T.);
#4751=EDGE_CURVE('',#3696,#3692,#2159,.T.);
#4752=EDGE_CURVE('',#3701,#3702,#489,.T.);
#4753=EDGE_CURVE('',#3702,#3703,#2160,.T.);
#4754=EDGE_CURVE('',#3704,#3703,#490,.T.);
#4755=EDGE_CURVE('',#3701,#3704,#2161,.T.);
#4756=EDGE_CURVE('',#3705,#3701,#2162,.T.);
#4757=EDGE_CURVE('',#3706,#3704,#2163,.T.);
#4758=EDGE_CURVE('',#3705,#3706,#2164,.T.);
#4759=EDGE_CURVE('',#3707,#3705,#2165,.T.);
#4760=EDGE_CURVE('',#3708,#3706,#2166,.T.);
#4761=EDGE_CURVE('',#3707,#3708,#2167,.T.);
#4762=EDGE_CURVE('',#3709,#3707,#2168,.T.);
#4763=EDGE_CURVE('',#3710,#3708,#2169,.T.);
#4764=EDGE_CURVE('',#3709,#3710,#2170,.T.);
#4765=EDGE_CURVE('',#3711,#3709,#491,.T.);
#4766=EDGE_CURVE('',#3712,#3710,#492,.T.);
#4767=EDGE_CURVE('',#3711,#3712,#2171,.T.);
#4768=EDGE_CURVE('',#3713,#3711,#493,.T.);
#4769=EDGE_CURVE('',#3714,#3712,#494,.T.);
#4770=EDGE_CURVE('',#3713,#3714,#2172,.T.);
#4771=EDGE_CURVE('',#3715,#3713,#495,.T.);
#4772=EDGE_CURVE('',#3716,#3714,#496,.T.);
#4773=EDGE_CURVE('',#3715,#3716,#2173,.T.);
#4774=EDGE_CURVE('',#3717,#3715,#2174,.T.);
#4775=EDGE_CURVE('',#3718,#3716,#2175,.T.);
#4776=EDGE_CURVE('',#3717,#3718,#2176,.T.);
#4777=EDGE_CURVE('',#3719,#3717,#2177,.T.);
#4778=EDGE_CURVE('',#3720,#3718,#2178,.T.);
#4779=EDGE_CURVE('',#3719,#3720,#2179,.T.);
#4780=EDGE_CURVE('',#3721,#3719,#2180,.T.);
#4781=EDGE_CURVE('',#3722,#3720,#2181,.T.);
#4782=EDGE_CURVE('',#3721,#3722,#2182,.T.);
#4783=EDGE_CURVE('',#3723,#3721,#2183,.T.);
#4784=EDGE_CURVE('',#3724,#3722,#2184,.T.);
#4785=EDGE_CURVE('',#3723,#3724,#2185,.T.);
#4786=EDGE_CURVE('',#3725,#3723,#2186,.T.);
#4787=EDGE_CURVE('',#3726,#3724,#2187,.T.);
#4788=EDGE_CURVE('',#3725,#3726,#2188,.T.);
#4789=EDGE_CURVE('',#3727,#3725,#2189,.T.);
#4790=EDGE_CURVE('',#3728,#3726,#2190,.T.);
#4791=EDGE_CURVE('',#3727,#3728,#2191,.T.);
#4792=EDGE_CURVE('',#3729,#3727,#2192,.T.);
#4793=EDGE_CURVE('',#3730,#3728,#2193,.T.);
#4794=EDGE_CURVE('',#3729,#3730,#2194,.T.);
#4795=EDGE_CURVE('',#3702,#3729,#497,.T.);
#4796=EDGE_CURVE('',#3703,#3730,#498,.T.);
#4797=EDGE_CURVE('',#3731,#3732,#499,.T.);
#4798=EDGE_CURVE('',#3731,#3733,#2195,.T.);
#4799=EDGE_CURVE('',#3734,#3733,#500,.T.);
#4800=EDGE_CURVE('',#3732,#3734,#2196,.T.);
#4801=EDGE_CURVE('',#3732,#3735,#501,.T.);
#4802=EDGE_CURVE('',#3736,#3734,#502,.T.);
#4803=EDGE_CURVE('',#3735,#3736,#2197,.T.);
#4804=EDGE_CURVE('',#3735,#3737,#503,.T.);
#4805=EDGE_CURVE('',#3738,#3736,#504,.T.);
#4806=EDGE_CURVE('',#3737,#3738,#2198,.T.);
#4807=EDGE_CURVE('',#3737,#3739,#505,.T.);
#4808=EDGE_CURVE('',#3740,#3738,#506,.T.);
#4809=EDGE_CURVE('',#3739,#3740,#2199,.T.);
#4810=EDGE_CURVE('',#3739,#3741,#507,.T.);
#4811=EDGE_CURVE('',#3742,#3740,#508,.T.);
#4812=EDGE_CURVE('',#3741,#3742,#2200,.T.);
#4813=EDGE_CURVE('',#3741,#3743,#2201,.T.);
#4814=EDGE_CURVE('',#3744,#3742,#2202,.T.);
#4815=EDGE_CURVE('',#3743,#3744,#2203,.T.);
#4816=EDGE_CURVE('',#3743,#3745,#2204,.T.);
#4817=EDGE_CURVE('',#3746,#3744,#2205,.T.);
#4818=EDGE_CURVE('',#3745,#3746,#2206,.T.);
#4819=EDGE_CURVE('',#3745,#3731,#509,.T.);
#4820=EDGE_CURVE('',#3733,#3746,#510,.T.);
#4821=EDGE_CURVE('',#3747,#3748,#511,.T.);
#4822=EDGE_CURVE('',#3748,#3749,#2207,.T.);
#4823=EDGE_CURVE('',#3750,#3749,#512,.T.);
#4824=EDGE_CURVE('',#3747,#3750,#2208,.T.);
#4825=EDGE_CURVE('',#3751,#3747,#2209,.T.);
#4826=EDGE_CURVE('',#3752,#3750,#2210,.T.);
#4827=EDGE_CURVE('',#3751,#3752,#2211,.T.);
#4828=EDGE_CURVE('',#3753,#3751,#2212,.T.);
#4829=EDGE_CURVE('',#3754,#3752,#2213,.T.);
#4830=EDGE_CURVE('',#3753,#3754,#2214,.T.);
#4831=EDGE_CURVE('',#3755,#3753,#2215,.T.);
#4832=EDGE_CURVE('',#3756,#3754,#2216,.T.);
#4833=EDGE_CURVE('',#3755,#3756,#2217,.T.);
#4834=EDGE_CURVE('',#3757,#3755,#513,.T.);
#4835=EDGE_CURVE('',#3758,#3756,#514,.T.);
#4836=EDGE_CURVE('',#3757,#3758,#2218,.T.);
#4837=EDGE_CURVE('',#3759,#3757,#515,.T.);
#4838=EDGE_CURVE('',#3760,#3758,#516,.T.);
#4839=EDGE_CURVE('',#3759,#3760,#2219,.T.);
#4840=EDGE_CURVE('',#3761,#3759,#517,.T.);
#4841=EDGE_CURVE('',#3762,#3760,#518,.T.);
#4842=EDGE_CURVE('',#3761,#3762,#2220,.T.);
#4843=EDGE_CURVE('',#3763,#3761,#519,.T.);
#4844=EDGE_CURVE('',#3764,#3762,#520,.T.);
#4845=EDGE_CURVE('',#3763,#3764,#2221,.T.);
#4846=EDGE_CURVE('',#3765,#3763,#521,.T.);
#4847=EDGE_CURVE('',#3766,#3764,#522,.T.);
#4848=EDGE_CURVE('',#3765,#3766,#2222,.T.);
#4849=EDGE_CURVE('',#3767,#3765,#2223,.T.);
#4850=EDGE_CURVE('',#3768,#3766,#2224,.T.);
#4851=EDGE_CURVE('',#3767,#3768,#2225,.T.);
#4852=EDGE_CURVE('',#3769,#3767,#523,.T.);
#4853=EDGE_CURVE('',#3770,#3768,#524,.T.);
#4854=EDGE_CURVE('',#3769,#3770,#2226,.T.);
#4855=EDGE_CURVE('',#3771,#3769,#525,.T.);
#4856=EDGE_CURVE('',#3772,#3770,#526,.T.);
#4857=EDGE_CURVE('',#3771,#3772,#2227,.T.);
#4858=EDGE_CURVE('',#3773,#3771,#527,.T.);
#4859=EDGE_CURVE('',#3774,#3772,#528,.T.);
#4860=EDGE_CURVE('',#3773,#3774,#2228,.T.);
#4861=EDGE_CURVE('',#3775,#3773,#529,.T.);
#4862=EDGE_CURVE('',#3776,#3774,#530,.T.);
#4863=EDGE_CURVE('',#3775,#3776,#2229,.T.);
#4864=EDGE_CURVE('',#3777,#3775,#2230,.T.);
#4865=EDGE_CURVE('',#3778,#3776,#2231,.T.);
#4866=EDGE_CURVE('',#3777,#3778,#2232,.T.);
#4867=EDGE_CURVE('',#3779,#3777,#2233,.T.);
#4868=EDGE_CURVE('',#3780,#3778,#2234,.T.);
#4869=EDGE_CURVE('',#3779,#3780,#2235,.T.);
#4870=EDGE_CURVE('',#3781,#3779,#531,.T.);
#4871=EDGE_CURVE('',#3782,#3780,#532,.T.);
#4872=EDGE_CURVE('',#3781,#3782,#2236,.T.);
#4873=EDGE_CURVE('',#3783,#3781,#533,.T.);
#4874=EDGE_CURVE('',#3784,#3782,#534,.T.);
#4875=EDGE_CURVE('',#3783,#3784,#2237,.T.);
#4876=EDGE_CURVE('',#3785,#3783,#535,.T.);
#4877=EDGE_CURVE('',#3786,#3784,#536,.T.);
#4878=EDGE_CURVE('',#3785,#3786,#2238,.T.);
#4879=EDGE_CURVE('',#3787,#3785,#537,.T.);
#4880=EDGE_CURVE('',#3788,#3786,#538,.T.);
#4881=EDGE_CURVE('',#3787,#3788,#2239,.T.);
#4882=EDGE_CURVE('',#3789,#3787,#539,.T.);
#4883=EDGE_CURVE('',#3790,#3788,#540,.T.);
#4884=EDGE_CURVE('',#3789,#3790,#2240,.T.);
#4885=EDGE_CURVE('',#3748,#3789,#541,.T.);
#4886=EDGE_CURVE('',#3749,#3790,#542,.T.);
#4887=EDGE_CURVE('',#3791,#3792,#543,.T.);
#4888=EDGE_CURVE('',#3791,#3793,#2241,.T.);
#4889=EDGE_CURVE('',#3794,#3793,#544,.T.);
#4890=EDGE_CURVE('',#3792,#3794,#2242,.T.);
#4891=EDGE_CURVE('',#3792,#3795,#545,.T.);
#4892=EDGE_CURVE('',#3796,#3794,#546,.T.);
#4893=EDGE_CURVE('',#3795,#3796,#2243,.T.);
#4894=EDGE_CURVE('',#3795,#3797,#547,.T.);
#4895=EDGE_CURVE('',#3798,#3796,#548,.T.);
#4896=EDGE_CURVE('',#3797,#3798,#2244,.T.);
#4897=EDGE_CURVE('',#3797,#3799,#549,.T.);
#4898=EDGE_CURVE('',#3800,#3798,#550,.T.);
#4899=EDGE_CURVE('',#3799,#3800,#2245,.T.);
#4900=EDGE_CURVE('',#3799,#3801,#2246,.T.);
#4901=EDGE_CURVE('',#3802,#3800,#2247,.T.);
#4902=EDGE_CURVE('',#3801,#3802,#2248,.T.);
#4903=EDGE_CURVE('',#3801,#3803,#2249,.T.);
#4904=EDGE_CURVE('',#3804,#3802,#2250,.T.);
#4905=EDGE_CURVE('',#3803,#3804,#2251,.T.);
#4906=EDGE_CURVE('',#3803,#3791,#2252,.T.);
#4907=EDGE_CURVE('',#3793,#3804,#2253,.T.);
#4908=EDGE_CURVE('',#3805,#3806,#551,.T.);
#4909=EDGE_CURVE('',#3805,#3807,#2254,.T.);
#4910=EDGE_CURVE('',#3808,#3807,#552,.T.);
#4911=EDGE_CURVE('',#3806,#3808,#2255,.T.);
#4912=EDGE_CURVE('',#3806,#3809,#553,.T.);
#4913=EDGE_CURVE('',#3810,#3808,#554,.T.);
#4914=EDGE_CURVE('',#3809,#3810,#2256,.T.);
#4915=EDGE_CURVE('',#3809,#3811,#555,.T.);
#4916=EDGE_CURVE('',#3812,#3810,#556,.T.);
#4917=EDGE_CURVE('',#3811,#3812,#2257,.T.);
#4918=EDGE_CURVE('',#3811,#3813,#2258,.T.);
#4919=EDGE_CURVE('',#3814,#3812,#2259,.T.);
#4920=EDGE_CURVE('',#3813,#3814,#2260,.T.);
#4921=EDGE_CURVE('',#3813,#3815,#557,.T.);
#4922=EDGE_CURVE('',#3816,#3814,#558,.T.);
#4923=EDGE_CURVE('',#3815,#3816,#2261,.T.);
#4924=EDGE_CURVE('',#3815,#3817,#559,.T.);
#4925=EDGE_CURVE('',#3818,#3816,#560,.T.);
#4926=EDGE_CURVE('',#3817,#3818,#2262,.T.);
#4927=EDGE_CURVE('',#3817,#3819,#2263,.T.);
#4928=EDGE_CURVE('',#3820,#3818,#2264,.T.);
#4929=EDGE_CURVE('',#3819,#3820,#2265,.T.);
#4930=EDGE_CURVE('',#3819,#3821,#2266,.T.);
#4931=EDGE_CURVE('',#3822,#3820,#2267,.T.);
#4932=EDGE_CURVE('',#3821,#3822,#2268,.T.);
#4933=EDGE_CURVE('',#3821,#3805,#2269,.T.);
#4934=EDGE_CURVE('',#3807,#3822,#2270,.T.);
#4935=EDGE_CURVE('',#3823,#3824,#561,.T.);
#4936=EDGE_CURVE('',#3824,#3825,#2271,.T.);
#4937=EDGE_CURVE('',#3826,#3825,#562,.T.);
#4938=EDGE_CURVE('',#3823,#3826,#2272,.T.);
#4939=EDGE_CURVE('',#3827,#3823,#563,.T.);
#4940=EDGE_CURVE('',#3828,#3826,#564,.T.);
#4941=EDGE_CURVE('',#3827,#3828,#2273,.T.);
#4942=EDGE_CURVE('',#3829,#3827,#565,.T.);
#4943=EDGE_CURVE('',#3830,#3828,#566,.T.);
#4944=EDGE_CURVE('',#3829,#3830,#2274,.T.);
#4945=EDGE_CURVE('',#3831,#3829,#2275,.T.);
#4946=EDGE_CURVE('',#3832,#3830,#2276,.T.);
#4947=EDGE_CURVE('',#3831,#3832,#2277,.T.);
#4948=EDGE_CURVE('',#3833,#3831,#567,.T.);
#4949=EDGE_CURVE('',#3834,#3832,#568,.T.);
#4950=EDGE_CURVE('',#3833,#3834,#2278,.T.);
#4951=EDGE_CURVE('',#3835,#3833,#569,.T.);
#4952=EDGE_CURVE('',#3836,#3834,#570,.T.);
#4953=EDGE_CURVE('',#3835,#3836,#2279,.T.);
#4954=EDGE_CURVE('',#3837,#3835,#571,.T.);
#4955=EDGE_CURVE('',#3838,#3836,#572,.T.);
#4956=EDGE_CURVE('',#3837,#3838,#2280,.T.);
#4957=EDGE_CURVE('',#3839,#3837,#573,.T.);
#4958=EDGE_CURVE('',#3840,#3838,#574,.T.);
#4959=EDGE_CURVE('',#3839,#3840,#2281,.T.);
#4960=EDGE_CURVE('',#3841,#3839,#575,.T.);
#4961=EDGE_CURVE('',#3842,#3840,#576,.T.);
#4962=EDGE_CURVE('',#3841,#3842,#2282,.T.);
#4963=EDGE_CURVE('',#3843,#3841,#577,.T.);
#4964=EDGE_CURVE('',#3844,#3842,#578,.T.);
#4965=EDGE_CURVE('',#3843,#3844,#2283,.T.);
#4966=EDGE_CURVE('',#3845,#3843,#579,.T.);
#4967=EDGE_CURVE('',#3846,#3844,#580,.T.);
#4968=EDGE_CURVE('',#3845,#3846,#2284,.T.);
#4969=EDGE_CURVE('',#3847,#3845,#581,.T.);
#4970=EDGE_CURVE('',#3848,#3846,#582,.T.);
#4971=EDGE_CURVE('',#3847,#3848,#2285,.T.);
#4972=EDGE_CURVE('',#3849,#3847,#583,.T.);
#4973=EDGE_CURVE('',#3850,#3848,#584,.T.);
#4974=EDGE_CURVE('',#3849,#3850,#2286,.T.);
#4975=EDGE_CURVE('',#3851,#3849,#2287,.T.);
#4976=EDGE_CURVE('',#3852,#3850,#2288,.T.);
#4977=EDGE_CURVE('',#3851,#3852,#2289,.T.);
#4978=EDGE_CURVE('',#3853,#3851,#2290,.T.);
#4979=EDGE_CURVE('',#3854,#3852,#2291,.T.);
#4980=EDGE_CURVE('',#3853,#3854,#2292,.T.);
#4981=EDGE_CURVE('',#3824,#3853,#2293,.T.);
#4982=EDGE_CURVE('',#3825,#3854,#2294,.T.);
#4983=EDGE_CURVE('',#3855,#3856,#585,.T.);
#4984=EDGE_CURVE('',#3855,#3857,#2295,.T.);
#4985=EDGE_CURVE('',#3858,#3857,#586,.T.);
#4986=EDGE_CURVE('',#3856,#3858,#2296,.T.);
#4987=EDGE_CURVE('',#3856,#3859,#587,.T.);
#4988=EDGE_CURVE('',#3860,#3858,#588,.T.);
#4989=EDGE_CURVE('',#3859,#3860,#2297,.T.);
#4990=EDGE_CURVE('',#3859,#3861,#589,.T.);
#4991=EDGE_CURVE('',#3862,#3860,#590,.T.);
#4992=EDGE_CURVE('',#3861,#3862,#2298,.T.);
#4993=EDGE_CURVE('',#3861,#3863,#591,.T.);
#4994=EDGE_CURVE('',#3864,#3862,#592,.T.);
#4995=EDGE_CURVE('',#3863,#3864,#2299,.T.);
#4996=EDGE_CURVE('',#3863,#3865,#2300,.T.);
#4997=EDGE_CURVE('',#3866,#3864,#2301,.T.);
#4998=EDGE_CURVE('',#3865,#3866,#2302,.T.);
#4999=EDGE_CURVE('',#3865,#3867,#593,.T.);
#5000=EDGE_CURVE('',#3868,#3866,#594,.T.);
#5001=EDGE_CURVE('',#3867,#3868,#2303,.T.);
#5002=EDGE_CURVE('',#3867,#3869,#595,.T.);
#5003=EDGE_CURVE('',#3870,#3868,#596,.T.);
#5004=EDGE_CURVE('',#3869,#3870,#2304,.T.);
#5005=EDGE_CURVE('',#3869,#3871,#597,.T.);
#5006=EDGE_CURVE('',#3872,#3870,#598,.T.);
#5007=EDGE_CURVE('',#3871,#3872,#2305,.T.);
#5008=EDGE_CURVE('',#3871,#3873,#599,.T.);
#5009=EDGE_CURVE('',#3874,#3872,#600,.T.);
#5010=EDGE_CURVE('',#3873,#3874,#2306,.T.);
#5011=EDGE_CURVE('',#3873,#3875,#601,.T.);
#5012=EDGE_CURVE('',#3876,#3874,#602,.T.);
#5013=EDGE_CURVE('',#3875,#3876,#2307,.T.);
#5014=EDGE_CURVE('',#3875,#3877,#2308,.T.);
#5015=EDGE_CURVE('',#3878,#3876,#2309,.T.);
#5016=EDGE_CURVE('',#3877,#3878,#2310,.T.);
#5017=EDGE_CURVE('',#3877,#3855,#603,.T.);
#5018=EDGE_CURVE('',#3857,#3878,#604,.T.);
#5019=EDGE_CURVE('',#3879,#3880,#2311,.T.);
#5020=EDGE_CURVE('',#3880,#3881,#2312,.T.);
#5021=EDGE_CURVE('',#3882,#3881,#2313,.T.);
#5022=EDGE_CURVE('',#3879,#3882,#2314,.T.);
#5023=EDGE_CURVE('',#3883,#3879,#2315,.T.);
#5024=EDGE_CURVE('',#3884,#3882,#2316,.T.);
#5025=EDGE_CURVE('',#3883,#3884,#2317,.T.);
#5026=EDGE_CURVE('',#3885,#3883,#2318,.T.);
#5027=EDGE_CURVE('',#3886,#3884,#2319,.T.);
#5028=EDGE_CURVE('',#3885,#3886,#2320,.T.);
#5029=EDGE_CURVE('',#3887,#3885,#2321,.T.);
#5030=EDGE_CURVE('',#3888,#3886,#2322,.T.);
#5031=EDGE_CURVE('',#3887,#3888,#2323,.T.);
#5032=EDGE_CURVE('',#3889,#3887,#2324,.T.);
#5033=EDGE_CURVE('',#3890,#3888,#2325,.T.);
#5034=EDGE_CURVE('',#3889,#3890,#2326,.T.);
#5035=EDGE_CURVE('',#3891,#3889,#605,.T.);
#5036=EDGE_CURVE('',#3892,#3890,#606,.T.);
#5037=EDGE_CURVE('',#3891,#3892,#2327,.T.);
#5038=EDGE_CURVE('',#3893,#3891,#607,.T.);
#5039=EDGE_CURVE('',#3894,#3892,#608,.T.);
#5040=EDGE_CURVE('',#3893,#3894,#2328,.T.);
#5041=EDGE_CURVE('',#3895,#3893,#609,.T.);
#5042=EDGE_CURVE('',#3896,#3894,#610,.T.);
#5043=EDGE_CURVE('',#3895,#3896,#2329,.T.);
#5044=EDGE_CURVE('',#3897,#3895,#611,.T.);
#5045=EDGE_CURVE('',#3898,#3896,#612,.T.);
#5046=EDGE_CURVE('',#3897,#3898,#2330,.T.);
#5047=EDGE_CURVE('',#3899,#3897,#613,.T.);
#5048=EDGE_CURVE('',#3900,#3898,#614,.T.);
#5049=EDGE_CURVE('',#3899,#3900,#2331,.T.);
#5050=EDGE_CURVE('',#3901,#3899,#2332,.T.);
#5051=EDGE_CURVE('',#3902,#3900,#2333,.T.);
#5052=EDGE_CURVE('',#3901,#3902,#2334,.T.);
#5053=EDGE_CURVE('',#3903,#3901,#615,.T.);
#5054=EDGE_CURVE('',#3904,#3902,#616,.T.);
#5055=EDGE_CURVE('',#3903,#3904,#2335,.T.);
#5056=EDGE_CURVE('',#3905,#3903,#617,.T.);
#5057=EDGE_CURVE('',#3906,#3904,#618,.T.);
#5058=EDGE_CURVE('',#3905,#3906,#2336,.T.);
#5059=EDGE_CURVE('',#3907,#3905,#619,.T.);
#5060=EDGE_CURVE('',#3908,#3906,#620,.T.);
#5061=EDGE_CURVE('',#3907,#3908,#2337,.T.);
#5062=EDGE_CURVE('',#3909,#3907,#621,.T.);
#5063=EDGE_CURVE('',#3910,#3908,#622,.T.);
#5064=EDGE_CURVE('',#3909,#3910,#2338,.T.);
#5065=EDGE_CURVE('',#3880,#3909,#623,.T.);
#5066=EDGE_CURVE('',#3881,#3910,#624,.T.);
#5067=EDGE_CURVE('',#3911,#3912,#2339,.T.);
#5068=EDGE_CURVE('',#3912,#3913,#2340,.T.);
#5069=EDGE_CURVE('',#3914,#3913,#2341,.T.);
#5070=EDGE_CURVE('',#3911,#3914,#2342,.T.);
#5071=EDGE_CURVE('',#3915,#3911,#2343,.T.);
#5072=EDGE_CURVE('',#3916,#3914,#2344,.T.);
#5073=EDGE_CURVE('',#3915,#3916,#2345,.T.);
#5074=EDGE_CURVE('',#3917,#3915,#2346,.T.);
#5075=EDGE_CURVE('',#3918,#3916,#2347,.T.);
#5076=EDGE_CURVE('',#3917,#3918,#2348,.T.);
#5077=EDGE_CURVE('',#3912,#3917,#2349,.T.);
#5078=EDGE_CURVE('',#3913,#3918,#2350,.T.);
#5079=EDGE_CURVE('',#3919,#3920,#625,.T.);
#5080=EDGE_CURVE('',#3919,#3921,#2351,.T.);
#5081=EDGE_CURVE('',#3922,#3921,#626,.T.);
#5082=EDGE_CURVE('',#3920,#3922,#2352,.T.);
#5083=EDGE_CURVE('',#3920,#3923,#627,.T.);
#5084=EDGE_CURVE('',#3924,#3922,#628,.T.);
#5085=EDGE_CURVE('',#3923,#3924,#2353,.T.);
#5086=EDGE_CURVE('',#3923,#3925,#629,.T.);
#5087=EDGE_CURVE('',#3926,#3924,#630,.T.);
#5088=EDGE_CURVE('',#3925,#3926,#2354,.T.);
#5089=EDGE_CURVE('',#3925,#3927,#631,.T.);
#5090=EDGE_CURVE('',#3928,#3926,#632,.T.);
#5091=EDGE_CURVE('',#3927,#3928,#2355,.T.);
#5092=EDGE_CURVE('',#3927,#3929,#633,.T.);
#5093=EDGE_CURVE('',#3930,#3928,#634,.T.);
#5094=EDGE_CURVE('',#3929,#3930,#2356,.T.);
#5095=EDGE_CURVE('',#3929,#3931,#2357,.T.);
#5096=EDGE_CURVE('',#3932,#3930,#2358,.T.);
#5097=EDGE_CURVE('',#3931,#3932,#2359,.T.);
#5098=EDGE_CURVE('',#3931,#3933,#2360,.T.);
#5099=EDGE_CURVE('',#3934,#3932,#2361,.T.);
#5100=EDGE_CURVE('',#3933,#3934,#2362,.T.);
#5101=EDGE_CURVE('',#3933,#3919,#635,.T.);
#5102=EDGE_CURVE('',#3921,#3934,#636,.T.);
#5103=EDGE_CURVE('',#3935,#3936,#637,.T.);
#5104=EDGE_CURVE('',#3936,#3937,#2363,.T.);
#5105=EDGE_CURVE('',#3938,#3937,#638,.T.);
#5106=EDGE_CURVE('',#3935,#3938,#2364,.T.);
#5107=EDGE_CURVE('',#3939,#3935,#2365,.T.);
#5108=EDGE_CURVE('',#3940,#3938,#2366,.T.);
#5109=EDGE_CURVE('',#3939,#3940,#2367,.T.);
#5110=EDGE_CURVE('',#3941,#3939,#2368,.T.);
#5111=EDGE_CURVE('',#3942,#3940,#2369,.T.);
#5112=EDGE_CURVE('',#3941,#3942,#2370,.T.);
#5113=EDGE_CURVE('',#3943,#3941,#2371,.T.);
#5114=EDGE_CURVE('',#3944,#3942,#2372,.T.);
#5115=EDGE_CURVE('',#3943,#3944,#2373,.T.);
#5116=EDGE_CURVE('',#3945,#3943,#639,.T.);
#5117=EDGE_CURVE('',#3946,#3944,#640,.T.);
#5118=EDGE_CURVE('',#3945,#3946,#2374,.T.);
#5119=EDGE_CURVE('',#3947,#3945,#641,.T.);
#5120=EDGE_CURVE('',#3948,#3946,#642,.T.);
#5121=EDGE_CURVE('',#3947,#3948,#2375,.T.);
#5122=EDGE_CURVE('',#3949,#3947,#643,.T.);
#5123=EDGE_CURVE('',#3950,#3948,#644,.T.);
#5124=EDGE_CURVE('',#3949,#3950,#2376,.T.);
#5125=EDGE_CURVE('',#3951,#3949,#645,.T.);
#5126=EDGE_CURVE('',#3952,#3950,#646,.T.);
#5127=EDGE_CURVE('',#3951,#3952,#2377,.T.);
#5128=EDGE_CURVE('',#3953,#3951,#647,.T.);
#5129=EDGE_CURVE('',#3954,#3952,#648,.T.);
#5130=EDGE_CURVE('',#3953,#3954,#2378,.T.);
#5131=EDGE_CURVE('',#3955,#3953,#2379,.T.);
#5132=EDGE_CURVE('',#3956,#3954,#2380,.T.);
#5133=EDGE_CURVE('',#3955,#3956,#2381,.T.);
#5134=EDGE_CURVE('',#3957,#3955,#649,.T.);
#5135=EDGE_CURVE('',#3958,#3956,#650,.T.);
#5136=EDGE_CURVE('',#3957,#3958,#2382,.T.);
#5137=EDGE_CURVE('',#3959,#3957,#651,.T.);
#5138=EDGE_CURVE('',#3960,#3958,#652,.T.);
#5139=EDGE_CURVE('',#3959,#3960,#2383,.T.);
#5140=EDGE_CURVE('',#3961,#3959,#653,.T.);
#5141=EDGE_CURVE('',#3962,#3960,#654,.T.);
#5142=EDGE_CURVE('',#3961,#3962,#2384,.T.);
#5143=EDGE_CURVE('',#3963,#3961,#655,.T.);
#5144=EDGE_CURVE('',#3964,#3962,#656,.T.);
#5145=EDGE_CURVE('',#3963,#3964,#2385,.T.);
#5146=EDGE_CURVE('',#3965,#3963,#2386,.T.);
#5147=EDGE_CURVE('',#3966,#3964,#2387,.T.);
#5148=EDGE_CURVE('',#3965,#3966,#2388,.T.);
#5149=EDGE_CURVE('',#3967,#3965,#2389,.T.);
#5150=EDGE_CURVE('',#3968,#3966,#2390,.T.);
#5151=EDGE_CURVE('',#3967,#3968,#2391,.T.);
#5152=EDGE_CURVE('',#3969,#3967,#657,.T.);
#5153=EDGE_CURVE('',#3970,#3968,#658,.T.);
#5154=EDGE_CURVE('',#3969,#3970,#2392,.T.);
#5155=EDGE_CURVE('',#3971,#3969,#659,.T.);
#5156=EDGE_CURVE('',#3972,#3970,#660,.T.);
#5157=EDGE_CURVE('',#3971,#3972,#2393,.T.);
#5158=EDGE_CURVE('',#3973,#3971,#661,.T.);
#5159=EDGE_CURVE('',#3974,#3972,#662,.T.);
#5160=EDGE_CURVE('',#3973,#3974,#2394,.T.);
#5161=EDGE_CURVE('',#3975,#3973,#663,.T.);
#5162=EDGE_CURVE('',#3976,#3974,#664,.T.);
#5163=EDGE_CURVE('',#3975,#3976,#2395,.T.);
#5164=EDGE_CURVE('',#3977,#3975,#665,.T.);
#5165=EDGE_CURVE('',#3978,#3976,#666,.T.);
#5166=EDGE_CURVE('',#3977,#3978,#2396,.T.);
#5167=EDGE_CURVE('',#3936,#3977,#667,.T.);
#5168=EDGE_CURVE('',#3937,#3978,#668,.T.);
#5169=EDGE_CURVE('',#3979,#3980,#669,.T.);
#5170=EDGE_CURVE('',#3979,#3981,#2397,.T.);
#5171=EDGE_CURVE('',#3982,#3981,#670,.T.);
#5172=EDGE_CURVE('',#3980,#3982,#2398,.T.);
#5173=EDGE_CURVE('',#3980,#3983,#2399,.T.);
#5174=EDGE_CURVE('',#3984,#3982,#2400,.T.);
#5175=EDGE_CURVE('',#3983,#3984,#2401,.T.);
#5176=EDGE_CURVE('',#3983,#3985,#671,.T.);
#5177=EDGE_CURVE('',#3986,#3984,#672,.T.);
#5178=EDGE_CURVE('',#3985,#3986,#2402,.T.);
#5179=EDGE_CURVE('',#3985,#3987,#673,.T.);
#5180=EDGE_CURVE('',#3988,#3986,#674,.T.);
#5181=EDGE_CURVE('',#3987,#3988,#2403,.T.);
#5182=EDGE_CURVE('',#3987,#3989,#675,.T.);
#5183=EDGE_CURVE('',#3990,#3988,#676,.T.);
#5184=EDGE_CURVE('',#3989,#3990,#2404,.T.);
#5185=EDGE_CURVE('',#3989,#3991,#677,.T.);
#5186=EDGE_CURVE('',#3992,#3990,#678,.T.);
#5187=EDGE_CURVE('',#3991,#3992,#2405,.T.);
#5188=EDGE_CURVE('',#3991,#3993,#2406,.T.);
#5189=EDGE_CURVE('',#3994,#3992,#2407,.T.);
#5190=EDGE_CURVE('',#3993,#3994,#2408,.T.);
#5191=EDGE_CURVE('',#3993,#3995,#679,.T.);
#5192=EDGE_CURVE('',#3996,#3994,#680,.T.);
#5193=EDGE_CURVE('',#3995,#3996,#2409,.T.);
#5194=EDGE_CURVE('',#3995,#3997,#681,.T.);
#5195=EDGE_CURVE('',#3998,#3996,#682,.T.);
#5196=EDGE_CURVE('',#3997,#3998,#2410,.T.);
#5197=EDGE_CURVE('',#3997,#3979,#683,.T.);
#5198=EDGE_CURVE('',#3981,#3998,#684,.T.);
#5199=EDGE_CURVE('',#3999,#4000,#685,.T.);
#5200=EDGE_CURVE('',#4000,#4001,#2411,.T.);
#5201=EDGE_CURVE('',#4002,#4001,#686,.T.);
#5202=EDGE_CURVE('',#3999,#4002,#2412,.T.);
#5203=EDGE_CURVE('',#4003,#3999,#2413,.T.);
#5204=EDGE_CURVE('',#4004,#4002,#2414,.T.);
#5205=EDGE_CURVE('',#4003,#4004,#2415,.T.);
#5206=EDGE_CURVE('',#4005,#4003,#687,.T.);
#5207=EDGE_CURVE('',#4006,#4004,#688,.T.);
#5208=EDGE_CURVE('',#4005,#4006,#2416,.T.);
#5209=EDGE_CURVE('',#4007,#4005,#689,.T.);
#5210=EDGE_CURVE('',#4008,#4006,#690,.T.);
#5211=EDGE_CURVE('',#4007,#4008,#2417,.T.);
#5212=EDGE_CURVE('',#4009,#4007,#691,.T.);
#5213=EDGE_CURVE('',#4010,#4008,#692,.T.);
#5214=EDGE_CURVE('',#4009,#4010,#2418,.T.);
#5215=EDGE_CURVE('',#4011,#4009,#693,.T.);
#5216=EDGE_CURVE('',#4012,#4010,#694,.T.);
#5217=EDGE_CURVE('',#4011,#4012,#2419,.T.);
#5218=EDGE_CURVE('',#4013,#4011,#695,.T.);
#5219=EDGE_CURVE('',#4014,#4012,#696,.T.);
#5220=EDGE_CURVE('',#4013,#4014,#2420,.T.);
#5221=EDGE_CURVE('',#4015,#4013,#697,.T.);
#5222=EDGE_CURVE('',#4016,#4014,#698,.T.);
#5223=EDGE_CURVE('',#4015,#4016,#2421,.T.);
#5224=EDGE_CURVE('',#4017,#4015,#2422,.T.);
#5225=EDGE_CURVE('',#4018,#4016,#2423,.T.);
#5226=EDGE_CURVE('',#4017,#4018,#2424,.T.);
#5227=EDGE_CURVE('',#4019,#4017,#699,.T.);
#5228=EDGE_CURVE('',#4020,#4018,#700,.T.);
#5229=EDGE_CURVE('',#4019,#4020,#2425,.T.);
#5230=EDGE_CURVE('',#4021,#4019,#701,.T.);
#5231=EDGE_CURVE('',#4022,#4020,#702,.T.);
#5232=EDGE_CURVE('',#4021,#4022,#2426,.T.);
#5233=EDGE_CURVE('',#4023,#4021,#703,.T.);
#5234=EDGE_CURVE('',#4024,#4022,#704,.T.);
#5235=EDGE_CURVE('',#4023,#4024,#2427,.T.);
#5236=EDGE_CURVE('',#4025,#4023,#705,.T.);
#5237=EDGE_CURVE('',#4026,#4024,#706,.T.);
#5238=EDGE_CURVE('',#4025,#4026,#2428,.T.);
#5239=EDGE_CURVE('',#4000,#4025,#707,.T.);
#5240=EDGE_CURVE('',#4001,#4026,#708,.T.);
#5241=EDGE_CURVE('',#4027,#4028,#709,.T.);
#5242=EDGE_CURVE('',#4028,#4029,#2429,.T.);
#5243=EDGE_CURVE('',#4030,#4029,#710,.T.);
#5244=EDGE_CURVE('',#4027,#4030,#2430,.T.);
#5245=EDGE_CURVE('',#4031,#4027,#711,.T.);
#5246=EDGE_CURVE('',#4032,#4030,#712,.T.);
#5247=EDGE_CURVE('',#4031,#4032,#2431,.T.);
#5248=EDGE_CURVE('',#4033,#4031,#713,.T.);
#5249=EDGE_CURVE('',#4034,#4032,#714,.T.);
#5250=EDGE_CURVE('',#4033,#4034,#2432,.T.);
#5251=EDGE_CURVE('',#4035,#4033,#2433,.T.);
#5252=EDGE_CURVE('',#4036,#4034,#2434,.T.);
#5253=EDGE_CURVE('',#4035,#4036,#2435,.T.);
#5254=EDGE_CURVE('',#4037,#4035,#2436,.T.);
#5255=EDGE_CURVE('',#4038,#4036,#2437,.T.);
#5256=EDGE_CURVE('',#4037,#4038,#2438,.T.);
#5257=EDGE_CURVE('',#4039,#4037,#2439,.T.);
#5258=EDGE_CURVE('',#4040,#4038,#2440,.T.);
#5259=EDGE_CURVE('',#4039,#4040,#2441,.T.);
#5260=EDGE_CURVE('',#4041,#4039,#2442,.T.);
#5261=EDGE_CURVE('',#4042,#4040,#2443,.T.);
#5262=EDGE_CURVE('',#4041,#4042,#2444,.T.);
#5263=EDGE_CURVE('',#4043,#4041,#2445,.T.);
#5264=EDGE_CURVE('',#4044,#4042,#2446,.T.);
#5265=EDGE_CURVE('',#4043,#4044,#2447,.T.);
#5266=EDGE_CURVE('',#4045,#4043,#715,.T.);
#5267=EDGE_CURVE('',#4046,#4044,#716,.T.);
#5268=EDGE_CURVE('',#4045,#4046,#2448,.T.);
#5269=EDGE_CURVE('',#4047,#4045,#717,.T.);
#5270=EDGE_CURVE('',#4048,#4046,#718,.T.);
#5271=EDGE_CURVE('',#4047,#4048,#2449,.T.);
#5272=EDGE_CURVE('',#4049,#4047,#719,.T.);
#5273=EDGE_CURVE('',#4050,#4048,#720,.T.);
#5274=EDGE_CURVE('',#4049,#4050,#2450,.T.);
#5275=EDGE_CURVE('',#4051,#4049,#721,.T.);
#5276=EDGE_CURVE('',#4052,#4050,#722,.T.);
#5277=EDGE_CURVE('',#4051,#4052,#2451,.T.);
#5278=EDGE_CURVE('',#4053,#4051,#2452,.T.);
#5279=EDGE_CURVE('',#4054,#4052,#2453,.T.);
#5280=EDGE_CURVE('',#4053,#4054,#2454,.T.);
#5281=EDGE_CURVE('',#4028,#4053,#723,.T.);
#5282=EDGE_CURVE('',#4029,#4054,#724,.T.);
#5283=EDGE_CURVE('',#4055,#4056,#2455,.T.);
#5284=EDGE_CURVE('',#4056,#4057,#2456,.T.);
#5285=EDGE_CURVE('',#4058,#4057,#2457,.T.);
#5286=EDGE_CURVE('',#4055,#4058,#2458,.T.);
#5287=EDGE_CURVE('',#4059,#4055,#2459,.T.);
#5288=EDGE_CURVE('',#4060,#4058,#2460,.T.);
#5289=EDGE_CURVE('',#4059,#4060,#2461,.T.);
#5290=EDGE_CURVE('',#4061,#4059,#2462,.T.);
#5291=EDGE_CURVE('',#4062,#4060,#2463,.T.);
#5292=EDGE_CURVE('',#4061,#4062,#2464,.T.);
#5293=EDGE_CURVE('',#4063,#4061,#2465,.T.);
#5294=EDGE_CURVE('',#4064,#4062,#2466,.T.);
#5295=EDGE_CURVE('',#4063,#4064,#2467,.T.);
#5296=EDGE_CURVE('',#4065,#4063,#2468,.T.);
#5297=EDGE_CURVE('',#4066,#4064,#2469,.T.);
#5298=EDGE_CURVE('',#4065,#4066,#2470,.T.);
#5299=EDGE_CURVE('',#4067,#4065,#2471,.T.);
#5300=EDGE_CURVE('',#4068,#4066,#2472,.T.);
#5301=EDGE_CURVE('',#4067,#4068,#2473,.T.);
#5302=EDGE_CURVE('',#4069,#4067,#2474,.T.);
#5303=EDGE_CURVE('',#4070,#4068,#2475,.T.);
#5304=EDGE_CURVE('',#4069,#4070,#2476,.T.);
#5305=EDGE_CURVE('',#4071,#4069,#2477,.T.);
#5306=EDGE_CURVE('',#4072,#4070,#2478,.T.);
#5307=EDGE_CURVE('',#4071,#4072,#2479,.T.);
#5308=EDGE_CURVE('',#4073,#4071,#2480,.T.);
#5309=EDGE_CURVE('',#4074,#4072,#2481,.T.);
#5310=EDGE_CURVE('',#4073,#4074,#2482,.T.);
#5311=EDGE_CURVE('',#4075,#4073,#2483,.T.);
#5312=EDGE_CURVE('',#4076,#4074,#2484,.T.);
#5313=EDGE_CURVE('',#4075,#4076,#2485,.T.);
#5314=EDGE_CURVE('',#4077,#4075,#2486,.T.);
#5315=EDGE_CURVE('',#4078,#4076,#2487,.T.);
#5316=EDGE_CURVE('',#4077,#4078,#2488,.T.);
#5317=EDGE_CURVE('',#4079,#4077,#2489,.T.);
#5318=EDGE_CURVE('',#4080,#4078,#2490,.T.);
#5319=EDGE_CURVE('',#4079,#4080,#2491,.T.);
#5320=EDGE_CURVE('',#4056,#4079,#2492,.T.);
#5321=EDGE_CURVE('',#4057,#4080,#2493,.T.);
#5322=EDGE_CURVE('',#4081,#4082,#2494,.T.);
#5323=EDGE_CURVE('',#4082,#4083,#2495,.T.);
#5324=EDGE_CURVE('',#4084,#4083,#2496,.T.);
#5325=EDGE_CURVE('',#4081,#4084,#2497,.T.);
#5326=EDGE_CURVE('',#4085,#4081,#2498,.T.);
#5327=EDGE_CURVE('',#4086,#4084,#2499,.T.);
#5328=EDGE_CURVE('',#4085,#4086,#2500,.T.);
#5329=EDGE_CURVE('',#4087,#4085,#2501,.T.);
#5330=EDGE_CURVE('',#4088,#4086,#2502,.T.);
#5331=EDGE_CURVE('',#4087,#4088,#2503,.T.);
#5332=EDGE_CURVE('',#4089,#4087,#2504,.T.);
#5333=EDGE_CURVE('',#4090,#4088,#2505,.T.);
#5334=EDGE_CURVE('',#4089,#4090,#2506,.T.);
#5335=EDGE_CURVE('',#4091,#4089,#2507,.T.);
#5336=EDGE_CURVE('',#4092,#4090,#2508,.T.);
#5337=EDGE_CURVE('',#4091,#4092,#2509,.T.);
#5338=EDGE_CURVE('',#4093,#4091,#2510,.T.);
#5339=EDGE_CURVE('',#4094,#4092,#2511,.T.);
#5340=EDGE_CURVE('',#4093,#4094,#2512,.T.);
#5341=EDGE_CURVE('',#4082,#4093,#2513,.T.);
#5342=EDGE_CURVE('',#4083,#4094,#2514,.T.);
#5343=ORIENTED_EDGE('',*,*,#4095,.F.);
#5344=ORIENTED_EDGE('',*,*,#4096,.T.);
#5345=ORIENTED_EDGE('',*,*,#4097,.F.);
#5346=ORIENTED_EDGE('',*,*,#4098,.F.);
#5347=ORIENTED_EDGE('',*,*,#4099,.F.);
#5348=ORIENTED_EDGE('',*,*,#4098,.T.);
#5349=ORIENTED_EDGE('',*,*,#4100,.F.);
#5350=ORIENTED_EDGE('',*,*,#4101,.F.);
#5351=ORIENTED_EDGE('',*,*,#4102,.F.);
#5352=ORIENTED_EDGE('',*,*,#4101,.T.);
#5353=ORIENTED_EDGE('',*,*,#4103,.F.);
#5354=ORIENTED_EDGE('',*,*,#4104,.F.);
#5355=ORIENTED_EDGE('',*,*,#4105,.F.);
#5356=ORIENTED_EDGE('',*,*,#4104,.T.);
#5357=ORIENTED_EDGE('',*,*,#4106,.F.);
#5358=ORIENTED_EDGE('',*,*,#4096,.F.);
#5359=ORIENTED_EDGE('',*,*,#4106,.T.);
#5360=ORIENTED_EDGE('',*,*,#4103,.T.);
#5361=ORIENTED_EDGE('',*,*,#4100,.T.);
#5362=ORIENTED_EDGE('',*,*,#4097,.T.);
#5363=ORIENTED_EDGE('',*,*,#4105,.T.);
#5364=ORIENTED_EDGE('',*,*,#4095,.T.);
#5365=ORIENTED_EDGE('',*,*,#4099,.T.);
#5366=ORIENTED_EDGE('',*,*,#4102,.T.);
#5367=ORIENTED_EDGE('',*,*,#4107,.F.);
#5368=ORIENTED_EDGE('',*,*,#4108,.T.);
#5369=ORIENTED_EDGE('',*,*,#4109,.F.);
#5370=ORIENTED_EDGE('',*,*,#4108,.F.);
#5371=ORIENTED_EDGE('',*,*,#4110,.F.);
#5372=ORIENTED_EDGE('',*,*,#4107,.T.);
#5373=ORIENTED_EDGE('',*,*,#4110,.T.);
#5374=ORIENTED_EDGE('',*,*,#4111,.T.);
#5375=ORIENTED_EDGE('',*,*,#4112,.F.);
#5376=ORIENTED_EDGE('',*,*,#4111,.F.);
#5377=ORIENTED_EDGE('',*,*,#4113,.F.);
#5378=ORIENTED_EDGE('',*,*,#4114,.F.);
#5379=ORIENTED_EDGE('',*,*,#4115,.F.);
#5380=ORIENTED_EDGE('',*,*,#4116,.F.);
#5381=ORIENTED_EDGE('',*,*,#4117,.F.);
#5382=ORIENTED_EDGE('',*,*,#4118,.F.);
#5383=ORIENTED_EDGE('',*,*,#4119,.F.);
#5384=ORIENTED_EDGE('',*,*,#4120,.F.);
#5385=ORIENTED_EDGE('',*,*,#4121,.F.);
#5386=ORIENTED_EDGE('',*,*,#4122,.F.);
#5387=ORIENTED_EDGE('',*,*,#4123,.F.);
#5388=ORIENTED_EDGE('',*,*,#4124,.F.);
#5389=ORIENTED_EDGE('',*,*,#4125,.F.);
#5390=ORIENTED_EDGE('',*,*,#4113,.T.);
#5391=ORIENTED_EDGE('',*,*,#4126,.T.);
#5392=ORIENTED_EDGE('',*,*,#4127,.F.);
#5393=ORIENTED_EDGE('',*,*,#4128,.F.);
#5394=ORIENTED_EDGE('',*,*,#4114,.T.);
#5395=ORIENTED_EDGE('',*,*,#4128,.T.);
#5396=ORIENTED_EDGE('',*,*,#4129,.F.);
#5397=ORIENTED_EDGE('',*,*,#4130,.F.);
#5398=ORIENTED_EDGE('',*,*,#4115,.T.);
#5399=ORIENTED_EDGE('',*,*,#4130,.T.);
#5400=ORIENTED_EDGE('',*,*,#4131,.F.);
#5401=ORIENTED_EDGE('',*,*,#4132,.F.);
#5402=ORIENTED_EDGE('',*,*,#4116,.T.);
#5403=ORIENTED_EDGE('',*,*,#4132,.T.);
#5404=ORIENTED_EDGE('',*,*,#4133,.F.);
#5405=ORIENTED_EDGE('',*,*,#4134,.F.);
#5406=ORIENTED_EDGE('',*,*,#4117,.T.);
#5407=ORIENTED_EDGE('',*,*,#4134,.T.);
#5408=ORIENTED_EDGE('',*,*,#4135,.F.);
#5409=ORIENTED_EDGE('',*,*,#4136,.F.);
#5410=ORIENTED_EDGE('',*,*,#4118,.T.);
#5411=ORIENTED_EDGE('',*,*,#4136,.T.);
#5412=ORIENTED_EDGE('',*,*,#4137,.F.);
#5413=ORIENTED_EDGE('',*,*,#4138,.F.);
#5414=ORIENTED_EDGE('',*,*,#4119,.T.);
#5415=ORIENTED_EDGE('',*,*,#4138,.T.);
#5416=ORIENTED_EDGE('',*,*,#4139,.F.);
#5417=ORIENTED_EDGE('',*,*,#4140,.F.);
#5418=ORIENTED_EDGE('',*,*,#4120,.T.);
#5419=ORIENTED_EDGE('',*,*,#4140,.T.);
#5420=ORIENTED_EDGE('',*,*,#4141,.F.);
#5421=ORIENTED_EDGE('',*,*,#4142,.F.);
#5422=ORIENTED_EDGE('',*,*,#4121,.T.);
#5423=ORIENTED_EDGE('',*,*,#4142,.T.);
#5424=ORIENTED_EDGE('',*,*,#4143,.F.);
#5425=ORIENTED_EDGE('',*,*,#4144,.F.);
#5426=ORIENTED_EDGE('',*,*,#4122,.T.);
#5427=ORIENTED_EDGE('',*,*,#4144,.T.);
#5428=ORIENTED_EDGE('',*,*,#4145,.F.);
#5429=ORIENTED_EDGE('',*,*,#4146,.F.);
#5430=ORIENTED_EDGE('',*,*,#4123,.T.);
#5431=ORIENTED_EDGE('',*,*,#4146,.T.);
#5432=ORIENTED_EDGE('',*,*,#4147,.F.);
#5433=ORIENTED_EDGE('',*,*,#4148,.F.);
#5434=ORIENTED_EDGE('',*,*,#4124,.T.);
#5435=ORIENTED_EDGE('',*,*,#4148,.T.);
#5436=ORIENTED_EDGE('',*,*,#4149,.F.);
#5437=ORIENTED_EDGE('',*,*,#4150,.F.);
#5438=ORIENTED_EDGE('',*,*,#4125,.T.);
#5439=ORIENTED_EDGE('',*,*,#4150,.T.);
#5440=ORIENTED_EDGE('',*,*,#4151,.F.);
#5441=ORIENTED_EDGE('',*,*,#4126,.F.);
#5442=ORIENTED_EDGE('',*,*,#4152,.F.);
#5443=ORIENTED_EDGE('',*,*,#4153,.F.);
#5444=ORIENTED_EDGE('',*,*,#4154,.F.);
#5445=ORIENTED_EDGE('',*,*,#4155,.F.);
#5446=ORIENTED_EDGE('',*,*,#4156,.F.);
#5447=ORIENTED_EDGE('',*,*,#4157,.F.);
#5448=ORIENTED_EDGE('',*,*,#4158,.F.);
#5449=ORIENTED_EDGE('',*,*,#4159,.F.);
#5450=ORIENTED_EDGE('',*,*,#4160,.F.);
#5451=ORIENTED_EDGE('',*,*,#4161,.F.);
#5452=ORIENTED_EDGE('',*,*,#4162,.F.);
#5453=ORIENTED_EDGE('',*,*,#4163,.F.);
#5454=ORIENTED_EDGE('',*,*,#4164,.F.);
#5455=ORIENTED_EDGE('',*,*,#4165,.F.);
#5456=ORIENTED_EDGE('',*,*,#4152,.T.);
#5457=ORIENTED_EDGE('',*,*,#4166,.T.);
#5458=ORIENTED_EDGE('',*,*,#4167,.F.);
#5459=ORIENTED_EDGE('',*,*,#4168,.F.);
#5460=ORIENTED_EDGE('',*,*,#4153,.T.);
#5461=ORIENTED_EDGE('',*,*,#4168,.T.);
#5462=ORIENTED_EDGE('',*,*,#4169,.F.);
#5463=ORIENTED_EDGE('',*,*,#4170,.F.);
#5464=ORIENTED_EDGE('',*,*,#4154,.T.);
#5465=ORIENTED_EDGE('',*,*,#4170,.T.);
#5466=ORIENTED_EDGE('',*,*,#4171,.F.);
#5467=ORIENTED_EDGE('',*,*,#4172,.F.);
#5468=ORIENTED_EDGE('',*,*,#4155,.T.);
#5469=ORIENTED_EDGE('',*,*,#4172,.T.);
#5470=ORIENTED_EDGE('',*,*,#4173,.F.);
#5471=ORIENTED_EDGE('',*,*,#4174,.F.);
#5472=ORIENTED_EDGE('',*,*,#4156,.T.);
#5473=ORIENTED_EDGE('',*,*,#4174,.T.);
#5474=ORIENTED_EDGE('',*,*,#4175,.F.);
#5475=ORIENTED_EDGE('',*,*,#4176,.F.);
#5476=ORIENTED_EDGE('',*,*,#4157,.T.);
#5477=ORIENTED_EDGE('',*,*,#4176,.T.);
#5478=ORIENTED_EDGE('',*,*,#4177,.F.);
#5479=ORIENTED_EDGE('',*,*,#4178,.F.);
#5480=ORIENTED_EDGE('',*,*,#4158,.T.);
#5481=ORIENTED_EDGE('',*,*,#4178,.T.);
#5482=ORIENTED_EDGE('',*,*,#4179,.F.);
#5483=ORIENTED_EDGE('',*,*,#4180,.F.);
#5484=ORIENTED_EDGE('',*,*,#4159,.T.);
#5485=ORIENTED_EDGE('',*,*,#4180,.T.);
#5486=ORIENTED_EDGE('',*,*,#4181,.F.);
#5487=ORIENTED_EDGE('',*,*,#4182,.F.);
#5488=ORIENTED_EDGE('',*,*,#4160,.T.);
#5489=ORIENTED_EDGE('',*,*,#4182,.T.);
#5490=ORIENTED_EDGE('',*,*,#4183,.F.);
#5491=ORIENTED_EDGE('',*,*,#4184,.F.);
#5492=ORIENTED_EDGE('',*,*,#4161,.T.);
#5493=ORIENTED_EDGE('',*,*,#4184,.T.);
#5494=ORIENTED_EDGE('',*,*,#4185,.F.);
#5495=ORIENTED_EDGE('',*,*,#4186,.F.);
#5496=ORIENTED_EDGE('',*,*,#4162,.T.);
#5497=ORIENTED_EDGE('',*,*,#4186,.T.);
#5498=ORIENTED_EDGE('',*,*,#4187,.F.);
#5499=ORIENTED_EDGE('',*,*,#4188,.F.);
#5500=ORIENTED_EDGE('',*,*,#4163,.T.);
#5501=ORIENTED_EDGE('',*,*,#4188,.T.);
#5502=ORIENTED_EDGE('',*,*,#4189,.F.);
#5503=ORIENTED_EDGE('',*,*,#4190,.F.);
#5504=ORIENTED_EDGE('',*,*,#4164,.T.);
#5505=ORIENTED_EDGE('',*,*,#4190,.T.);
#5506=ORIENTED_EDGE('',*,*,#4191,.F.);
#5507=ORIENTED_EDGE('',*,*,#4192,.F.);
#5508=ORIENTED_EDGE('',*,*,#4165,.T.);
#5509=ORIENTED_EDGE('',*,*,#4192,.T.);
#5510=ORIENTED_EDGE('',*,*,#4193,.F.);
#5511=ORIENTED_EDGE('',*,*,#4166,.F.);
#5512=ORIENTED_EDGE('',*,*,#4194,.F.);
#5513=ORIENTED_EDGE('',*,*,#4195,.F.);
#5514=ORIENTED_EDGE('',*,*,#4196,.F.);
#5515=ORIENTED_EDGE('',*,*,#4197,.F.);
#5516=ORIENTED_EDGE('',*,*,#4198,.F.);
#5517=ORIENTED_EDGE('',*,*,#4199,.F.);
#5518=ORIENTED_EDGE('',*,*,#4200,.F.);
#5519=ORIENTED_EDGE('',*,*,#4201,.F.);
#5520=ORIENTED_EDGE('',*,*,#4202,.F.);
#5521=ORIENTED_EDGE('',*,*,#4203,.F.);
#5522=ORIENTED_EDGE('',*,*,#4204,.F.);
#5523=ORIENTED_EDGE('',*,*,#4205,.F.);
#5524=ORIENTED_EDGE('',*,*,#4206,.F.);
#5525=ORIENTED_EDGE('',*,*,#4207,.F.);
#5526=ORIENTED_EDGE('',*,*,#4208,.T.);
#5527=ORIENTED_EDGE('',*,*,#4209,.T.);
#5528=ORIENTED_EDGE('',*,*,#4210,.T.);
#5529=ORIENTED_EDGE('',*,*,#4211,.T.);
#5530=ORIENTED_EDGE('',*,*,#4212,.T.);
#5531=ORIENTED_EDGE('',*,*,#4213,.T.);
#5532=ORIENTED_EDGE('',*,*,#4214,.T.);
#5533=ORIENTED_EDGE('',*,*,#4215,.T.);
#5534=ORIENTED_EDGE('',*,*,#4216,.T.);
#5535=ORIENTED_EDGE('',*,*,#4217,.T.);
#5536=ORIENTED_EDGE('',*,*,#4194,.T.);
#5537=ORIENTED_EDGE('',*,*,#4218,.T.);
#5538=ORIENTED_EDGE('',*,*,#4219,.F.);
#5539=ORIENTED_EDGE('',*,*,#4220,.F.);
#5540=ORIENTED_EDGE('',*,*,#4195,.T.);
#5541=ORIENTED_EDGE('',*,*,#4220,.T.);
#5542=ORIENTED_EDGE('',*,*,#4221,.F.);
#5543=ORIENTED_EDGE('',*,*,#4222,.F.);
#5544=ORIENTED_EDGE('',*,*,#4196,.T.);
#5545=ORIENTED_EDGE('',*,*,#4222,.T.);
#5546=ORIENTED_EDGE('',*,*,#4223,.F.);
#5547=ORIENTED_EDGE('',*,*,#4224,.F.);
#5548=ORIENTED_EDGE('',*,*,#4197,.T.);
#5549=ORIENTED_EDGE('',*,*,#4224,.T.);
#5550=ORIENTED_EDGE('',*,*,#4225,.F.);
#5551=ORIENTED_EDGE('',*,*,#4226,.F.);
#5552=ORIENTED_EDGE('',*,*,#4198,.T.);
#5553=ORIENTED_EDGE('',*,*,#4226,.T.);
#5554=ORIENTED_EDGE('',*,*,#4227,.F.);
#5555=ORIENTED_EDGE('',*,*,#4228,.F.);
#5556=ORIENTED_EDGE('',*,*,#4199,.T.);
#5557=ORIENTED_EDGE('',*,*,#4228,.T.);
#5558=ORIENTED_EDGE('',*,*,#4229,.F.);
#5559=ORIENTED_EDGE('',*,*,#4230,.F.);
#5560=ORIENTED_EDGE('',*,*,#4200,.T.);
#5561=ORIENTED_EDGE('',*,*,#4230,.T.);
#5562=ORIENTED_EDGE('',*,*,#4231,.F.);
#5563=ORIENTED_EDGE('',*,*,#4232,.F.);
#5564=ORIENTED_EDGE('',*,*,#4201,.T.);
#5565=ORIENTED_EDGE('',*,*,#4232,.T.);
#5566=ORIENTED_EDGE('',*,*,#4233,.F.);
#5567=ORIENTED_EDGE('',*,*,#4234,.F.);
#5568=ORIENTED_EDGE('',*,*,#4202,.T.);
#5569=ORIENTED_EDGE('',*,*,#4234,.T.);
#5570=ORIENTED_EDGE('',*,*,#4235,.F.);
#5571=ORIENTED_EDGE('',*,*,#4236,.F.);
#5572=ORIENTED_EDGE('',*,*,#4203,.T.);
#5573=ORIENTED_EDGE('',*,*,#4236,.T.);
#5574=ORIENTED_EDGE('',*,*,#4237,.F.);
#5575=ORIENTED_EDGE('',*,*,#4238,.F.);
#5576=ORIENTED_EDGE('',*,*,#4204,.T.);
#5577=ORIENTED_EDGE('',*,*,#4238,.T.);
#5578=ORIENTED_EDGE('',*,*,#4239,.F.);
#5579=ORIENTED_EDGE('',*,*,#4240,.F.);
#5580=ORIENTED_EDGE('',*,*,#4205,.T.);
#5581=ORIENTED_EDGE('',*,*,#4240,.T.);
#5582=ORIENTED_EDGE('',*,*,#4241,.F.);
#5583=ORIENTED_EDGE('',*,*,#4242,.F.);
#5584=ORIENTED_EDGE('',*,*,#4206,.T.);
#5585=ORIENTED_EDGE('',*,*,#4242,.T.);
#5586=ORIENTED_EDGE('',*,*,#4243,.F.);
#5587=ORIENTED_EDGE('',*,*,#4244,.F.);
#5588=ORIENTED_EDGE('',*,*,#4207,.T.);
#5589=ORIENTED_EDGE('',*,*,#4244,.T.);
#5590=ORIENTED_EDGE('',*,*,#4245,.F.);
#5591=ORIENTED_EDGE('',*,*,#4218,.F.);
#5592=ORIENTED_EDGE('',*,*,#4208,.F.);
#5593=ORIENTED_EDGE('',*,*,#4246,.T.);
#5594=ORIENTED_EDGE('',*,*,#4247,.F.);
#5595=ORIENTED_EDGE('',*,*,#4248,.F.);
#5596=ORIENTED_EDGE('',*,*,#4209,.F.);
#5597=ORIENTED_EDGE('',*,*,#4248,.T.);
#5598=ORIENTED_EDGE('',*,*,#4249,.F.);
#5599=ORIENTED_EDGE('',*,*,#4250,.F.);
#5600=ORIENTED_EDGE('',*,*,#4210,.F.);
#5601=ORIENTED_EDGE('',*,*,#4250,.T.);
#5602=ORIENTED_EDGE('',*,*,#4251,.F.);
#5603=ORIENTED_EDGE('',*,*,#4252,.F.);
#5604=ORIENTED_EDGE('',*,*,#4211,.F.);
#5605=ORIENTED_EDGE('',*,*,#4252,.T.);
#5606=ORIENTED_EDGE('',*,*,#4253,.F.);
#5607=ORIENTED_EDGE('',*,*,#4254,.F.);
#5608=ORIENTED_EDGE('',*,*,#4212,.F.);
#5609=ORIENTED_EDGE('',*,*,#4254,.T.);
#5610=ORIENTED_EDGE('',*,*,#4255,.F.);
#5611=ORIENTED_EDGE('',*,*,#4256,.F.);
#5612=ORIENTED_EDGE('',*,*,#4213,.F.);
#5613=ORIENTED_EDGE('',*,*,#4256,.T.);
#5614=ORIENTED_EDGE('',*,*,#4257,.F.);
#5615=ORIENTED_EDGE('',*,*,#4258,.F.);
#5616=ORIENTED_EDGE('',*,*,#4214,.F.);
#5617=ORIENTED_EDGE('',*,*,#4258,.T.);
#5618=ORIENTED_EDGE('',*,*,#4259,.F.);
#5619=ORIENTED_EDGE('',*,*,#4260,.F.);
#5620=ORIENTED_EDGE('',*,*,#4215,.F.);
#5621=ORIENTED_EDGE('',*,*,#4260,.T.);
#5622=ORIENTED_EDGE('',*,*,#4261,.F.);
#5623=ORIENTED_EDGE('',*,*,#4262,.F.);
#5624=ORIENTED_EDGE('',*,*,#4216,.F.);
#5625=ORIENTED_EDGE('',*,*,#4262,.T.);
#5626=ORIENTED_EDGE('',*,*,#4263,.F.);
#5627=ORIENTED_EDGE('',*,*,#4264,.F.);
#5628=ORIENTED_EDGE('',*,*,#4217,.F.);
#5629=ORIENTED_EDGE('',*,*,#4264,.T.);
#5630=ORIENTED_EDGE('',*,*,#4265,.F.);
#5631=ORIENTED_EDGE('',*,*,#4246,.F.);
#5632=ORIENTED_EDGE('',*,*,#4266,.F.);
#5633=ORIENTED_EDGE('',*,*,#4267,.F.);
#5634=ORIENTED_EDGE('',*,*,#4268,.F.);
#5635=ORIENTED_EDGE('',*,*,#4269,.F.);
#5636=ORIENTED_EDGE('',*,*,#4270,.F.);
#5637=ORIENTED_EDGE('',*,*,#4271,.F.);
#5638=ORIENTED_EDGE('',*,*,#4272,.F.);
#5639=ORIENTED_EDGE('',*,*,#4273,.F.);
#5640=ORIENTED_EDGE('',*,*,#4274,.F.);
#5641=ORIENTED_EDGE('',*,*,#4275,.F.);
#5642=ORIENTED_EDGE('',*,*,#4276,.F.);
#5643=ORIENTED_EDGE('',*,*,#4277,.F.);
#5644=ORIENTED_EDGE('',*,*,#4278,.F.);
#5645=ORIENTED_EDGE('',*,*,#4279,.F.);
#5646=ORIENTED_EDGE('',*,*,#4280,.F.);
#5647=ORIENTED_EDGE('',*,*,#4281,.F.);
#5648=ORIENTED_EDGE('',*,*,#4282,.F.);
#5649=ORIENTED_EDGE('',*,*,#4283,.F.);
#5650=ORIENTED_EDGE('',*,*,#4284,.F.);
#5651=ORIENTED_EDGE('',*,*,#4285,.F.);
#5652=ORIENTED_EDGE('',*,*,#4286,.F.);
#5653=ORIENTED_EDGE('',*,*,#4287,.F.);
#5654=ORIENTED_EDGE('',*,*,#4288,.T.);
#5655=ORIENTED_EDGE('',*,*,#4289,.T.);
#5656=ORIENTED_EDGE('',*,*,#4290,.T.);
#5657=ORIENTED_EDGE('',*,*,#4291,.T.);
#5658=ORIENTED_EDGE('',*,*,#4292,.T.);
#5659=ORIENTED_EDGE('',*,*,#4293,.T.);
#5660=ORIENTED_EDGE('',*,*,#4294,.T.);
#5661=ORIENTED_EDGE('',*,*,#4295,.T.);
#5662=ORIENTED_EDGE('',*,*,#4266,.T.);
#5663=ORIENTED_EDGE('',*,*,#4296,.T.);
#5664=ORIENTED_EDGE('',*,*,#4297,.F.);
#5665=ORIENTED_EDGE('',*,*,#4298,.F.);
#5666=ORIENTED_EDGE('',*,*,#4267,.T.);
#5667=ORIENTED_EDGE('',*,*,#4298,.T.);
#5668=ORIENTED_EDGE('',*,*,#4299,.F.);
#5669=ORIENTED_EDGE('',*,*,#4300,.F.);
#5670=ORIENTED_EDGE('',*,*,#4268,.T.);
#5671=ORIENTED_EDGE('',*,*,#4300,.T.);
#5672=ORIENTED_EDGE('',*,*,#4301,.F.);
#5673=ORIENTED_EDGE('',*,*,#4302,.F.);
#5674=ORIENTED_EDGE('',*,*,#4269,.T.);
#5675=ORIENTED_EDGE('',*,*,#4302,.T.);
#5676=ORIENTED_EDGE('',*,*,#4303,.F.);
#5677=ORIENTED_EDGE('',*,*,#4304,.F.);
#5678=ORIENTED_EDGE('',*,*,#4270,.T.);
#5679=ORIENTED_EDGE('',*,*,#4304,.T.);
#5680=ORIENTED_EDGE('',*,*,#4305,.F.);
#5681=ORIENTED_EDGE('',*,*,#4306,.F.);
#5682=ORIENTED_EDGE('',*,*,#4271,.T.);
#5683=ORIENTED_EDGE('',*,*,#4306,.T.);
#5684=ORIENTED_EDGE('',*,*,#4307,.F.);
#5685=ORIENTED_EDGE('',*,*,#4308,.F.);
#5686=ORIENTED_EDGE('',*,*,#4272,.T.);
#5687=ORIENTED_EDGE('',*,*,#4308,.T.);
#5688=ORIENTED_EDGE('',*,*,#4309,.F.);
#5689=ORIENTED_EDGE('',*,*,#4310,.F.);
#5690=ORIENTED_EDGE('',*,*,#4273,.T.);
#5691=ORIENTED_EDGE('',*,*,#4310,.T.);
#5692=ORIENTED_EDGE('',*,*,#4311,.F.);
#5693=ORIENTED_EDGE('',*,*,#4312,.F.);
#5694=ORIENTED_EDGE('',*,*,#4274,.T.);
#5695=ORIENTED_EDGE('',*,*,#4312,.T.);
#5696=ORIENTED_EDGE('',*,*,#4313,.F.);
#5697=ORIENTED_EDGE('',*,*,#4314,.F.);
#5698=ORIENTED_EDGE('',*,*,#4275,.T.);
#5699=ORIENTED_EDGE('',*,*,#4314,.T.);
#5700=ORIENTED_EDGE('',*,*,#4315,.F.);
#5701=ORIENTED_EDGE('',*,*,#4316,.F.);
#5702=ORIENTED_EDGE('',*,*,#4276,.T.);
#5703=ORIENTED_EDGE('',*,*,#4316,.T.);
#5704=ORIENTED_EDGE('',*,*,#4317,.F.);
#5705=ORIENTED_EDGE('',*,*,#4318,.F.);
#5706=ORIENTED_EDGE('',*,*,#4277,.T.);
#5707=ORIENTED_EDGE('',*,*,#4318,.T.);
#5708=ORIENTED_EDGE('',*,*,#4319,.F.);
#5709=ORIENTED_EDGE('',*,*,#4320,.F.);
#5710=ORIENTED_EDGE('',*,*,#4278,.T.);
#5711=ORIENTED_EDGE('',*,*,#4320,.T.);
#5712=ORIENTED_EDGE('',*,*,#4321,.F.);
#5713=ORIENTED_EDGE('',*,*,#4322,.F.);
#5714=ORIENTED_EDGE('',*,*,#4279,.T.);
#5715=ORIENTED_EDGE('',*,*,#4322,.T.);
#5716=ORIENTED_EDGE('',*,*,#4323,.F.);
#5717=ORIENTED_EDGE('',*,*,#4324,.F.);
#5718=ORIENTED_EDGE('',*,*,#4280,.T.);
#5719=ORIENTED_EDGE('',*,*,#4324,.T.);
#5720=ORIENTED_EDGE('',*,*,#4325,.F.);
#5721=ORIENTED_EDGE('',*,*,#4326,.F.);
#5722=ORIENTED_EDGE('',*,*,#4281,.T.);
#5723=ORIENTED_EDGE('',*,*,#4326,.T.);
#5724=ORIENTED_EDGE('',*,*,#4327,.F.);
#5725=ORIENTED_EDGE('',*,*,#4328,.F.);
#5726=ORIENTED_EDGE('',*,*,#4282,.T.);
#5727=ORIENTED_EDGE('',*,*,#4328,.T.);
#5728=ORIENTED_EDGE('',*,*,#4329,.F.);
#5729=ORIENTED_EDGE('',*,*,#4330,.F.);
#5730=ORIENTED_EDGE('',*,*,#4283,.T.);
#5731=ORIENTED_EDGE('',*,*,#4330,.T.);
#5732=ORIENTED_EDGE('',*,*,#4331,.F.);
#5733=ORIENTED_EDGE('',*,*,#4332,.F.);
#5734=ORIENTED_EDGE('',*,*,#4284,.T.);
#5735=ORIENTED_EDGE('',*,*,#4332,.T.);
#5736=ORIENTED_EDGE('',*,*,#4333,.F.);
#5737=ORIENTED_EDGE('',*,*,#4334,.F.);
#5738=ORIENTED_EDGE('',*,*,#4285,.T.);
#5739=ORIENTED_EDGE('',*,*,#4334,.T.);
#5740=ORIENTED_EDGE('',*,*,#4335,.F.);
#5741=ORIENTED_EDGE('',*,*,#4336,.F.);
#5742=ORIENTED_EDGE('',*,*,#4286,.T.);
#5743=ORIENTED_EDGE('',*,*,#4336,.T.);
#5744=ORIENTED_EDGE('',*,*,#4337,.F.);
#5745=ORIENTED_EDGE('',*,*,#4338,.F.);
#5746=ORIENTED_EDGE('',*,*,#4287,.T.);
#5747=ORIENTED_EDGE('',*,*,#4338,.T.);
#5748=ORIENTED_EDGE('',*,*,#4339,.F.);
#5749=ORIENTED_EDGE('',*,*,#4296,.F.);
#5750=ORIENTED_EDGE('',*,*,#4288,.F.);
#5751=ORIENTED_EDGE('',*,*,#4340,.T.);
#5752=ORIENTED_EDGE('',*,*,#4341,.F.);
#5753=ORIENTED_EDGE('',*,*,#4342,.F.);
#5754=ORIENTED_EDGE('',*,*,#4289,.F.);
#5755=ORIENTED_EDGE('',*,*,#4342,.T.);
#5756=ORIENTED_EDGE('',*,*,#4343,.F.);
#5757=ORIENTED_EDGE('',*,*,#4344,.F.);
#5758=ORIENTED_EDGE('',*,*,#4290,.F.);
#5759=ORIENTED_EDGE('',*,*,#4344,.T.);
#5760=ORIENTED_EDGE('',*,*,#4345,.F.);
#5761=ORIENTED_EDGE('',*,*,#4346,.F.);
#5762=ORIENTED_EDGE('',*,*,#4291,.F.);
#5763=ORIENTED_EDGE('',*,*,#4346,.T.);
#5764=ORIENTED_EDGE('',*,*,#4347,.F.);
#5765=ORIENTED_EDGE('',*,*,#4348,.F.);
#5766=ORIENTED_EDGE('',*,*,#4292,.F.);
#5767=ORIENTED_EDGE('',*,*,#4348,.T.);
#5768=ORIENTED_EDGE('',*,*,#4349,.F.);
#5769=ORIENTED_EDGE('',*,*,#4350,.F.);
#5770=ORIENTED_EDGE('',*,*,#4293,.F.);
#5771=ORIENTED_EDGE('',*,*,#4350,.T.);
#5772=ORIENTED_EDGE('',*,*,#4351,.F.);
#5773=ORIENTED_EDGE('',*,*,#4352,.F.);
#5774=ORIENTED_EDGE('',*,*,#4294,.F.);
#5775=ORIENTED_EDGE('',*,*,#4352,.T.);
#5776=ORIENTED_EDGE('',*,*,#4353,.F.);
#5777=ORIENTED_EDGE('',*,*,#4354,.F.);
#5778=ORIENTED_EDGE('',*,*,#4295,.F.);
#5779=ORIENTED_EDGE('',*,*,#4354,.T.);
#5780=ORIENTED_EDGE('',*,*,#4355,.F.);
#5781=ORIENTED_EDGE('',*,*,#4340,.F.);
#5782=ORIENTED_EDGE('',*,*,#4356,.F.);
#5783=ORIENTED_EDGE('',*,*,#4357,.F.);
#5784=ORIENTED_EDGE('',*,*,#4358,.F.);
#5785=ORIENTED_EDGE('',*,*,#4359,.F.);
#5786=ORIENTED_EDGE('',*,*,#4360,.F.);
#5787=ORIENTED_EDGE('',*,*,#4361,.F.);
#5788=ORIENTED_EDGE('',*,*,#4362,.F.);
#5789=ORIENTED_EDGE('',*,*,#4356,.T.);
#5790=ORIENTED_EDGE('',*,*,#4363,.T.);
#5791=ORIENTED_EDGE('',*,*,#4364,.F.);
#5792=ORIENTED_EDGE('',*,*,#4365,.F.);
#5793=ORIENTED_EDGE('',*,*,#4357,.T.);
#5794=ORIENTED_EDGE('',*,*,#4365,.T.);
#5795=ORIENTED_EDGE('',*,*,#4366,.F.);
#5796=ORIENTED_EDGE('',*,*,#4367,.F.);
#5797=ORIENTED_EDGE('',*,*,#4358,.T.);
#5798=ORIENTED_EDGE('',*,*,#4367,.T.);
#5799=ORIENTED_EDGE('',*,*,#4368,.F.);
#5800=ORIENTED_EDGE('',*,*,#4369,.F.);
#5801=ORIENTED_EDGE('',*,*,#4359,.T.);
#5802=ORIENTED_EDGE('',*,*,#4369,.T.);
#5803=ORIENTED_EDGE('',*,*,#4370,.F.);
#5804=ORIENTED_EDGE('',*,*,#4371,.F.);
#5805=ORIENTED_EDGE('',*,*,#4360,.T.);
#5806=ORIENTED_EDGE('',*,*,#4371,.T.);
#5807=ORIENTED_EDGE('',*,*,#4372,.F.);
#5808=ORIENTED_EDGE('',*,*,#4373,.F.);
#5809=ORIENTED_EDGE('',*,*,#4361,.T.);
#5810=ORIENTED_EDGE('',*,*,#4373,.T.);
#5811=ORIENTED_EDGE('',*,*,#4374,.F.);
#5812=ORIENTED_EDGE('',*,*,#4375,.F.);
#5813=ORIENTED_EDGE('',*,*,#4362,.T.);
#5814=ORIENTED_EDGE('',*,*,#4375,.T.);
#5815=ORIENTED_EDGE('',*,*,#4376,.F.);
#5816=ORIENTED_EDGE('',*,*,#4363,.F.);
#5817=ORIENTED_EDGE('',*,*,#4377,.F.);
#5818=ORIENTED_EDGE('',*,*,#4378,.F.);
#5819=ORIENTED_EDGE('',*,*,#4379,.F.);
#5820=ORIENTED_EDGE('',*,*,#4380,.F.);
#5821=ORIENTED_EDGE('',*,*,#4377,.T.);
#5822=ORIENTED_EDGE('',*,*,#4381,.T.);
#5823=ORIENTED_EDGE('',*,*,#4382,.F.);
#5824=ORIENTED_EDGE('',*,*,#4383,.F.);
#5825=ORIENTED_EDGE('',*,*,#4378,.T.);
#5826=ORIENTED_EDGE('',*,*,#4383,.T.);
#5827=ORIENTED_EDGE('',*,*,#4384,.F.);
#5828=ORIENTED_EDGE('',*,*,#4385,.F.);
#5829=ORIENTED_EDGE('',*,*,#4379,.T.);
#5830=ORIENTED_EDGE('',*,*,#4385,.T.);
#5831=ORIENTED_EDGE('',*,*,#4386,.F.);
#5832=ORIENTED_EDGE('',*,*,#4387,.F.);
#5833=ORIENTED_EDGE('',*,*,#4380,.T.);
#5834=ORIENTED_EDGE('',*,*,#4387,.T.);
#5835=ORIENTED_EDGE('',*,*,#4388,.F.);
#5836=ORIENTED_EDGE('',*,*,#4381,.F.);
#5837=ORIENTED_EDGE('',*,*,#4389,.F.);
#5838=ORIENTED_EDGE('',*,*,#4390,.F.);
#5839=ORIENTED_EDGE('',*,*,#4391,.F.);
#5840=ORIENTED_EDGE('',*,*,#4392,.F.);
#5841=ORIENTED_EDGE('',*,*,#4393,.F.);
#5842=ORIENTED_EDGE('',*,*,#4394,.F.);
#5843=ORIENTED_EDGE('',*,*,#4395,.F.);
#5844=ORIENTED_EDGE('',*,*,#4396,.F.);
#5845=ORIENTED_EDGE('',*,*,#4397,.F.);
#5846=ORIENTED_EDGE('',*,*,#4398,.F.);
#5847=ORIENTED_EDGE('',*,*,#4399,.F.);
#5848=ORIENTED_EDGE('',*,*,#4400,.F.);
#5849=ORIENTED_EDGE('',*,*,#4401,.F.);
#5850=ORIENTED_EDGE('',*,*,#4402,.F.);
#5851=ORIENTED_EDGE('',*,*,#4403,.F.);
#5852=ORIENTED_EDGE('',*,*,#4404,.F.);
#5853=ORIENTED_EDGE('',*,*,#4405,.T.);
#5854=ORIENTED_EDGE('',*,*,#4406,.T.);
#5855=ORIENTED_EDGE('',*,*,#4407,.T.);
#5856=ORIENTED_EDGE('',*,*,#4408,.T.);
#5857=ORIENTED_EDGE('',*,*,#4409,.T.);
#5858=ORIENTED_EDGE('',*,*,#4410,.T.);
#5859=ORIENTED_EDGE('',*,*,#4411,.T.);
#5860=ORIENTED_EDGE('',*,*,#4412,.T.);
#5861=ORIENTED_EDGE('',*,*,#4413,.T.);
#5862=ORIENTED_EDGE('',*,*,#4414,.T.);
#5863=ORIENTED_EDGE('',*,*,#4415,.T.);
#5864=ORIENTED_EDGE('',*,*,#4416,.T.);
#5865=ORIENTED_EDGE('',*,*,#4389,.T.);
#5866=ORIENTED_EDGE('',*,*,#4417,.T.);
#5867=ORIENTED_EDGE('',*,*,#4418,.F.);
#5868=ORIENTED_EDGE('',*,*,#4419,.F.);
#5869=ORIENTED_EDGE('',*,*,#4390,.T.);
#5870=ORIENTED_EDGE('',*,*,#4419,.T.);
#5871=ORIENTED_EDGE('',*,*,#4420,.F.);
#5872=ORIENTED_EDGE('',*,*,#4421,.F.);
#5873=ORIENTED_EDGE('',*,*,#4391,.T.);
#5874=ORIENTED_EDGE('',*,*,#4421,.T.);
#5875=ORIENTED_EDGE('',*,*,#4422,.F.);
#5876=ORIENTED_EDGE('',*,*,#4423,.F.);
#5877=ORIENTED_EDGE('',*,*,#4392,.T.);
#5878=ORIENTED_EDGE('',*,*,#4423,.T.);
#5879=ORIENTED_EDGE('',*,*,#4424,.F.);
#5880=ORIENTED_EDGE('',*,*,#4425,.F.);
#5881=ORIENTED_EDGE('',*,*,#4393,.T.);
#5882=ORIENTED_EDGE('',*,*,#4425,.T.);
#5883=ORIENTED_EDGE('',*,*,#4426,.F.);
#5884=ORIENTED_EDGE('',*,*,#4427,.F.);
#5885=ORIENTED_EDGE('',*,*,#4394,.T.);
#5886=ORIENTED_EDGE('',*,*,#4427,.T.);
#5887=ORIENTED_EDGE('',*,*,#4428,.F.);
#5888=ORIENTED_EDGE('',*,*,#4429,.F.);
#5889=ORIENTED_EDGE('',*,*,#4395,.T.);
#5890=ORIENTED_EDGE('',*,*,#4429,.T.);
#5891=ORIENTED_EDGE('',*,*,#4430,.F.);
#5892=ORIENTED_EDGE('',*,*,#4431,.F.);
#5893=ORIENTED_EDGE('',*,*,#4396,.T.);
#5894=ORIENTED_EDGE('',*,*,#4431,.T.);
#5895=ORIENTED_EDGE('',*,*,#4432,.F.);
#5896=ORIENTED_EDGE('',*,*,#4433,.F.);
#5897=ORIENTED_EDGE('',*,*,#4397,.T.);
#5898=ORIENTED_EDGE('',*,*,#4433,.T.);
#5899=ORIENTED_EDGE('',*,*,#4434,.F.);
#5900=ORIENTED_EDGE('',*,*,#4435,.F.);
#5901=ORIENTED_EDGE('',*,*,#4398,.T.);
#5902=ORIENTED_EDGE('',*,*,#4435,.T.);
#5903=ORIENTED_EDGE('',*,*,#4436,.F.);
#5904=ORIENTED_EDGE('',*,*,#4437,.F.);
#5905=ORIENTED_EDGE('',*,*,#4399,.T.);
#5906=ORIENTED_EDGE('',*,*,#4437,.T.);
#5907=ORIENTED_EDGE('',*,*,#4438,.F.);
#5908=ORIENTED_EDGE('',*,*,#4439,.F.);
#5909=ORIENTED_EDGE('',*,*,#4400,.T.);
#5910=ORIENTED_EDGE('',*,*,#4439,.T.);
#5911=ORIENTED_EDGE('',*,*,#4440,.F.);
#5912=ORIENTED_EDGE('',*,*,#4441,.F.);
#5913=ORIENTED_EDGE('',*,*,#4401,.T.);
#5914=ORIENTED_EDGE('',*,*,#4441,.T.);
#5915=ORIENTED_EDGE('',*,*,#4442,.F.);
#5916=ORIENTED_EDGE('',*,*,#4443,.F.);
#5917=ORIENTED_EDGE('',*,*,#4402,.T.);
#5918=ORIENTED_EDGE('',*,*,#4443,.T.);
#5919=ORIENTED_EDGE('',*,*,#4444,.F.);
#5920=ORIENTED_EDGE('',*,*,#4445,.F.);
#5921=ORIENTED_EDGE('',*,*,#4403,.T.);
#5922=ORIENTED_EDGE('',*,*,#4445,.T.);
#5923=ORIENTED_EDGE('',*,*,#4446,.F.);
#5924=ORIENTED_EDGE('',*,*,#4447,.F.);
#5925=ORIENTED_EDGE('',*,*,#4404,.T.);
#5926=ORIENTED_EDGE('',*,*,#4447,.T.);
#5927=ORIENTED_EDGE('',*,*,#4448,.F.);
#5928=ORIENTED_EDGE('',*,*,#4417,.F.);
#5929=ORIENTED_EDGE('',*,*,#4405,.F.);
#5930=ORIENTED_EDGE('',*,*,#4449,.T.);
#5931=ORIENTED_EDGE('',*,*,#4450,.F.);
#5932=ORIENTED_EDGE('',*,*,#4451,.F.);
#5933=ORIENTED_EDGE('',*,*,#4406,.F.);
#5934=ORIENTED_EDGE('',*,*,#4451,.T.);
#5935=ORIENTED_EDGE('',*,*,#4452,.F.);
#5936=ORIENTED_EDGE('',*,*,#4453,.F.);
#5937=ORIENTED_EDGE('',*,*,#4407,.F.);
#5938=ORIENTED_EDGE('',*,*,#4453,.T.);
#5939=ORIENTED_EDGE('',*,*,#4454,.F.);
#5940=ORIENTED_EDGE('',*,*,#4455,.F.);
#5941=ORIENTED_EDGE('',*,*,#4408,.F.);
#5942=ORIENTED_EDGE('',*,*,#4455,.T.);
#5943=ORIENTED_EDGE('',*,*,#4456,.F.);
#5944=ORIENTED_EDGE('',*,*,#4457,.F.);
#5945=ORIENTED_EDGE('',*,*,#4409,.F.);
#5946=ORIENTED_EDGE('',*,*,#4457,.T.);
#5947=ORIENTED_EDGE('',*,*,#4458,.F.);
#5948=ORIENTED_EDGE('',*,*,#4459,.F.);
#5949=ORIENTED_EDGE('',*,*,#4410,.F.);
#5950=ORIENTED_EDGE('',*,*,#4459,.T.);
#5951=ORIENTED_EDGE('',*,*,#4460,.F.);
#5952=ORIENTED_EDGE('',*,*,#4461,.F.);
#5953=ORIENTED_EDGE('',*,*,#4411,.F.);
#5954=ORIENTED_EDGE('',*,*,#4461,.T.);
#5955=ORIENTED_EDGE('',*,*,#4462,.F.);
#5956=ORIENTED_EDGE('',*,*,#4463,.F.);
#5957=ORIENTED_EDGE('',*,*,#4412,.F.);
#5958=ORIENTED_EDGE('',*,*,#4463,.T.);
#5959=ORIENTED_EDGE('',*,*,#4464,.F.);
#5960=ORIENTED_EDGE('',*,*,#4465,.F.);
#5961=ORIENTED_EDGE('',*,*,#4413,.F.);
#5962=ORIENTED_EDGE('',*,*,#4465,.T.);
#5963=ORIENTED_EDGE('',*,*,#4466,.F.);
#5964=ORIENTED_EDGE('',*,*,#4467,.F.);
#5965=ORIENTED_EDGE('',*,*,#4414,.F.);
#5966=ORIENTED_EDGE('',*,*,#4467,.T.);
#5967=ORIENTED_EDGE('',*,*,#4468,.F.);
#5968=ORIENTED_EDGE('',*,*,#4469,.F.);
#5969=ORIENTED_EDGE('',*,*,#4415,.F.);
#5970=ORIENTED_EDGE('',*,*,#4469,.T.);
#5971=ORIENTED_EDGE('',*,*,#4470,.F.);
#5972=ORIENTED_EDGE('',*,*,#4471,.F.);
#5973=ORIENTED_EDGE('',*,*,#4416,.F.);
#5974=ORIENTED_EDGE('',*,*,#4471,.T.);
#5975=ORIENTED_EDGE('',*,*,#4472,.F.);
#5976=ORIENTED_EDGE('',*,*,#4449,.F.);
#5977=ORIENTED_EDGE('',*,*,#4473,.F.);
#5978=ORIENTED_EDGE('',*,*,#4474,.F.);
#5979=ORIENTED_EDGE('',*,*,#4475,.F.);
#5980=ORIENTED_EDGE('',*,*,#4476,.F.);
#5981=ORIENTED_EDGE('',*,*,#4477,.F.);
#5982=ORIENTED_EDGE('',*,*,#4478,.F.);
#5983=ORIENTED_EDGE('',*,*,#4479,.F.);
#5984=ORIENTED_EDGE('',*,*,#4480,.F.);
#5985=ORIENTED_EDGE('',*,*,#4481,.F.);
#5986=ORIENTED_EDGE('',*,*,#4482,.F.);
#5987=ORIENTED_EDGE('',*,*,#4483,.F.);
#5988=ORIENTED_EDGE('',*,*,#4484,.F.);
#5989=ORIENTED_EDGE('',*,*,#4485,.F.);
#5990=ORIENTED_EDGE('',*,*,#4486,.F.);
#5991=ORIENTED_EDGE('',*,*,#4487,.F.);
#5992=ORIENTED_EDGE('',*,*,#4488,.F.);
#5993=ORIENTED_EDGE('',*,*,#4489,.T.);
#5994=ORIENTED_EDGE('',*,*,#4490,.T.);
#5995=ORIENTED_EDGE('',*,*,#4491,.T.);
#5996=ORIENTED_EDGE('',*,*,#4492,.T.);
#5997=ORIENTED_EDGE('',*,*,#4493,.T.);
#5998=ORIENTED_EDGE('',*,*,#4494,.T.);
#5999=ORIENTED_EDGE('',*,*,#4495,.T.);
#6000=ORIENTED_EDGE('',*,*,#4496,.T.);
#6001=ORIENTED_EDGE('',*,*,#4497,.T.);
#6002=ORIENTED_EDGE('',*,*,#4498,.T.);
#6003=ORIENTED_EDGE('',*,*,#4499,.T.);
#6004=ORIENTED_EDGE('',*,*,#4500,.T.);
#6005=ORIENTED_EDGE('',*,*,#4501,.T.);
#6006=ORIENTED_EDGE('',*,*,#4502,.T.);
#6007=ORIENTED_EDGE('',*,*,#4503,.T.);
#6008=ORIENTED_EDGE('',*,*,#4504,.T.);
#6009=ORIENTED_EDGE('',*,*,#4473,.T.);
#6010=ORIENTED_EDGE('',*,*,#4505,.T.);
#6011=ORIENTED_EDGE('',*,*,#4506,.F.);
#6012=ORIENTED_EDGE('',*,*,#4507,.F.);
#6013=ORIENTED_EDGE('',*,*,#4474,.T.);
#6014=ORIENTED_EDGE('',*,*,#4507,.T.);
#6015=ORIENTED_EDGE('',*,*,#4508,.F.);
#6016=ORIENTED_EDGE('',*,*,#4509,.F.);
#6017=ORIENTED_EDGE('',*,*,#4475,.T.);
#6018=ORIENTED_EDGE('',*,*,#4509,.T.);
#6019=ORIENTED_EDGE('',*,*,#4510,.F.);
#6020=ORIENTED_EDGE('',*,*,#4511,.F.);
#6021=ORIENTED_EDGE('',*,*,#4476,.T.);
#6022=ORIENTED_EDGE('',*,*,#4511,.T.);
#6023=ORIENTED_EDGE('',*,*,#4512,.F.);
#6024=ORIENTED_EDGE('',*,*,#4513,.F.);
#6025=ORIENTED_EDGE('',*,*,#4477,.T.);
#6026=ORIENTED_EDGE('',*,*,#4513,.T.);
#6027=ORIENTED_EDGE('',*,*,#4514,.F.);
#6028=ORIENTED_EDGE('',*,*,#4515,.F.);
#6029=ORIENTED_EDGE('',*,*,#4478,.T.);
#6030=ORIENTED_EDGE('',*,*,#4515,.T.);
#6031=ORIENTED_EDGE('',*,*,#4516,.F.);
#6032=ORIENTED_EDGE('',*,*,#4517,.F.);
#6033=ORIENTED_EDGE('',*,*,#4479,.T.);
#6034=ORIENTED_EDGE('',*,*,#4517,.T.);
#6035=ORIENTED_EDGE('',*,*,#4518,.F.);
#6036=ORIENTED_EDGE('',*,*,#4519,.F.);
#6037=ORIENTED_EDGE('',*,*,#4480,.T.);
#6038=ORIENTED_EDGE('',*,*,#4519,.T.);
#6039=ORIENTED_EDGE('',*,*,#4520,.F.);
#6040=ORIENTED_EDGE('',*,*,#4521,.F.);
#6041=ORIENTED_EDGE('',*,*,#4481,.T.);
#6042=ORIENTED_EDGE('',*,*,#4521,.T.);
#6043=ORIENTED_EDGE('',*,*,#4522,.F.);
#6044=ORIENTED_EDGE('',*,*,#4523,.F.);
#6045=ORIENTED_EDGE('',*,*,#4482,.T.);
#6046=ORIENTED_EDGE('',*,*,#4523,.T.);
#6047=ORIENTED_EDGE('',*,*,#4524,.F.);
#6048=ORIENTED_EDGE('',*,*,#4525,.F.);
#6049=ORIENTED_EDGE('',*,*,#4483,.T.);
#6050=ORIENTED_EDGE('',*,*,#4525,.T.);
#6051=ORIENTED_EDGE('',*,*,#4526,.F.);
#6052=ORIENTED_EDGE('',*,*,#4527,.F.);
#6053=ORIENTED_EDGE('',*,*,#4484,.T.);
#6054=ORIENTED_EDGE('',*,*,#4527,.T.);
#6055=ORIENTED_EDGE('',*,*,#4528,.F.);
#6056=ORIENTED_EDGE('',*,*,#4529,.F.);
#6057=ORIENTED_EDGE('',*,*,#4485,.T.);
#6058=ORIENTED_EDGE('',*,*,#4529,.T.);
#6059=ORIENTED_EDGE('',*,*,#4530,.F.);
#6060=ORIENTED_EDGE('',*,*,#4531,.F.);
#6061=ORIENTED_EDGE('',*,*,#4486,.T.);
#6062=ORIENTED_EDGE('',*,*,#4531,.T.);
#6063=ORIENTED_EDGE('',*,*,#4532,.F.);
#6064=ORIENTED_EDGE('',*,*,#4533,.F.);
#6065=ORIENTED_EDGE('',*,*,#4487,.T.);
#6066=ORIENTED_EDGE('',*,*,#4533,.T.);
#6067=ORIENTED_EDGE('',*,*,#4534,.F.);
#6068=ORIENTED_EDGE('',*,*,#4535,.F.);
#6069=ORIENTED_EDGE('',*,*,#4488,.T.);
#6070=ORIENTED_EDGE('',*,*,#4535,.T.);
#6071=ORIENTED_EDGE('',*,*,#4536,.F.);
#6072=ORIENTED_EDGE('',*,*,#4505,.F.);
#6073=ORIENTED_EDGE('',*,*,#4489,.F.);
#6074=ORIENTED_EDGE('',*,*,#4537,.T.);
#6075=ORIENTED_EDGE('',*,*,#4538,.F.);
#6076=ORIENTED_EDGE('',*,*,#4539,.F.);
#6077=ORIENTED_EDGE('',*,*,#4490,.F.);
#6078=ORIENTED_EDGE('',*,*,#4539,.T.);
#6079=ORIENTED_EDGE('',*,*,#4540,.F.);
#6080=ORIENTED_EDGE('',*,*,#4541,.F.);
#6081=ORIENTED_EDGE('',*,*,#4491,.F.);
#6082=ORIENTED_EDGE('',*,*,#4541,.T.);
#6083=ORIENTED_EDGE('',*,*,#4542,.F.);
#6084=ORIENTED_EDGE('',*,*,#4543,.F.);
#6085=ORIENTED_EDGE('',*,*,#4492,.F.);
#6086=ORIENTED_EDGE('',*,*,#4543,.T.);
#6087=ORIENTED_EDGE('',*,*,#4544,.F.);
#6088=ORIENTED_EDGE('',*,*,#4545,.F.);
#6089=ORIENTED_EDGE('',*,*,#4493,.F.);
#6090=ORIENTED_EDGE('',*,*,#4545,.T.);
#6091=ORIENTED_EDGE('',*,*,#4546,.F.);
#6092=ORIENTED_EDGE('',*,*,#4547,.F.);
#6093=ORIENTED_EDGE('',*,*,#4494,.F.);
#6094=ORIENTED_EDGE('',*,*,#4547,.T.);
#6095=ORIENTED_EDGE('',*,*,#4548,.F.);
#6096=ORIENTED_EDGE('',*,*,#4549,.F.);
#6097=ORIENTED_EDGE('',*,*,#4495,.F.);
#6098=ORIENTED_EDGE('',*,*,#4549,.T.);
#6099=ORIENTED_EDGE('',*,*,#4550,.F.);
#6100=ORIENTED_EDGE('',*,*,#4537,.F.);
#6101=ORIENTED_EDGE('',*,*,#4496,.F.);
#6102=ORIENTED_EDGE('',*,*,#4551,.T.);
#6103=ORIENTED_EDGE('',*,*,#4552,.F.);
#6104=ORIENTED_EDGE('',*,*,#4553,.F.);
#6105=ORIENTED_EDGE('',*,*,#4497,.F.);
#6106=ORIENTED_EDGE('',*,*,#4553,.T.);
#6107=ORIENTED_EDGE('',*,*,#4554,.F.);
#6108=ORIENTED_EDGE('',*,*,#4555,.F.);
#6109=ORIENTED_EDGE('',*,*,#4498,.F.);
#6110=ORIENTED_EDGE('',*,*,#4555,.T.);
#6111=ORIENTED_EDGE('',*,*,#4556,.F.);
#6112=ORIENTED_EDGE('',*,*,#4557,.F.);
#6113=ORIENTED_EDGE('',*,*,#4499,.F.);
#6114=ORIENTED_EDGE('',*,*,#4557,.T.);
#6115=ORIENTED_EDGE('',*,*,#4558,.F.);
#6116=ORIENTED_EDGE('',*,*,#4559,.F.);
#6117=ORIENTED_EDGE('',*,*,#4500,.F.);
#6118=ORIENTED_EDGE('',*,*,#4559,.T.);
#6119=ORIENTED_EDGE('',*,*,#4560,.F.);
#6120=ORIENTED_EDGE('',*,*,#4561,.F.);
#6121=ORIENTED_EDGE('',*,*,#4501,.F.);
#6122=ORIENTED_EDGE('',*,*,#4561,.T.);
#6123=ORIENTED_EDGE('',*,*,#4562,.F.);
#6124=ORIENTED_EDGE('',*,*,#4563,.F.);
#6125=ORIENTED_EDGE('',*,*,#4502,.F.);
#6126=ORIENTED_EDGE('',*,*,#4563,.T.);
#6127=ORIENTED_EDGE('',*,*,#4564,.F.);
#6128=ORIENTED_EDGE('',*,*,#4565,.F.);
#6129=ORIENTED_EDGE('',*,*,#4503,.F.);
#6130=ORIENTED_EDGE('',*,*,#4565,.T.);
#6131=ORIENTED_EDGE('',*,*,#4566,.F.);
#6132=ORIENTED_EDGE('',*,*,#4567,.F.);
#6133=ORIENTED_EDGE('',*,*,#4504,.F.);
#6134=ORIENTED_EDGE('',*,*,#4567,.T.);
#6135=ORIENTED_EDGE('',*,*,#4568,.F.);
#6136=ORIENTED_EDGE('',*,*,#4551,.F.);
#6137=ORIENTED_EDGE('',*,*,#4569,.F.);
#6138=ORIENTED_EDGE('',*,*,#4570,.F.);
#6139=ORIENTED_EDGE('',*,*,#4571,.F.);
#6140=ORIENTED_EDGE('',*,*,#4572,.F.);
#6141=ORIENTED_EDGE('',*,*,#4573,.F.);
#6142=ORIENTED_EDGE('',*,*,#4574,.F.);
#6143=ORIENTED_EDGE('',*,*,#4575,.F.);
#6144=ORIENTED_EDGE('',*,*,#4576,.F.);
#6145=ORIENTED_EDGE('',*,*,#4577,.F.);
#6146=ORIENTED_EDGE('',*,*,#4578,.F.);
#6147=ORIENTED_EDGE('',*,*,#4579,.F.);
#6148=ORIENTED_EDGE('',*,*,#4580,.F.);
#6149=ORIENTED_EDGE('',*,*,#4581,.F.);
#6150=ORIENTED_EDGE('',*,*,#4582,.F.);
#6151=ORIENTED_EDGE('',*,*,#4583,.F.);
#6152=ORIENTED_EDGE('',*,*,#4584,.F.);
#6153=ORIENTED_EDGE('',*,*,#4585,.F.);
#6154=ORIENTED_EDGE('',*,*,#4586,.F.);
#6155=ORIENTED_EDGE('',*,*,#4587,.F.);
#6156=ORIENTED_EDGE('',*,*,#4588,.F.);
#6157=ORIENTED_EDGE('',*,*,#4589,.F.);
#6158=ORIENTED_EDGE('',*,*,#4590,.F.);
#6159=ORIENTED_EDGE('',*,*,#4591,.T.);
#6160=ORIENTED_EDGE('',*,*,#4592,.T.);
#6161=ORIENTED_EDGE('',*,*,#4593,.T.);
#6162=ORIENTED_EDGE('',*,*,#4594,.T.);
#6163=ORIENTED_EDGE('',*,*,#4595,.T.);
#6164=ORIENTED_EDGE('',*,*,#4596,.T.);
#6165=ORIENTED_EDGE('',*,*,#4597,.T.);
#6166=ORIENTED_EDGE('',*,*,#4598,.T.);
#6167=ORIENTED_EDGE('',*,*,#4569,.T.);
#6168=ORIENTED_EDGE('',*,*,#4599,.T.);
#6169=ORIENTED_EDGE('',*,*,#4600,.F.);
#6170=ORIENTED_EDGE('',*,*,#4601,.F.);
#6171=ORIENTED_EDGE('',*,*,#4570,.T.);
#6172=ORIENTED_EDGE('',*,*,#4601,.T.);
#6173=ORIENTED_EDGE('',*,*,#4602,.F.);
#6174=ORIENTED_EDGE('',*,*,#4603,.F.);
#6175=ORIENTED_EDGE('',*,*,#4571,.T.);
#6176=ORIENTED_EDGE('',*,*,#4603,.T.);
#6177=ORIENTED_EDGE('',*,*,#4604,.F.);
#6178=ORIENTED_EDGE('',*,*,#4605,.F.);
#6179=ORIENTED_EDGE('',*,*,#4572,.T.);
#6180=ORIENTED_EDGE('',*,*,#4605,.T.);
#6181=ORIENTED_EDGE('',*,*,#4606,.F.);
#6182=ORIENTED_EDGE('',*,*,#4607,.F.);
#6183=ORIENTED_EDGE('',*,*,#4573,.T.);
#6184=ORIENTED_EDGE('',*,*,#4607,.T.);
#6185=ORIENTED_EDGE('',*,*,#4608,.F.);
#6186=ORIENTED_EDGE('',*,*,#4609,.F.);
#6187=ORIENTED_EDGE('',*,*,#4574,.T.);
#6188=ORIENTED_EDGE('',*,*,#4609,.T.);
#6189=ORIENTED_EDGE('',*,*,#4610,.F.);
#6190=ORIENTED_EDGE('',*,*,#4611,.F.);
#6191=ORIENTED_EDGE('',*,*,#4575,.T.);
#6192=ORIENTED_EDGE('',*,*,#4611,.T.);
#6193=ORIENTED_EDGE('',*,*,#4612,.F.);
#6194=ORIENTED_EDGE('',*,*,#4613,.F.);
#6195=ORIENTED_EDGE('',*,*,#4576,.T.);
#6196=ORIENTED_EDGE('',*,*,#4613,.T.);
#6197=ORIENTED_EDGE('',*,*,#4614,.F.);
#6198=ORIENTED_EDGE('',*,*,#4615,.F.);
#6199=ORIENTED_EDGE('',*,*,#4577,.T.);
#6200=ORIENTED_EDGE('',*,*,#4615,.T.);
#6201=ORIENTED_EDGE('',*,*,#4616,.F.);
#6202=ORIENTED_EDGE('',*,*,#4617,.F.);
#6203=ORIENTED_EDGE('',*,*,#4578,.T.);
#6204=ORIENTED_EDGE('',*,*,#4617,.T.);
#6205=ORIENTED_EDGE('',*,*,#4618,.F.);
#6206=ORIENTED_EDGE('',*,*,#4619,.F.);
#6207=ORIENTED_EDGE('',*,*,#4579,.T.);
#6208=ORIENTED_EDGE('',*,*,#4619,.T.);
#6209=ORIENTED_EDGE('',*,*,#4620,.F.);
#6210=ORIENTED_EDGE('',*,*,#4621,.F.);
#6211=ORIENTED_EDGE('',*,*,#4580,.T.);
#6212=ORIENTED_EDGE('',*,*,#4621,.T.);
#6213=ORIENTED_EDGE('',*,*,#4622,.F.);
#6214=ORIENTED_EDGE('',*,*,#4623,.F.);
#6215=ORIENTED_EDGE('',*,*,#4581,.T.);
#6216=ORIENTED_EDGE('',*,*,#4623,.T.);
#6217=ORIENTED_EDGE('',*,*,#4624,.F.);
#6218=ORIENTED_EDGE('',*,*,#4625,.F.);
#6219=ORIENTED_EDGE('',*,*,#4582,.T.);
#6220=ORIENTED_EDGE('',*,*,#4625,.T.);
#6221=ORIENTED_EDGE('',*,*,#4626,.F.);
#6222=ORIENTED_EDGE('',*,*,#4627,.F.);
#6223=ORIENTED_EDGE('',*,*,#4583,.T.);
#6224=ORIENTED_EDGE('',*,*,#4627,.T.);
#6225=ORIENTED_EDGE('',*,*,#4628,.F.);
#6226=ORIENTED_EDGE('',*,*,#4629,.F.);
#6227=ORIENTED_EDGE('',*,*,#4584,.T.);
#6228=ORIENTED_EDGE('',*,*,#4629,.T.);
#6229=ORIENTED_EDGE('',*,*,#4630,.F.);
#6230=ORIENTED_EDGE('',*,*,#4631,.F.);
#6231=ORIENTED_EDGE('',*,*,#4585,.T.);
#6232=ORIENTED_EDGE('',*,*,#4631,.T.);
#6233=ORIENTED_EDGE('',*,*,#4632,.F.);
#6234=ORIENTED_EDGE('',*,*,#4633,.F.);
#6235=ORIENTED_EDGE('',*,*,#4586,.T.);
#6236=ORIENTED_EDGE('',*,*,#4633,.T.);
#6237=ORIENTED_EDGE('',*,*,#4634,.F.);
#6238=ORIENTED_EDGE('',*,*,#4635,.F.);
#6239=ORIENTED_EDGE('',*,*,#4587,.T.);
#6240=ORIENTED_EDGE('',*,*,#4635,.T.);
#6241=ORIENTED_EDGE('',*,*,#4636,.F.);
#6242=ORIENTED_EDGE('',*,*,#4637,.F.);
#6243=ORIENTED_EDGE('',*,*,#4588,.T.);
#6244=ORIENTED_EDGE('',*,*,#4637,.T.);
#6245=ORIENTED_EDGE('',*,*,#4638,.F.);
#6246=ORIENTED_EDGE('',*,*,#4639,.F.);
#6247=ORIENTED_EDGE('',*,*,#4589,.T.);
#6248=ORIENTED_EDGE('',*,*,#4639,.T.);
#6249=ORIENTED_EDGE('',*,*,#4640,.F.);
#6250=ORIENTED_EDGE('',*,*,#4641,.F.);
#6251=ORIENTED_EDGE('',*,*,#4590,.T.);
#6252=ORIENTED_EDGE('',*,*,#4641,.T.);
#6253=ORIENTED_EDGE('',*,*,#4642,.F.);
#6254=ORIENTED_EDGE('',*,*,#4599,.F.);
#6255=ORIENTED_EDGE('',*,*,#4591,.F.);
#6256=ORIENTED_EDGE('',*,*,#4643,.T.);
#6257=ORIENTED_EDGE('',*,*,#4644,.F.);
#6258=ORIENTED_EDGE('',*,*,#4645,.F.);
#6259=ORIENTED_EDGE('',*,*,#4592,.F.);
#6260=ORIENTED_EDGE('',*,*,#4645,.T.);
#6261=ORIENTED_EDGE('',*,*,#4646,.F.);
#6262=ORIENTED_EDGE('',*,*,#4647,.F.);
#6263=ORIENTED_EDGE('',*,*,#4593,.F.);
#6264=ORIENTED_EDGE('',*,*,#4647,.T.);
#6265=ORIENTED_EDGE('',*,*,#4648,.F.);
#6266=ORIENTED_EDGE('',*,*,#4649,.F.);
#6267=ORIENTED_EDGE('',*,*,#4594,.F.);
#6268=ORIENTED_EDGE('',*,*,#4649,.T.);
#6269=ORIENTED_EDGE('',*,*,#4650,.F.);
#6270=ORIENTED_EDGE('',*,*,#4651,.F.);
#6271=ORIENTED_EDGE('',*,*,#4595,.F.);
#6272=ORIENTED_EDGE('',*,*,#4651,.T.);
#6273=ORIENTED_EDGE('',*,*,#4652,.F.);
#6274=ORIENTED_EDGE('',*,*,#4653,.F.);
#6275=ORIENTED_EDGE('',*,*,#4596,.F.);
#6276=ORIENTED_EDGE('',*,*,#4653,.T.);
#6277=ORIENTED_EDGE('',*,*,#4654,.F.);
#6278=ORIENTED_EDGE('',*,*,#4655,.F.);
#6279=ORIENTED_EDGE('',*,*,#4597,.F.);
#6280=ORIENTED_EDGE('',*,*,#4655,.T.);
#6281=ORIENTED_EDGE('',*,*,#4656,.F.);
#6282=ORIENTED_EDGE('',*,*,#4657,.F.);
#6283=ORIENTED_EDGE('',*,*,#4598,.F.);
#6284=ORIENTED_EDGE('',*,*,#4657,.T.);
#6285=ORIENTED_EDGE('',*,*,#4658,.F.);
#6286=ORIENTED_EDGE('',*,*,#4643,.F.);
#6287=ORIENTED_EDGE('',*,*,#4659,.F.);
#6288=ORIENTED_EDGE('',*,*,#4660,.F.);
#6289=ORIENTED_EDGE('',*,*,#4661,.F.);
#6290=ORIENTED_EDGE('',*,*,#4662,.F.);
#6291=ORIENTED_EDGE('',*,*,#4663,.F.);
#6292=ORIENTED_EDGE('',*,*,#4664,.F.);
#6293=ORIENTED_EDGE('',*,*,#4665,.F.);
#6294=ORIENTED_EDGE('',*,*,#4666,.F.);
#6295=ORIENTED_EDGE('',*,*,#4667,.F.);
#6296=ORIENTED_EDGE('',*,*,#4668,.F.);
#6297=ORIENTED_EDGE('',*,*,#4669,.F.);
#6298=ORIENTED_EDGE('',*,*,#4670,.F.);
#6299=ORIENTED_EDGE('',*,*,#4671,.F.);
#6300=ORIENTED_EDGE('',*,*,#4672,.F.);
#6301=ORIENTED_EDGE('',*,*,#4673,.F.);
#6302=ORIENTED_EDGE('',*,*,#4659,.T.);
#6303=ORIENTED_EDGE('',*,*,#4674,.T.);
#6304=ORIENTED_EDGE('',*,*,#4675,.F.);
#6305=ORIENTED_EDGE('',*,*,#4676,.F.);
#6306=ORIENTED_EDGE('',*,*,#4660,.T.);
#6307=ORIENTED_EDGE('',*,*,#4676,.T.);
#6308=ORIENTED_EDGE('',*,*,#4677,.F.);
#6309=ORIENTED_EDGE('',*,*,#4678,.F.);
#6310=ORIENTED_EDGE('',*,*,#4661,.T.);
#6311=ORIENTED_EDGE('',*,*,#4678,.T.);
#6312=ORIENTED_EDGE('',*,*,#4679,.F.);
#6313=ORIENTED_EDGE('',*,*,#4680,.F.);
#6314=ORIENTED_EDGE('',*,*,#4662,.T.);
#6315=ORIENTED_EDGE('',*,*,#4680,.T.);
#6316=ORIENTED_EDGE('',*,*,#4681,.F.);
#6317=ORIENTED_EDGE('',*,*,#4682,.F.);
#6318=ORIENTED_EDGE('',*,*,#4663,.T.);
#6319=ORIENTED_EDGE('',*,*,#4682,.T.);
#6320=ORIENTED_EDGE('',*,*,#4683,.F.);
#6321=ORIENTED_EDGE('',*,*,#4684,.F.);
#6322=ORIENTED_EDGE('',*,*,#4664,.T.);
#6323=ORIENTED_EDGE('',*,*,#4684,.T.);
#6324=ORIENTED_EDGE('',*,*,#4685,.F.);
#6325=ORIENTED_EDGE('',*,*,#4686,.F.);
#6326=ORIENTED_EDGE('',*,*,#4665,.T.);
#6327=ORIENTED_EDGE('',*,*,#4686,.T.);
#6328=ORIENTED_EDGE('',*,*,#4687,.F.);
#6329=ORIENTED_EDGE('',*,*,#4688,.F.);
#6330=ORIENTED_EDGE('',*,*,#4666,.T.);
#6331=ORIENTED_EDGE('',*,*,#4688,.T.);
#6332=ORIENTED_EDGE('',*,*,#4689,.F.);
#6333=ORIENTED_EDGE('',*,*,#4690,.F.);
#6334=ORIENTED_EDGE('',*,*,#4667,.T.);
#6335=ORIENTED_EDGE('',*,*,#4690,.T.);
#6336=ORIENTED_EDGE('',*,*,#4691,.F.);
#6337=ORIENTED_EDGE('',*,*,#4692,.F.);
#6338=ORIENTED_EDGE('',*,*,#4668,.T.);
#6339=ORIENTED_EDGE('',*,*,#4692,.T.);
#6340=ORIENTED_EDGE('',*,*,#4693,.F.);
#6341=ORIENTED_EDGE('',*,*,#4694,.F.);
#6342=ORIENTED_EDGE('',*,*,#4669,.T.);
#6343=ORIENTED_EDGE('',*,*,#4694,.T.);
#6344=ORIENTED_EDGE('',*,*,#4695,.F.);
#6345=ORIENTED_EDGE('',*,*,#4696,.F.);
#6346=ORIENTED_EDGE('',*,*,#4670,.T.);
#6347=ORIENTED_EDGE('',*,*,#4696,.T.);
#6348=ORIENTED_EDGE('',*,*,#4697,.F.);
#6349=ORIENTED_EDGE('',*,*,#4698,.F.);
#6350=ORIENTED_EDGE('',*,*,#4671,.T.);
#6351=ORIENTED_EDGE('',*,*,#4698,.T.);
#6352=ORIENTED_EDGE('',*,*,#4699,.F.);
#6353=ORIENTED_EDGE('',*,*,#4700,.F.);
#6354=ORIENTED_EDGE('',*,*,#4672,.T.);
#6355=ORIENTED_EDGE('',*,*,#4700,.T.);
#6356=ORIENTED_EDGE('',*,*,#4701,.F.);
#6357=ORIENTED_EDGE('',*,*,#4702,.F.);
#6358=ORIENTED_EDGE('',*,*,#4673,.T.);
#6359=ORIENTED_EDGE('',*,*,#4702,.T.);
#6360=ORIENTED_EDGE('',*,*,#4703,.F.);
#6361=ORIENTED_EDGE('',*,*,#4674,.F.);
#6362=ORIENTED_EDGE('',*,*,#4644,.T.);
#6363=ORIENTED_EDGE('',*,*,#4658,.T.);
#6364=ORIENTED_EDGE('',*,*,#4656,.T.);
#6365=ORIENTED_EDGE('',*,*,#4654,.T.);
#6366=ORIENTED_EDGE('',*,*,#4652,.T.);
#6367=ORIENTED_EDGE('',*,*,#4650,.T.);
#6368=ORIENTED_EDGE('',*,*,#4648,.T.);
#6369=ORIENTED_EDGE('',*,*,#4646,.T.);
#6370=ORIENTED_EDGE('',*,*,#4552,.T.);
#6371=ORIENTED_EDGE('',*,*,#4568,.T.);
#6372=ORIENTED_EDGE('',*,*,#4566,.T.);
#6373=ORIENTED_EDGE('',*,*,#4564,.T.);
#6374=ORIENTED_EDGE('',*,*,#4562,.T.);
#6375=ORIENTED_EDGE('',*,*,#4560,.T.);
#6376=ORIENTED_EDGE('',*,*,#4558,.T.);
#6377=ORIENTED_EDGE('',*,*,#4556,.T.);
#6378=ORIENTED_EDGE('',*,*,#4554,.T.);
#6379=ORIENTED_EDGE('',*,*,#4538,.T.);
#6380=ORIENTED_EDGE('',*,*,#4550,.T.);
#6381=ORIENTED_EDGE('',*,*,#4548,.T.);
#6382=ORIENTED_EDGE('',*,*,#4546,.T.);
#6383=ORIENTED_EDGE('',*,*,#4544,.T.);
#6384=ORIENTED_EDGE('',*,*,#4542,.T.);
#6385=ORIENTED_EDGE('',*,*,#4540,.T.);
#6386=ORIENTED_EDGE('',*,*,#4450,.T.);
#6387=ORIENTED_EDGE('',*,*,#4472,.T.);
#6388=ORIENTED_EDGE('',*,*,#4470,.T.);
#6389=ORIENTED_EDGE('',*,*,#4468,.T.);
#6390=ORIENTED_EDGE('',*,*,#4466,.T.);
#6391=ORIENTED_EDGE('',*,*,#4464,.T.);
#6392=ORIENTED_EDGE('',*,*,#4462,.T.);
#6393=ORIENTED_EDGE('',*,*,#4460,.T.);
#6394=ORIENTED_EDGE('',*,*,#4458,.T.);
#6395=ORIENTED_EDGE('',*,*,#4456,.T.);
#6396=ORIENTED_EDGE('',*,*,#4454,.T.);
#6397=ORIENTED_EDGE('',*,*,#4452,.T.);
#6398=ORIENTED_EDGE('',*,*,#4341,.T.);
#6399=ORIENTED_EDGE('',*,*,#4355,.T.);
#6400=ORIENTED_EDGE('',*,*,#4353,.T.);
#6401=ORIENTED_EDGE('',*,*,#4351,.T.);
#6402=ORIENTED_EDGE('',*,*,#4349,.T.);
#6403=ORIENTED_EDGE('',*,*,#4347,.T.);
#6404=ORIENTED_EDGE('',*,*,#4345,.T.);
#6405=ORIENTED_EDGE('',*,*,#4343,.T.);
#6406=ORIENTED_EDGE('',*,*,#4247,.T.);
#6407=ORIENTED_EDGE('',*,*,#4265,.T.);
#6408=ORIENTED_EDGE('',*,*,#4263,.T.);
#6409=ORIENTED_EDGE('',*,*,#4261,.T.);
#6410=ORIENTED_EDGE('',*,*,#4259,.T.);
#6411=ORIENTED_EDGE('',*,*,#4257,.T.);
#6412=ORIENTED_EDGE('',*,*,#4255,.T.);
#6413=ORIENTED_EDGE('',*,*,#4253,.T.);
#6414=ORIENTED_EDGE('',*,*,#4251,.T.);
#6415=ORIENTED_EDGE('',*,*,#4249,.T.);
#6416=ORIENTED_EDGE('',*,*,#4704,.T.);
#6417=ORIENTED_EDGE('',*,*,#4705,.T.);
#6418=ORIENTED_EDGE('',*,*,#4706,.T.);
#6419=ORIENTED_EDGE('',*,*,#4707,.T.);
#6420=ORIENTED_EDGE('',*,*,#4708,.T.);
#6421=ORIENTED_EDGE('',*,*,#4709,.F.);
#6422=ORIENTED_EDGE('',*,*,#4706,.F.);
#6423=ORIENTED_EDGE('',*,*,#4710,.T.);
#6424=ORIENTED_EDGE('',*,*,#4708,.F.);
#6425=ORIENTED_EDGE('',*,*,#4711,.T.);
#6426=ORIENTED_EDGE('',*,*,#4712,.T.);
#6427=ORIENTED_EDGE('',*,*,#4713,.T.);
#6428=ORIENTED_EDGE('',*,*,#4714,.T.);
#6429=ORIENTED_EDGE('',*,*,#4715,.F.);
#6430=ORIENTED_EDGE('',*,*,#4712,.F.);
#6431=ORIENTED_EDGE('',*,*,#4716,.T.);
#6432=ORIENTED_EDGE('',*,*,#4714,.F.);
#6433=ORIENTED_EDGE('',*,*,#4717,.T.);
#6434=ORIENTED_EDGE('',*,*,#4718,.T.);
#6435=ORIENTED_EDGE('',*,*,#4719,.T.);
#6436=ORIENTED_EDGE('',*,*,#4720,.T.);
#6437=ORIENTED_EDGE('',*,*,#4721,.F.);
#6438=ORIENTED_EDGE('',*,*,#4718,.F.);
#6439=ORIENTED_EDGE('',*,*,#4722,.T.);
#6440=ORIENTED_EDGE('',*,*,#4720,.F.);
#6441=ORIENTED_EDGE('',*,*,#4723,.T.);
#6442=ORIENTED_EDGE('',*,*,#4724,.T.);
#6443=ORIENTED_EDGE('',*,*,#4725,.T.);
#6444=ORIENTED_EDGE('',*,*,#4704,.F.);
#6445=ORIENTED_EDGE('',*,*,#4726,.F.);
#6446=ORIENTED_EDGE('',*,*,#4724,.F.);
#6447=ORIENTED_EDGE('',*,*,#4727,.T.);
#6448=ORIENTED_EDGE('',*,*,#4728,.F.);
#6449=ORIENTED_EDGE('',*,*,#4729,.T.);
#6450=ORIENTED_EDGE('',*,*,#4730,.F.);
#6451=ORIENTED_EDGE('',*,*,#4731,.T.);
#6452=ORIENTED_EDGE('',*,*,#4732,.F.);
#6453=ORIENTED_EDGE('',*,*,#4733,.T.);
#6454=ORIENTED_EDGE('',*,*,#4734,.F.);
#6455=ORIENTED_EDGE('',*,*,#4735,.T.);
#6456=ORIENTED_EDGE('',*,*,#4109,.T.);
#6457=ORIENTED_EDGE('',*,*,#4705,.F.);
#6458=ORIENTED_EDGE('',*,*,#4727,.F.);
#6459=ORIENTED_EDGE('',*,*,#4723,.F.);
#6460=ORIENTED_EDGE('',*,*,#4722,.F.);
#6461=ORIENTED_EDGE('',*,*,#4717,.F.);
#6462=ORIENTED_EDGE('',*,*,#4716,.F.);
#6463=ORIENTED_EDGE('',*,*,#4711,.F.);
#6464=ORIENTED_EDGE('',*,*,#4710,.F.);
#6465=ORIENTED_EDGE('',*,*,#4713,.F.);
#6466=ORIENTED_EDGE('',*,*,#4715,.T.);
#6467=ORIENTED_EDGE('',*,*,#4719,.F.);
#6468=ORIENTED_EDGE('',*,*,#4721,.T.);
#6469=ORIENTED_EDGE('',*,*,#4725,.F.);
#6470=ORIENTED_EDGE('',*,*,#4726,.T.);
#6471=ORIENTED_EDGE('',*,*,#4707,.F.);
#6472=ORIENTED_EDGE('',*,*,#4709,.T.);
#6473=ORIENTED_EDGE('',*,*,#4127,.T.);
#6474=ORIENTED_EDGE('',*,*,#4151,.T.);
#6475=ORIENTED_EDGE('',*,*,#4149,.T.);
#6476=ORIENTED_EDGE('',*,*,#4147,.T.);
#6477=ORIENTED_EDGE('',*,*,#4145,.T.);
#6478=ORIENTED_EDGE('',*,*,#4143,.T.);
#6479=ORIENTED_EDGE('',*,*,#4141,.T.);
#6480=ORIENTED_EDGE('',*,*,#4139,.T.);
#6481=ORIENTED_EDGE('',*,*,#4137,.T.);
#6482=ORIENTED_EDGE('',*,*,#4135,.T.);
#6483=ORIENTED_EDGE('',*,*,#4133,.T.);
#6484=ORIENTED_EDGE('',*,*,#4131,.T.);
#6485=ORIENTED_EDGE('',*,*,#4129,.T.);
#6486=ORIENTED_EDGE('',*,*,#4167,.T.);
#6487=ORIENTED_EDGE('',*,*,#4193,.T.);
#6488=ORIENTED_EDGE('',*,*,#4191,.T.);
#6489=ORIENTED_EDGE('',*,*,#4189,.T.);
#6490=ORIENTED_EDGE('',*,*,#4187,.T.);
#6491=ORIENTED_EDGE('',*,*,#4185,.T.);
#6492=ORIENTED_EDGE('',*,*,#4183,.T.);
#6493=ORIENTED_EDGE('',*,*,#4181,.T.);
#6494=ORIENTED_EDGE('',*,*,#4179,.T.);
#6495=ORIENTED_EDGE('',*,*,#4177,.T.);
#6496=ORIENTED_EDGE('',*,*,#4175,.T.);
#6497=ORIENTED_EDGE('',*,*,#4173,.T.);
#6498=ORIENTED_EDGE('',*,*,#4171,.T.);
#6499=ORIENTED_EDGE('',*,*,#4169,.T.);
#6500=ORIENTED_EDGE('',*,*,#4219,.T.);
#6501=ORIENTED_EDGE('',*,*,#4245,.T.);
#6502=ORIENTED_EDGE('',*,*,#4243,.T.);
#6503=ORIENTED_EDGE('',*,*,#4241,.T.);
#6504=ORIENTED_EDGE('',*,*,#4239,.T.);
#6505=ORIENTED_EDGE('',*,*,#4237,.T.);
#6506=ORIENTED_EDGE('',*,*,#4235,.T.);
#6507=ORIENTED_EDGE('',*,*,#4233,.T.);
#6508=ORIENTED_EDGE('',*,*,#4231,.T.);
#6509=ORIENTED_EDGE('',*,*,#4229,.T.);
#6510=ORIENTED_EDGE('',*,*,#4227,.T.);
#6511=ORIENTED_EDGE('',*,*,#4225,.T.);
#6512=ORIENTED_EDGE('',*,*,#4223,.T.);
#6513=ORIENTED_EDGE('',*,*,#4221,.T.);
#6514=ORIENTED_EDGE('',*,*,#4297,.T.);
#6515=ORIENTED_EDGE('',*,*,#4339,.T.);
#6516=ORIENTED_EDGE('',*,*,#4337,.T.);
#6517=ORIENTED_EDGE('',*,*,#4335,.T.);
#6518=ORIENTED_EDGE('',*,*,#4333,.T.);
#6519=ORIENTED_EDGE('',*,*,#4331,.T.);
#6520=ORIENTED_EDGE('',*,*,#4329,.T.);
#6521=ORIENTED_EDGE('',*,*,#4327,.T.);
#6522=ORIENTED_EDGE('',*,*,#4325,.T.);
#6523=ORIENTED_EDGE('',*,*,#4323,.T.);
#6524=ORIENTED_EDGE('',*,*,#4321,.T.);
#6525=ORIENTED_EDGE('',*,*,#4319,.T.);
#6526=ORIENTED_EDGE('',*,*,#4317,.T.);
#6527=ORIENTED_EDGE('',*,*,#4315,.T.);
#6528=ORIENTED_EDGE('',*,*,#4313,.T.);
#6529=ORIENTED_EDGE('',*,*,#4311,.T.);
#6530=ORIENTED_EDGE('',*,*,#4309,.T.);
#6531=ORIENTED_EDGE('',*,*,#4307,.T.);
#6532=ORIENTED_EDGE('',*,*,#4305,.T.);
#6533=ORIENTED_EDGE('',*,*,#4303,.T.);
#6534=ORIENTED_EDGE('',*,*,#4301,.T.);
#6535=ORIENTED_EDGE('',*,*,#4299,.T.);
#6536=ORIENTED_EDGE('',*,*,#4364,.T.);
#6537=ORIENTED_EDGE('',*,*,#4376,.T.);
#6538=ORIENTED_EDGE('',*,*,#4374,.T.);
#6539=ORIENTED_EDGE('',*,*,#4372,.T.);
#6540=ORIENTED_EDGE('',*,*,#4370,.T.);
#6541=ORIENTED_EDGE('',*,*,#4368,.T.);
#6542=ORIENTED_EDGE('',*,*,#4366,.T.);
#6543=ORIENTED_EDGE('',*,*,#4382,.T.);
#6544=ORIENTED_EDGE('',*,*,#4388,.T.);
#6545=ORIENTED_EDGE('',*,*,#4386,.T.);
#6546=ORIENTED_EDGE('',*,*,#4384,.T.);
#6547=ORIENTED_EDGE('',*,*,#4418,.T.);
#6548=ORIENTED_EDGE('',*,*,#4448,.T.);
#6549=ORIENTED_EDGE('',*,*,#4446,.T.);
#6550=ORIENTED_EDGE('',*,*,#4444,.T.);
#6551=ORIENTED_EDGE('',*,*,#4442,.T.);
#6552=ORIENTED_EDGE('',*,*,#4440,.T.);
#6553=ORIENTED_EDGE('',*,*,#4438,.T.);
#6554=ORIENTED_EDGE('',*,*,#4436,.T.);
#6555=ORIENTED_EDGE('',*,*,#4434,.T.);
#6556=ORIENTED_EDGE('',*,*,#4432,.T.);
#6557=ORIENTED_EDGE('',*,*,#4430,.T.);
#6558=ORIENTED_EDGE('',*,*,#4428,.T.);
#6559=ORIENTED_EDGE('',*,*,#4426,.T.);
#6560=ORIENTED_EDGE('',*,*,#4424,.T.);
#6561=ORIENTED_EDGE('',*,*,#4422,.T.);
#6562=ORIENTED_EDGE('',*,*,#4420,.T.);
#6563=ORIENTED_EDGE('',*,*,#4506,.T.);
#6564=ORIENTED_EDGE('',*,*,#4536,.T.);
#6565=ORIENTED_EDGE('',*,*,#4534,.T.);
#6566=ORIENTED_EDGE('',*,*,#4532,.T.);
#6567=ORIENTED_EDGE('',*,*,#4530,.T.);
#6568=ORIENTED_EDGE('',*,*,#4528,.T.);
#6569=ORIENTED_EDGE('',*,*,#4526,.T.);
#6570=ORIENTED_EDGE('',*,*,#4524,.T.);
#6571=ORIENTED_EDGE('',*,*,#4522,.T.);
#6572=ORIENTED_EDGE('',*,*,#4520,.T.);
#6573=ORIENTED_EDGE('',*,*,#4518,.T.);
#6574=ORIENTED_EDGE('',*,*,#4516,.T.);
#6575=ORIENTED_EDGE('',*,*,#4514,.T.);
#6576=ORIENTED_EDGE('',*,*,#4512,.T.);
#6577=ORIENTED_EDGE('',*,*,#4510,.T.);
#6578=ORIENTED_EDGE('',*,*,#4508,.T.);
#6579=ORIENTED_EDGE('',*,*,#4600,.T.);
#6580=ORIENTED_EDGE('',*,*,#4642,.T.);
#6581=ORIENTED_EDGE('',*,*,#4640,.T.);
#6582=ORIENTED_EDGE('',*,*,#4638,.T.);
#6583=ORIENTED_EDGE('',*,*,#4636,.T.);
#6584=ORIENTED_EDGE('',*,*,#4634,.T.);
#6585=ORIENTED_EDGE('',*,*,#4632,.T.);
#6586=ORIENTED_EDGE('',*,*,#4630,.T.);
#6587=ORIENTED_EDGE('',*,*,#4628,.T.);
#6588=ORIENTED_EDGE('',*,*,#4626,.T.);
#6589=ORIENTED_EDGE('',*,*,#4624,.T.);
#6590=ORIENTED_EDGE('',*,*,#4622,.T.);
#6591=ORIENTED_EDGE('',*,*,#4620,.T.);
#6592=ORIENTED_EDGE('',*,*,#4618,.T.);
#6593=ORIENTED_EDGE('',*,*,#4616,.T.);
#6594=ORIENTED_EDGE('',*,*,#4614,.T.);
#6595=ORIENTED_EDGE('',*,*,#4612,.T.);
#6596=ORIENTED_EDGE('',*,*,#4610,.T.);
#6597=ORIENTED_EDGE('',*,*,#4608,.T.);
#6598=ORIENTED_EDGE('',*,*,#4606,.T.);
#6599=ORIENTED_EDGE('',*,*,#4604,.T.);
#6600=ORIENTED_EDGE('',*,*,#4602,.T.);
#6601=ORIENTED_EDGE('',*,*,#4675,.T.);
#6602=ORIENTED_EDGE('',*,*,#4703,.T.);
#6603=ORIENTED_EDGE('',*,*,#4701,.T.);
#6604=ORIENTED_EDGE('',*,*,#4699,.T.);
#6605=ORIENTED_EDGE('',*,*,#4697,.T.);
#6606=ORIENTED_EDGE('',*,*,#4695,.T.);
#6607=ORIENTED_EDGE('',*,*,#4693,.T.);
#6608=ORIENTED_EDGE('',*,*,#4691,.T.);
#6609=ORIENTED_EDGE('',*,*,#4689,.T.);
#6610=ORIENTED_EDGE('',*,*,#4687,.T.);
#6611=ORIENTED_EDGE('',*,*,#4685,.T.);
#6612=ORIENTED_EDGE('',*,*,#4683,.T.);
#6613=ORIENTED_EDGE('',*,*,#4681,.T.);
#6614=ORIENTED_EDGE('',*,*,#4679,.T.);
#6615=ORIENTED_EDGE('',*,*,#4677,.T.);
#6616=ORIENTED_EDGE('',*,*,#4728,.T.);
#6617=ORIENTED_EDGE('',*,*,#4736,.T.);
#6618=ORIENTED_EDGE('',*,*,#4737,.T.);
#6619=ORIENTED_EDGE('',*,*,#4738,.T.);
#6620=ORIENTED_EDGE('',*,*,#4738,.F.);
#6621=ORIENTED_EDGE('',*,*,#4739,.F.);
#6622=ORIENTED_EDGE('',*,*,#4740,.F.);
#6623=ORIENTED_EDGE('',*,*,#4729,.F.);
#6624=ORIENTED_EDGE('',*,*,#4737,.F.);
#6625=ORIENTED_EDGE('',*,*,#4741,.T.);
#6626=ORIENTED_EDGE('',*,*,#4742,.F.);
#6627=ORIENTED_EDGE('',*,*,#4743,.T.);
#6628=ORIENTED_EDGE('',*,*,#4744,.F.);
#6629=ORIENTED_EDGE('',*,*,#4745,.T.);
#6630=ORIENTED_EDGE('',*,*,#4746,.F.);
#6631=ORIENTED_EDGE('',*,*,#4739,.T.);
#6632=ORIENTED_EDGE('',*,*,#4112,.T.);
#6633=ORIENTED_EDGE('',*,*,#4730,.T.);
#6634=ORIENTED_EDGE('',*,*,#4740,.T.);
#6635=ORIENTED_EDGE('',*,*,#4746,.T.);
#6636=ORIENTED_EDGE('',*,*,#4747,.T.);
#6637=ORIENTED_EDGE('',*,*,#4747,.F.);
#6638=ORIENTED_EDGE('',*,*,#4745,.F.);
#6639=ORIENTED_EDGE('',*,*,#4748,.F.);
#6640=ORIENTED_EDGE('',*,*,#4731,.F.);
#6641=ORIENTED_EDGE('',*,*,#4732,.T.);
#6642=ORIENTED_EDGE('',*,*,#4748,.T.);
#6643=ORIENTED_EDGE('',*,*,#4744,.T.);
#6644=ORIENTED_EDGE('',*,*,#4749,.T.);
#6645=ORIENTED_EDGE('',*,*,#4749,.F.);
#6646=ORIENTED_EDGE('',*,*,#4743,.F.);
#6647=ORIENTED_EDGE('',*,*,#4750,.F.);
#6648=ORIENTED_EDGE('',*,*,#4733,.F.);
#6649=ORIENTED_EDGE('',*,*,#4734,.T.);
#6650=ORIENTED_EDGE('',*,*,#4750,.T.);
#6651=ORIENTED_EDGE('',*,*,#4742,.T.);
#6652=ORIENTED_EDGE('',*,*,#4751,.T.);
#6653=ORIENTED_EDGE('',*,*,#4736,.F.);
#6654=ORIENTED_EDGE('',*,*,#4735,.F.);
#6655=ORIENTED_EDGE('',*,*,#4751,.F.);
#6656=ORIENTED_EDGE('',*,*,#4741,.F.);
#6657=ORIENTED_EDGE('',*,*,#4752,.T.);
#6658=ORIENTED_EDGE('',*,*,#4753,.T.);
#6659=ORIENTED_EDGE('',*,*,#4754,.F.);
#6660=ORIENTED_EDGE('',*,*,#4755,.F.);
#6661=ORIENTED_EDGE('',*,*,#4756,.T.);
#6662=ORIENTED_EDGE('',*,*,#4755,.T.);
#6663=ORIENTED_EDGE('',*,*,#4757,.F.);
#6664=ORIENTED_EDGE('',*,*,#4758,.F.);
#6665=ORIENTED_EDGE('',*,*,#4759,.T.);
#6666=ORIENTED_EDGE('',*,*,#4758,.T.);
#6667=ORIENTED_EDGE('',*,*,#4760,.F.);
#6668=ORIENTED_EDGE('',*,*,#4761,.F.);
#6669=ORIENTED_EDGE('',*,*,#4762,.T.);
#6670=ORIENTED_EDGE('',*,*,#4761,.T.);
#6671=ORIENTED_EDGE('',*,*,#4763,.F.);
#6672=ORIENTED_EDGE('',*,*,#4764,.F.);
#6673=ORIENTED_EDGE('',*,*,#4765,.T.);
#6674=ORIENTED_EDGE('',*,*,#4764,.T.);
#6675=ORIENTED_EDGE('',*,*,#4766,.F.);
#6676=ORIENTED_EDGE('',*,*,#4767,.F.);
#6677=ORIENTED_EDGE('',*,*,#4768,.T.);
#6678=ORIENTED_EDGE('',*,*,#4767,.T.);
#6679=ORIENTED_EDGE('',*,*,#4769,.F.);
#6680=ORIENTED_EDGE('',*,*,#4770,.F.);
#6681=ORIENTED_EDGE('',*,*,#4771,.T.);
#6682=ORIENTED_EDGE('',*,*,#4770,.T.);
#6683=ORIENTED_EDGE('',*,*,#4772,.F.);
#6684=ORIENTED_EDGE('',*,*,#4773,.F.);
#6685=ORIENTED_EDGE('',*,*,#4774,.T.);
#6686=ORIENTED_EDGE('',*,*,#4773,.T.);
#6687=ORIENTED_EDGE('',*,*,#4775,.F.);
#6688=ORIENTED_EDGE('',*,*,#4776,.F.);
#6689=ORIENTED_EDGE('',*,*,#4777,.T.);
#6690=ORIENTED_EDGE('',*,*,#4776,.T.);
#6691=ORIENTED_EDGE('',*,*,#4778,.F.);
#6692=ORIENTED_EDGE('',*,*,#4779,.F.);
#6693=ORIENTED_EDGE('',*,*,#4780,.T.);
#6694=ORIENTED_EDGE('',*,*,#4779,.T.);
#6695=ORIENTED_EDGE('',*,*,#4781,.F.);
#6696=ORIENTED_EDGE('',*,*,#4782,.F.);
#6697=ORIENTED_EDGE('',*,*,#4783,.T.);
#6698=ORIENTED_EDGE('',*,*,#4782,.T.);
#6699=ORIENTED_EDGE('',*,*,#4784,.F.);
#6700=ORIENTED_EDGE('',*,*,#4785,.F.);
#6701=ORIENTED_EDGE('',*,*,#4786,.T.);
#6702=ORIENTED_EDGE('',*,*,#4785,.T.);
#6703=ORIENTED_EDGE('',*,*,#4787,.F.);
#6704=ORIENTED_EDGE('',*,*,#4788,.F.);
#6705=ORIENTED_EDGE('',*,*,#4789,.T.);
#6706=ORIENTED_EDGE('',*,*,#4788,.T.);
#6707=ORIENTED_EDGE('',*,*,#4790,.F.);
#6708=ORIENTED_EDGE('',*,*,#4791,.F.);
#6709=ORIENTED_EDGE('',*,*,#4792,.T.);
#6710=ORIENTED_EDGE('',*,*,#4791,.T.);
#6711=ORIENTED_EDGE('',*,*,#4793,.F.);
#6712=ORIENTED_EDGE('',*,*,#4794,.F.);
#6713=ORIENTED_EDGE('',*,*,#4795,.T.);
#6714=ORIENTED_EDGE('',*,*,#4794,.T.);
#6715=ORIENTED_EDGE('',*,*,#4796,.F.);
#6716=ORIENTED_EDGE('',*,*,#4753,.F.);
#6717=ORIENTED_EDGE('',*,*,#4795,.F.);
#6718=ORIENTED_EDGE('',*,*,#4752,.F.);
#6719=ORIENTED_EDGE('',*,*,#4756,.F.);
#6720=ORIENTED_EDGE('',*,*,#4759,.F.);
#6721=ORIENTED_EDGE('',*,*,#4762,.F.);
#6722=ORIENTED_EDGE('',*,*,#4765,.F.);
#6723=ORIENTED_EDGE('',*,*,#4768,.F.);
#6724=ORIENTED_EDGE('',*,*,#4771,.F.);
#6725=ORIENTED_EDGE('',*,*,#4774,.F.);
#6726=ORIENTED_EDGE('',*,*,#4777,.F.);
#6727=ORIENTED_EDGE('',*,*,#4780,.F.);
#6728=ORIENTED_EDGE('',*,*,#4783,.F.);
#6729=ORIENTED_EDGE('',*,*,#4786,.F.);
#6730=ORIENTED_EDGE('',*,*,#4789,.F.);
#6731=ORIENTED_EDGE('',*,*,#4792,.F.);
#6732=ORIENTED_EDGE('',*,*,#4796,.T.);
#6733=ORIENTED_EDGE('',*,*,#4793,.T.);
#6734=ORIENTED_EDGE('',*,*,#4790,.T.);
#6735=ORIENTED_EDGE('',*,*,#4787,.T.);
#6736=ORIENTED_EDGE('',*,*,#4784,.T.);
#6737=ORIENTED_EDGE('',*,*,#4781,.T.);
#6738=ORIENTED_EDGE('',*,*,#4778,.T.);
#6739=ORIENTED_EDGE('',*,*,#4775,.T.);
#6740=ORIENTED_EDGE('',*,*,#4772,.T.);
#6741=ORIENTED_EDGE('',*,*,#4769,.T.);
#6742=ORIENTED_EDGE('',*,*,#4766,.T.);
#6743=ORIENTED_EDGE('',*,*,#4763,.T.);
#6744=ORIENTED_EDGE('',*,*,#4760,.T.);
#6745=ORIENTED_EDGE('',*,*,#4757,.T.);
#6746=ORIENTED_EDGE('',*,*,#4754,.T.);
#6747=ORIENTED_EDGE('',*,*,#4797,.F.);
#6748=ORIENTED_EDGE('',*,*,#4798,.T.);
#6749=ORIENTED_EDGE('',*,*,#4799,.F.);
#6750=ORIENTED_EDGE('',*,*,#4800,.F.);
#6751=ORIENTED_EDGE('',*,*,#4801,.F.);
#6752=ORIENTED_EDGE('',*,*,#4800,.T.);
#6753=ORIENTED_EDGE('',*,*,#4802,.F.);
#6754=ORIENTED_EDGE('',*,*,#4803,.F.);
#6755=ORIENTED_EDGE('',*,*,#4804,.F.);
#6756=ORIENTED_EDGE('',*,*,#4803,.T.);
#6757=ORIENTED_EDGE('',*,*,#4805,.F.);
#6758=ORIENTED_EDGE('',*,*,#4806,.F.);
#6759=ORIENTED_EDGE('',*,*,#4807,.F.);
#6760=ORIENTED_EDGE('',*,*,#4806,.T.);
#6761=ORIENTED_EDGE('',*,*,#4808,.F.);
#6762=ORIENTED_EDGE('',*,*,#4809,.F.);
#6763=ORIENTED_EDGE('',*,*,#4810,.F.);
#6764=ORIENTED_EDGE('',*,*,#4809,.T.);
#6765=ORIENTED_EDGE('',*,*,#4811,.F.);
#6766=ORIENTED_EDGE('',*,*,#4812,.F.);
#6767=ORIENTED_EDGE('',*,*,#4813,.F.);
#6768=ORIENTED_EDGE('',*,*,#4812,.T.);
#6769=ORIENTED_EDGE('',*,*,#4814,.F.);
#6770=ORIENTED_EDGE('',*,*,#4815,.F.);
#6771=ORIENTED_EDGE('',*,*,#4816,.F.);
#6772=ORIENTED_EDGE('',*,*,#4815,.T.);
#6773=ORIENTED_EDGE('',*,*,#4817,.F.);
#6774=ORIENTED_EDGE('',*,*,#4818,.F.);
#6775=ORIENTED_EDGE('',*,*,#4819,.F.);
#6776=ORIENTED_EDGE('',*,*,#4818,.T.);
#6777=ORIENTED_EDGE('',*,*,#4820,.F.);
#6778=ORIENTED_EDGE('',*,*,#4798,.F.);
#6779=ORIENTED_EDGE('',*,*,#4821,.T.);
#6780=ORIENTED_EDGE('',*,*,#4822,.T.);
#6781=ORIENTED_EDGE('',*,*,#4823,.F.);
#6782=ORIENTED_EDGE('',*,*,#4824,.F.);
#6783=ORIENTED_EDGE('',*,*,#4825,.T.);
#6784=ORIENTED_EDGE('',*,*,#4824,.T.);
#6785=ORIENTED_EDGE('',*,*,#4826,.F.);
#6786=ORIENTED_EDGE('',*,*,#4827,.F.);
#6787=ORIENTED_EDGE('',*,*,#4828,.T.);
#6788=ORIENTED_EDGE('',*,*,#4827,.T.);
#6789=ORIENTED_EDGE('',*,*,#4829,.F.);
#6790=ORIENTED_EDGE('',*,*,#4830,.F.);
#6791=ORIENTED_EDGE('',*,*,#4831,.T.);
#6792=ORIENTED_EDGE('',*,*,#4830,.T.);
#6793=ORIENTED_EDGE('',*,*,#4832,.F.);
#6794=ORIENTED_EDGE('',*,*,#4833,.F.);
#6795=ORIENTED_EDGE('',*,*,#4834,.T.);
#6796=ORIENTED_EDGE('',*,*,#4833,.T.);
#6797=ORIENTED_EDGE('',*,*,#4835,.F.);
#6798=ORIENTED_EDGE('',*,*,#4836,.F.);
#6799=ORIENTED_EDGE('',*,*,#4837,.T.);
#6800=ORIENTED_EDGE('',*,*,#4836,.T.);
#6801=ORIENTED_EDGE('',*,*,#4838,.F.);
#6802=ORIENTED_EDGE('',*,*,#4839,.F.);
#6803=ORIENTED_EDGE('',*,*,#4840,.T.);
#6804=ORIENTED_EDGE('',*,*,#4839,.T.);
#6805=ORIENTED_EDGE('',*,*,#4841,.F.);
#6806=ORIENTED_EDGE('',*,*,#4842,.F.);
#6807=ORIENTED_EDGE('',*,*,#4843,.T.);
#6808=ORIENTED_EDGE('',*,*,#4842,.T.);
#6809=ORIENTED_EDGE('',*,*,#4844,.F.);
#6810=ORIENTED_EDGE('',*,*,#4845,.F.);
#6811=ORIENTED_EDGE('',*,*,#4846,.T.);
#6812=ORIENTED_EDGE('',*,*,#4845,.T.);
#6813=ORIENTED_EDGE('',*,*,#4847,.F.);
#6814=ORIENTED_EDGE('',*,*,#4848,.F.);
#6815=ORIENTED_EDGE('',*,*,#4849,.T.);
#6816=ORIENTED_EDGE('',*,*,#4848,.T.);
#6817=ORIENTED_EDGE('',*,*,#4850,.F.);
#6818=ORIENTED_EDGE('',*,*,#4851,.F.);
#6819=ORIENTED_EDGE('',*,*,#4852,.T.);
#6820=ORIENTED_EDGE('',*,*,#4851,.T.);
#6821=ORIENTED_EDGE('',*,*,#4853,.F.);
#6822=ORIENTED_EDGE('',*,*,#4854,.F.);
#6823=ORIENTED_EDGE('',*,*,#4855,.T.);
#6824=ORIENTED_EDGE('',*,*,#4854,.T.);
#6825=ORIENTED_EDGE('',*,*,#4856,.F.);
#6826=ORIENTED_EDGE('',*,*,#4857,.F.);
#6827=ORIENTED_EDGE('',*,*,#4858,.T.);
#6828=ORIENTED_EDGE('',*,*,#4857,.T.);
#6829=ORIENTED_EDGE('',*,*,#4859,.F.);
#6830=ORIENTED_EDGE('',*,*,#4860,.F.);
#6831=ORIENTED_EDGE('',*,*,#4861,.T.);
#6832=ORIENTED_EDGE('',*,*,#4860,.T.);
#6833=ORIENTED_EDGE('',*,*,#4862,.F.);
#6834=ORIENTED_EDGE('',*,*,#4863,.F.);
#6835=ORIENTED_EDGE('',*,*,#4864,.T.);
#6836=ORIENTED_EDGE('',*,*,#4863,.T.);
#6837=ORIENTED_EDGE('',*,*,#4865,.F.);
#6838=ORIENTED_EDGE('',*,*,#4866,.F.);
#6839=ORIENTED_EDGE('',*,*,#4867,.T.);
#6840=ORIENTED_EDGE('',*,*,#4866,.T.);
#6841=ORIENTED_EDGE('',*,*,#4868,.F.);
#6842=ORIENTED_EDGE('',*,*,#4869,.F.);
#6843=ORIENTED_EDGE('',*,*,#4870,.T.);
#6844=ORIENTED_EDGE('',*,*,#4869,.T.);
#6845=ORIENTED_EDGE('',*,*,#4871,.F.);
#6846=ORIENTED_EDGE('',*,*,#4872,.F.);
#6847=ORIENTED_EDGE('',*,*,#4873,.T.);
#6848=ORIENTED_EDGE('',*,*,#4872,.T.);
#6849=ORIENTED_EDGE('',*,*,#4874,.F.);
#6850=ORIENTED_EDGE('',*,*,#4875,.F.);
#6851=ORIENTED_EDGE('',*,*,#4876,.T.);
#6852=ORIENTED_EDGE('',*,*,#4875,.T.);
#6853=ORIENTED_EDGE('',*,*,#4877,.F.);
#6854=ORIENTED_EDGE('',*,*,#4878,.F.);
#6855=ORIENTED_EDGE('',*,*,#4879,.T.);
#6856=ORIENTED_EDGE('',*,*,#4878,.T.);
#6857=ORIENTED_EDGE('',*,*,#4880,.F.);
#6858=ORIENTED_EDGE('',*,*,#4881,.F.);
#6859=ORIENTED_EDGE('',*,*,#4882,.T.);
#6860=ORIENTED_EDGE('',*,*,#4881,.T.);
#6861=ORIENTED_EDGE('',*,*,#4883,.F.);
#6862=ORIENTED_EDGE('',*,*,#4884,.F.);
#6863=ORIENTED_EDGE('',*,*,#4885,.T.);
#6864=ORIENTED_EDGE('',*,*,#4884,.T.);
#6865=ORIENTED_EDGE('',*,*,#4886,.F.);
#6866=ORIENTED_EDGE('',*,*,#4822,.F.);
#6867=ORIENTED_EDGE('',*,*,#4885,.F.);
#6868=ORIENTED_EDGE('',*,*,#4821,.F.);
#6869=ORIENTED_EDGE('',*,*,#4825,.F.);
#6870=ORIENTED_EDGE('',*,*,#4828,.F.);
#6871=ORIENTED_EDGE('',*,*,#4831,.F.);
#6872=ORIENTED_EDGE('',*,*,#4834,.F.);
#6873=ORIENTED_EDGE('',*,*,#4837,.F.);
#6874=ORIENTED_EDGE('',*,*,#4840,.F.);
#6875=ORIENTED_EDGE('',*,*,#4843,.F.);
#6876=ORIENTED_EDGE('',*,*,#4846,.F.);
#6877=ORIENTED_EDGE('',*,*,#4849,.F.);
#6878=ORIENTED_EDGE('',*,*,#4852,.F.);
#6879=ORIENTED_EDGE('',*,*,#4855,.F.);
#6880=ORIENTED_EDGE('',*,*,#4858,.F.);
#6881=ORIENTED_EDGE('',*,*,#4861,.F.);
#6882=ORIENTED_EDGE('',*,*,#4864,.F.);
#6883=ORIENTED_EDGE('',*,*,#4867,.F.);
#6884=ORIENTED_EDGE('',*,*,#4870,.F.);
#6885=ORIENTED_EDGE('',*,*,#4873,.F.);
#6886=ORIENTED_EDGE('',*,*,#4876,.F.);
#6887=ORIENTED_EDGE('',*,*,#4879,.F.);
#6888=ORIENTED_EDGE('',*,*,#4882,.F.);
#6889=ORIENTED_EDGE('',*,*,#4819,.T.);
#6890=ORIENTED_EDGE('',*,*,#4797,.T.);
#6891=ORIENTED_EDGE('',*,*,#4801,.T.);
#6892=ORIENTED_EDGE('',*,*,#4804,.T.);
#6893=ORIENTED_EDGE('',*,*,#4807,.T.);
#6894=ORIENTED_EDGE('',*,*,#4810,.T.);
#6895=ORIENTED_EDGE('',*,*,#4813,.T.);
#6896=ORIENTED_EDGE('',*,*,#4816,.T.);
#6897=ORIENTED_EDGE('',*,*,#4886,.T.);
#6898=ORIENTED_EDGE('',*,*,#4883,.T.);
#6899=ORIENTED_EDGE('',*,*,#4880,.T.);
#6900=ORIENTED_EDGE('',*,*,#4877,.T.);
#6901=ORIENTED_EDGE('',*,*,#4874,.T.);
#6902=ORIENTED_EDGE('',*,*,#4871,.T.);
#6903=ORIENTED_EDGE('',*,*,#4868,.T.);
#6904=ORIENTED_EDGE('',*,*,#4865,.T.);
#6905=ORIENTED_EDGE('',*,*,#4862,.T.);
#6906=ORIENTED_EDGE('',*,*,#4859,.T.);
#6907=ORIENTED_EDGE('',*,*,#4856,.T.);
#6908=ORIENTED_EDGE('',*,*,#4853,.T.);
#6909=ORIENTED_EDGE('',*,*,#4850,.T.);
#6910=ORIENTED_EDGE('',*,*,#4847,.T.);
#6911=ORIENTED_EDGE('',*,*,#4844,.T.);
#6912=ORIENTED_EDGE('',*,*,#4841,.T.);
#6913=ORIENTED_EDGE('',*,*,#4838,.T.);
#6914=ORIENTED_EDGE('',*,*,#4835,.T.);
#6915=ORIENTED_EDGE('',*,*,#4832,.T.);
#6916=ORIENTED_EDGE('',*,*,#4829,.T.);
#6917=ORIENTED_EDGE('',*,*,#4826,.T.);
#6918=ORIENTED_EDGE('',*,*,#4823,.T.);
#6919=ORIENTED_EDGE('',*,*,#4820,.T.);
#6920=ORIENTED_EDGE('',*,*,#4817,.T.);
#6921=ORIENTED_EDGE('',*,*,#4814,.T.);
#6922=ORIENTED_EDGE('',*,*,#4811,.T.);
#6923=ORIENTED_EDGE('',*,*,#4808,.T.);
#6924=ORIENTED_EDGE('',*,*,#4805,.T.);
#6925=ORIENTED_EDGE('',*,*,#4802,.T.);
#6926=ORIENTED_EDGE('',*,*,#4799,.T.);
#6927=ORIENTED_EDGE('',*,*,#4887,.F.);
#6928=ORIENTED_EDGE('',*,*,#4888,.T.);
#6929=ORIENTED_EDGE('',*,*,#4889,.F.);
#6930=ORIENTED_EDGE('',*,*,#4890,.F.);
#6931=ORIENTED_EDGE('',*,*,#4891,.F.);
#6932=ORIENTED_EDGE('',*,*,#4890,.T.);
#6933=ORIENTED_EDGE('',*,*,#4892,.F.);
#6934=ORIENTED_EDGE('',*,*,#4893,.F.);
#6935=ORIENTED_EDGE('',*,*,#4894,.F.);
#6936=ORIENTED_EDGE('',*,*,#4893,.T.);
#6937=ORIENTED_EDGE('',*,*,#4895,.F.);
#6938=ORIENTED_EDGE('',*,*,#4896,.F.);
#6939=ORIENTED_EDGE('',*,*,#4897,.F.);
#6940=ORIENTED_EDGE('',*,*,#4896,.T.);
#6941=ORIENTED_EDGE('',*,*,#4898,.F.);
#6942=ORIENTED_EDGE('',*,*,#4899,.F.);
#6943=ORIENTED_EDGE('',*,*,#4900,.F.);
#6944=ORIENTED_EDGE('',*,*,#4899,.T.);
#6945=ORIENTED_EDGE('',*,*,#4901,.F.);
#6946=ORIENTED_EDGE('',*,*,#4902,.F.);
#6947=ORIENTED_EDGE('',*,*,#4903,.F.);
#6948=ORIENTED_EDGE('',*,*,#4902,.T.);
#6949=ORIENTED_EDGE('',*,*,#4904,.F.);
#6950=ORIENTED_EDGE('',*,*,#4905,.F.);
#6951=ORIENTED_EDGE('',*,*,#4906,.F.);
#6952=ORIENTED_EDGE('',*,*,#4905,.T.);
#6953=ORIENTED_EDGE('',*,*,#4907,.F.);
#6954=ORIENTED_EDGE('',*,*,#4888,.F.);
#6955=ORIENTED_EDGE('',*,*,#4908,.F.);
#6956=ORIENTED_EDGE('',*,*,#4909,.T.);
#6957=ORIENTED_EDGE('',*,*,#4910,.F.);
#6958=ORIENTED_EDGE('',*,*,#4911,.F.);
#6959=ORIENTED_EDGE('',*,*,#4912,.F.);
#6960=ORIENTED_EDGE('',*,*,#4911,.T.);
#6961=ORIENTED_EDGE('',*,*,#4913,.F.);
#6962=ORIENTED_EDGE('',*,*,#4914,.F.);
#6963=ORIENTED_EDGE('',*,*,#4915,.F.);
#6964=ORIENTED_EDGE('',*,*,#4914,.T.);
#6965=ORIENTED_EDGE('',*,*,#4916,.F.);
#6966=ORIENTED_EDGE('',*,*,#4917,.F.);
#6967=ORIENTED_EDGE('',*,*,#4918,.F.);
#6968=ORIENTED_EDGE('',*,*,#4917,.T.);
#6969=ORIENTED_EDGE('',*,*,#4919,.F.);
#6970=ORIENTED_EDGE('',*,*,#4920,.F.);
#6971=ORIENTED_EDGE('',*,*,#4921,.F.);
#6972=ORIENTED_EDGE('',*,*,#4920,.T.);
#6973=ORIENTED_EDGE('',*,*,#4922,.F.);
#6974=ORIENTED_EDGE('',*,*,#4923,.F.);
#6975=ORIENTED_EDGE('',*,*,#4924,.F.);
#6976=ORIENTED_EDGE('',*,*,#4923,.T.);
#6977=ORIENTED_EDGE('',*,*,#4925,.F.);
#6978=ORIENTED_EDGE('',*,*,#4926,.F.);
#6979=ORIENTED_EDGE('',*,*,#4927,.F.);
#6980=ORIENTED_EDGE('',*,*,#4926,.T.);
#6981=ORIENTED_EDGE('',*,*,#4928,.F.);
#6982=ORIENTED_EDGE('',*,*,#4929,.F.);
#6983=ORIENTED_EDGE('',*,*,#4930,.F.);
#6984=ORIENTED_EDGE('',*,*,#4929,.T.);
#6985=ORIENTED_EDGE('',*,*,#4931,.F.);
#6986=ORIENTED_EDGE('',*,*,#4932,.F.);
#6987=ORIENTED_EDGE('',*,*,#4933,.F.);
#6988=ORIENTED_EDGE('',*,*,#4932,.T.);
#6989=ORIENTED_EDGE('',*,*,#4934,.F.);
#6990=ORIENTED_EDGE('',*,*,#4909,.F.);
#6991=ORIENTED_EDGE('',*,*,#4935,.T.);
#6992=ORIENTED_EDGE('',*,*,#4936,.T.);
#6993=ORIENTED_EDGE('',*,*,#4937,.F.);
#6994=ORIENTED_EDGE('',*,*,#4938,.F.);
#6995=ORIENTED_EDGE('',*,*,#4939,.T.);
#6996=ORIENTED_EDGE('',*,*,#4938,.T.);
#6997=ORIENTED_EDGE('',*,*,#4940,.F.);
#6998=ORIENTED_EDGE('',*,*,#4941,.F.);
#6999=ORIENTED_EDGE('',*,*,#4942,.T.);
#7000=ORIENTED_EDGE('',*,*,#4941,.T.);
#7001=ORIENTED_EDGE('',*,*,#4943,.F.);
#7002=ORIENTED_EDGE('',*,*,#4944,.F.);
#7003=ORIENTED_EDGE('',*,*,#4945,.T.);
#7004=ORIENTED_EDGE('',*,*,#4944,.T.);
#7005=ORIENTED_EDGE('',*,*,#4946,.F.);
#7006=ORIENTED_EDGE('',*,*,#4947,.F.);
#7007=ORIENTED_EDGE('',*,*,#4948,.T.);
#7008=ORIENTED_EDGE('',*,*,#4947,.T.);
#7009=ORIENTED_EDGE('',*,*,#4949,.F.);
#7010=ORIENTED_EDGE('',*,*,#4950,.F.);
#7011=ORIENTED_EDGE('',*,*,#4951,.T.);
#7012=ORIENTED_EDGE('',*,*,#4950,.T.);
#7013=ORIENTED_EDGE('',*,*,#4952,.F.);
#7014=ORIENTED_EDGE('',*,*,#4953,.F.);
#7015=ORIENTED_EDGE('',*,*,#4954,.T.);
#7016=ORIENTED_EDGE('',*,*,#4953,.T.);
#7017=ORIENTED_EDGE('',*,*,#4955,.F.);
#7018=ORIENTED_EDGE('',*,*,#4956,.F.);
#7019=ORIENTED_EDGE('',*,*,#4957,.T.);
#7020=ORIENTED_EDGE('',*,*,#4956,.T.);
#7021=ORIENTED_EDGE('',*,*,#4958,.F.);
#7022=ORIENTED_EDGE('',*,*,#4959,.F.);
#7023=ORIENTED_EDGE('',*,*,#4960,.T.);
#7024=ORIENTED_EDGE('',*,*,#4959,.T.);
#7025=ORIENTED_EDGE('',*,*,#4961,.F.);
#7026=ORIENTED_EDGE('',*,*,#4962,.F.);
#7027=ORIENTED_EDGE('',*,*,#4963,.T.);
#7028=ORIENTED_EDGE('',*,*,#4962,.T.);
#7029=ORIENTED_EDGE('',*,*,#4964,.F.);
#7030=ORIENTED_EDGE('',*,*,#4965,.F.);
#7031=ORIENTED_EDGE('',*,*,#4966,.T.);
#7032=ORIENTED_EDGE('',*,*,#4965,.T.);
#7033=ORIENTED_EDGE('',*,*,#4967,.F.);
#7034=ORIENTED_EDGE('',*,*,#4968,.F.);
#7035=ORIENTED_EDGE('',*,*,#4969,.T.);
#7036=ORIENTED_EDGE('',*,*,#4968,.T.);
#7037=ORIENTED_EDGE('',*,*,#4970,.F.);
#7038=ORIENTED_EDGE('',*,*,#4971,.F.);
#7039=ORIENTED_EDGE('',*,*,#4972,.T.);
#7040=ORIENTED_EDGE('',*,*,#4971,.T.);
#7041=ORIENTED_EDGE('',*,*,#4973,.F.);
#7042=ORIENTED_EDGE('',*,*,#4974,.F.);
#7043=ORIENTED_EDGE('',*,*,#4975,.T.);
#7044=ORIENTED_EDGE('',*,*,#4974,.T.);
#7045=ORIENTED_EDGE('',*,*,#4976,.F.);
#7046=ORIENTED_EDGE('',*,*,#4977,.F.);
#7047=ORIENTED_EDGE('',*,*,#4978,.T.);
#7048=ORIENTED_EDGE('',*,*,#4977,.T.);
#7049=ORIENTED_EDGE('',*,*,#4979,.F.);
#7050=ORIENTED_EDGE('',*,*,#4980,.F.);
#7051=ORIENTED_EDGE('',*,*,#4981,.T.);
#7052=ORIENTED_EDGE('',*,*,#4980,.T.);
#7053=ORIENTED_EDGE('',*,*,#4982,.F.);
#7054=ORIENTED_EDGE('',*,*,#4936,.F.);
#7055=ORIENTED_EDGE('',*,*,#4981,.F.);
#7056=ORIENTED_EDGE('',*,*,#4935,.F.);
#7057=ORIENTED_EDGE('',*,*,#4939,.F.);
#7058=ORIENTED_EDGE('',*,*,#4942,.F.);
#7059=ORIENTED_EDGE('',*,*,#4945,.F.);
#7060=ORIENTED_EDGE('',*,*,#4948,.F.);
#7061=ORIENTED_EDGE('',*,*,#4951,.F.);
#7062=ORIENTED_EDGE('',*,*,#4954,.F.);
#7063=ORIENTED_EDGE('',*,*,#4957,.F.);
#7064=ORIENTED_EDGE('',*,*,#4960,.F.);
#7065=ORIENTED_EDGE('',*,*,#4963,.F.);
#7066=ORIENTED_EDGE('',*,*,#4966,.F.);
#7067=ORIENTED_EDGE('',*,*,#4969,.F.);
#7068=ORIENTED_EDGE('',*,*,#4972,.F.);
#7069=ORIENTED_EDGE('',*,*,#4975,.F.);
#7070=ORIENTED_EDGE('',*,*,#4978,.F.);
#7071=ORIENTED_EDGE('',*,*,#4933,.T.);
#7072=ORIENTED_EDGE('',*,*,#4908,.T.);
#7073=ORIENTED_EDGE('',*,*,#4912,.T.);
#7074=ORIENTED_EDGE('',*,*,#4915,.T.);
#7075=ORIENTED_EDGE('',*,*,#4918,.T.);
#7076=ORIENTED_EDGE('',*,*,#4921,.T.);
#7077=ORIENTED_EDGE('',*,*,#4924,.T.);
#7078=ORIENTED_EDGE('',*,*,#4927,.T.);
#7079=ORIENTED_EDGE('',*,*,#4930,.T.);
#7080=ORIENTED_EDGE('',*,*,#4906,.T.);
#7081=ORIENTED_EDGE('',*,*,#4887,.T.);
#7082=ORIENTED_EDGE('',*,*,#4891,.T.);
#7083=ORIENTED_EDGE('',*,*,#4894,.T.);
#7084=ORIENTED_EDGE('',*,*,#4897,.T.);
#7085=ORIENTED_EDGE('',*,*,#4900,.T.);
#7086=ORIENTED_EDGE('',*,*,#4903,.T.);
#7087=ORIENTED_EDGE('',*,*,#4982,.T.);
#7088=ORIENTED_EDGE('',*,*,#4979,.T.);
#7089=ORIENTED_EDGE('',*,*,#4976,.T.);
#7090=ORIENTED_EDGE('',*,*,#4973,.T.);
#7091=ORIENTED_EDGE('',*,*,#4970,.T.);
#7092=ORIENTED_EDGE('',*,*,#4967,.T.);
#7093=ORIENTED_EDGE('',*,*,#4964,.T.);
#7094=ORIENTED_EDGE('',*,*,#4961,.T.);
#7095=ORIENTED_EDGE('',*,*,#4958,.T.);
#7096=ORIENTED_EDGE('',*,*,#4955,.T.);
#7097=ORIENTED_EDGE('',*,*,#4952,.T.);
#7098=ORIENTED_EDGE('',*,*,#4949,.T.);
#7099=ORIENTED_EDGE('',*,*,#4946,.T.);
#7100=ORIENTED_EDGE('',*,*,#4943,.T.);
#7101=ORIENTED_EDGE('',*,*,#4940,.T.);
#7102=ORIENTED_EDGE('',*,*,#4937,.T.);
#7103=ORIENTED_EDGE('',*,*,#4934,.T.);
#7104=ORIENTED_EDGE('',*,*,#4931,.T.);
#7105=ORIENTED_EDGE('',*,*,#4928,.T.);
#7106=ORIENTED_EDGE('',*,*,#4925,.T.);
#7107=ORIENTED_EDGE('',*,*,#4922,.T.);
#7108=ORIENTED_EDGE('',*,*,#4919,.T.);
#7109=ORIENTED_EDGE('',*,*,#4916,.T.);
#7110=ORIENTED_EDGE('',*,*,#4913,.T.);
#7111=ORIENTED_EDGE('',*,*,#4910,.T.);
#7112=ORIENTED_EDGE('',*,*,#4907,.T.);
#7113=ORIENTED_EDGE('',*,*,#4904,.T.);
#7114=ORIENTED_EDGE('',*,*,#4901,.T.);
#7115=ORIENTED_EDGE('',*,*,#4898,.T.);
#7116=ORIENTED_EDGE('',*,*,#4895,.T.);
#7117=ORIENTED_EDGE('',*,*,#4892,.T.);
#7118=ORIENTED_EDGE('',*,*,#4889,.T.);
#7119=ORIENTED_EDGE('',*,*,#4983,.F.);
#7120=ORIENTED_EDGE('',*,*,#4984,.T.);
#7121=ORIENTED_EDGE('',*,*,#4985,.F.);
#7122=ORIENTED_EDGE('',*,*,#4986,.F.);
#7123=ORIENTED_EDGE('',*,*,#4987,.F.);
#7124=ORIENTED_EDGE('',*,*,#4986,.T.);
#7125=ORIENTED_EDGE('',*,*,#4988,.F.);
#7126=ORIENTED_EDGE('',*,*,#4989,.F.);
#7127=ORIENTED_EDGE('',*,*,#4990,.F.);
#7128=ORIENTED_EDGE('',*,*,#4989,.T.);
#7129=ORIENTED_EDGE('',*,*,#4991,.F.);
#7130=ORIENTED_EDGE('',*,*,#4992,.F.);
#7131=ORIENTED_EDGE('',*,*,#4993,.F.);
#7132=ORIENTED_EDGE('',*,*,#4992,.T.);
#7133=ORIENTED_EDGE('',*,*,#4994,.F.);
#7134=ORIENTED_EDGE('',*,*,#4995,.F.);
#7135=ORIENTED_EDGE('',*,*,#4996,.F.);
#7136=ORIENTED_EDGE('',*,*,#4995,.T.);
#7137=ORIENTED_EDGE('',*,*,#4997,.F.);
#7138=ORIENTED_EDGE('',*,*,#4998,.F.);
#7139=ORIENTED_EDGE('',*,*,#4999,.F.);
#7140=ORIENTED_EDGE('',*,*,#4998,.T.);
#7141=ORIENTED_EDGE('',*,*,#5000,.F.);
#7142=ORIENTED_EDGE('',*,*,#5001,.F.);
#7143=ORIENTED_EDGE('',*,*,#5002,.F.);
#7144=ORIENTED_EDGE('',*,*,#5001,.T.);
#7145=ORIENTED_EDGE('',*,*,#5003,.F.);
#7146=ORIENTED_EDGE('',*,*,#5004,.F.);
#7147=ORIENTED_EDGE('',*,*,#5005,.F.);
#7148=ORIENTED_EDGE('',*,*,#5004,.T.);
#7149=ORIENTED_EDGE('',*,*,#5006,.F.);
#7150=ORIENTED_EDGE('',*,*,#5007,.F.);
#7151=ORIENTED_EDGE('',*,*,#5008,.F.);
#7152=ORIENTED_EDGE('',*,*,#5007,.T.);
#7153=ORIENTED_EDGE('',*,*,#5009,.F.);
#7154=ORIENTED_EDGE('',*,*,#5010,.F.);
#7155=ORIENTED_EDGE('',*,*,#5011,.F.);
#7156=ORIENTED_EDGE('',*,*,#5010,.T.);
#7157=ORIENTED_EDGE('',*,*,#5012,.F.);
#7158=ORIENTED_EDGE('',*,*,#5013,.F.);
#7159=ORIENTED_EDGE('',*,*,#5014,.F.);
#7160=ORIENTED_EDGE('',*,*,#5013,.T.);
#7161=ORIENTED_EDGE('',*,*,#5015,.F.);
#7162=ORIENTED_EDGE('',*,*,#5016,.F.);
#7163=ORIENTED_EDGE('',*,*,#5017,.F.);
#7164=ORIENTED_EDGE('',*,*,#5016,.T.);
#7165=ORIENTED_EDGE('',*,*,#5018,.F.);
#7166=ORIENTED_EDGE('',*,*,#4984,.F.);
#7167=ORIENTED_EDGE('',*,*,#5019,.T.);
#7168=ORIENTED_EDGE('',*,*,#5020,.T.);
#7169=ORIENTED_EDGE('',*,*,#5021,.F.);
#7170=ORIENTED_EDGE('',*,*,#5022,.F.);
#7171=ORIENTED_EDGE('',*,*,#5023,.T.);
#7172=ORIENTED_EDGE('',*,*,#5022,.T.);
#7173=ORIENTED_EDGE('',*,*,#5024,.F.);
#7174=ORIENTED_EDGE('',*,*,#5025,.F.);
#7175=ORIENTED_EDGE('',*,*,#5026,.T.);
#7176=ORIENTED_EDGE('',*,*,#5025,.T.);
#7177=ORIENTED_EDGE('',*,*,#5027,.F.);
#7178=ORIENTED_EDGE('',*,*,#5028,.F.);
#7179=ORIENTED_EDGE('',*,*,#5029,.T.);
#7180=ORIENTED_EDGE('',*,*,#5028,.T.);
#7181=ORIENTED_EDGE('',*,*,#5030,.F.);
#7182=ORIENTED_EDGE('',*,*,#5031,.F.);
#7183=ORIENTED_EDGE('',*,*,#5032,.T.);
#7184=ORIENTED_EDGE('',*,*,#5031,.T.);
#7185=ORIENTED_EDGE('',*,*,#5033,.F.);
#7186=ORIENTED_EDGE('',*,*,#5034,.F.);
#7187=ORIENTED_EDGE('',*,*,#5035,.T.);
#7188=ORIENTED_EDGE('',*,*,#5034,.T.);
#7189=ORIENTED_EDGE('',*,*,#5036,.F.);
#7190=ORIENTED_EDGE('',*,*,#5037,.F.);
#7191=ORIENTED_EDGE('',*,*,#5038,.T.);
#7192=ORIENTED_EDGE('',*,*,#5037,.T.);
#7193=ORIENTED_EDGE('',*,*,#5039,.F.);
#7194=ORIENTED_EDGE('',*,*,#5040,.F.);
#7195=ORIENTED_EDGE('',*,*,#5041,.T.);
#7196=ORIENTED_EDGE('',*,*,#5040,.T.);
#7197=ORIENTED_EDGE('',*,*,#5042,.F.);
#7198=ORIENTED_EDGE('',*,*,#5043,.F.);
#7199=ORIENTED_EDGE('',*,*,#5044,.T.);
#7200=ORIENTED_EDGE('',*,*,#5043,.T.);
#7201=ORIENTED_EDGE('',*,*,#5045,.F.);
#7202=ORIENTED_EDGE('',*,*,#5046,.F.);
#7203=ORIENTED_EDGE('',*,*,#5047,.T.);
#7204=ORIENTED_EDGE('',*,*,#5046,.T.);
#7205=ORIENTED_EDGE('',*,*,#5048,.F.);
#7206=ORIENTED_EDGE('',*,*,#5049,.F.);
#7207=ORIENTED_EDGE('',*,*,#5050,.T.);
#7208=ORIENTED_EDGE('',*,*,#5049,.T.);
#7209=ORIENTED_EDGE('',*,*,#5051,.F.);
#7210=ORIENTED_EDGE('',*,*,#5052,.F.);
#7211=ORIENTED_EDGE('',*,*,#5053,.T.);
#7212=ORIENTED_EDGE('',*,*,#5052,.T.);
#7213=ORIENTED_EDGE('',*,*,#5054,.F.);
#7214=ORIENTED_EDGE('',*,*,#5055,.F.);
#7215=ORIENTED_EDGE('',*,*,#5056,.T.);
#7216=ORIENTED_EDGE('',*,*,#5055,.T.);
#7217=ORIENTED_EDGE('',*,*,#5057,.F.);
#7218=ORIENTED_EDGE('',*,*,#5058,.F.);
#7219=ORIENTED_EDGE('',*,*,#5059,.T.);
#7220=ORIENTED_EDGE('',*,*,#5058,.T.);
#7221=ORIENTED_EDGE('',*,*,#5060,.F.);
#7222=ORIENTED_EDGE('',*,*,#5061,.F.);
#7223=ORIENTED_EDGE('',*,*,#5062,.T.);
#7224=ORIENTED_EDGE('',*,*,#5061,.T.);
#7225=ORIENTED_EDGE('',*,*,#5063,.F.);
#7226=ORIENTED_EDGE('',*,*,#5064,.F.);
#7227=ORIENTED_EDGE('',*,*,#5065,.T.);
#7228=ORIENTED_EDGE('',*,*,#5064,.T.);
#7229=ORIENTED_EDGE('',*,*,#5066,.F.);
#7230=ORIENTED_EDGE('',*,*,#5020,.F.);
#7231=ORIENTED_EDGE('',*,*,#5065,.F.);
#7232=ORIENTED_EDGE('',*,*,#5019,.F.);
#7233=ORIENTED_EDGE('',*,*,#5023,.F.);
#7234=ORIENTED_EDGE('',*,*,#5026,.F.);
#7235=ORIENTED_EDGE('',*,*,#5029,.F.);
#7236=ORIENTED_EDGE('',*,*,#5032,.F.);
#7237=ORIENTED_EDGE('',*,*,#5035,.F.);
#7238=ORIENTED_EDGE('',*,*,#5038,.F.);
#7239=ORIENTED_EDGE('',*,*,#5041,.F.);
#7240=ORIENTED_EDGE('',*,*,#5044,.F.);
#7241=ORIENTED_EDGE('',*,*,#5047,.F.);
#7242=ORIENTED_EDGE('',*,*,#5050,.F.);
#7243=ORIENTED_EDGE('',*,*,#5053,.F.);
#7244=ORIENTED_EDGE('',*,*,#5056,.F.);
#7245=ORIENTED_EDGE('',*,*,#5059,.F.);
#7246=ORIENTED_EDGE('',*,*,#5062,.F.);
#7247=ORIENTED_EDGE('',*,*,#5017,.T.);
#7248=ORIENTED_EDGE('',*,*,#4983,.T.);
#7249=ORIENTED_EDGE('',*,*,#4987,.T.);
#7250=ORIENTED_EDGE('',*,*,#4990,.T.);
#7251=ORIENTED_EDGE('',*,*,#4993,.T.);
#7252=ORIENTED_EDGE('',*,*,#4996,.T.);
#7253=ORIENTED_EDGE('',*,*,#4999,.T.);
#7254=ORIENTED_EDGE('',*,*,#5002,.T.);
#7255=ORIENTED_EDGE('',*,*,#5005,.T.);
#7256=ORIENTED_EDGE('',*,*,#5008,.T.);
#7257=ORIENTED_EDGE('',*,*,#5011,.T.);
#7258=ORIENTED_EDGE('',*,*,#5014,.T.);
#7259=ORIENTED_EDGE('',*,*,#5066,.T.);
#7260=ORIENTED_EDGE('',*,*,#5063,.T.);
#7261=ORIENTED_EDGE('',*,*,#5060,.T.);
#7262=ORIENTED_EDGE('',*,*,#5057,.T.);
#7263=ORIENTED_EDGE('',*,*,#5054,.T.);
#7264=ORIENTED_EDGE('',*,*,#5051,.T.);
#7265=ORIENTED_EDGE('',*,*,#5048,.T.);
#7266=ORIENTED_EDGE('',*,*,#5045,.T.);
#7267=ORIENTED_EDGE('',*,*,#5042,.T.);
#7268=ORIENTED_EDGE('',*,*,#5039,.T.);
#7269=ORIENTED_EDGE('',*,*,#5036,.T.);
#7270=ORIENTED_EDGE('',*,*,#5033,.T.);
#7271=ORIENTED_EDGE('',*,*,#5030,.T.);
#7272=ORIENTED_EDGE('',*,*,#5027,.T.);
#7273=ORIENTED_EDGE('',*,*,#5024,.T.);
#7274=ORIENTED_EDGE('',*,*,#5021,.T.);
#7275=ORIENTED_EDGE('',*,*,#5018,.T.);
#7276=ORIENTED_EDGE('',*,*,#5015,.T.);
#7277=ORIENTED_EDGE('',*,*,#5012,.T.);
#7278=ORIENTED_EDGE('',*,*,#5009,.T.);
#7279=ORIENTED_EDGE('',*,*,#5006,.T.);
#7280=ORIENTED_EDGE('',*,*,#5003,.T.);
#7281=ORIENTED_EDGE('',*,*,#5000,.T.);
#7282=ORIENTED_EDGE('',*,*,#4997,.T.);
#7283=ORIENTED_EDGE('',*,*,#4994,.T.);
#7284=ORIENTED_EDGE('',*,*,#4991,.T.);
#7285=ORIENTED_EDGE('',*,*,#4988,.T.);
#7286=ORIENTED_EDGE('',*,*,#4985,.T.);
#7287=ORIENTED_EDGE('',*,*,#5067,.T.);
#7288=ORIENTED_EDGE('',*,*,#5068,.T.);
#7289=ORIENTED_EDGE('',*,*,#5069,.F.);
#7290=ORIENTED_EDGE('',*,*,#5070,.F.);
#7291=ORIENTED_EDGE('',*,*,#5071,.T.);
#7292=ORIENTED_EDGE('',*,*,#5070,.T.);
#7293=ORIENTED_EDGE('',*,*,#5072,.F.);
#7294=ORIENTED_EDGE('',*,*,#5073,.F.);
#7295=ORIENTED_EDGE('',*,*,#5074,.T.);
#7296=ORIENTED_EDGE('',*,*,#5073,.T.);
#7297=ORIENTED_EDGE('',*,*,#5075,.F.);
#7298=ORIENTED_EDGE('',*,*,#5076,.F.);
#7299=ORIENTED_EDGE('',*,*,#5077,.T.);
#7300=ORIENTED_EDGE('',*,*,#5076,.T.);
#7301=ORIENTED_EDGE('',*,*,#5078,.F.);
#7302=ORIENTED_EDGE('',*,*,#5068,.F.);
#7303=ORIENTED_EDGE('',*,*,#5077,.F.);
#7304=ORIENTED_EDGE('',*,*,#5067,.F.);
#7305=ORIENTED_EDGE('',*,*,#5071,.F.);
#7306=ORIENTED_EDGE('',*,*,#5074,.F.);
#7307=ORIENTED_EDGE('',*,*,#5078,.T.);
#7308=ORIENTED_EDGE('',*,*,#5075,.T.);
#7309=ORIENTED_EDGE('',*,*,#5072,.T.);
#7310=ORIENTED_EDGE('',*,*,#5069,.T.);
#7311=ORIENTED_EDGE('',*,*,#5079,.F.);
#7312=ORIENTED_EDGE('',*,*,#5080,.T.);
#7313=ORIENTED_EDGE('',*,*,#5081,.F.);
#7314=ORIENTED_EDGE('',*,*,#5082,.F.);
#7315=ORIENTED_EDGE('',*,*,#5083,.F.);
#7316=ORIENTED_EDGE('',*,*,#5082,.T.);
#7317=ORIENTED_EDGE('',*,*,#5084,.F.);
#7318=ORIENTED_EDGE('',*,*,#5085,.F.);
#7319=ORIENTED_EDGE('',*,*,#5086,.F.);
#7320=ORIENTED_EDGE('',*,*,#5085,.T.);
#7321=ORIENTED_EDGE('',*,*,#5087,.F.);
#7322=ORIENTED_EDGE('',*,*,#5088,.F.);
#7323=ORIENTED_EDGE('',*,*,#5089,.F.);
#7324=ORIENTED_EDGE('',*,*,#5088,.T.);
#7325=ORIENTED_EDGE('',*,*,#5090,.F.);
#7326=ORIENTED_EDGE('',*,*,#5091,.F.);
#7327=ORIENTED_EDGE('',*,*,#5092,.F.);
#7328=ORIENTED_EDGE('',*,*,#5091,.T.);
#7329=ORIENTED_EDGE('',*,*,#5093,.F.);
#7330=ORIENTED_EDGE('',*,*,#5094,.F.);
#7331=ORIENTED_EDGE('',*,*,#5095,.F.);
#7332=ORIENTED_EDGE('',*,*,#5094,.T.);
#7333=ORIENTED_EDGE('',*,*,#5096,.F.);
#7334=ORIENTED_EDGE('',*,*,#5097,.F.);
#7335=ORIENTED_EDGE('',*,*,#5098,.F.);
#7336=ORIENTED_EDGE('',*,*,#5097,.T.);
#7337=ORIENTED_EDGE('',*,*,#5099,.F.);
#7338=ORIENTED_EDGE('',*,*,#5100,.F.);
#7339=ORIENTED_EDGE('',*,*,#5101,.F.);
#7340=ORIENTED_EDGE('',*,*,#5100,.T.);
#7341=ORIENTED_EDGE('',*,*,#5102,.F.);
#7342=ORIENTED_EDGE('',*,*,#5080,.F.);
#7343=ORIENTED_EDGE('',*,*,#5103,.T.);
#7344=ORIENTED_EDGE('',*,*,#5104,.T.);
#7345=ORIENTED_EDGE('',*,*,#5105,.F.);
#7346=ORIENTED_EDGE('',*,*,#5106,.F.);
#7347=ORIENTED_EDGE('',*,*,#5107,.T.);
#7348=ORIENTED_EDGE('',*,*,#5106,.T.);
#7349=ORIENTED_EDGE('',*,*,#5108,.F.);
#7350=ORIENTED_EDGE('',*,*,#5109,.F.);
#7351=ORIENTED_EDGE('',*,*,#5110,.T.);
#7352=ORIENTED_EDGE('',*,*,#5109,.T.);
#7353=ORIENTED_EDGE('',*,*,#5111,.F.);
#7354=ORIENTED_EDGE('',*,*,#5112,.F.);
#7355=ORIENTED_EDGE('',*,*,#5113,.T.);
#7356=ORIENTED_EDGE('',*,*,#5112,.T.);
#7357=ORIENTED_EDGE('',*,*,#5114,.F.);
#7358=ORIENTED_EDGE('',*,*,#5115,.F.);
#7359=ORIENTED_EDGE('',*,*,#5116,.T.);
#7360=ORIENTED_EDGE('',*,*,#5115,.T.);
#7361=ORIENTED_EDGE('',*,*,#5117,.F.);
#7362=ORIENTED_EDGE('',*,*,#5118,.F.);
#7363=ORIENTED_EDGE('',*,*,#5119,.T.);
#7364=ORIENTED_EDGE('',*,*,#5118,.T.);
#7365=ORIENTED_EDGE('',*,*,#5120,.F.);
#7366=ORIENTED_EDGE('',*,*,#5121,.F.);
#7367=ORIENTED_EDGE('',*,*,#5122,.T.);
#7368=ORIENTED_EDGE('',*,*,#5121,.T.);
#7369=ORIENTED_EDGE('',*,*,#5123,.F.);
#7370=ORIENTED_EDGE('',*,*,#5124,.F.);
#7371=ORIENTED_EDGE('',*,*,#5125,.T.);
#7372=ORIENTED_EDGE('',*,*,#5124,.T.);
#7373=ORIENTED_EDGE('',*,*,#5126,.F.);
#7374=ORIENTED_EDGE('',*,*,#5127,.F.);
#7375=ORIENTED_EDGE('',*,*,#5128,.T.);
#7376=ORIENTED_EDGE('',*,*,#5127,.T.);
#7377=ORIENTED_EDGE('',*,*,#5129,.F.);
#7378=ORIENTED_EDGE('',*,*,#5130,.F.);
#7379=ORIENTED_EDGE('',*,*,#5131,.T.);
#7380=ORIENTED_EDGE('',*,*,#5130,.T.);
#7381=ORIENTED_EDGE('',*,*,#5132,.F.);
#7382=ORIENTED_EDGE('',*,*,#5133,.F.);
#7383=ORIENTED_EDGE('',*,*,#5134,.T.);
#7384=ORIENTED_EDGE('',*,*,#5133,.T.);
#7385=ORIENTED_EDGE('',*,*,#5135,.F.);
#7386=ORIENTED_EDGE('',*,*,#5136,.F.);
#7387=ORIENTED_EDGE('',*,*,#5137,.T.);
#7388=ORIENTED_EDGE('',*,*,#5136,.T.);
#7389=ORIENTED_EDGE('',*,*,#5138,.F.);
#7390=ORIENTED_EDGE('',*,*,#5139,.F.);
#7391=ORIENTED_EDGE('',*,*,#5140,.T.);
#7392=ORIENTED_EDGE('',*,*,#5139,.T.);
#7393=ORIENTED_EDGE('',*,*,#5141,.F.);
#7394=ORIENTED_EDGE('',*,*,#5142,.F.);
#7395=ORIENTED_EDGE('',*,*,#5143,.T.);
#7396=ORIENTED_EDGE('',*,*,#5142,.T.);
#7397=ORIENTED_EDGE('',*,*,#5144,.F.);
#7398=ORIENTED_EDGE('',*,*,#5145,.F.);
#7399=ORIENTED_EDGE('',*,*,#5146,.T.);
#7400=ORIENTED_EDGE('',*,*,#5145,.T.);
#7401=ORIENTED_EDGE('',*,*,#5147,.F.);
#7402=ORIENTED_EDGE('',*,*,#5148,.F.);
#7403=ORIENTED_EDGE('',*,*,#5149,.T.);
#7404=ORIENTED_EDGE('',*,*,#5148,.T.);
#7405=ORIENTED_EDGE('',*,*,#5150,.F.);
#7406=ORIENTED_EDGE('',*,*,#5151,.F.);
#7407=ORIENTED_EDGE('',*,*,#5152,.T.);
#7408=ORIENTED_EDGE('',*,*,#5151,.T.);
#7409=ORIENTED_EDGE('',*,*,#5153,.F.);
#7410=ORIENTED_EDGE('',*,*,#5154,.F.);
#7411=ORIENTED_EDGE('',*,*,#5155,.T.);
#7412=ORIENTED_EDGE('',*,*,#5154,.T.);
#7413=ORIENTED_EDGE('',*,*,#5156,.F.);
#7414=ORIENTED_EDGE('',*,*,#5157,.F.);
#7415=ORIENTED_EDGE('',*,*,#5158,.T.);
#7416=ORIENTED_EDGE('',*,*,#5157,.T.);
#7417=ORIENTED_EDGE('',*,*,#5159,.F.);
#7418=ORIENTED_EDGE('',*,*,#5160,.F.);
#7419=ORIENTED_EDGE('',*,*,#5161,.T.);
#7420=ORIENTED_EDGE('',*,*,#5160,.T.);
#7421=ORIENTED_EDGE('',*,*,#5162,.F.);
#7422=ORIENTED_EDGE('',*,*,#5163,.F.);
#7423=ORIENTED_EDGE('',*,*,#5164,.T.);
#7424=ORIENTED_EDGE('',*,*,#5163,.T.);
#7425=ORIENTED_EDGE('',*,*,#5165,.F.);
#7426=ORIENTED_EDGE('',*,*,#5166,.F.);
#7427=ORIENTED_EDGE('',*,*,#5167,.T.);
#7428=ORIENTED_EDGE('',*,*,#5166,.T.);
#7429=ORIENTED_EDGE('',*,*,#5168,.F.);
#7430=ORIENTED_EDGE('',*,*,#5104,.F.);
#7431=ORIENTED_EDGE('',*,*,#5167,.F.);
#7432=ORIENTED_EDGE('',*,*,#5103,.F.);
#7433=ORIENTED_EDGE('',*,*,#5107,.F.);
#7434=ORIENTED_EDGE('',*,*,#5110,.F.);
#7435=ORIENTED_EDGE('',*,*,#5113,.F.);
#7436=ORIENTED_EDGE('',*,*,#5116,.F.);
#7437=ORIENTED_EDGE('',*,*,#5119,.F.);
#7438=ORIENTED_EDGE('',*,*,#5122,.F.);
#7439=ORIENTED_EDGE('',*,*,#5125,.F.);
#7440=ORIENTED_EDGE('',*,*,#5128,.F.);
#7441=ORIENTED_EDGE('',*,*,#5131,.F.);
#7442=ORIENTED_EDGE('',*,*,#5134,.F.);
#7443=ORIENTED_EDGE('',*,*,#5137,.F.);
#7444=ORIENTED_EDGE('',*,*,#5140,.F.);
#7445=ORIENTED_EDGE('',*,*,#5143,.F.);
#7446=ORIENTED_EDGE('',*,*,#5146,.F.);
#7447=ORIENTED_EDGE('',*,*,#5149,.F.);
#7448=ORIENTED_EDGE('',*,*,#5152,.F.);
#7449=ORIENTED_EDGE('',*,*,#5155,.F.);
#7450=ORIENTED_EDGE('',*,*,#5158,.F.);
#7451=ORIENTED_EDGE('',*,*,#5161,.F.);
#7452=ORIENTED_EDGE('',*,*,#5164,.F.);
#7453=ORIENTED_EDGE('',*,*,#5101,.T.);
#7454=ORIENTED_EDGE('',*,*,#5079,.T.);
#7455=ORIENTED_EDGE('',*,*,#5083,.T.);
#7456=ORIENTED_EDGE('',*,*,#5086,.T.);
#7457=ORIENTED_EDGE('',*,*,#5089,.T.);
#7458=ORIENTED_EDGE('',*,*,#5092,.T.);
#7459=ORIENTED_EDGE('',*,*,#5095,.T.);
#7460=ORIENTED_EDGE('',*,*,#5098,.T.);
#7461=ORIENTED_EDGE('',*,*,#5168,.T.);
#7462=ORIENTED_EDGE('',*,*,#5165,.T.);
#7463=ORIENTED_EDGE('',*,*,#5162,.T.);
#7464=ORIENTED_EDGE('',*,*,#5159,.T.);
#7465=ORIENTED_EDGE('',*,*,#5156,.T.);
#7466=ORIENTED_EDGE('',*,*,#5153,.T.);
#7467=ORIENTED_EDGE('',*,*,#5150,.T.);
#7468=ORIENTED_EDGE('',*,*,#5147,.T.);
#7469=ORIENTED_EDGE('',*,*,#5144,.T.);
#7470=ORIENTED_EDGE('',*,*,#5141,.T.);
#7471=ORIENTED_EDGE('',*,*,#5138,.T.);
#7472=ORIENTED_EDGE('',*,*,#5135,.T.);
#7473=ORIENTED_EDGE('',*,*,#5132,.T.);
#7474=ORIENTED_EDGE('',*,*,#5129,.T.);
#7475=ORIENTED_EDGE('',*,*,#5126,.T.);
#7476=ORIENTED_EDGE('',*,*,#5123,.T.);
#7477=ORIENTED_EDGE('',*,*,#5120,.T.);
#7478=ORIENTED_EDGE('',*,*,#5117,.T.);
#7479=ORIENTED_EDGE('',*,*,#5114,.T.);
#7480=ORIENTED_EDGE('',*,*,#5111,.T.);
#7481=ORIENTED_EDGE('',*,*,#5108,.T.);
#7482=ORIENTED_EDGE('',*,*,#5105,.T.);
#7483=ORIENTED_EDGE('',*,*,#5102,.T.);
#7484=ORIENTED_EDGE('',*,*,#5099,.T.);
#7485=ORIENTED_EDGE('',*,*,#5096,.T.);
#7486=ORIENTED_EDGE('',*,*,#5093,.T.);
#7487=ORIENTED_EDGE('',*,*,#5090,.T.);
#7488=ORIENTED_EDGE('',*,*,#5087,.T.);
#7489=ORIENTED_EDGE('',*,*,#5084,.T.);
#7490=ORIENTED_EDGE('',*,*,#5081,.T.);
#7491=ORIENTED_EDGE('',*,*,#5169,.F.);
#7492=ORIENTED_EDGE('',*,*,#5170,.T.);
#7493=ORIENTED_EDGE('',*,*,#5171,.F.);
#7494=ORIENTED_EDGE('',*,*,#5172,.F.);
#7495=ORIENTED_EDGE('',*,*,#5173,.F.);
#7496=ORIENTED_EDGE('',*,*,#5172,.T.);
#7497=ORIENTED_EDGE('',*,*,#5174,.F.);
#7498=ORIENTED_EDGE('',*,*,#5175,.F.);
#7499=ORIENTED_EDGE('',*,*,#5176,.F.);
#7500=ORIENTED_EDGE('',*,*,#5175,.T.);
#7501=ORIENTED_EDGE('',*,*,#5177,.F.);
#7502=ORIENTED_EDGE('',*,*,#5178,.F.);
#7503=ORIENTED_EDGE('',*,*,#5179,.F.);
#7504=ORIENTED_EDGE('',*,*,#5178,.T.);
#7505=ORIENTED_EDGE('',*,*,#5180,.F.);
#7506=ORIENTED_EDGE('',*,*,#5181,.F.);
#7507=ORIENTED_EDGE('',*,*,#5182,.F.);
#7508=ORIENTED_EDGE('',*,*,#5181,.T.);
#7509=ORIENTED_EDGE('',*,*,#5183,.F.);
#7510=ORIENTED_EDGE('',*,*,#5184,.F.);
#7511=ORIENTED_EDGE('',*,*,#5185,.F.);
#7512=ORIENTED_EDGE('',*,*,#5184,.T.);
#7513=ORIENTED_EDGE('',*,*,#5186,.F.);
#7514=ORIENTED_EDGE('',*,*,#5187,.F.);
#7515=ORIENTED_EDGE('',*,*,#5188,.F.);
#7516=ORIENTED_EDGE('',*,*,#5187,.T.);
#7517=ORIENTED_EDGE('',*,*,#5189,.F.);
#7518=ORIENTED_EDGE('',*,*,#5190,.F.);
#7519=ORIENTED_EDGE('',*,*,#5191,.F.);
#7520=ORIENTED_EDGE('',*,*,#5190,.T.);
#7521=ORIENTED_EDGE('',*,*,#5192,.F.);
#7522=ORIENTED_EDGE('',*,*,#5193,.F.);
#7523=ORIENTED_EDGE('',*,*,#5194,.F.);
#7524=ORIENTED_EDGE('',*,*,#5193,.T.);
#7525=ORIENTED_EDGE('',*,*,#5195,.F.);
#7526=ORIENTED_EDGE('',*,*,#5196,.F.);
#7527=ORIENTED_EDGE('',*,*,#5197,.F.);
#7528=ORIENTED_EDGE('',*,*,#5196,.T.);
#7529=ORIENTED_EDGE('',*,*,#5198,.F.);
#7530=ORIENTED_EDGE('',*,*,#5170,.F.);
#7531=ORIENTED_EDGE('',*,*,#5199,.T.);
#7532=ORIENTED_EDGE('',*,*,#5200,.T.);
#7533=ORIENTED_EDGE('',*,*,#5201,.F.);
#7534=ORIENTED_EDGE('',*,*,#5202,.F.);
#7535=ORIENTED_EDGE('',*,*,#5203,.T.);
#7536=ORIENTED_EDGE('',*,*,#5202,.T.);
#7537=ORIENTED_EDGE('',*,*,#5204,.F.);
#7538=ORIENTED_EDGE('',*,*,#5205,.F.);
#7539=ORIENTED_EDGE('',*,*,#5206,.T.);
#7540=ORIENTED_EDGE('',*,*,#5205,.T.);
#7541=ORIENTED_EDGE('',*,*,#5207,.F.);
#7542=ORIENTED_EDGE('',*,*,#5208,.F.);
#7543=ORIENTED_EDGE('',*,*,#5209,.T.);
#7544=ORIENTED_EDGE('',*,*,#5208,.T.);
#7545=ORIENTED_EDGE('',*,*,#5210,.F.);
#7546=ORIENTED_EDGE('',*,*,#5211,.F.);
#7547=ORIENTED_EDGE('',*,*,#5212,.T.);
#7548=ORIENTED_EDGE('',*,*,#5211,.T.);
#7549=ORIENTED_EDGE('',*,*,#5213,.F.);
#7550=ORIENTED_EDGE('',*,*,#5214,.F.);
#7551=ORIENTED_EDGE('',*,*,#5215,.T.);
#7552=ORIENTED_EDGE('',*,*,#5214,.T.);
#7553=ORIENTED_EDGE('',*,*,#5216,.F.);
#7554=ORIENTED_EDGE('',*,*,#5217,.F.);
#7555=ORIENTED_EDGE('',*,*,#5218,.T.);
#7556=ORIENTED_EDGE('',*,*,#5217,.T.);
#7557=ORIENTED_EDGE('',*,*,#5219,.F.);
#7558=ORIENTED_EDGE('',*,*,#5220,.F.);
#7559=ORIENTED_EDGE('',*,*,#5221,.T.);
#7560=ORIENTED_EDGE('',*,*,#5220,.T.);
#7561=ORIENTED_EDGE('',*,*,#5222,.F.);
#7562=ORIENTED_EDGE('',*,*,#5223,.F.);
#7563=ORIENTED_EDGE('',*,*,#5224,.T.);
#7564=ORIENTED_EDGE('',*,*,#5223,.T.);
#7565=ORIENTED_EDGE('',*,*,#5225,.F.);
#7566=ORIENTED_EDGE('',*,*,#5226,.F.);
#7567=ORIENTED_EDGE('',*,*,#5227,.T.);
#7568=ORIENTED_EDGE('',*,*,#5226,.T.);
#7569=ORIENTED_EDGE('',*,*,#5228,.F.);
#7570=ORIENTED_EDGE('',*,*,#5229,.F.);
#7571=ORIENTED_EDGE('',*,*,#5230,.T.);
#7572=ORIENTED_EDGE('',*,*,#5229,.T.);
#7573=ORIENTED_EDGE('',*,*,#5231,.F.);
#7574=ORIENTED_EDGE('',*,*,#5232,.F.);
#7575=ORIENTED_EDGE('',*,*,#5233,.T.);
#7576=ORIENTED_EDGE('',*,*,#5232,.T.);
#7577=ORIENTED_EDGE('',*,*,#5234,.F.);
#7578=ORIENTED_EDGE('',*,*,#5235,.F.);
#7579=ORIENTED_EDGE('',*,*,#5236,.T.);
#7580=ORIENTED_EDGE('',*,*,#5235,.T.);
#7581=ORIENTED_EDGE('',*,*,#5237,.F.);
#7582=ORIENTED_EDGE('',*,*,#5238,.F.);
#7583=ORIENTED_EDGE('',*,*,#5239,.T.);
#7584=ORIENTED_EDGE('',*,*,#5238,.T.);
#7585=ORIENTED_EDGE('',*,*,#5240,.F.);
#7586=ORIENTED_EDGE('',*,*,#5200,.F.);
#7587=ORIENTED_EDGE('',*,*,#5239,.F.);
#7588=ORIENTED_EDGE('',*,*,#5199,.F.);
#7589=ORIENTED_EDGE('',*,*,#5203,.F.);
#7590=ORIENTED_EDGE('',*,*,#5206,.F.);
#7591=ORIENTED_EDGE('',*,*,#5209,.F.);
#7592=ORIENTED_EDGE('',*,*,#5212,.F.);
#7593=ORIENTED_EDGE('',*,*,#5215,.F.);
#7594=ORIENTED_EDGE('',*,*,#5218,.F.);
#7595=ORIENTED_EDGE('',*,*,#5221,.F.);
#7596=ORIENTED_EDGE('',*,*,#5224,.F.);
#7597=ORIENTED_EDGE('',*,*,#5227,.F.);
#7598=ORIENTED_EDGE('',*,*,#5230,.F.);
#7599=ORIENTED_EDGE('',*,*,#5233,.F.);
#7600=ORIENTED_EDGE('',*,*,#5236,.F.);
#7601=ORIENTED_EDGE('',*,*,#5197,.T.);
#7602=ORIENTED_EDGE('',*,*,#5169,.T.);
#7603=ORIENTED_EDGE('',*,*,#5173,.T.);
#7604=ORIENTED_EDGE('',*,*,#5176,.T.);
#7605=ORIENTED_EDGE('',*,*,#5179,.T.);
#7606=ORIENTED_EDGE('',*,*,#5182,.T.);
#7607=ORIENTED_EDGE('',*,*,#5185,.T.);
#7608=ORIENTED_EDGE('',*,*,#5188,.T.);
#7609=ORIENTED_EDGE('',*,*,#5191,.T.);
#7610=ORIENTED_EDGE('',*,*,#5194,.T.);
#7611=ORIENTED_EDGE('',*,*,#5240,.T.);
#7612=ORIENTED_EDGE('',*,*,#5237,.T.);
#7613=ORIENTED_EDGE('',*,*,#5234,.T.);
#7614=ORIENTED_EDGE('',*,*,#5231,.T.);
#7615=ORIENTED_EDGE('',*,*,#5228,.T.);
#7616=ORIENTED_EDGE('',*,*,#5225,.T.);
#7617=ORIENTED_EDGE('',*,*,#5222,.T.);
#7618=ORIENTED_EDGE('',*,*,#5219,.T.);
#7619=ORIENTED_EDGE('',*,*,#5216,.T.);
#7620=ORIENTED_EDGE('',*,*,#5213,.T.);
#7621=ORIENTED_EDGE('',*,*,#5210,.T.);
#7622=ORIENTED_EDGE('',*,*,#5207,.T.);
#7623=ORIENTED_EDGE('',*,*,#5204,.T.);
#7624=ORIENTED_EDGE('',*,*,#5201,.T.);
#7625=ORIENTED_EDGE('',*,*,#5198,.T.);
#7626=ORIENTED_EDGE('',*,*,#5195,.T.);
#7627=ORIENTED_EDGE('',*,*,#5192,.T.);
#7628=ORIENTED_EDGE('',*,*,#5189,.T.);
#7629=ORIENTED_EDGE('',*,*,#5186,.T.);
#7630=ORIENTED_EDGE('',*,*,#5183,.T.);
#7631=ORIENTED_EDGE('',*,*,#5180,.T.);
#7632=ORIENTED_EDGE('',*,*,#5177,.T.);
#7633=ORIENTED_EDGE('',*,*,#5174,.T.);
#7634=ORIENTED_EDGE('',*,*,#5171,.T.);
#7635=ORIENTED_EDGE('',*,*,#5241,.T.);
#7636=ORIENTED_EDGE('',*,*,#5242,.T.);
#7637=ORIENTED_EDGE('',*,*,#5243,.F.);
#7638=ORIENTED_EDGE('',*,*,#5244,.F.);
#7639=ORIENTED_EDGE('',*,*,#5245,.T.);
#7640=ORIENTED_EDGE('',*,*,#5244,.T.);
#7641=ORIENTED_EDGE('',*,*,#5246,.F.);
#7642=ORIENTED_EDGE('',*,*,#5247,.F.);
#7643=ORIENTED_EDGE('',*,*,#5248,.T.);
#7644=ORIENTED_EDGE('',*,*,#5247,.T.);
#7645=ORIENTED_EDGE('',*,*,#5249,.F.);
#7646=ORIENTED_EDGE('',*,*,#5250,.F.);
#7647=ORIENTED_EDGE('',*,*,#5251,.T.);
#7648=ORIENTED_EDGE('',*,*,#5250,.T.);
#7649=ORIENTED_EDGE('',*,*,#5252,.F.);
#7650=ORIENTED_EDGE('',*,*,#5253,.F.);
#7651=ORIENTED_EDGE('',*,*,#5254,.T.);
#7652=ORIENTED_EDGE('',*,*,#5253,.T.);
#7653=ORIENTED_EDGE('',*,*,#5255,.F.);
#7654=ORIENTED_EDGE('',*,*,#5256,.F.);
#7655=ORIENTED_EDGE('',*,*,#5257,.T.);
#7656=ORIENTED_EDGE('',*,*,#5256,.T.);
#7657=ORIENTED_EDGE('',*,*,#5258,.F.);
#7658=ORIENTED_EDGE('',*,*,#5259,.F.);
#7659=ORIENTED_EDGE('',*,*,#5260,.T.);
#7660=ORIENTED_EDGE('',*,*,#5259,.T.);
#7661=ORIENTED_EDGE('',*,*,#5261,.F.);
#7662=ORIENTED_EDGE('',*,*,#5262,.F.);
#7663=ORIENTED_EDGE('',*,*,#5263,.T.);
#7664=ORIENTED_EDGE('',*,*,#5262,.T.);
#7665=ORIENTED_EDGE('',*,*,#5264,.F.);
#7666=ORIENTED_EDGE('',*,*,#5265,.F.);
#7667=ORIENTED_EDGE('',*,*,#5266,.T.);
#7668=ORIENTED_EDGE('',*,*,#5265,.T.);
#7669=ORIENTED_EDGE('',*,*,#5267,.F.);
#7670=ORIENTED_EDGE('',*,*,#5268,.F.);
#7671=ORIENTED_EDGE('',*,*,#5269,.T.);
#7672=ORIENTED_EDGE('',*,*,#5268,.T.);
#7673=ORIENTED_EDGE('',*,*,#5270,.F.);
#7674=ORIENTED_EDGE('',*,*,#5271,.F.);
#7675=ORIENTED_EDGE('',*,*,#5272,.T.);
#7676=ORIENTED_EDGE('',*,*,#5271,.T.);
#7677=ORIENTED_EDGE('',*,*,#5273,.F.);
#7678=ORIENTED_EDGE('',*,*,#5274,.F.);
#7679=ORIENTED_EDGE('',*,*,#5275,.T.);
#7680=ORIENTED_EDGE('',*,*,#5274,.T.);
#7681=ORIENTED_EDGE('',*,*,#5276,.F.);
#7682=ORIENTED_EDGE('',*,*,#5277,.F.);
#7683=ORIENTED_EDGE('',*,*,#5278,.T.);
#7684=ORIENTED_EDGE('',*,*,#5277,.T.);
#7685=ORIENTED_EDGE('',*,*,#5279,.F.);
#7686=ORIENTED_EDGE('',*,*,#5280,.F.);
#7687=ORIENTED_EDGE('',*,*,#5281,.T.);
#7688=ORIENTED_EDGE('',*,*,#5280,.T.);
#7689=ORIENTED_EDGE('',*,*,#5282,.F.);
#7690=ORIENTED_EDGE('',*,*,#5242,.F.);
#7691=ORIENTED_EDGE('',*,*,#5281,.F.);
#7692=ORIENTED_EDGE('',*,*,#5241,.F.);
#7693=ORIENTED_EDGE('',*,*,#5245,.F.);
#7694=ORIENTED_EDGE('',*,*,#5248,.F.);
#7695=ORIENTED_EDGE('',*,*,#5251,.F.);
#7696=ORIENTED_EDGE('',*,*,#5254,.F.);
#7697=ORIENTED_EDGE('',*,*,#5257,.F.);
#7698=ORIENTED_EDGE('',*,*,#5260,.F.);
#7699=ORIENTED_EDGE('',*,*,#5263,.F.);
#7700=ORIENTED_EDGE('',*,*,#5266,.F.);
#7701=ORIENTED_EDGE('',*,*,#5269,.F.);
#7702=ORIENTED_EDGE('',*,*,#5272,.F.);
#7703=ORIENTED_EDGE('',*,*,#5275,.F.);
#7704=ORIENTED_EDGE('',*,*,#5278,.F.);
#7705=ORIENTED_EDGE('',*,*,#5282,.T.);
#7706=ORIENTED_EDGE('',*,*,#5279,.T.);
#7707=ORIENTED_EDGE('',*,*,#5276,.T.);
#7708=ORIENTED_EDGE('',*,*,#5273,.T.);
#7709=ORIENTED_EDGE('',*,*,#5270,.T.);
#7710=ORIENTED_EDGE('',*,*,#5267,.T.);
#7711=ORIENTED_EDGE('',*,*,#5264,.T.);
#7712=ORIENTED_EDGE('',*,*,#5261,.T.);
#7713=ORIENTED_EDGE('',*,*,#5258,.T.);
#7714=ORIENTED_EDGE('',*,*,#5255,.T.);
#7715=ORIENTED_EDGE('',*,*,#5252,.T.);
#7716=ORIENTED_EDGE('',*,*,#5249,.T.);
#7717=ORIENTED_EDGE('',*,*,#5246,.T.);
#7718=ORIENTED_EDGE('',*,*,#5243,.T.);
#7719=ORIENTED_EDGE('',*,*,#5283,.T.);
#7720=ORIENTED_EDGE('',*,*,#5284,.T.);
#7721=ORIENTED_EDGE('',*,*,#5285,.F.);
#7722=ORIENTED_EDGE('',*,*,#5286,.F.);
#7723=ORIENTED_EDGE('',*,*,#5287,.T.);
#7724=ORIENTED_EDGE('',*,*,#5286,.T.);
#7725=ORIENTED_EDGE('',*,*,#5288,.F.);
#7726=ORIENTED_EDGE('',*,*,#5289,.F.);
#7727=ORIENTED_EDGE('',*,*,#5290,.T.);
#7728=ORIENTED_EDGE('',*,*,#5289,.T.);
#7729=ORIENTED_EDGE('',*,*,#5291,.F.);
#7730=ORIENTED_EDGE('',*,*,#5292,.F.);
#7731=ORIENTED_EDGE('',*,*,#5293,.T.);
#7732=ORIENTED_EDGE('',*,*,#5292,.T.);
#7733=ORIENTED_EDGE('',*,*,#5294,.F.);
#7734=ORIENTED_EDGE('',*,*,#5295,.F.);
#7735=ORIENTED_EDGE('',*,*,#5296,.T.);
#7736=ORIENTED_EDGE('',*,*,#5295,.T.);
#7737=ORIENTED_EDGE('',*,*,#5297,.F.);
#7738=ORIENTED_EDGE('',*,*,#5298,.F.);
#7739=ORIENTED_EDGE('',*,*,#5299,.T.);
#7740=ORIENTED_EDGE('',*,*,#5298,.T.);
#7741=ORIENTED_EDGE('',*,*,#5300,.F.);
#7742=ORIENTED_EDGE('',*,*,#5301,.F.);
#7743=ORIENTED_EDGE('',*,*,#5302,.T.);
#7744=ORIENTED_EDGE('',*,*,#5301,.T.);
#7745=ORIENTED_EDGE('',*,*,#5303,.F.);
#7746=ORIENTED_EDGE('',*,*,#5304,.F.);
#7747=ORIENTED_EDGE('',*,*,#5305,.T.);
#7748=ORIENTED_EDGE('',*,*,#5304,.T.);
#7749=ORIENTED_EDGE('',*,*,#5306,.F.);
#7750=ORIENTED_EDGE('',*,*,#5307,.F.);
#7751=ORIENTED_EDGE('',*,*,#5308,.T.);
#7752=ORIENTED_EDGE('',*,*,#5307,.T.);
#7753=ORIENTED_EDGE('',*,*,#5309,.F.);
#7754=ORIENTED_EDGE('',*,*,#5310,.F.);
#7755=ORIENTED_EDGE('',*,*,#5311,.T.);
#7756=ORIENTED_EDGE('',*,*,#5310,.T.);
#7757=ORIENTED_EDGE('',*,*,#5312,.F.);
#7758=ORIENTED_EDGE('',*,*,#5313,.F.);
#7759=ORIENTED_EDGE('',*,*,#5314,.T.);
#7760=ORIENTED_EDGE('',*,*,#5313,.T.);
#7761=ORIENTED_EDGE('',*,*,#5315,.F.);
#7762=ORIENTED_EDGE('',*,*,#5316,.F.);
#7763=ORIENTED_EDGE('',*,*,#5317,.T.);
#7764=ORIENTED_EDGE('',*,*,#5316,.T.);
#7765=ORIENTED_EDGE('',*,*,#5318,.F.);
#7766=ORIENTED_EDGE('',*,*,#5319,.F.);
#7767=ORIENTED_EDGE('',*,*,#5320,.T.);
#7768=ORIENTED_EDGE('',*,*,#5319,.T.);
#7769=ORIENTED_EDGE('',*,*,#5321,.F.);
#7770=ORIENTED_EDGE('',*,*,#5284,.F.);
#7771=ORIENTED_EDGE('',*,*,#5320,.F.);
#7772=ORIENTED_EDGE('',*,*,#5283,.F.);
#7773=ORIENTED_EDGE('',*,*,#5287,.F.);
#7774=ORIENTED_EDGE('',*,*,#5290,.F.);
#7775=ORIENTED_EDGE('',*,*,#5293,.F.);
#7776=ORIENTED_EDGE('',*,*,#5296,.F.);
#7777=ORIENTED_EDGE('',*,*,#5299,.F.);
#7778=ORIENTED_EDGE('',*,*,#5302,.F.);
#7779=ORIENTED_EDGE('',*,*,#5305,.F.);
#7780=ORIENTED_EDGE('',*,*,#5308,.F.);
#7781=ORIENTED_EDGE('',*,*,#5311,.F.);
#7782=ORIENTED_EDGE('',*,*,#5314,.F.);
#7783=ORIENTED_EDGE('',*,*,#5317,.F.);
#7784=ORIENTED_EDGE('',*,*,#5321,.T.);
#7785=ORIENTED_EDGE('',*,*,#5318,.T.);
#7786=ORIENTED_EDGE('',*,*,#5315,.T.);
#7787=ORIENTED_EDGE('',*,*,#5312,.T.);
#7788=ORIENTED_EDGE('',*,*,#5309,.T.);
#7789=ORIENTED_EDGE('',*,*,#5306,.T.);
#7790=ORIENTED_EDGE('',*,*,#5303,.T.);
#7791=ORIENTED_EDGE('',*,*,#5300,.T.);
#7792=ORIENTED_EDGE('',*,*,#5297,.T.);
#7793=ORIENTED_EDGE('',*,*,#5294,.T.);
#7794=ORIENTED_EDGE('',*,*,#5291,.T.);
#7795=ORIENTED_EDGE('',*,*,#5288,.T.);
#7796=ORIENTED_EDGE('',*,*,#5285,.T.);
#7797=ORIENTED_EDGE('',*,*,#5322,.T.);
#7798=ORIENTED_EDGE('',*,*,#5323,.T.);
#7799=ORIENTED_EDGE('',*,*,#5324,.F.);
#7800=ORIENTED_EDGE('',*,*,#5325,.F.);
#7801=ORIENTED_EDGE('',*,*,#5326,.T.);
#7802=ORIENTED_EDGE('',*,*,#5325,.T.);
#7803=ORIENTED_EDGE('',*,*,#5327,.F.);
#7804=ORIENTED_EDGE('',*,*,#5328,.F.);
#7805=ORIENTED_EDGE('',*,*,#5329,.T.);
#7806=ORIENTED_EDGE('',*,*,#5328,.T.);
#7807=ORIENTED_EDGE('',*,*,#5330,.F.);
#7808=ORIENTED_EDGE('',*,*,#5331,.F.);
#7809=ORIENTED_EDGE('',*,*,#5332,.T.);
#7810=ORIENTED_EDGE('',*,*,#5331,.T.);
#7811=ORIENTED_EDGE('',*,*,#5333,.F.);
#7812=ORIENTED_EDGE('',*,*,#5334,.F.);
#7813=ORIENTED_EDGE('',*,*,#5335,.T.);
#7814=ORIENTED_EDGE('',*,*,#5334,.T.);
#7815=ORIENTED_EDGE('',*,*,#5336,.F.);
#7816=ORIENTED_EDGE('',*,*,#5337,.F.);
#7817=ORIENTED_EDGE('',*,*,#5338,.T.);
#7818=ORIENTED_EDGE('',*,*,#5337,.T.);
#7819=ORIENTED_EDGE('',*,*,#5339,.F.);
#7820=ORIENTED_EDGE('',*,*,#5340,.F.);
#7821=ORIENTED_EDGE('',*,*,#5341,.T.);
#7822=ORIENTED_EDGE('',*,*,#5340,.T.);
#7823=ORIENTED_EDGE('',*,*,#5342,.F.);
#7824=ORIENTED_EDGE('',*,*,#5323,.F.);
#7825=ORIENTED_EDGE('',*,*,#5341,.F.);
#7826=ORIENTED_EDGE('',*,*,#5322,.F.);
#7827=ORIENTED_EDGE('',*,*,#5326,.F.);
#7828=ORIENTED_EDGE('',*,*,#5329,.F.);
#7829=ORIENTED_EDGE('',*,*,#5332,.F.);
#7830=ORIENTED_EDGE('',*,*,#5335,.F.);
#7831=ORIENTED_EDGE('',*,*,#5338,.F.);
#7832=ORIENTED_EDGE('',*,*,#5342,.T.);
#7833=ORIENTED_EDGE('',*,*,#5339,.T.);
#7834=ORIENTED_EDGE('',*,*,#5336,.T.);
#7835=ORIENTED_EDGE('',*,*,#5333,.T.);
#7836=ORIENTED_EDGE('',*,*,#5330,.T.);
#7837=ORIENTED_EDGE('',*,*,#5327,.T.);
#7838=ORIENTED_EDGE('',*,*,#5324,.T.);
#7839=PLANE('',#8530);
#7840=PLANE('',#8531);
#7841=PLANE('',#8532);
#7842=PLANE('',#8533);
#7843=PLANE('',#8534);
#7844=PLANE('',#8535);
#7845=PLANE('',#8539);
#7846=PLANE('',#8543);
#7847=PLANE('',#8544);
#7848=PLANE('',#8545);
#7849=PLANE('',#8546);
#7850=PLANE('',#8547);
#7851=PLANE('',#8548);
#7852=PLANE('',#8549);
#7853=PLANE('',#8550);
#7854=PLANE('',#8551);
#7855=PLANE('',#8552);
#7856=PLANE('',#8553);
#7857=PLANE('',#8554);
#7858=PLANE('',#8555);
#7859=PLANE('',#8556);
#7860=PLANE('',#8557);
#7861=PLANE('',#8558);
#7862=PLANE('',#8559);
#7863=PLANE('',#8560);
#7864=PLANE('',#8561);
#7865=PLANE('',#8562);
#7866=PLANE('',#8563);
#7867=PLANE('',#8564);
#7868=PLANE('',#8565);
#7869=PLANE('',#8566);
#7870=PLANE('',#8567);
#7871=PLANE('',#8568);
#7872=PLANE('',#8569);
#7873=PLANE('',#8570);
#7874=PLANE('',#8571);
#7875=PLANE('',#8572);
#7876=PLANE('',#8573);
#7877=PLANE('',#8574);
#7878=PLANE('',#8575);
#7879=PLANE('',#8576);
#7880=PLANE('',#8577);
#7881=PLANE('',#8578);
#7882=PLANE('',#8579);
#7883=PLANE('',#8580);
#7884=PLANE('',#8581);
#7885=PLANE('',#8582);
#7886=PLANE('',#8583);
#7887=PLANE('',#8584);
#7888=PLANE('',#8585);
#7889=PLANE('',#8586);
#7890=PLANE('',#8587);
#7891=PLANE('',#8588);
#7892=PLANE('',#8589);
#7893=PLANE('',#8590);
#7894=PLANE('',#8591);
#7895=PLANE('',#8592);
#7896=PLANE('',#8593);
#7897=PLANE('',#8594);
#7898=PLANE('',#8595);
#7899=PLANE('',#8596);
#7900=PLANE('',#8597);
#7901=PLANE('',#8598);
#7902=PLANE('',#8599);
#7903=PLANE('',#8600);
#7904=PLANE('',#8601);
#7905=PLANE('',#8602);
#7906=PLANE('',#8603);
#7907=PLANE('',#8604);
#7908=PLANE('',#8605);
#7909=PLANE('',#8606);
#7910=PLANE('',#8607);
#7911=PLANE('',#8608);
#7912=PLANE('',#8609);
#7913=PLANE('',#8610);
#7914=PLANE('',#8611);
#7915=PLANE('',#8612);
#7916=PLANE('',#8613);
#7917=PLANE('',#8614);
#7918=PLANE('',#8615);
#7919=PLANE('',#8616);
#7920=PLANE('',#8617);
#7921=PLANE('',#8618);
#7922=PLANE('',#8619);
#7923=PLANE('',#8620);
#7924=PLANE('',#8621);
#7925=PLANE('',#8622);
#7926=PLANE('',#8623);
#7927=PLANE('',#8624);
#7928=PLANE('',#8625);
#7929=PLANE('',#8626);
#7930=PLANE('',#8627);
#7931=PLANE('',#8628);
#7932=PLANE('',#8629);
#7933=PLANE('',#8630);
#7934=PLANE('',#8631);
#7935=PLANE('',#8632);
#7936=PLANE('',#8633);
#7937=PLANE('',#8634);
#7938=PLANE('',#8635);
#7939=PLANE('',#8636);
#7940=PLANE('',#8637);
#7941=PLANE('',#8662);
#7942=PLANE('',#8667);
#7943=PLANE('',#8670);
#7944=PLANE('',#8671);
#7945=PLANE('',#8676);
#7946=PLANE('',#8678);
#7947=PLANE('',#8680);
#7948=PLANE('',#8681);
#7949=PLANE('',#8682);
#7950=PLANE('',#8683);
#7951=PLANE('',#8684);
#7952=PLANE('',#8685);
#7953=PLANE('',#8686);
#7954=PLANE('',#8687);
#7955=PLANE('',#8688);
#7956=PLANE('',#8689);
#7957=PLANE('',#8690);
#7958=PLANE('',#8691);
#7959=PLANE('',#8692);
#7960=PLANE('',#8693);
#7961=PLANE('',#8694);
#7962=PLANE('',#8695);
#7963=PLANE('',#8696);
#7964=PLANE('',#8697);
#7965=PLANE('',#8698);
#7966=PLANE('',#8699);
#7967=PLANE('',#8700);
#7968=PLANE('',#8701);
#7969=PLANE('',#8702);
#7970=PLANE('',#8703);
#7971=PLANE('',#8704);
#7972=PLANE('',#8705);
#7973=PLANE('',#8706);
#7974=PLANE('',#8707);
#7975=PLANE('',#8708);
#7976=PLANE('',#8709);
#7977=PLANE('',#8710);
#7978=PLANE('',#8711);
#7979=PLANE('',#8712);
#7980=PLANE('',#8713);
#7981=PLANE('',#8714);
#7982=PLANE('',#8715);
#7983=PLANE('',#8716);
#7984=PLANE('',#8717);
#7985=PLANE('',#8718);
#7986=PLANE('',#8719);
#7987=PLANE('',#8720);
#7988=PLANE('',#8721);
#7989=PLANE('',#8722);
#7990=PLANE('',#8723);
#7991=PLANE('',#8724);
#7992=PLANE('',#8725);
#7993=PLANE('',#8726);
#7994=PLANE('',#8727);
#7995=PLANE('',#8728);
#7996=PLANE('',#8729);
#7997=PLANE('',#8730);
#7998=PLANE('',#8731);
#7999=PLANE('',#8732);
#8000=PLANE('',#8733);
#8001=PLANE('',#8734);
#8002=PLANE('',#8735);
#8003=PLANE('',#8736);
#8004=PLANE('',#8737);
#8005=PLANE('',#8738);
#8006=PLANE('',#8739);
#8007=PLANE('',#8740);
#8008=PLANE('',#8741);
#8009=PLANE('',#8742);
#8010=PLANE('',#8743);
#8011=PLANE('',#8744);
#8012=PLANE('',#8745);
#8013=PLANE('',#8746);
#8014=PLANE('',#8747);
#8015=PLANE('',#8748);
#8016=PLANE('',#8749);
#8017=PLANE('',#8750);
#8018=PLANE('',#8751);
#8019=PLANE('',#8752);
#8020=PLANE('',#8753);
#8021=PLANE('',#8754);
#8022=PLANE('',#8755);
#8023=PLANE('',#8756);
#8024=PLANE('',#8757);
#8025=PLANE('',#8758);
#8026=PLANE('',#8759);
#8027=PLANE('',#8760);
#8028=PLANE('',#8761);
#8029=PLANE('',#8762);
#8030=PLANE('',#8763);
#8031=PLANE('',#8764);
#8032=PLANE('',#8765);
#8033=PLANE('',#8766);
#8034=PLANE('',#8767);
#8035=PLANE('',#8768);
#8036=PLANE('',#8769);
#8037=PLANE('',#8770);
#8038=PLANE('',#8771);
#8039=PLANE('',#8772);
#8040=PLANE('',#8773);
#8041=PLANE('',#8774);
#8042=PLANE('',#8775);
#8043=PLANE('',#8776);
#8044=PLANE('',#8777);
#8045=PLANE('',#8778);
#8046=PLANE('',#8779);
#8047=ADVANCED_FACE('',(#819),#7839,.T.);
#8048=ADVANCED_FACE('',(#820),#7840,.T.);
#8049=ADVANCED_FACE('',(#821),#7841,.T.);
#8050=ADVANCED_FACE('',(#822),#7842,.T.);
#8051=ADVANCED_FACE('',(#823),#7843,.T.);
#8052=ADVANCED_FACE('',(#824),#7844,.F.);
#8053=ADVANCED_FACE('',(#825),#785,.F.);
#8054=ADVANCED_FACE('',(#826,#725),#7845,.F.);
#8055=ADVANCED_FACE('',(#827),#786,.F.);
#8056=ADVANCED_FACE('',(#828),#7846,.T.);
#8057=ADVANCED_FACE('',(#829),#7847,.T.);
#8058=ADVANCED_FACE('',(#830),#7848,.T.);
#8059=ADVANCED_FACE('',(#831),#7849,.T.);
#8060=ADVANCED_FACE('',(#832),#7850,.T.);
#8061=ADVANCED_FACE('',(#833),#7851,.T.);
#8062=ADVANCED_FACE('',(#834),#7852,.T.);
#8063=ADVANCED_FACE('',(#835),#7853,.T.);
#8064=ADVANCED_FACE('',(#836),#7854,.T.);
#8065=ADVANCED_FACE('',(#837),#7855,.T.);
#8066=ADVANCED_FACE('',(#838),#7856,.T.);
#8067=ADVANCED_FACE('',(#839),#7857,.T.);
#8068=ADVANCED_FACE('',(#840),#7858,.T.);
#8069=ADVANCED_FACE('',(#841),#7859,.T.);
#8070=ADVANCED_FACE('',(#842),#7860,.T.);
#8071=ADVANCED_FACE('',(#843),#17,.T.);
#8072=ADVANCED_FACE('',(#844),#18,.T.);
#8073=ADVANCED_FACE('',(#845),#19,.T.);
#8074=ADVANCED_FACE('',(#846),#7861,.T.);
#8075=ADVANCED_FACE('',(#847),#7862,.T.);
#8076=ADVANCED_FACE('',(#848),#7863,.T.);
#8077=ADVANCED_FACE('',(#849),#7864,.T.);
#8078=ADVANCED_FACE('',(#850),#7865,.T.);
#8079=ADVANCED_FACE('',(#851),#20,.T.);
#8080=ADVANCED_FACE('',(#852),#21,.T.);
#8081=ADVANCED_FACE('',(#853),#22,.T.);
#8082=ADVANCED_FACE('',(#854),#23,.T.);
#8083=ADVANCED_FACE('',(#855),#7866,.T.);
#8084=ADVANCED_FACE('',(#856),#24,.T.);
#8085=ADVANCED_FACE('',(#857,#726),#7867,.T.);
#8086=ADVANCED_FACE('',(#858),#25,.T.);
#8087=ADVANCED_FACE('',(#859),#7868,.T.);
#8088=ADVANCED_FACE('',(#860),#26,.T.);
#8089=ADVANCED_FACE('',(#861),#27,.T.);
#8090=ADVANCED_FACE('',(#862),#28,.T.);
#8091=ADVANCED_FACE('',(#863),#29,.T.);
#8092=ADVANCED_FACE('',(#864),#30,.T.);
#8093=ADVANCED_FACE('',(#865),#31,.T.);
#8094=ADVANCED_FACE('',(#866),#7869,.T.);
#8095=ADVANCED_FACE('',(#867),#32,.T.);
#8096=ADVANCED_FACE('',(#868),#33,.T.);
#8097=ADVANCED_FACE('',(#869),#34,.T.);
#8098=ADVANCED_FACE('',(#870),#35,.T.);
#8099=ADVANCED_FACE('',(#871),#36,.T.);
#8100=ADVANCED_FACE('',(#872),#37,.F.);
#8101=ADVANCED_FACE('',(#873),#38,.F.);
#8102=ADVANCED_FACE('',(#874),#7870,.T.);
#8103=ADVANCED_FACE('',(#875),#39,.F.);
#8104=ADVANCED_FACE('',(#876),#40,.F.);
#8105=ADVANCED_FACE('',(#877),#41,.F.);
#8106=ADVANCED_FACE('',(#878),#42,.F.);
#8107=ADVANCED_FACE('',(#879),#7871,.T.);
#8108=ADVANCED_FACE('',(#880),#43,.F.);
#8109=ADVANCED_FACE('',(#881),#44,.F.);
#8110=ADVANCED_FACE('',(#882,#727),#7872,.T.);
#8111=ADVANCED_FACE('',(#883),#45,.T.);
#8112=ADVANCED_FACE('',(#884),#7873,.T.);
#8113=ADVANCED_FACE('',(#885),#7874,.T.);
#8114=ADVANCED_FACE('',(#886),#7875,.T.);
#8115=ADVANCED_FACE('',(#887),#46,.T.);
#8116=ADVANCED_FACE('',(#888),#47,.T.);
#8117=ADVANCED_FACE('',(#889),#48,.T.);
#8118=ADVANCED_FACE('',(#890),#49,.T.);
#8119=ADVANCED_FACE('',(#891),#50,.T.);
#8120=ADVANCED_FACE('',(#892),#7876,.T.);
#8121=ADVANCED_FACE('',(#893),#51,.T.);
#8122=ADVANCED_FACE('',(#894),#52,.T.);
#8123=ADVANCED_FACE('',(#895),#53,.T.);
#8124=ADVANCED_FACE('',(#896),#54,.T.);
#8125=ADVANCED_FACE('',(#897),#7877,.T.);
#8126=ADVANCED_FACE('',(#898),#7878,.T.);
#8127=ADVANCED_FACE('',(#899),#55,.T.);
#8128=ADVANCED_FACE('',(#900),#56,.T.);
#8129=ADVANCED_FACE('',(#901),#57,.T.);
#8130=ADVANCED_FACE('',(#902),#58,.T.);
#8131=ADVANCED_FACE('',(#903),#59,.T.);
#8132=ADVANCED_FACE('',(#904),#60,.T.);
#8133=ADVANCED_FACE('',(#905),#61,.F.);
#8134=ADVANCED_FACE('',(#906),#62,.F.);
#8135=ADVANCED_FACE('',(#907),#63,.F.);
#8136=ADVANCED_FACE('',(#908),#64,.F.);
#8137=ADVANCED_FACE('',(#909),#65,.F.);
#8138=ADVANCED_FACE('',(#910),#66,.F.);
#8139=ADVANCED_FACE('',(#911),#7879,.T.);
#8140=ADVANCED_FACE('',(#912),#7880,.T.);
#8141=ADVANCED_FACE('',(#913),#7881,.T.);
#8142=ADVANCED_FACE('',(#914),#7882,.T.);
#8143=ADVANCED_FACE('',(#915),#7883,.T.);
#8144=ADVANCED_FACE('',(#916),#7884,.T.);
#8145=ADVANCED_FACE('',(#917),#7885,.T.);
#8146=ADVANCED_FACE('',(#918),#7886,.T.);
#8147=ADVANCED_FACE('',(#919),#7887,.T.);
#8148=ADVANCED_FACE('',(#920),#7888,.T.);
#8149=ADVANCED_FACE('',(#921),#7889,.T.);
#8150=ADVANCED_FACE('',(#922),#7890,.T.);
#8151=ADVANCED_FACE('',(#923),#7891,.T.);
#8152=ADVANCED_FACE('',(#924),#7892,.T.);
#8153=ADVANCED_FACE('',(#925),#7893,.T.);
#8154=ADVANCED_FACE('',(#926,#728),#7894,.T.);
#8155=ADVANCED_FACE('',(#927),#7895,.T.);
#8156=ADVANCED_FACE('',(#928),#7896,.T.);
#8157=ADVANCED_FACE('',(#929),#7897,.T.);
#8158=ADVANCED_FACE('',(#930),#7898,.T.);
#8159=ADVANCED_FACE('',(#931),#7899,.T.);
#8160=ADVANCED_FACE('',(#932),#67,.T.);
#8161=ADVANCED_FACE('',(#933),#68,.T.);
#8162=ADVANCED_FACE('',(#934),#69,.T.);
#8163=ADVANCED_FACE('',(#935),#70,.T.);
#8164=ADVANCED_FACE('',(#936),#71,.T.);
#8165=ADVANCED_FACE('',(#937),#7900,.T.);
#8166=ADVANCED_FACE('',(#938),#72,.T.);
#8167=ADVANCED_FACE('',(#939),#73,.T.);
#8168=ADVANCED_FACE('',(#940),#74,.T.);
#8169=ADVANCED_FACE('',(#941),#75,.T.);
#8170=ADVANCED_FACE('',(#942),#76,.T.);
#8171=ADVANCED_FACE('',(#943),#77,.F.);
#8172=ADVANCED_FACE('',(#944),#78,.F.);
#8173=ADVANCED_FACE('',(#945),#79,.F.);
#8174=ADVANCED_FACE('',(#946),#80,.F.);
#8175=ADVANCED_FACE('',(#947),#81,.F.);
#8176=ADVANCED_FACE('',(#948),#7901,.T.);
#8177=ADVANCED_FACE('',(#949),#82,.F.);
#8178=ADVANCED_FACE('',(#950),#83,.F.);
#8179=ADVANCED_FACE('',(#951),#84,.F.);
#8180=ADVANCED_FACE('',(#952),#85,.F.);
#8181=ADVANCED_FACE('',(#953),#86,.F.);
#8182=ADVANCED_FACE('',(#954),#7902,.T.);
#8183=ADVANCED_FACE('',(#955,#729,#730),#7903,.T.);
#8184=ADVANCED_FACE('',(#956),#87,.T.);
#8185=ADVANCED_FACE('',(#957),#88,.T.);
#8186=ADVANCED_FACE('',(#958),#89,.T.);
#8187=ADVANCED_FACE('',(#959),#7904,.T.);
#8188=ADVANCED_FACE('',(#960),#90,.T.);
#8189=ADVANCED_FACE('',(#961),#91,.T.);
#8190=ADVANCED_FACE('',(#962),#92,.T.);
#8191=ADVANCED_FACE('',(#963),#93,.T.);
#8192=ADVANCED_FACE('',(#964),#94,.T.);
#8193=ADVANCED_FACE('',(#965),#95,.T.);
#8194=ADVANCED_FACE('',(#966),#96,.T.);
#8195=ADVANCED_FACE('',(#967),#97,.T.);
#8196=ADVANCED_FACE('',(#968),#98,.T.);
#8197=ADVANCED_FACE('',(#969),#7905,.T.);
#8198=ADVANCED_FACE('',(#970),#7906,.T.);
#8199=ADVANCED_FACE('',(#971),#7907,.T.);
#8200=ADVANCED_FACE('',(#972),#7908,.T.);
#8201=ADVANCED_FACE('',(#973),#99,.F.);
#8202=ADVANCED_FACE('',(#974),#100,.F.);
#8203=ADVANCED_FACE('',(#975),#101,.F.);
#8204=ADVANCED_FACE('',(#976),#102,.F.);
#8205=ADVANCED_FACE('',(#977),#7909,.T.);
#8206=ADVANCED_FACE('',(#978),#7910,.T.);
#8207=ADVANCED_FACE('',(#979),#7911,.T.);
#8208=ADVANCED_FACE('',(#980),#103,.F.);
#8209=ADVANCED_FACE('',(#981),#104,.F.);
#8210=ADVANCED_FACE('',(#982),#105,.F.);
#8211=ADVANCED_FACE('',(#983),#7912,.T.);
#8212=ADVANCED_FACE('',(#984),#106,.F.);
#8213=ADVANCED_FACE('',(#985),#107,.F.);
#8214=ADVANCED_FACE('',(#986),#7913,.T.);
#8215=ADVANCED_FACE('',(#987),#7914,.T.);
#8216=ADVANCED_FACE('',(#988,#731),#7915,.T.);
#8217=ADVANCED_FACE('',(#989),#108,.T.);
#8218=ADVANCED_FACE('',(#990),#7916,.T.);
#8219=ADVANCED_FACE('',(#991),#7917,.T.);
#8220=ADVANCED_FACE('',(#992),#7918,.T.);
#8221=ADVANCED_FACE('',(#993),#109,.T.);
#8222=ADVANCED_FACE('',(#994),#110,.T.);
#8223=ADVANCED_FACE('',(#995),#111,.T.);
#8224=ADVANCED_FACE('',(#996),#112,.T.);
#8225=ADVANCED_FACE('',(#997),#113,.T.);
#8226=ADVANCED_FACE('',(#998),#7919,.T.);
#8227=ADVANCED_FACE('',(#999),#114,.T.);
#8228=ADVANCED_FACE('',(#1000),#115,.T.);
#8229=ADVANCED_FACE('',(#1001),#116,.T.);
#8230=ADVANCED_FACE('',(#1002),#117,.T.);
#8231=ADVANCED_FACE('',(#1003),#7920,.T.);
#8232=ADVANCED_FACE('',(#1004),#7921,.T.);
#8233=ADVANCED_FACE('',(#1005),#118,.T.);
#8234=ADVANCED_FACE('',(#1006),#119,.T.);
#8235=ADVANCED_FACE('',(#1007),#120,.T.);
#8236=ADVANCED_FACE('',(#1008),#121,.T.);
#8237=ADVANCED_FACE('',(#1009),#122,.T.);
#8238=ADVANCED_FACE('',(#1010),#123,.T.);
#8239=ADVANCED_FACE('',(#1011),#124,.F.);
#8240=ADVANCED_FACE('',(#1012),#125,.F.);
#8241=ADVANCED_FACE('',(#1013),#126,.F.);
#8242=ADVANCED_FACE('',(#1014),#127,.F.);
#8243=ADVANCED_FACE('',(#1015),#128,.F.);
#8244=ADVANCED_FACE('',(#1016),#129,.F.);
#8245=ADVANCED_FACE('',(#1017),#7922,.T.);
#8246=ADVANCED_FACE('',(#1018),#7923,.T.);
#8247=ADVANCED_FACE('',(#1019),#7924,.T.);
#8248=ADVANCED_FACE('',(#1020),#130,.T.);
#8249=ADVANCED_FACE('',(#1021),#7925,.T.);
#8250=ADVANCED_FACE('',(#1022),#7926,.T.);
#8251=ADVANCED_FACE('',(#1023),#7927,.T.);
#8252=ADVANCED_FACE('',(#1024),#131,.T.);
#8253=ADVANCED_FACE('',(#1025),#132,.T.);
#8254=ADVANCED_FACE('',(#1026),#133,.T.);
#8255=ADVANCED_FACE('',(#1027),#7928,.T.);
#8256=ADVANCED_FACE('',(#1028),#7929,.T.);
#8257=ADVANCED_FACE('',(#1029),#7930,.T.);
#8258=ADVANCED_FACE('',(#1030),#7931,.T.);
#8259=ADVANCED_FACE('',(#1031),#7932,.T.);
#8260=ADVANCED_FACE('',(#1032),#7933,.T.);
#8261=ADVANCED_FACE('',(#1033),#7934,.T.);
#8262=ADVANCED_FACE('',(#1034),#134,.T.);
#8263=ADVANCED_FACE('',(#1035),#7935,.T.);
#8264=ADVANCED_FACE('',(#1036),#7936,.T.);
#8265=ADVANCED_FACE('',(#1037),#7937,.T.);
#8266=ADVANCED_FACE('',(#1038),#7938,.T.);
#8267=ADVANCED_FACE('',(#1039),#7939,.T.);
#8268=ADVANCED_FACE('',(#1040),#7940,.T.);
#8269=ADVANCED_FACE('',(#1041),#13,.F.);
#8270=ADVANCED_FACE('',(#1042),#787,.F.);
#8271=ADVANCED_FACE('',(#1043),#14,.F.);
#8272=ADVANCED_FACE('',(#1044),#788,.F.);
#8273=ADVANCED_FACE('',(#1045),#15,.F.);
#8274=ADVANCED_FACE('',(#1046),#789,.F.);
#8275=ADVANCED_FACE('',(#1047),#16,.F.);
#8276=ADVANCED_FACE('',(#1048),#790,.F.);
#8277=ADVANCED_FACE('',(#1049,#732,#733),#7941,.T.);
#8278=ADVANCED_FACE('',(#1050,#734,#735,#736,#737,#738,#739,#740,#741,#742,
#743),#7942,.T.);
#8279=ADVANCED_FACE('',(#1051),#791,.T.);
#8280=ADVANCED_FACE('',(#1052),#7943,.T.);
#8281=ADVANCED_FACE('',(#1053,#744),#7944,.F.);
#8282=ADVANCED_FACE('',(#1054),#792,.T.);
#8283=ADVANCED_FACE('',(#1055),#7945,.T.);
#8284=ADVANCED_FACE('',(#1056),#793,.T.);
#8285=ADVANCED_FACE('',(#1057),#7946,.T.);
#8286=ADVANCED_FACE('',(#1058),#794,.T.);
#8287=ADVANCED_FACE('',(#1059),#7947,.T.);
#8288=ADVANCED_FACE('',(#1060),#135,.T.);
#8289=ADVANCED_FACE('',(#1061),#7948,.T.);
#8290=ADVANCED_FACE('',(#1062),#7949,.T.);
#8291=ADVANCED_FACE('',(#1063),#7950,.T.);
#8292=ADVANCED_FACE('',(#1064),#136,.T.);
#8293=ADVANCED_FACE('',(#1065),#137,.T.);
#8294=ADVANCED_FACE('',(#1066),#138,.T.);
#8295=ADVANCED_FACE('',(#1067),#7951,.T.);
#8296=ADVANCED_FACE('',(#1068),#7952,.T.);
#8297=ADVANCED_FACE('',(#1069),#7953,.T.);
#8298=ADVANCED_FACE('',(#1070),#7954,.T.);
#8299=ADVANCED_FACE('',(#1071),#7955,.T.);
#8300=ADVANCED_FACE('',(#1072),#7956,.T.);
#8301=ADVANCED_FACE('',(#1073),#7957,.T.);
#8302=ADVANCED_FACE('',(#1074),#139,.T.);
#8303=ADVANCED_FACE('',(#1075),#7958,.T.);
#8304=ADVANCED_FACE('',(#1076),#7959,.F.);
#8305=ADVANCED_FACE('',(#1077),#140,.T.);
#8306=ADVANCED_FACE('',(#1078),#141,.T.);
#8307=ADVANCED_FACE('',(#1079),#142,.T.);
#8308=ADVANCED_FACE('',(#1080),#143,.T.);
#8309=ADVANCED_FACE('',(#1081),#144,.T.);
#8310=ADVANCED_FACE('',(#1082),#7960,.T.);
#8311=ADVANCED_FACE('',(#1083),#7961,.T.);
#8312=ADVANCED_FACE('',(#1084),#145,.T.);
#8313=ADVANCED_FACE('',(#1085),#146,.T.);
#8314=ADVANCED_FACE('',(#1086),#7962,.T.);
#8315=ADVANCED_FACE('',(#1087),#7963,.T.);
#8316=ADVANCED_FACE('',(#1088),#7964,.T.);
#8317=ADVANCED_FACE('',(#1089),#147,.T.);
#8318=ADVANCED_FACE('',(#1090),#148,.T.);
#8319=ADVANCED_FACE('',(#1091),#149,.T.);
#8320=ADVANCED_FACE('',(#1092),#150,.T.);
#8321=ADVANCED_FACE('',(#1093),#151,.T.);
#8322=ADVANCED_FACE('',(#1094),#7965,.T.);
#8323=ADVANCED_FACE('',(#1095),#152,.T.);
#8324=ADVANCED_FACE('',(#1096),#153,.T.);
#8325=ADVANCED_FACE('',(#1097),#154,.T.);
#8326=ADVANCED_FACE('',(#1098),#155,.T.);
#8327=ADVANCED_FACE('',(#1099),#7966,.T.);
#8328=ADVANCED_FACE('',(#1100),#7967,.T.);
#8329=ADVANCED_FACE('',(#1101),#156,.T.);
#8330=ADVANCED_FACE('',(#1102),#157,.T.);
#8331=ADVANCED_FACE('',(#1103),#158,.T.);
#8332=ADVANCED_FACE('',(#1104),#159,.T.);
#8333=ADVANCED_FACE('',(#1105),#160,.T.);
#8334=ADVANCED_FACE('',(#1106),#161,.T.);
#8335=ADVANCED_FACE('',(#1107,#745),#7968,.T.);
#8336=ADVANCED_FACE('',(#1108,#746),#7969,.F.);
#8337=ADVANCED_FACE('',(#1109),#162,.T.);
#8338=ADVANCED_FACE('',(#1110),#163,.T.);
#8339=ADVANCED_FACE('',(#1111),#164,.T.);
#8340=ADVANCED_FACE('',(#1112),#165,.T.);
#8341=ADVANCED_FACE('',(#1113),#7970,.T.);
#8342=ADVANCED_FACE('',(#1114),#7971,.T.);
#8343=ADVANCED_FACE('',(#1115),#7972,.T.);
#8344=ADVANCED_FACE('',(#1116),#166,.T.);
#8345=ADVANCED_FACE('',(#1117),#167,.T.);
#8346=ADVANCED_FACE('',(#1118),#168,.T.);
#8347=ADVANCED_FACE('',(#1119),#7973,.T.);
#8348=ADVANCED_FACE('',(#1120),#169,.T.);
#8349=ADVANCED_FACE('',(#1121),#170,.T.);
#8350=ADVANCED_FACE('',(#1122),#7974,.T.);
#8351=ADVANCED_FACE('',(#1123),#7975,.T.);
#8352=ADVANCED_FACE('',(#1124),#7976,.T.);
#8353=ADVANCED_FACE('',(#1125),#171,.T.);
#8354=ADVANCED_FACE('',(#1126),#172,.T.);
#8355=ADVANCED_FACE('',(#1127),#173,.T.);
#8356=ADVANCED_FACE('',(#1128),#7977,.T.);
#8357=ADVANCED_FACE('',(#1129),#174,.T.);
#8358=ADVANCED_FACE('',(#1130),#175,.T.);
#8359=ADVANCED_FACE('',(#1131),#176,.T.);
#8360=ADVANCED_FACE('',(#1132),#177,.T.);
#8361=ADVANCED_FACE('',(#1133),#178,.T.);
#8362=ADVANCED_FACE('',(#1134),#179,.T.);
#8363=ADVANCED_FACE('',(#1135),#180,.T.);
#8364=ADVANCED_FACE('',(#1136),#181,.T.);
#8365=ADVANCED_FACE('',(#1137),#182,.T.);
#8366=ADVANCED_FACE('',(#1138),#7978,.T.);
#8367=ADVANCED_FACE('',(#1139),#7979,.T.);
#8368=ADVANCED_FACE('',(#1140),#7980,.T.);
#8369=ADVANCED_FACE('',(#1141,#747,#748),#7981,.T.);
#8370=ADVANCED_FACE('',(#1142,#749,#750),#7982,.F.);
#8371=ADVANCED_FACE('',(#1143),#183,.T.);
#8372=ADVANCED_FACE('',(#1144),#184,.T.);
#8373=ADVANCED_FACE('',(#1145),#185,.T.);
#8374=ADVANCED_FACE('',(#1146),#186,.T.);
#8375=ADVANCED_FACE('',(#1147),#7983,.T.);
#8376=ADVANCED_FACE('',(#1148),#187,.T.);
#8377=ADVANCED_FACE('',(#1149),#188,.T.);
#8378=ADVANCED_FACE('',(#1150),#189,.T.);
#8379=ADVANCED_FACE('',(#1151),#190,.T.);
#8380=ADVANCED_FACE('',(#1152),#191,.T.);
#8381=ADVANCED_FACE('',(#1153),#7984,.T.);
#8382=ADVANCED_FACE('',(#1154),#192,.T.);
#8383=ADVANCED_FACE('',(#1155),#7985,.T.);
#8384=ADVANCED_FACE('',(#1156),#7986,.T.);
#8385=ADVANCED_FACE('',(#1157),#7987,.T.);
#8386=ADVANCED_FACE('',(#1158),#7988,.T.);
#8387=ADVANCED_FACE('',(#1159),#7989,.T.);
#8388=ADVANCED_FACE('',(#1160),#193,.T.);
#8389=ADVANCED_FACE('',(#1161),#194,.T.);
#8390=ADVANCED_FACE('',(#1162),#195,.T.);
#8391=ADVANCED_FACE('',(#1163),#196,.T.);
#8392=ADVANCED_FACE('',(#1164),#197,.T.);
#8393=ADVANCED_FACE('',(#1165),#7990,.T.);
#8394=ADVANCED_FACE('',(#1166),#198,.T.);
#8395=ADVANCED_FACE('',(#1167),#199,.T.);
#8396=ADVANCED_FACE('',(#1168),#200,.T.);
#8397=ADVANCED_FACE('',(#1169),#201,.T.);
#8398=ADVANCED_FACE('',(#1170),#202,.T.);
#8399=ADVANCED_FACE('',(#1171,#751),#7991,.T.);
#8400=ADVANCED_FACE('',(#1172,#752),#7992,.F.);
#8401=ADVANCED_FACE('',(#1173),#7993,.T.);
#8402=ADVANCED_FACE('',(#1174),#7994,.T.);
#8403=ADVANCED_FACE('',(#1175),#7995,.T.);
#8404=ADVANCED_FACE('',(#1176),#7996,.T.);
#8405=ADVANCED_FACE('',(#1177),#7997,.T.);
#8406=ADVANCED_FACE('',(#1178),#7998,.T.);
#8407=ADVANCED_FACE('',(#1179),#203,.T.);
#8408=ADVANCED_FACE('',(#1180),#204,.T.);
#8409=ADVANCED_FACE('',(#1181),#205,.T.);
#8410=ADVANCED_FACE('',(#1182),#206,.T.);
#8411=ADVANCED_FACE('',(#1183),#207,.T.);
#8412=ADVANCED_FACE('',(#1184),#7999,.T.);
#8413=ADVANCED_FACE('',(#1185),#8000,.T.);
#8414=ADVANCED_FACE('',(#1186),#208,.T.);
#8415=ADVANCED_FACE('',(#1187),#209,.T.);
#8416=ADVANCED_FACE('',(#1188),#8001,.T.);
#8417=ADVANCED_FACE('',(#1189),#8002,.T.);
#8418=ADVANCED_FACE('',(#1190),#8003,.T.);
#8419=ADVANCED_FACE('',(#1191),#210,.T.);
#8420=ADVANCED_FACE('',(#1192),#211,.T.);
#8421=ADVANCED_FACE('',(#1193),#212,.T.);
#8422=ADVANCED_FACE('',(#1194),#213,.T.);
#8423=ADVANCED_FACE('',(#1195),#214,.T.);
#8424=ADVANCED_FACE('',(#1196),#8004,.T.);
#8425=ADVANCED_FACE('',(#1197),#215,.T.);
#8426=ADVANCED_FACE('',(#1198),#216,.T.);
#8427=ADVANCED_FACE('',(#1199),#217,.T.);
#8428=ADVANCED_FACE('',(#1200),#218,.T.);
#8429=ADVANCED_FACE('',(#1201),#8005,.T.);
#8430=ADVANCED_FACE('',(#1202),#8006,.T.);
#8431=ADVANCED_FACE('',(#1203),#219,.T.);
#8432=ADVANCED_FACE('',(#1204),#220,.T.);
#8433=ADVANCED_FACE('',(#1205),#221,.T.);
#8434=ADVANCED_FACE('',(#1206),#222,.T.);
#8435=ADVANCED_FACE('',(#1207),#223,.T.);
#8436=ADVANCED_FACE('',(#1208),#224,.T.);
#8437=ADVANCED_FACE('',(#1209,#753),#8007,.T.);
#8438=ADVANCED_FACE('',(#1210,#754),#8008,.F.);
#8439=ADVANCED_FACE('',(#1211),#225,.T.);
#8440=ADVANCED_FACE('',(#1212),#8009,.T.);
#8441=ADVANCED_FACE('',(#1213),#226,.T.);
#8442=ADVANCED_FACE('',(#1214),#227,.T.);
#8443=ADVANCED_FACE('',(#1215),#228,.T.);
#8444=ADVANCED_FACE('',(#1216),#229,.T.);
#8445=ADVANCED_FACE('',(#1217),#8010,.T.);
#8446=ADVANCED_FACE('',(#1218),#230,.T.);
#8447=ADVANCED_FACE('',(#1219),#231,.T.);
#8448=ADVANCED_FACE('',(#1220),#232,.T.);
#8449=ADVANCED_FACE('',(#1221),#233,.T.);
#8450=ADVANCED_FACE('',(#1222),#8011,.T.);
#8451=ADVANCED_FACE('',(#1223),#234,.T.);
#8452=ADVANCED_FACE('',(#1224),#235,.T.);
#8453=ADVANCED_FACE('',(#1225),#236,.T.);
#8454=ADVANCED_FACE('',(#1226),#237,.T.);
#8455=ADVANCED_FACE('',(#1227),#238,.T.);
#8456=ADVANCED_FACE('',(#1228),#239,.T.);
#8457=ADVANCED_FACE('',(#1229),#8012,.T.);
#8458=ADVANCED_FACE('',(#1230),#240,.T.);
#8459=ADVANCED_FACE('',(#1231),#241,.T.);
#8460=ADVANCED_FACE('',(#1232),#242,.T.);
#8461=ADVANCED_FACE('',(#1233),#243,.T.);
#8462=ADVANCED_FACE('',(#1234),#244,.T.);
#8463=ADVANCED_FACE('',(#1235,#755),#8013,.T.);
#8464=ADVANCED_FACE('',(#1236,#756),#8014,.F.);
#8465=ADVANCED_FACE('',(#1237),#245,.T.);
#8466=ADVANCED_FACE('',(#1238),#246,.T.);
#8467=ADVANCED_FACE('',(#1239),#247,.T.);
#8468=ADVANCED_FACE('',(#1240),#8015,.T.);
#8469=ADVANCED_FACE('',(#1241),#8016,.T.);
#8470=ADVANCED_FACE('',(#1242),#8017,.T.);
#8471=ADVANCED_FACE('',(#1243),#8018,.T.);
#8472=ADVANCED_FACE('',(#1244),#8019,.T.);
#8473=ADVANCED_FACE('',(#1245),#248,.T.);
#8474=ADVANCED_FACE('',(#1246),#249,.T.);
#8475=ADVANCED_FACE('',(#1247),#250,.T.);
#8476=ADVANCED_FACE('',(#1248),#251,.T.);
#8477=ADVANCED_FACE('',(#1249),#8020,.T.);
#8478=ADVANCED_FACE('',(#1250),#252,.T.);
#8479=ADVANCED_FACE('',(#1251),#8021,.T.);
#8480=ADVANCED_FACE('',(#1252),#8022,.F.);
#8481=ADVANCED_FACE('',(#1253),#8023,.T.);
#8482=ADVANCED_FACE('',(#1254),#8024,.T.);
#8483=ADVANCED_FACE('',(#1255),#8025,.T.);
#8484=ADVANCED_FACE('',(#1256),#8026,.T.);
#8485=ADVANCED_FACE('',(#1257),#8027,.T.);
#8486=ADVANCED_FACE('',(#1258),#8028,.T.);
#8487=ADVANCED_FACE('',(#1259),#8029,.T.);
#8488=ADVANCED_FACE('',(#1260),#8030,.T.);
#8489=ADVANCED_FACE('',(#1261),#8031,.T.);
#8490=ADVANCED_FACE('',(#1262),#8032,.T.);
#8491=ADVANCED_FACE('',(#1263),#8033,.T.);
#8492=ADVANCED_FACE('',(#1264),#8034,.T.);
#8493=ADVANCED_FACE('',(#1265),#8035,.T.);
#8494=ADVANCED_FACE('',(#1266),#8036,.T.);
#8495=ADVANCED_FACE('',(#1267),#8037,.T.);
#8496=ADVANCED_FACE('',(#1268),#8038,.T.);
#8497=ADVANCED_FACE('',(#1269),#8039,.T.);
#8498=ADVANCED_FACE('',(#1270),#8040,.T.);
#8499=ADVANCED_FACE('',(#1271),#8041,.T.);
#8500=ADVANCED_FACE('',(#1272),#8042,.T.);
#8501=ADVANCED_FACE('',(#1273),#8043,.T.);
#8502=ADVANCED_FACE('',(#1274),#8044,.T.);
#8503=ADVANCED_FACE('',(#1275),#8045,.T.);
#8504=ADVANCED_FACE('',(#1276),#8046,.T.);
#8505=CLOSED_SHELL('',(#8047,#8048,#8049,#8050,#8051,#8052));
#8506=CLOSED_SHELL('',(#8053,#8054,#8055,#8056,#8057,#8058,#8059,#8060,
#8061,#8062,#8063,#8064,#8065,#8066,#8067,#8068,#8069,#8070,#8071,#8072,
#8073,#8074,#8075,#8076,#8077,#8078,#8079,#8080,#8081,#8082,#8083,#8084,
#8085,#8086,#8087,#8088,#8089,#8090,#8091,#8092,#8093,#8094,#8095,#8096,
#8097,#8098,#8099,#8100,#8101,#8102,#8103,#8104,#8105,#8106,#8107,#8108,
#8109,#8110,#8111,#8112,#8113,#8114,#8115,#8116,#8117,#8118,#8119,#8120,
#8121,#8122,#8123,#8124,#8125,#8126,#8127,#8128,#8129,#8130,#8131,#8132,
#8133,#8134,#8135,#8136,#8137,#8138,#8139,#8140,#8141,#8142,#8143,#8144,
#8145,#8146,#8147,#8148,#8149,#8150,#8151,#8152,#8153,#8154,#8155,#8156,
#8157,#8158,#8159,#8160,#8161,#8162,#8163,#8164,#8165,#8166,#8167,#8168,
#8169,#8170,#8171,#8172,#8173,#8174,#8175,#8176,#8177,#8178,#8179,#8180,
#8181,#8182,#8183,#8184,#8185,#8186,#8187,#8188,#8189,#8190,#8191,#8192,
#8193,#8194,#8195,#8196,#8197,#8198,#8199,#8200,#8201,#8202,#8203,#8204,
#8205,#8206,#8207,#8208,#8209,#8210,#8211,#8212,#8213,#8214,#8215,#8216,
#8217,#8218,#8219,#8220,#8221,#8222,#8223,#8224,#8225,#8226,#8227,#8228,
#8229,#8230,#8231,#8232,#8233,#8234,#8235,#8236,#8237,#8238,#8239,#8240,
#8241,#8242,#8243,#8244,#8245,#8246,#8247,#8248,#8249,#8250,#8251,#8252,
#8253,#8254,#8255,#8256,#8257,#8258,#8259,#8260,#8261,#8262,#8263,#8264,
#8265,#8266,#8267,#8268,#8269,#8270,#8271,#8272,#8273,#8274,#8275,#8276,
#8277,#8278,#8279,#8280,#8281,#8282,#8283,#8284,#8285,#8286,#8287));
#8507=CLOSED_SHELL('',(#8288,#8289,#8290,#8291,#8292,#8293,#8294,#8295,
#8296,#8297,#8298,#8299,#8300,#8301,#8302,#8303,#8304));
#8508=CLOSED_SHELL('',(#8305,#8306,#8307,#8308,#8309,#8310,#8311,#8312,
#8313,#8314,#8315,#8316,#8317,#8318,#8319,#8320,#8321,#8322,#8323,#8324,
#8325,#8326,#8327,#8328,#8329,#8330,#8331,#8332,#8333,#8334,#8335,#8336));
#8509=CLOSED_SHELL('',(#8337,#8338,#8339,#8340,#8341,#8342,#8343,#8344,
#8345,#8346,#8347,#8348,#8349,#8350,#8351,#8352,#8353,#8354,#8355,#8356,
#8357,#8358,#8359,#8360,#8361,#8362,#8363,#8364,#8365,#8366,#8367,#8368,
#8369,#8370));
#8510=CLOSED_SHELL('',(#8371,#8372,#8373,#8374,#8375,#8376,#8377,#8378,
#8379,#8380,#8381,#8382,#8383,#8384,#8385,#8386,#8387,#8388,#8389,#8390,
#8391,#8392,#8393,#8394,#8395,#8396,#8397,#8398,#8399,#8400));
#8511=CLOSED_SHELL('',(#8401,#8402,#8403,#8404,#8405,#8406));
#8512=CLOSED_SHELL('',(#8407,#8408,#8409,#8410,#8411,#8412,#8413,#8414,
#8415,#8416,#8417,#8418,#8419,#8420,#8421,#8422,#8423,#8424,#8425,#8426,
#8427,#8428,#8429,#8430,#8431,#8432,#8433,#8434,#8435,#8436,#8437,#8438));
#8513=CLOSED_SHELL('',(#8439,#8440,#8441,#8442,#8443,#8444,#8445,#8446,
#8447,#8448,#8449,#8450,#8451,#8452,#8453,#8454,#8455,#8456,#8457,#8458,
#8459,#8460,#8461,#8462,#8463,#8464));
#8514=CLOSED_SHELL('',(#8465,#8466,#8467,#8468,#8469,#8470,#8471,#8472,
#8473,#8474,#8475,#8476,#8477,#8478,#8479,#8480));
#8515=CLOSED_SHELL('',(#8481,#8482,#8483,#8484,#8485,#8486,#8487,#8488,
#8489,#8490,#8491,#8492,#8493,#8494,#8495));
#8516=CLOSED_SHELL('',(#8496,#8497,#8498,#8499,#8500,#8501,#8502,#8503,
#8504));
#8517=DERIVED_UNIT_ELEMENT(#8519,1.);
#8518=DERIVED_UNIT_ELEMENT(#14698,-3.);
#8519=(
MASS_UNIT()
NAMED_UNIT(*)
SI_UNIT(.KILO.,.GRAM.)
);
#8520=DERIVED_UNIT((#8517,#8518));
#8521=MEASURE_REPRESENTATION_ITEM('density measure',
POSITIVE_RATIO_MEASURE(2700.),#8520);
#8522=PROPERTY_DEFINITION_REPRESENTATION(#8527,#8524);
#8523=PROPERTY_DEFINITION_REPRESENTATION(#8528,#8525);
#8524=REPRESENTATION('material name',(#8526),#14695);
#8525=REPRESENTATION('density',(#8521),#14695);
#8526=DESCRIPTIVE_REPRESENTATION_ITEM('Aluminum 1100-H14',
'Aluminum 1100-H14');
#8527=PROPERTY_DEFINITION('material property','material name',#14705);
#8528=PROPERTY_DEFINITION('material property','density of part',#14705);
#8529=AXIS2_PLACEMENT_3D('',#10030,#8780,#8781);
#8530=AXIS2_PLACEMENT_3D('',#10031,#8782,#8783);
#8531=AXIS2_PLACEMENT_3D('',#10040,#8788,#8789);
#8532=AXIS2_PLACEMENT_3D('',#10046,#8793,#8794);
#8533=AXIS2_PLACEMENT_3D('',#10052,#8798,#8799);
#8534=AXIS2_PLACEMENT_3D('',#10055,#8802,#8803);
#8535=AXIS2_PLACEMENT_3D('',#10056,#8804,#8805);
#8536=AXIS2_PLACEMENT_3D('',#10057,#8806,#8807);
#8537=AXIS2_PLACEMENT_3D('',#10059,#8808,#8809);
#8538=AXIS2_PLACEMENT_3D('',#10062,#8811,#8812);
#8539=AXIS2_PLACEMENT_3D('',#10063,#8813,#8814);
#8540=AXIS2_PLACEMENT_3D('',#10065,#8815,#8816);
#8541=AXIS2_PLACEMENT_3D('',#10066,#8817,#8818);
#8542=AXIS2_PLACEMENT_3D('',#10069,#8820,#8821);
#8543=AXIS2_PLACEMENT_3D('',#10070,#8822,#8823);
#8544=AXIS2_PLACEMENT_3D('',#10097,#8837,#8838);
#8545=AXIS2_PLACEMENT_3D('',#10103,#8842,#8843);
#8546=AXIS2_PLACEMENT_3D('',#10107,#8846,#8847);
#8547=AXIS2_PLACEMENT_3D('',#10111,#8850,#8851);
#8548=AXIS2_PLACEMENT_3D('',#10115,#8854,#8855);
#8549=AXIS2_PLACEMENT_3D('',#10119,#8858,#8859);
#8550=AXIS2_PLACEMENT_3D('',#10123,#8862,#8863);
#8551=AXIS2_PLACEMENT_3D('',#10127,#8866,#8867);
#8552=AXIS2_PLACEMENT_3D('',#10131,#8870,#8871);
#8553=AXIS2_PLACEMENT_3D('',#10135,#8874,#8875);
#8554=AXIS2_PLACEMENT_3D('',#10139,#8878,#8879);
#8555=AXIS2_PLACEMENT_3D('',#10143,#8882,#8883);
#8556=AXIS2_PLACEMENT_3D('',#10147,#8886,#8887);
#8557=AXIS2_PLACEMENT_3D('',#10149,#8889,#8890);
#8558=AXIS2_PLACEMENT_3D('',#10229,#8901,#8902);
#8559=AXIS2_PLACEMENT_3D('',#10233,#8905,#8906);
#8560=AXIS2_PLACEMENT_3D('',#10237,#8909,#8910);
#8561=AXIS2_PLACEMENT_3D('',#10241,#8913,#8914);
#8562=AXIS2_PLACEMENT_3D('',#10245,#8917,#8918);
#8563=AXIS2_PLACEMENT_3D('',#10293,#8925,#8926);
#8564=AXIS2_PLACEMENT_3D('',#10306,#8929,#8930);
#8565=AXIS2_PLACEMENT_3D('',#10408,#8937,#8938);
#8566=AXIS2_PLACEMENT_3D('',#10478,#8947,#8948);
#8567=AXIS2_PLACEMENT_3D('',#10559,#8958,#8959);
#8568=AXIS2_PLACEMENT_3D('',#10607,#8966,#8967);
#8569=AXIS2_PLACEMENT_3D('',#10631,#8971,#8972);
#8570=AXIS2_PLACEMENT_3D('',#10749,#8983,#8984);
#8571=AXIS2_PLACEMENT_3D('',#10753,#8987,#8988);
#8572=AXIS2_PLACEMENT_3D('',#10757,#8991,#8992);
#8573=AXIS2_PLACEMENT_3D('',#10816,#9000,#9001);
#8574=AXIS2_PLACEMENT_3D('',#10864,#9008,#9009);
#8575=AXIS2_PLACEMENT_3D('',#10868,#9012,#9013);
#8576=AXIS2_PLACEMENT_3D('',#11004,#9028,#9029);
#8577=AXIS2_PLACEMENT_3D('',#11008,#9032,#9033);
#8578=AXIS2_PLACEMENT_3D('',#11010,#9035,#9036);
#8579=AXIS2_PLACEMENT_3D('',#11025,#9044,#9045);
#8580=AXIS2_PLACEMENT_3D('',#11031,#9049,#9050);
#8581=AXIS2_PLACEMENT_3D('',#11035,#9053,#9054);
#8582=AXIS2_PLACEMENT_3D('',#11039,#9057,#9058);
#8583=AXIS2_PLACEMENT_3D('',#11043,#9061,#9062);
#8584=AXIS2_PLACEMENT_3D('',#11047,#9065,#9066);
#8585=AXIS2_PLACEMENT_3D('',#11051,#9069,#9070);
#8586=AXIS2_PLACEMENT_3D('',#11053,#9072,#9073);
#8587=AXIS2_PLACEMENT_3D('',#11062,#9078,#9079);
#8588=AXIS2_PLACEMENT_3D('',#11068,#9083,#9084);
#8589=AXIS2_PLACEMENT_3D('',#11072,#9087,#9088);
#8590=AXIS2_PLACEMENT_3D('',#11076,#9091,#9092);
#8591=AXIS2_PLACEMENT_3D('',#11078,#9094,#9095);
#8592=AXIS2_PLACEMENT_3D('',#11175,#9104,#9105);
#8593=AXIS2_PLACEMENT_3D('',#11181,#9109,#9110);
#8594=AXIS2_PLACEMENT_3D('',#11185,#9113,#9114);
#8595=AXIS2_PLACEMENT_3D('',#11189,#9117,#9118);
#8596=AXIS2_PLACEMENT_3D('',#11193,#9121,#9122);
#8597=AXIS2_PLACEMENT_3D('',#11252,#9130,#9131);
#8598=AXIS2_PLACEMENT_3D('',#11366,#9144,#9145);
#8599=AXIS2_PLACEMENT_3D('',#11425,#9153,#9154);
#8600=AXIS2_PLACEMENT_3D('',#11427,#9156,#9157);
#8601=AXIS2_PLACEMENT_3D('',#11569,#9173,#9174);
#8602=AXIS2_PLACEMENT_3D('',#11672,#9186,#9187);
#8603=AXIS2_PLACEMENT_3D('',#11676,#9190,#9191);
#8604=AXIS2_PLACEMENT_3D('',#11680,#9194,#9195);
#8605=AXIS2_PLACEMENT_3D('',#11682,#9197,#9198);
#8606=AXIS2_PLACEMENT_3D('',#11732,#9206,#9207);
#8607=AXIS2_PLACEMENT_3D('',#11736,#9210,#9211);
#8608=AXIS2_PLACEMENT_3D('',#11738,#9213,#9214);
#8609=AXIS2_PLACEMENT_3D('',#11777,#9221,#9222);
#8610=AXIS2_PLACEMENT_3D('',#11803,#9227,#9228);
#8611=AXIS2_PLACEMENT_3D('',#11807,#9231,#9232);
#8612=AXIS2_PLACEMENT_3D('',#11809,#9234,#9235);
#8613=AXIS2_PLACEMENT_3D('',#11927,#9246,#9247);
#8614=AXIS2_PLACEMENT_3D('',#11931,#9250,#9251);
#8615=AXIS2_PLACEMENT_3D('',#11935,#9254,#9255);
#8616=AXIS2_PLACEMENT_3D('',#11994,#9263,#9264);
#8617=AXIS2_PLACEMENT_3D('',#12042,#9271,#9272);
#8618=AXIS2_PLACEMENT_3D('',#12046,#9275,#9276);
#8619=AXIS2_PLACEMENT_3D('',#12182,#9291,#9292);
#8620=AXIS2_PLACEMENT_3D('',#12186,#9295,#9296);
#8621=AXIS2_PLACEMENT_3D('',#12188,#9298,#9299);
#8622=AXIS2_PLACEMENT_3D('',#12242,#9312,#9313);
#8623=AXIS2_PLACEMENT_3D('',#12246,#9316,#9317);
#8624=AXIS2_PLACEMENT_3D('',#12250,#9320,#9321);
#8625=AXIS2_PLACEMENT_3D('',#12287,#9327,#9328);
#8626=AXIS2_PLACEMENT_3D('',#12291,#9331,#9332);
#8627=AXIS2_PLACEMENT_3D('',#12295,#9335,#9336);
#8628=AXIS2_PLACEMENT_3D('',#12299,#9339,#9340);
#8629=AXIS2_PLACEMENT_3D('',#12303,#9343,#9344);
#8630=AXIS2_PLACEMENT_3D('',#12307,#9347,#9348);
#8631=AXIS2_PLACEMENT_3D('',#12311,#9351,#9352);
#8632=AXIS2_PLACEMENT_3D('',#12324,#9355,#9356);
#8633=AXIS2_PLACEMENT_3D('',#12325,#9357,#9358);
#8634=AXIS2_PLACEMENT_3D('',#12326,#9359,#9360);
#8635=AXIS2_PLACEMENT_3D('',#12327,#9361,#9362);
#8636=AXIS2_PLACEMENT_3D('',#12328,#9363,#9364);
#8637=AXIS2_PLACEMENT_3D('',#12329,#9365,#9366);
#8638=AXIS2_PLACEMENT_3D('',#12330,#9367,#9368);
#8639=AXIS2_PLACEMENT_3D('',#12333,#9369,#9370);
#8640=AXIS2_PLACEMENT_3D('',#12335,#9371,#9372);
#8641=AXIS2_PLACEMENT_3D('',#12337,#9373,#9374);
#8642=AXIS2_PLACEMENT_3D('',#12338,#9375,#9376);
#8643=AXIS2_PLACEMENT_3D('',#12339,#9377,#9378);
#8644=AXIS2_PLACEMENT_3D('',#12342,#9379,#9380);
#8645=AXIS2_PLACEMENT_3D('',#12345,#9383,#9384);
#8646=AXIS2_PLACEMENT_3D('',#12347,#9385,#9386);
#8647=AXIS2_PLACEMENT_3D('',#12349,#9387,#9388);
#8648=AXIS2_PLACEMENT_3D('',#12350,#9389,#9390);
#8649=AXIS2_PLACEMENT_3D('',#12351,#9391,#9392);
#8650=AXIS2_PLACEMENT_3D('',#12354,#9393,#9394);
#8651=AXIS2_PLACEMENT_3D('',#12357,#9397,#9398);
#8652=AXIS2_PLACEMENT_3D('',#12359,#9399,#9400);
#8653=AXIS2_PLACEMENT_3D('',#12361,#9401,#9402);
#8654=AXIS2_PLACEMENT_3D('',#12362,#9403,#9404);
#8655=AXIS2_PLACEMENT_3D('',#12363,#9405,#9406);
#8656=AXIS2_PLACEMENT_3D('',#12366,#9407,#9408);
#8657=AXIS2_PLACEMENT_3D('',#12369,#9411,#9412);
#8658=AXIS2_PLACEMENT_3D('',#12371,#9413,#9414);
#8659=AXIS2_PLACEMENT_3D('',#12373,#9415,#9416);
#8660=AXIS2_PLACEMENT_3D('',#12374,#9417,#9418);
#8661=AXIS2_PLACEMENT_3D('',#12375,#9419,#9420);
#8662=AXIS2_PLACEMENT_3D('',#12378,#9423,#9424);
#8663=AXIS2_PLACEMENT_3D('',#12381,#9425,#9426);
#8664=AXIS2_PLACEMENT_3D('',#12385,#9428,#9429);
#8665=AXIS2_PLACEMENT_3D('',#12389,#9431,#9432);
#8666=AXIS2_PLACEMENT_3D('',#12393,#9434,#9435);
#8667=AXIS2_PLACEMENT_3D('',#12395,#9437,#9438);
#8668=AXIS2_PLACEMENT_3D('',#12396,#9439,#9440);
#8669=AXIS2_PLACEMENT_3D('',#12400,#9442,#9443);
#8670=AXIS2_PLACEMENT_3D('',#12402,#9445,#9446);
#8671=AXIS2_PLACEMENT_3D('',#12406,#9449,#9450);
#8672=AXIS2_PLACEMENT_3D('',#12410,#9452,#9453);
#8673=AXIS2_PLACEMENT_3D('',#12414,#9455,#9456);
#8674=AXIS2_PLACEMENT_3D('',#12417,#9458,#9459);
#8675=AXIS2_PLACEMENT_3D('',#12418,#9460,#9461);
#8676=AXIS2_PLACEMENT_3D('',#12420,#9463,#9464);
#8677=AXIS2_PLACEMENT_3D('',#12422,#9466,#9467);
#8678=AXIS2_PLACEMENT_3D('',#12424,#9469,#9470);
#8679=AXIS2_PLACEMENT_3D('',#12426,#9472,#9473);
#8680=AXIS2_PLACEMENT_3D('',#12428,#9475,#9476);
#8681=AXIS2_PLACEMENT_3D('',#12447,#9479,#9480);
#8682=AXIS2_PLACEMENT_3D('',#12453,#9484,#9485);
#8683=AXIS2_PLACEMENT_3D('',#12459,#9489,#9490);
#8684=AXIS2_PLACEMENT_3D('',#12510,#9497,#9498);
#8685=AXIS2_PLACEMENT_3D('',#12516,#9502,#9503);
#8686=AXIS2_PLACEMENT_3D('',#12522,#9507,#9508);
#8687=AXIS2_PLACEMENT_3D('',#12528,#9512,#9513);
#8688=AXIS2_PLACEMENT_3D('',#12534,#9517,#9518);
#8689=AXIS2_PLACEMENT_3D('',#12540,#9522,#9523);
#8690=AXIS2_PLACEMENT_3D('',#12546,#9527,#9528);
#8691=AXIS2_PLACEMENT_3D('',#12564,#9532,#9533);
#8692=AXIS2_PLACEMENT_3D('',#12565,#9534,#9535);
#8693=AXIS2_PLACEMENT_3D('',#12644,#9542,#9543);
#8694=AXIS2_PLACEMENT_3D('',#12650,#9547,#9548);
#8695=AXIS2_PLACEMENT_3D('',#12686,#9554,#9555);
#8696=AXIS2_PLACEMENT_3D('',#12692,#9559,#9560);
#8697=AXIS2_PLACEMENT_3D('',#12698,#9564,#9565);
#8698=AXIS2_PLACEMENT_3D('',#12779,#9574,#9575);
#8699=AXIS2_PLACEMENT_3D('',#12845,#9583,#9584);
#8700=AXIS2_PLACEMENT_3D('',#12851,#9588,#9589);
#8701=AXIS2_PLACEMENT_3D('',#12944,#9598,#9599);
#8702=AXIS2_PLACEMENT_3D('',#12945,#9600,#9601);
#8703=AXIS2_PLACEMENT_3D('',#13009,#9607,#9608);
#8704=AXIS2_PLACEMENT_3D('',#13015,#9612,#9613);
#8705=AXIS2_PLACEMENT_3D('',#13021,#9617,#9618);
#8706=AXIS2_PLACEMENT_3D('',#13072,#9625,#9626);
#8707=AXIS2_PLACEMENT_3D('',#13108,#9632,#9633);
#8708=AXIS2_PLACEMENT_3D('',#13114,#9637,#9638);
#8709=AXIS2_PLACEMENT_3D('',#13120,#9642,#9643);
#8710=AXIS2_PLACEMENT_3D('',#13171,#9650,#9651);
#8711=AXIS2_PLACEMENT_3D('',#13312,#9664,#9665);
#8712=AXIS2_PLACEMENT_3D('',#13318,#9669,#9670);
#8713=AXIS2_PLACEMENT_3D('',#13324,#9674,#9675);
#8714=AXIS2_PLACEMENT_3D('',#13327,#9678,#9679);
#8715=AXIS2_PLACEMENT_3D('',#13328,#9680,#9681);
#8716=AXIS2_PLACEMENT_3D('',#13392,#9687,#9688);
#8717=AXIS2_PLACEMENT_3D('',#13473,#9697,#9698);
#8718=AXIS2_PLACEMENT_3D('',#13491,#9702,#9703);
#8719=AXIS2_PLACEMENT_3D('',#13500,#9708,#9709);
#8720=AXIS2_PLACEMENT_3D('',#13506,#9713,#9714);
#8721=AXIS2_PLACEMENT_3D('',#13512,#9718,#9719);
#8722=AXIS2_PLACEMENT_3D('',#13518,#9723,#9724);
#8723=AXIS2_PLACEMENT_3D('',#13599,#9733,#9734);
#8724=AXIS2_PLACEMENT_3D('',#13677,#9742,#9743);
#8725=AXIS2_PLACEMENT_3D('',#13678,#9744,#9745);
#8726=AXIS2_PLACEMENT_3D('',#13679,#9746,#9747);
#8727=AXIS2_PLACEMENT_3D('',#13688,#9752,#9753);
#8728=AXIS2_PLACEMENT_3D('',#13694,#9757,#9758);
#8729=AXIS2_PLACEMENT_3D('',#13700,#9762,#9763);
#8730=AXIS2_PLACEMENT_3D('',#13703,#9766,#9767);
#8731=AXIS2_PLACEMENT_3D('',#13704,#9768,#9769);
#8732=AXIS2_PLACEMENT_3D('',#13783,#9776,#9777);
#8733=AXIS2_PLACEMENT_3D('',#13789,#9781,#9782);
#8734=AXIS2_PLACEMENT_3D('',#13825,#9788,#9789);
#8735=AXIS2_PLACEMENT_3D('',#13831,#9793,#9794);
#8736=AXIS2_PLACEMENT_3D('',#13837,#9798,#9799);
#8737=AXIS2_PLACEMENT_3D('',#13918,#9808,#9809);
#8738=AXIS2_PLACEMENT_3D('',#13984,#9817,#9818);
#8739=AXIS2_PLACEMENT_3D('',#13990,#9822,#9823);
#8740=AXIS2_PLACEMENT_3D('',#14083,#9832,#9833);
#8741=AXIS2_PLACEMENT_3D('',#14084,#9834,#9835);
#8742=AXIS2_PLACEMENT_3D('',#14103,#9838,#9839);
#8743=AXIS2_PLACEMENT_3D('',#14169,#9847,#9848);
#8744=AXIS2_PLACEMENT_3D('',#14235,#9856,#9857);
#8745=AXIS2_PLACEMENT_3D('',#14331,#9867,#9868);
#8746=AXIS2_PLACEMENT_3D('',#14409,#9876,#9877);
#8747=AXIS2_PLACEMENT_3D('',#14410,#9878,#9879);
#8748=AXIS2_PLACEMENT_3D('',#14459,#9884,#9885);
#8749=AXIS2_PLACEMENT_3D('',#14465,#9889,#9890);
#8750=AXIS2_PLACEMENT_3D('',#14471,#9894,#9895);
#8751=AXIS2_PLACEMENT_3D('',#14477,#9899,#9900);
#8752=AXIS2_PLACEMENT_3D('',#14483,#9904,#9905);
#8753=AXIS2_PLACEMENT_3D('',#14549,#9913,#9914);
#8754=AXIS2_PLACEMENT_3D('',#14567,#9918,#9919);
#8755=AXIS2_PLACEMENT_3D('',#14568,#9920,#9921);
#8756=AXIS2_PLACEMENT_3D('',#14569,#9922,#9923);
#8757=AXIS2_PLACEMENT_3D('',#14578,#9928,#9929);
#8758=AXIS2_PLACEMENT_3D('',#14584,#9933,#9934);
#8759=AXIS2_PLACEMENT_3D('',#14590,#9938,#9939);
#8760=AXIS2_PLACEMENT_3D('',#14596,#9943,#9944);
#8761=AXIS2_PLACEMENT_3D('',#14602,#9948,#9949);
#8762=AXIS2_PLACEMENT_3D('',#14608,#9953,#9954);
#8763=AXIS2_PLACEMENT_3D('',#14614,#9958,#9959);
#8764=AXIS2_PLACEMENT_3D('',#14620,#9963,#9964);
#8765=AXIS2_PLACEMENT_3D('',#14626,#9968,#9969);
#8766=AXIS2_PLACEMENT_3D('',#14632,#9973,#9974);
#8767=AXIS2_PLACEMENT_3D('',#14638,#9978,#9979);
#8768=AXIS2_PLACEMENT_3D('',#14644,#9983,#9984);
#8769=AXIS2_PLACEMENT_3D('',#14647,#9987,#9988);
#8770=AXIS2_PLACEMENT_3D('',#14648,#9989,#9990);
#8771=AXIS2_PLACEMENT_3D('',#14649,#9991,#9992);
#8772=AXIS2_PLACEMENT_3D('',#14658,#9997,#9998);
#8773=AXIS2_PLACEMENT_3D('',#14664,#10002,#10003);
#8774=AXIS2_PLACEMENT_3D('',#14670,#10007,#10008);
#8775=AXIS2_PLACEMENT_3D('',#14676,#10012,#10013);
#8776=AXIS2_PLACEMENT_3D('',#14682,#10017,#10018);
#8777=AXIS2_PLACEMENT_3D('',#14688,#10022,#10023);
#8778=AXIS2_PLACEMENT_3D('',#14691,#10026,#10027);
#8779=AXIS2_PLACEMENT_3D('',#14692,#10028,#10029);
#8780=DIRECTION('axis',(0.,0.,1.));
#8781=DIRECTION('refdir',(1.,0.,0.));
#8782=DIRECTION('center_axis',(-1.,0.,0.));
#8783=DIRECTION('ref_axis',(0.,-1.,0.));
#8784=DIRECTION('',(0.,1.,0.));
#8785=DIRECTION('',(0.,0.,1.));
#8786=DIRECTION('',(0.,-1.,0.));
#8787=DIRECTION('',(0.,0.,1.));
#8788=DIRECTION('center_axis',(0.,1.,0.));
#8789=DIRECTION('ref_axis',(-1.,0.,0.));
#8790=DIRECTION('',(1.,0.,0.));
#8791=DIRECTION('',(-1.,0.,0.));
#8792=DIRECTION('',(0.,0.,1.));
#8793=DIRECTION('center_axis',(1.,0.,0.));
#8794=DIRECTION('ref_axis',(0.,1.,0.));
#8795=DIRECTION('',(0.,-1.,0.));
#8796=DIRECTION('',(0.,1.,0.));
#8797=DIRECTION('',(0.,0.,1.));
#8798=DIRECTION('center_axis',(0.,-1.,0.));
#8799=DIRECTION('ref_axis',(1.,0.,0.));
#8800=DIRECTION('',(-1.,0.,0.));
#8801=DIRECTION('',(1.,0.,0.));
#8802=DIRECTION('center_axis',(0.,0.,1.));
#8803=DIRECTION('ref_axis',(1.,0.,0.));
#8804=DIRECTION('center_axis',(0.,0.,1.));
#8805=DIRECTION('ref_axis',(1.,0.,0.));
#8806=DIRECTION('center_axis',(0.,0.,-1.));
#8807=DIRECTION('ref_axis',(-1.,0.,0.));
#8808=DIRECTION('center_axis',(0.,0.,1.));
#8809=DIRECTION('ref_axis',(-1.,0.,0.));
#8810=DIRECTION('',(0.,0.,1.));
#8811=DIRECTION('center_axis',(0.,0.,-1.));
#8812=DIRECTION('ref_axis',(-1.,0.,0.));
#8813=DIRECTION('center_axis',(0.,0.,1.));
#8814=DIRECTION('ref_axis',(-1.,0.,0.));
#8815=DIRECTION('center_axis',(0.,0.,1.));
#8816=DIRECTION('ref_axis',(-1.,0.,0.));
#8817=DIRECTION('center_axis',(0.,0.,-1.));
#8818=DIRECTION('ref_axis',(-1.,0.,0.));
#8819=DIRECTION('',(0.,0.,-1.));
#8820=DIRECTION('center_axis',(0.,0.,1.));
#8821=DIRECTION('ref_axis',(-1.,0.,0.));
#8822=DIRECTION('center_axis',(0.,0.,1.));
#8823=DIRECTION('ref_axis',(1.,0.,0.));
#8824=DIRECTION('',(0.943460127297304,-0.331486030173454,0.));
#8825=DIRECTION('',(-0.943460127297304,-0.331486030173454,0.));
#8826=DIRECTION('',(0.,-1.,0.));
#8827=DIRECTION('',(0.952998054255621,-0.302976415889092,0.));
#8828=DIRECTION('',(0.,1.,0.));
#8829=DIRECTION('',(-0.96039554893337,0.278640251200308,0.));
#8830=DIRECTION('',(0.945719056904336,0.324985331065839,0.));
#8831=DIRECTION('',(0.,1.,0.));
#8832=DIRECTION('',(-0.945719056904336,0.324985331065839,0.));
#8833=DIRECTION('',(0.96039554893337,0.278640251200308,0.));
#8834=DIRECTION('',(0.,1.,0.));
#8835=DIRECTION('',(-0.952998054255621,-0.302976415889092,0.));
#8836=DIRECTION('',(0.,-1.,0.));
#8837=DIRECTION('center_axis',(-0.331486030173454,-0.943460127297304,0.));
#8838=DIRECTION('ref_axis',(0.,0.,-1.));
#8839=DIRECTION('',(0.,0.,1.));
#8840=DIRECTION('',(0.943460127297304,-0.331486030173454,0.));
#8841=DIRECTION('',(0.,0.,1.));
#8842=DIRECTION('center_axis',(-0.331486030173454,0.943460127297304,0.));
#8843=DIRECTION('ref_axis',(0.,0.,1.));
#8844=DIRECTION('',(-0.943460127297304,-0.331486030173454,0.));
#8845=DIRECTION('',(0.,0.,1.));
#8846=DIRECTION('center_axis',(-1.,0.,0.));
#8847=DIRECTION('ref_axis',(0.,0.,1.));
#8848=DIRECTION('',(0.,-1.,0.));
#8849=DIRECTION('',(0.,0.,1.));
#8850=DIRECTION('center_axis',(-0.302976415889092,-0.952998054255621,0.));
#8851=DIRECTION('ref_axis',(0.,0.,-1.));
#8852=DIRECTION('',(0.952998054255621,-0.302976415889092,0.));
#8853=DIRECTION('',(0.,0.,1.));
#8854=DIRECTION('center_axis',(1.,0.,0.));
#8855=DIRECTION('ref_axis',(0.,0.,-1.));
#8856=DIRECTION('',(0.,1.,0.));
#8857=DIRECTION('',(0.,0.,1.));
#8858=DIRECTION('center_axis',(0.278640251200308,0.96039554893337,0.));
#8859=DIRECTION('ref_axis',(0.,0.,1.));
#8860=DIRECTION('',(-0.96039554893337,0.278640251200308,0.));
#8861=DIRECTION('',(0.,0.,1.));
#8862=DIRECTION('center_axis',(0.324985331065839,-0.945719056904336,0.));
#8863=DIRECTION('ref_axis',(0.,0.,-1.));
#8864=DIRECTION('',(0.945719056904336,0.324985331065839,0.));
#8865=DIRECTION('',(0.,0.,1.));
#8866=DIRECTION('center_axis',(1.,0.,0.));
#8867=DIRECTION('ref_axis',(0.,0.,-1.));
#8868=DIRECTION('',(0.,1.,0.));
#8869=DIRECTION('',(0.,0.,1.));
#8870=DIRECTION('center_axis',(0.324985331065839,0.945719056904336,0.));
#8871=DIRECTION('ref_axis',(0.,0.,1.));
#8872=DIRECTION('',(-0.945719056904336,0.324985331065839,0.));
#8873=DIRECTION('',(0.,0.,1.));
#8874=DIRECTION('center_axis',(0.278640251200308,-0.96039554893337,0.));
#8875=DIRECTION('ref_axis',(0.,0.,-1.));
#8876=DIRECTION('',(0.96039554893337,0.278640251200308,0.));
#8877=DIRECTION('',(0.,0.,1.));
#8878=DIRECTION('center_axis',(1.,0.,0.));
#8879=DIRECTION('ref_axis',(0.,0.,-1.));
#8880=DIRECTION('',(0.,1.,0.));
#8881=DIRECTION('',(0.,0.,1.));
#8882=DIRECTION('center_axis',(-0.302976415889092,0.952998054255621,0.));
#8883=DIRECTION('ref_axis',(0.,0.,1.));
#8884=DIRECTION('',(-0.952998054255621,-0.302976415889092,0.));
#8885=DIRECTION('',(0.,0.,1.));
#8886=DIRECTION('center_axis',(-1.,0.,0.));
#8887=DIRECTION('ref_axis',(0.,0.,1.));
#8888=DIRECTION('',(0.,-1.,0.));
#8889=DIRECTION('center_axis',(0.,0.,1.));
#8890=DIRECTION('ref_axis',(1.,0.,0.));
#8891=DIRECTION('',(1.,0.,0.));
#8892=DIRECTION('',(0.,1.,0.));
#8893=DIRECTION('',(-1.,0.,0.));
#8894=DIRECTION('',(0.,-1.,0.));
#8895=DIRECTION('',(1.,0.,0.));
#8896=DIRECTION('',(0.790414476351604,-0.612572408433337,0.));
#8897=DIRECTION('',(0.,0.,1.));
#8898=DIRECTION('',(0.,0.,1.));
#8899=DIRECTION('',(0.,0.,1.));
#8900=DIRECTION('',(0.,0.,1.));
#8901=DIRECTION('center_axis',(0.,-1.,0.));
#8902=DIRECTION('ref_axis',(0.,0.,-1.));
#8903=DIRECTION('',(1.,0.,0.));
#8904=DIRECTION('',(0.,0.,1.));
#8905=DIRECTION('center_axis',(1.,0.,0.));
#8906=DIRECTION('ref_axis',(0.,0.,-1.));
#8907=DIRECTION('',(0.,1.,0.));
#8908=DIRECTION('',(0.,0.,1.));
#8909=DIRECTION('center_axis',(0.,1.,0.));
#8910=DIRECTION('ref_axis',(0.,0.,1.));
#8911=DIRECTION('',(-1.,0.,0.));
#8912=DIRECTION('',(0.,0.,1.));
#8913=DIRECTION('center_axis',(-1.,0.,0.));
#8914=DIRECTION('ref_axis',(0.,0.,1.));
#8915=DIRECTION('',(0.,-1.,0.));
#8916=DIRECTION('',(0.,0.,1.));
#8917=DIRECTION('center_axis',(0.,-1.,0.));
#8918=DIRECTION('ref_axis',(0.,0.,-1.));
#8919=DIRECTION('',(1.,0.,0.));
#8920=DIRECTION('',(0.,0.,1.));
#8921=DIRECTION('',(0.,0.,1.));
#8922=DIRECTION('',(0.,0.,1.));
#8923=DIRECTION('',(0.,0.,1.));
#8924=DIRECTION('',(0.,0.,1.));
#8925=DIRECTION('center_axis',(-0.612572408433337,-0.790414476351604,0.));
#8926=DIRECTION('ref_axis',(0.,0.,1.));
#8927=DIRECTION('',(0.790414476351604,-0.612572408433337,0.));
#8928=DIRECTION('',(0.,0.,1.));
#8929=DIRECTION('center_axis',(0.,0.,1.));
#8930=DIRECTION('ref_axis',(1.,0.,0.));
#8931=DIRECTION('',(1.,0.,0.));
#8932=DIRECTION('',(-1.,0.,0.));
#8933=DIRECTION('',(-1.,0.,0.));
#8934=DIRECTION('',(1.,0.,0.));
#8935=DIRECTION('',(0.,0.,1.));
#8936=DIRECTION('',(0.,0.,1.));
#8937=DIRECTION('center_axis',(0.,-1.,0.));
#8938=DIRECTION('ref_axis',(0.,0.,-1.));
#8939=DIRECTION('',(1.,0.,0.));
#8940=DIRECTION('',(0.,0.,1.));
#8941=DIRECTION('',(0.,0.,1.));
#8942=DIRECTION('',(0.,0.,1.));
#8943=DIRECTION('',(0.,0.,1.));
#8944=DIRECTION('',(0.,0.,1.));
#8945=DIRECTION('',(0.,0.,1.));
#8946=DIRECTION('',(0.,0.,1.));
#8947=DIRECTION('center_axis',(0.,1.,0.));
#8948=DIRECTION('ref_axis',(0.,0.,1.));
#8949=DIRECTION('',(-1.,0.,0.));
#8950=DIRECTION('',(0.,0.,1.));
#8951=DIRECTION('',(0.,0.,1.));
#8952=DIRECTION('',(0.,0.,1.));
#8953=DIRECTION('',(0.,0.,1.));
#8954=DIRECTION('',(0.,0.,1.));
#8955=DIRECTION('',(0.,0.,1.));
#8956=DIRECTION('',(0.,0.,1.));
#8957=DIRECTION('',(0.,0.,1.));
#8958=DIRECTION('center_axis',(0.,-1.,0.));
#8959=DIRECTION('ref_axis',(0.,0.,-1.));
#8960=DIRECTION('',(1.,0.,0.));
#8961=DIRECTION('',(0.,0.,1.));
#8962=DIRECTION('',(0.,0.,1.));
#8963=DIRECTION('',(0.,0.,1.));
#8964=DIRECTION('',(0.,0.,1.));
#8965=DIRECTION('',(0.,0.,1.));
#8966=DIRECTION('center_axis',(0.,1.,0.));
#8967=DIRECTION('ref_axis',(0.,0.,1.));
#8968=DIRECTION('',(-1.,0.,0.));
#8969=DIRECTION('',(0.,0.,1.));
#8970=DIRECTION('',(0.,0.,1.));
#8971=DIRECTION('center_axis',(0.,0.,1.));
#8972=DIRECTION('ref_axis',(1.,0.,0.));
#8973=DIRECTION('',(-1.,0.,0.));
#8974=DIRECTION('',(0.,-1.,0.));
#8975=DIRECTION('',(1.,0.,0.));
#8976=DIRECTION('',(-0.565527694111372,-0.824729305404552,0.));
#8977=DIRECTION('',(-1.,0.,0.));
#8978=DIRECTION('',(0.,1.,0.));
#8979=DIRECTION('',(0.,1.,0.));
#8980=DIRECTION('',(1.,0.,0.));
#8981=DIRECTION('',(0.,0.,1.));
#8982=DIRECTION('',(0.,0.,1.));
#8983=DIRECTION('center_axis',(0.,1.,0.));
#8984=DIRECTION('ref_axis',(0.,0.,1.));
#8985=DIRECTION('',(-1.,0.,0.));
#8986=DIRECTION('',(0.,0.,1.));
#8987=DIRECTION('center_axis',(-1.,0.,0.));
#8988=DIRECTION('ref_axis',(0.,0.,1.));
#8989=DIRECTION('',(0.,-1.,0.));
#8990=DIRECTION('',(0.,0.,1.));
#8991=DIRECTION('center_axis',(0.,-1.,0.));
#8992=DIRECTION('ref_axis',(0.,0.,-1.));
#8993=DIRECTION('',(1.,0.,0.));
#8994=DIRECTION('',(0.,0.,1.));
#8995=DIRECTION('',(0.,0.,1.));
#8996=DIRECTION('',(0.,0.,1.));
#8997=DIRECTION('',(0.,0.,1.));
#8998=DIRECTION('',(0.,0.,1.));
#8999=DIRECTION('',(0.,0.,1.));
#9000=DIRECTION('center_axis',(-0.824729305404552,0.565527694111372,0.));
#9001=DIRECTION('ref_axis',(0.,0.,1.));
#9002=DIRECTION('',(-0.565527694111372,-0.824729305404552,0.));
#9003=DIRECTION('',(0.,0.,1.));
#9004=DIRECTION('',(0.,0.,1.));
#9005=DIRECTION('',(0.,0.,1.));
#9006=DIRECTION('',(0.,0.,1.));
#9007=DIRECTION('',(0.,0.,1.));
#9008=DIRECTION('center_axis',(0.,1.,0.));
#9009=DIRECTION('ref_axis',(0.,0.,1.));
#9010=DIRECTION('',(-1.,0.,0.));
#9011=DIRECTION('',(0.,0.,1.));
#9012=DIRECTION('center_axis',(1.,0.,0.));
#9013=DIRECTION('ref_axis',(0.,0.,-1.));
#9014=DIRECTION('',(0.,1.,0.));
#9015=DIRECTION('',(0.,0.,1.));
#9016=DIRECTION('',(0.,0.,1.));
#9017=DIRECTION('',(0.,0.,1.));
#9018=DIRECTION('',(0.,0.,1.));
#9019=DIRECTION('',(0.,0.,1.));
#9020=DIRECTION('',(0.,0.,1.));
#9021=DIRECTION('',(0.,0.,1.));
#9022=DIRECTION('',(0.,0.,1.));
#9023=DIRECTION('',(0.,0.,1.));
#9024=DIRECTION('',(0.,0.,1.));
#9025=DIRECTION('',(0.,0.,1.));
#9026=DIRECTION('',(0.,0.,1.));
#9027=DIRECTION('',(0.,0.,1.));
#9028=DIRECTION('center_axis',(-1.,0.,0.));
#9029=DIRECTION('ref_axis',(0.,0.,1.));
#9030=DIRECTION('',(0.,-1.,0.));
#9031=DIRECTION('',(0.,0.,1.));
#9032=DIRECTION('center_axis',(0.,1.,0.));
#9033=DIRECTION('ref_axis',(0.,0.,1.));
#9034=DIRECTION('',(-1.,0.,0.));
#9035=DIRECTION('center_axis',(0.,0.,1.));
#9036=DIRECTION('ref_axis',(1.,0.,0.));
#9037=DIRECTION('',(-0.554700531183587,0.832050071032174,0.));
#9038=DIRECTION('',(-1.,0.,0.));
#9039=DIRECTION('',(0.530284478202759,-0.847819775764418,0.));
#9040=DIRECTION('',(-1.,0.,0.));
#9041=DIRECTION('',(0.,-1.,0.));
#9042=DIRECTION('',(1.,0.,0.));
#9043=DIRECTION('',(0.,1.,0.));
#9044=DIRECTION('center_axis',(0.832050071032174,0.554700531183587,0.));
#9045=DIRECTION('ref_axis',(0.,0.,-1.));
#9046=DIRECTION('',(0.,0.,1.));
#9047=DIRECTION('',(-0.554700531183587,0.832050071032174,0.));
#9048=DIRECTION('',(0.,0.,1.));
#9049=DIRECTION('center_axis',(0.,1.,0.));
#9050=DIRECTION('ref_axis',(0.,0.,1.));
#9051=DIRECTION('',(-1.,0.,0.));
#9052=DIRECTION('',(0.,0.,1.));
#9053=DIRECTION('center_axis',(-0.847819775764418,-0.530284478202759,0.));
#9054=DIRECTION('ref_axis',(0.,0.,1.));
#9055=DIRECTION('',(0.530284478202759,-0.847819775764418,0.));
#9056=DIRECTION('',(0.,0.,1.));
#9057=DIRECTION('center_axis',(0.,1.,0.));
#9058=DIRECTION('ref_axis',(0.,0.,1.));
#9059=DIRECTION('',(-1.,0.,0.));
#9060=DIRECTION('',(0.,0.,1.));
#9061=DIRECTION('center_axis',(-1.,0.,0.));
#9062=DIRECTION('ref_axis',(0.,0.,1.));
#9063=DIRECTION('',(0.,-1.,0.));
#9064=DIRECTION('',(0.,0.,1.));
#9065=DIRECTION('center_axis',(0.,-1.,0.));
#9066=DIRECTION('ref_axis',(0.,0.,-1.));
#9067=DIRECTION('',(1.,0.,0.));
#9068=DIRECTION('',(0.,0.,1.));
#9069=DIRECTION('center_axis',(1.,0.,0.));
#9070=DIRECTION('ref_axis',(0.,0.,-1.));
#9071=DIRECTION('',(0.,1.,0.));
#9072=DIRECTION('center_axis',(0.,0.,1.));
#9073=DIRECTION('ref_axis',(1.,0.,0.));
#9074=DIRECTION('',(0.,-1.,0.));
#9075=DIRECTION('',(1.,0.,0.));
#9076=DIRECTION('',(0.,1.,0.));
#9077=DIRECTION('',(-1.,0.,0.));
#9078=DIRECTION('center_axis',(-1.,0.,0.));
#9079=DIRECTION('ref_axis',(0.,0.,1.));
#9080=DIRECTION('',(0.,0.,1.));
#9081=DIRECTION('',(0.,-1.,0.));
#9082=DIRECTION('',(0.,0.,1.));
#9083=DIRECTION('center_axis',(0.,-1.,0.));
#9084=DIRECTION('ref_axis',(0.,0.,-1.));
#9085=DIRECTION('',(1.,0.,0.));
#9086=DIRECTION('',(0.,0.,1.));
#9087=DIRECTION('center_axis',(1.,0.,0.));
#9088=DIRECTION('ref_axis',(0.,0.,-1.));
#9089=DIRECTION('',(0.,1.,0.));
#9090=DIRECTION('',(0.,0.,1.));
#9091=DIRECTION('center_axis',(0.,1.,0.));
#9092=DIRECTION('ref_axis',(0.,0.,1.));
#9093=DIRECTION('',(-1.,0.,0.));
#9094=DIRECTION('center_axis',(0.,0.,1.));
#9095=DIRECTION('ref_axis',(1.,0.,0.));
#9096=DIRECTION('',(-1.,0.,0.));
#9097=DIRECTION('',(0.,-1.,0.));
#9098=DIRECTION('',(1.,0.,0.));
#9099=DIRECTION('',(0.,1.,0.));
#9100=DIRECTION('',(-1.,0.,0.));
#9101=DIRECTION('',(-1.,0.,0.));
#9102=DIRECTION('',(-1.,0.,0.));
#9103=DIRECTION('',(1.,0.,0.));
#9104=DIRECTION('center_axis',(0.,1.,0.));
#9105=DIRECTION('ref_axis',(0.,0.,1.));
#9106=DIRECTION('',(0.,0.,1.));
#9107=DIRECTION('',(-1.,0.,0.));
#9108=DIRECTION('',(0.,0.,1.));
#9109=DIRECTION('center_axis',(-1.,0.,0.));
#9110=DIRECTION('ref_axis',(0.,0.,1.));
#9111=DIRECTION('',(0.,-1.,0.));
#9112=DIRECTION('',(0.,0.,1.));
#9113=DIRECTION('center_axis',(0.,-1.,0.));
#9114=DIRECTION('ref_axis',(0.,0.,-1.));
#9115=DIRECTION('',(1.,0.,0.));
#9116=DIRECTION('',(0.,0.,1.));
#9117=DIRECTION('center_axis',(1.,0.,0.));
#9118=DIRECTION('ref_axis',(0.,0.,-1.));
#9119=DIRECTION('',(0.,1.,0.));
#9120=DIRECTION('',(0.,0.,1.));
#9121=DIRECTION('center_axis',(0.,1.,0.));
#9122=DIRECTION('ref_axis',(0.,0.,1.));
#9123=DIRECTION('',(-1.,0.,0.));
#9124=DIRECTION('',(0.,0.,1.));
#9125=DIRECTION('',(0.,0.,1.));
#9126=DIRECTION('',(0.,0.,1.));
#9127=DIRECTION('',(0.,0.,1.));
#9128=DIRECTION('',(0.,0.,1.));
#9129=DIRECTION('',(0.,0.,1.));
#9130=DIRECTION('center_axis',(0.,1.,0.));
#9131=DIRECTION('ref_axis',(0.,0.,1.));
#9132=DIRECTION('',(-1.,0.,0.));
#9133=DIRECTION('',(0.,0.,1.));
#9134=DIRECTION('',(0.,0.,1.));
#9135=DIRECTION('',(0.,0.,1.));
#9136=DIRECTION('',(0.,0.,1.));
#9137=DIRECTION('',(0.,0.,1.));
#9138=DIRECTION('',(0.,0.,1.));
#9139=DIRECTION('',(0.,0.,1.));
#9140=DIRECTION('',(0.,0.,1.));
#9141=DIRECTION('',(0.,0.,1.));
#9142=DIRECTION('',(0.,0.,1.));
#9143=DIRECTION('',(0.,0.,1.));
#9144=DIRECTION('center_axis',(0.,-1.,0.));
#9145=DIRECTION('ref_axis',(0.,0.,-1.));
#9146=DIRECTION('',(1.,0.,0.));
#9147=DIRECTION('',(0.,0.,1.));
#9148=DIRECTION('',(0.,0.,1.));
#9149=DIRECTION('',(0.,0.,1.));
#9150=DIRECTION('',(0.,0.,1.));
#9151=DIRECTION('',(0.,0.,1.));
#9152=DIRECTION('',(0.,0.,1.));
#9153=DIRECTION('center_axis',(0.,1.,0.));
#9154=DIRECTION('ref_axis',(0.,0.,1.));
#9155=DIRECTION('',(-1.,0.,0.));
#9156=DIRECTION('center_axis',(0.,0.,1.));
#9157=DIRECTION('ref_axis',(1.,0.,0.));
#9158=DIRECTION('',(1.,0.,0.));
#9159=DIRECTION('',(0.,1.,0.));
#9160=DIRECTION('',(-1.,0.,0.));
#9161=DIRECTION('',(0.,-1.,0.));
#9162=DIRECTION('',(0.,1.,0.));
#9163=DIRECTION('',(0.,-1.,0.));
#9164=DIRECTION('',(-1.,0.,0.));
#9165=DIRECTION('',(0.,1.,0.));
#9166=DIRECTION('',(1.,0.,0.));
#9167=DIRECTION('',(0.,-1.,0.));
#9168=DIRECTION('',(-1.,0.,0.));
#9169=DIRECTION('',(0.,0.,1.));
#9170=DIRECTION('',(0.,0.,1.));
#9171=DIRECTION('',(0.,0.,1.));
#9172=DIRECTION('',(0.,0.,1.));
#9173=DIRECTION('center_axis',(0.,-1.,0.));
#9174=DIRECTION('ref_axis',(0.,0.,-1.));
#9175=DIRECTION('',(1.,0.,0.));
#9176=DIRECTION('',(0.,0.,1.));
#9177=DIRECTION('',(0.,0.,1.));
#9178=DIRECTION('',(0.,0.,1.));
#9179=DIRECTION('',(0.,0.,1.));
#9180=DIRECTION('',(0.,0.,1.));
#9181=DIRECTION('',(0.,0.,1.));
#9182=DIRECTION('',(0.,0.,1.));
#9183=DIRECTION('',(0.,0.,1.));
#9184=DIRECTION('',(0.,0.,1.));
#9185=DIRECTION('',(0.,0.,1.));
#9186=DIRECTION('center_axis',(1.,0.,0.));
#9187=DIRECTION('ref_axis',(0.,0.,-1.));
#9188=DIRECTION('',(0.,1.,0.));
#9189=DIRECTION('',(0.,0.,1.));
#9190=DIRECTION('center_axis',(0.,1.,0.));
#9191=DIRECTION('ref_axis',(0.,0.,1.));
#9192=DIRECTION('',(-1.,0.,0.));
#9193=DIRECTION('',(0.,0.,1.));
#9194=DIRECTION('center_axis',(-1.,0.,0.));
#9195=DIRECTION('ref_axis',(0.,0.,1.));
#9196=DIRECTION('',(0.,-1.,0.));
#9197=DIRECTION('center_axis',(-1.,0.,0.));
#9198=DIRECTION('ref_axis',(0.,0.,1.));
#9199=DIRECTION('',(0.,0.,1.));
#9200=DIRECTION('',(0.,-1.,0.));
#9201=DIRECTION('',(0.,0.,1.));
#9202=DIRECTION('',(0.,0.,1.));
#9203=DIRECTION('',(0.,0.,1.));
#9204=DIRECTION('',(0.,0.,1.));
#9205=DIRECTION('',(0.,0.,1.));
#9206=DIRECTION('center_axis',(1.,0.,0.));
#9207=DIRECTION('ref_axis',(0.,0.,-1.));
#9208=DIRECTION('',(0.,1.,0.));
#9209=DIRECTION('',(0.,0.,1.));
#9210=DIRECTION('center_axis',(0.,-1.,0.));
#9211=DIRECTION('ref_axis',(0.,0.,-1.));
#9212=DIRECTION('',(1.,0.,0.));
#9213=DIRECTION('center_axis',(-1.,0.,0.));
#9214=DIRECTION('ref_axis',(0.,0.,1.));
#9215=DIRECTION('',(0.,0.,1.));
#9216=DIRECTION('',(0.,-1.,0.));
#9217=DIRECTION('',(0.,0.,1.));
#9218=DIRECTION('',(0.,0.,1.));
#9219=DIRECTION('',(0.,0.,1.));
#9220=DIRECTION('',(0.,0.,1.));
#9221=DIRECTION('center_axis',(0.,1.,0.));
#9222=DIRECTION('ref_axis',(0.,0.,1.));
#9223=DIRECTION('',(-1.,0.,0.));
#9224=DIRECTION('',(0.,0.,1.));
#9225=DIRECTION('',(0.,0.,1.));
#9226=DIRECTION('',(0.,0.,1.));
#9227=DIRECTION('center_axis',(1.,0.,0.));
#9228=DIRECTION('ref_axis',(0.,0.,-1.));
#9229=DIRECTION('',(0.,1.,0.));
#9230=DIRECTION('',(0.,0.,1.));
#9231=DIRECTION('center_axis',(0.,-1.,0.));
#9232=DIRECTION('ref_axis',(0.,0.,-1.));
#9233=DIRECTION('',(1.,0.,0.));
#9234=DIRECTION('center_axis',(0.,0.,1.));
#9235=DIRECTION('ref_axis',(1.,0.,0.));
#9236=DIRECTION('',(-1.,0.,0.));
#9237=DIRECTION('',(0.,-1.,0.));
#9238=DIRECTION('',(1.,0.,0.));
#9239=DIRECTION('',(-0.565528576031843,-0.824728700659433,0.));
#9240=DIRECTION('',(-1.,0.,0.));
#9241=DIRECTION('',(0.,1.,0.));
#9242=DIRECTION('',(0.,1.,0.));
#9243=DIRECTION('',(1.,0.,0.));
#9244=DIRECTION('',(0.,0.,1.));
#9245=DIRECTION('',(0.,0.,1.));
#9246=DIRECTION('center_axis',(0.,1.,0.));
#9247=DIRECTION('ref_axis',(0.,0.,1.));
#9248=DIRECTION('',(-1.,0.,0.));
#9249=DIRECTION('',(0.,0.,1.));
#9250=DIRECTION('center_axis',(-1.,0.,0.));
#9251=DIRECTION('ref_axis',(0.,0.,1.));
#9252=DIRECTION('',(0.,-1.,0.));
#9253=DIRECTION('',(0.,0.,1.));
#9254=DIRECTION('center_axis',(0.,-1.,0.));
#9255=DIRECTION('ref_axis',(0.,0.,-1.));
#9256=DIRECTION('',(1.,0.,0.));
#9257=DIRECTION('',(0.,0.,1.));
#9258=DIRECTION('',(0.,0.,1.));
#9259=DIRECTION('',(0.,0.,1.));
#9260=DIRECTION('',(0.,0.,1.));
#9261=DIRECTION('',(0.,0.,1.));
#9262=DIRECTION('',(0.,0.,1.));
#9263=DIRECTION('center_axis',(-0.824728700659433,0.565528576031843,0.));
#9264=DIRECTION('ref_axis',(0.,0.,1.));
#9265=DIRECTION('',(-0.565528576031843,-0.824728700659433,0.));
#9266=DIRECTION('',(0.,0.,1.));
#9267=DIRECTION('',(0.,0.,1.));
#9268=DIRECTION('',(0.,0.,1.));
#9269=DIRECTION('',(0.,0.,1.));
#9270=DIRECTION('',(0.,0.,1.));
#9271=DIRECTION('center_axis',(0.,1.,0.));
#9272=DIRECTION('ref_axis',(0.,0.,1.));
#9273=DIRECTION('',(-1.,0.,0.));
#9274=DIRECTION('',(0.,0.,1.));
#9275=DIRECTION('center_axis',(1.,0.,0.));
#9276=DIRECTION('ref_axis',(0.,0.,-1.));
#9277=DIRECTION('',(0.,1.,0.));
#9278=DIRECTION('',(0.,0.,1.));
#9279=DIRECTION('',(0.,0.,1.));
#9280=DIRECTION('',(0.,0.,1.));
#9281=DIRECTION('',(0.,0.,1.));
#9282=DIRECTION('',(0.,0.,1.));
#9283=DIRECTION('',(0.,0.,1.));
#9284=DIRECTION('',(0.,0.,1.));
#9285=DIRECTION('',(0.,0.,1.));
#9286=DIRECTION('',(0.,0.,1.));
#9287=DIRECTION('',(0.,0.,1.));
#9288=DIRECTION('',(0.,0.,1.));
#9289=DIRECTION('',(0.,0.,1.));
#9290=DIRECTION('',(0.,0.,1.));
#9291=DIRECTION('center_axis',(-1.,0.,0.));
#9292=DIRECTION('ref_axis',(0.,0.,1.));
#9293=DIRECTION('',(0.,-1.,0.));
#9294=DIRECTION('',(0.,0.,1.));
#9295=DIRECTION('center_axis',(0.,1.,0.));
#9296=DIRECTION('ref_axis',(0.,0.,1.));
#9297=DIRECTION('',(-1.,0.,0.));
#9298=DIRECTION('center_axis',(0.,0.,1.));
#9299=DIRECTION('ref_axis',(1.,0.,0.));
#9300=DIRECTION('',(0.,1.,0.));
#9301=DIRECTION('',(-1.,0.,0.));
#9302=DIRECTION('',(0.,-1.,0.));
#9303=DIRECTION('',(0.945310233181503,-0.326172597013195,0.));
#9304=DIRECTION('',(0.,1.,0.));
#9305=DIRECTION('',(-0.95037104975429,0.311118735837185,0.));
#9306=DIRECTION('',(0.942646356118005,0.333793120506472,0.));
#9307=DIRECTION('',(0.,1.,0.));
#9308=DIRECTION('',(-0.938271672247841,-0.345899218063931,0.));
#9309=DIRECTION('',(-0.95037104975429,0.311118735837185,0.));
#9310=DIRECTION('',(0.,0.,1.));
#9311=DIRECTION('',(0.,0.,1.));
#9312=DIRECTION('center_axis',(1.,0.,0.));
#9313=DIRECTION('ref_axis',(0.,0.,-1.));
#9314=DIRECTION('',(0.,1.,0.));
#9315=DIRECTION('',(0.,0.,1.));
#9316=DIRECTION('center_axis',(0.,1.,0.));
#9317=DIRECTION('ref_axis',(0.,0.,1.));
#9318=DIRECTION('',(-1.,0.,0.));
#9319=DIRECTION('',(0.,0.,1.));
#9320=DIRECTION('center_axis',(-1.,0.,0.));
#9321=DIRECTION('ref_axis',(0.,0.,1.));
#9322=DIRECTION('',(0.,-1.,0.));
#9323=DIRECTION('',(0.,0.,1.));
#9324=DIRECTION('',(0.,0.,1.));
#9325=DIRECTION('',(0.,0.,1.));
#9326=DIRECTION('',(0.,0.,1.));
#9327=DIRECTION('center_axis',(-0.326172597013195,-0.945310233181503,0.));
#9328=DIRECTION('ref_axis',(0.,0.,-1.));
#9329=DIRECTION('',(0.945310233181503,-0.326172597013195,0.));
#9330=DIRECTION('',(0.,0.,1.));
#9331=DIRECTION('center_axis',(1.,0.,0.));
#9332=DIRECTION('ref_axis',(0.,0.,-1.));
#9333=DIRECTION('',(0.,1.,0.));
#9334=DIRECTION('',(0.,0.,1.));
#9335=DIRECTION('center_axis',(0.311118735837185,0.95037104975429,0.));
#9336=DIRECTION('ref_axis',(0.,0.,1.));
#9337=DIRECTION('',(-0.95037104975429,0.311118735837185,0.));
#9338=DIRECTION('',(0.,0.,1.));
#9339=DIRECTION('center_axis',(0.333793120506472,-0.942646356118005,0.));
#9340=DIRECTION('ref_axis',(0.,0.,-1.));
#9341=DIRECTION('',(0.942646356118005,0.333793120506472,0.));
#9342=DIRECTION('',(0.,0.,1.));
#9343=DIRECTION('center_axis',(1.,0.,0.));
#9344=DIRECTION('ref_axis',(0.,0.,-1.));
#9345=DIRECTION('',(0.,1.,0.));
#9346=DIRECTION('',(0.,0.,1.));
#9347=DIRECTION('center_axis',(-0.345899218063931,0.938271672247842,0.));
#9348=DIRECTION('ref_axis',(0.,0.,1.));
#9349=DIRECTION('',(-0.938271672247841,-0.345899218063931,0.));
#9350=DIRECTION('',(0.,0.,1.));
#9351=DIRECTION('center_axis',(0.311118735837185,0.95037104975429,0.));
#9352=DIRECTION('ref_axis',(0.,0.,1.));
#9353=DIRECTION('',(-0.95037104975429,0.311118735837185,0.));
#9354=DIRECTION('',(0.,0.,1.));
#9355=DIRECTION('center_axis',(0.,0.,1.));
#9356=DIRECTION('ref_axis',(1.,0.,0.));
#9357=DIRECTION('center_axis',(0.,0.,1.));
#9358=DIRECTION('ref_axis',(1.,0.,0.));
#9359=DIRECTION('center_axis',(0.,0.,1.));
#9360=DIRECTION('ref_axis',(1.,0.,0.));
#9361=DIRECTION('center_axis',(0.,0.,1.));
#9362=DIRECTION('ref_axis',(1.,0.,0.));
#9363=DIRECTION('center_axis',(0.,0.,1.));
#9364=DIRECTION('ref_axis',(1.,0.,0.));
#9365=DIRECTION('center_axis',(0.,0.,1.));
#9366=DIRECTION('ref_axis',(1.,0.,0.));
#9367=DIRECTION('center_axis',(0.,0.,1.));
#9368=DIRECTION('ref_axis',(1.,0.,0.));
#9369=DIRECTION('center_axis',(0.,-1.,0.));
#9370=DIRECTION('ref_axis',(-1.,0.,0.));
#9371=DIRECTION('center_axis',(0.,0.,1.));
#9372=DIRECTION('ref_axis',(0.707106781186547,0.707106781186547,0.));
#9373=DIRECTION('center_axis',(-1.,0.,0.));
#9374=DIRECTION('ref_axis',(0.,0.,-1.));
#9375=DIRECTION('center_axis',(0.,0.,-1.));
#9376=DIRECTION('ref_axis',(0.707106781186548,0.707106781186548,0.));
#9377=DIRECTION('center_axis',(1.,0.,0.));
#9378=DIRECTION('ref_axis',(0.,-0.707106781186548,-0.707106781186547));
#9379=DIRECTION('center_axis',(-1.,0.,0.));
#9380=DIRECTION('ref_axis',(0.,0.,-1.));
#9381=DIRECTION('',(-1.,0.,0.));
#9382=DIRECTION('',(-1.,0.,0.));
#9383=DIRECTION('center_axis',(0.,0.,1.));
#9384=DIRECTION('ref_axis',(1.,0.,0.));
#9385=DIRECTION('center_axis',(0.,0.,1.));
#9386=DIRECTION('ref_axis',(-0.707106781186547,0.707106781186548,0.));
#9387=DIRECTION('center_axis',(0.,-1.,0.));
#9388=DIRECTION('ref_axis',(0.,0.,-1.));
#9389=DIRECTION('center_axis',(0.,0.,-1.));
#9390=DIRECTION('ref_axis',(-0.707106781186547,0.707106781186548,0.));
#9391=DIRECTION('center_axis',(0.,1.,0.));
#9392=DIRECTION('ref_axis',(0.707106781186548,0.,-0.707106781186547));
#9393=DIRECTION('center_axis',(0.,-1.,0.));
#9394=DIRECTION('ref_axis',(0.,0.,-1.));
#9395=DIRECTION('',(0.,-1.,0.));
#9396=DIRECTION('',(0.,-1.,0.));
#9397=DIRECTION('center_axis',(0.,0.,1.));
#9398=DIRECTION('ref_axis',(1.,0.,0.));
#9399=DIRECTION('center_axis',(0.,0.,1.));
#9400=DIRECTION('ref_axis',(-0.707106781186546,-0.707106781186549,0.));
#9401=DIRECTION('center_axis',(1.,0.,0.));
#9402=DIRECTION('ref_axis',(0.,0.,-1.));
#9403=DIRECTION('center_axis',(0.,0.,-1.));
#9404=DIRECTION('ref_axis',(-0.707106781186546,-0.707106781186549,0.));
#9405=DIRECTION('center_axis',(-1.,0.,0.));
#9406=DIRECTION('ref_axis',(0.,0.707106781186548,-0.707106781186547));
#9407=DIRECTION('center_axis',(1.,0.,0.));
#9408=DIRECTION('ref_axis',(0.,0.,-1.));
#9409=DIRECTION('',(1.,0.,0.));
#9410=DIRECTION('',(1.,0.,0.));
#9411=DIRECTION('center_axis',(0.,0.,1.));
#9412=DIRECTION('ref_axis',(1.,0.,0.));
#9413=DIRECTION('center_axis',(0.,0.,1.));
#9414=DIRECTION('ref_axis',(0.707106781186547,-0.707106781186547,0.));
#9415=DIRECTION('center_axis',(0.,1.,0.));
#9416=DIRECTION('ref_axis',(0.,0.,-1.));
#9417=DIRECTION('center_axis',(0.,0.,-1.));
#9418=DIRECTION('ref_axis',(0.707106781186549,-0.707106781186546,0.));
#9419=DIRECTION('center_axis',(0.,-1.,0.));
#9420=DIRECTION('ref_axis',(-0.707106781186548,0.,-0.707106781186547));
#9421=DIRECTION('',(0.,1.,0.));
#9422=DIRECTION('',(0.,1.,0.));
#9423=DIRECTION('center_axis',(0.,0.,1.));
#9424=DIRECTION('ref_axis',(1.,0.,0.));
#9425=DIRECTION('center_axis',(0.,0.,-1.));
#9426=DIRECTION('ref_axis',(0.707106781186547,0.707106781186547,0.));
#9427=DIRECTION('',(-1.,0.,0.));
#9428=DIRECTION('center_axis',(0.,0.,-1.));
#9429=DIRECTION('ref_axis',(-0.707106781186547,0.707106781186547,0.));
#9430=DIRECTION('',(0.,-1.,0.));
#9431=DIRECTION('center_axis',(0.,0.,-1.));
#9432=DIRECTION('ref_axis',(-0.707106781186547,-0.707106781186547,0.));
#9433=DIRECTION('',(1.,0.,0.));
#9434=DIRECTION('center_axis',(0.,0.,-1.));
#9435=DIRECTION('ref_axis',(0.707106781186547,-0.707106781186547,0.));
#9436=DIRECTION('',(0.,1.,0.));
#9437=DIRECTION('center_axis',(0.,0.,1.));
#9438=DIRECTION('ref_axis',(1.,0.,0.));
#9439=DIRECTION('center_axis',(0.,0.,1.));
#9440=DIRECTION('ref_axis',(0.707106781186547,0.707106781186547,0.));
#9441=DIRECTION('',(0.,0.,-1.));
#9442=DIRECTION('center_axis',(0.,0.,1.));
#9443=DIRECTION('ref_axis',(0.707106781186547,0.707106781186547,0.));
#9444=DIRECTION('',(0.,0.,1.));
#9445=DIRECTION('center_axis',(0.,1.,0.));
#9446=DIRECTION('ref_axis',(-1.,0.,0.));
#9447=DIRECTION('',(1.,0.,0.));
#9448=DIRECTION('',(0.,0.,-1.));
#9449=DIRECTION('center_axis',(0.,0.,1.));
#9450=DIRECTION('ref_axis',(-1.,0.,0.));
#9451=DIRECTION('',(0.,-1.,0.));
#9452=DIRECTION('center_axis',(0.,0.,1.));
#9453=DIRECTION('ref_axis',(0.707106781186547,-0.707106781186547,0.));
#9454=DIRECTION('',(-1.,0.,0.));
#9455=DIRECTION('center_axis',(0.,0.,1.));
#9456=DIRECTION('ref_axis',(-0.707106781186547,-0.707106781186547,0.));
#9457=DIRECTION('',(0.,1.,0.));
#9458=DIRECTION('center_axis',(0.,0.,1.));
#9459=DIRECTION('ref_axis',(-0.707106781186547,0.707106781186547,0.));
#9460=DIRECTION('center_axis',(0.,0.,1.));
#9461=DIRECTION('ref_axis',(-0.707106781186547,0.707106781186547,0.));
#9462=DIRECTION('',(0.,0.,1.));
#9463=DIRECTION('center_axis',(-1.,0.,0.));
#9464=DIRECTION('ref_axis',(0.,-1.,0.));
#9465=DIRECTION('',(0.,0.,-1.));
#9466=DIRECTION('center_axis',(0.,0.,1.));
#9467=DIRECTION('ref_axis',(-0.707106781186547,-0.707106781186547,0.));
#9468=DIRECTION('',(0.,0.,1.));
#9469=DIRECTION('center_axis',(0.,-1.,0.));
#9470=DIRECTION('ref_axis',(1.,0.,0.));
#9471=DIRECTION('',(0.,0.,-1.));
#9472=DIRECTION('center_axis',(0.,0.,1.));
#9473=DIRECTION('ref_axis',(0.707106781186547,-0.707106781186547,0.));
#9474=DIRECTION('',(0.,0.,1.));
#9475=DIRECTION('center_axis',(1.,0.,0.));
#9476=DIRECTION('ref_axis',(0.,1.,0.));
#9477=DIRECTION('',(0.,0.,-1.));
#9478=DIRECTION('',(0.,0.,-1.));
#9479=DIRECTION('center_axis',(-1.,0.,0.));
#9480=DIRECTION('ref_axis',(0.,1.,0.));
#9481=DIRECTION('',(0.,1.,0.));
#9482=DIRECTION('',(0.,1.,0.));
#9483=DIRECTION('',(0.,0.,-1.));
#9484=DIRECTION('center_axis',(0.,-1.,0.));
#9485=DIRECTION('ref_axis',(-1.,0.,0.));
#9486=DIRECTION('',(-1.,0.,0.));
#9487=DIRECTION('',(-1.,0.,0.));
#9488=DIRECTION('',(0.,0.,-1.));
#9489=DIRECTION('center_axis',(1.,0.,0.));
#9490=DIRECTION('ref_axis',(0.,-1.,0.));
#9491=DIRECTION('',(0.,-1.,0.));
#9492=DIRECTION('',(0.,-1.,0.));
#9493=DIRECTION('',(0.,0.,-1.));
#9494=DIRECTION('',(0.,0.,-1.));
#9495=DIRECTION('',(0.,0.,-1.));
#9496=DIRECTION('',(0.,0.,-1.));
#9497=DIRECTION('center_axis',(0.326172597013195,0.945310233181503,0.));
#9498=DIRECTION('ref_axis',(0.945310233181503,-0.326172597013195,0.));
#9499=DIRECTION('',(0.945310233181503,-0.326172597013195,0.));
#9500=DIRECTION('',(0.945310233181503,-0.326172597013195,0.));
#9501=DIRECTION('',(0.,0.,-1.));
#9502=DIRECTION('center_axis',(-1.,0.,0.));
#9503=DIRECTION('ref_axis',(0.,1.,0.));
#9504=DIRECTION('',(0.,1.,0.));
#9505=DIRECTION('',(0.,1.,0.));
#9506=DIRECTION('',(0.,0.,-1.));
#9507=DIRECTION('center_axis',(-0.311118735837185,-0.95037104975429,0.));
#9508=DIRECTION('ref_axis',(-0.95037104975429,0.311118735837185,0.));
#9509=DIRECTION('',(-0.95037104975429,0.311118735837185,0.));
#9510=DIRECTION('',(-0.95037104975429,0.311118735837185,0.));
#9511=DIRECTION('',(0.,0.,-1.));
#9512=DIRECTION('center_axis',(-0.333793120506472,0.942646356118005,0.));
#9513=DIRECTION('ref_axis',(0.942646356118005,0.333793120506472,0.));
#9514=DIRECTION('',(0.942646356118005,0.333793120506472,0.));
#9515=DIRECTION('',(0.942646356118005,0.333793120506472,0.));
#9516=DIRECTION('',(0.,0.,-1.));
#9517=DIRECTION('center_axis',(-1.,0.,0.));
#9518=DIRECTION('ref_axis',(0.,1.,0.));
#9519=DIRECTION('',(0.,1.,0.));
#9520=DIRECTION('',(0.,1.,0.));
#9521=DIRECTION('',(0.,0.,-1.));
#9522=DIRECTION('center_axis',(0.345899218063931,-0.938271672247842,0.));
#9523=DIRECTION('ref_axis',(-0.938271672247841,-0.345899218063931,0.));
#9524=DIRECTION('',(-0.938271672247841,-0.345899218063931,0.));
#9525=DIRECTION('',(-0.938271672247841,-0.345899218063931,0.));
#9526=DIRECTION('',(0.,0.,-1.));
#9527=DIRECTION('center_axis',(-0.311118735837185,-0.95037104975429,0.));
#9528=DIRECTION('ref_axis',(-0.95037104975429,0.311118735837185,0.));
#9529=DIRECTION('',(-0.95037104975429,0.311118735837185,0.));
#9530=DIRECTION('',(-0.95037104975429,0.311118735837185,0.));
#9531=DIRECTION('',(0.,0.,-1.));
#9532=DIRECTION('center_axis',(0.,0.,1.));
#9533=DIRECTION('ref_axis',(-1.,0.,0.));
#9534=DIRECTION('center_axis',(0.,0.,1.));
#9535=DIRECTION('ref_axis',(-1.,0.,0.));
#9536=DIRECTION('',(0.,0.,-1.));
#9537=DIRECTION('',(0.,0.,-1.));
#9538=DIRECTION('',(0.,0.,-1.));
#9539=DIRECTION('',(0.,0.,-1.));
#9540=DIRECTION('',(0.,0.,-1.));
#9541=DIRECTION('',(0.,0.,-1.));
#9542=DIRECTION('center_axis',(1.,0.,0.));
#9543=DIRECTION('ref_axis',(0.,-1.,0.));
#9544=DIRECTION('',(0.,1.,0.));
#9545=DIRECTION('',(0.,-1.,0.));
#9546=DIRECTION('',(0.,0.,-1.));
#9547=DIRECTION('center_axis',(0.,-1.,0.));
#9548=DIRECTION('ref_axis',(-1.,0.,0.));
#9549=DIRECTION('',(1.,0.,0.));
#9550=DIRECTION('',(-1.,0.,0.));
#9551=DIRECTION('',(0.,0.,-1.));
#9552=DIRECTION('',(0.,0.,-1.));
#9553=DIRECTION('',(0.,0.,-1.));
#9554=DIRECTION('center_axis',(0.,-1.,0.));
#9555=DIRECTION('ref_axis',(-1.,0.,0.));
#9556=DIRECTION('',(-1.,0.,0.));
#9557=DIRECTION('',(-1.,0.,0.));
#9558=DIRECTION('',(0.,0.,-1.));
#9559=DIRECTION('center_axis',(1.,0.,0.));
#9560=DIRECTION('ref_axis',(0.,-1.,0.));
#9561=DIRECTION('',(0.,-1.,0.));
#9562=DIRECTION('',(0.,-1.,0.));
#9563=DIRECTION('',(0.,0.,-1.));
#9564=DIRECTION('center_axis',(0.,1.,0.));
#9565=DIRECTION('ref_axis',(1.,0.,0.));
#9566=DIRECTION('',(1.,0.,0.));
#9567=DIRECTION('',(1.,0.,0.));
#9568=DIRECTION('',(0.,0.,-1.));
#9569=DIRECTION('',(0.,0.,-1.));
#9570=DIRECTION('',(0.,0.,-1.));
#9571=DIRECTION('',(0.,0.,-1.));
#9572=DIRECTION('',(0.,0.,-1.));
#9573=DIRECTION('',(0.,0.,-1.));
#9574=DIRECTION('center_axis',(0.824728700659433,-0.565528576031843,0.));
#9575=DIRECTION('ref_axis',(-0.565528576031843,-0.824728700659433,0.));
#9576=DIRECTION('',(-0.565528576031843,-0.824728700659433,0.));
#9577=DIRECTION('',(-0.565528576031843,-0.824728700659433,0.));
#9578=DIRECTION('',(0.,0.,-1.));
#9579=DIRECTION('',(0.,0.,-1.));
#9580=DIRECTION('',(0.,0.,-1.));
#9581=DIRECTION('',(0.,0.,-1.));
#9582=DIRECTION('',(0.,0.,-1.));
#9583=DIRECTION('center_axis',(0.,-1.,0.));
#9584=DIRECTION('ref_axis',(-1.,0.,0.));
#9585=DIRECTION('',(-1.,0.,0.));
#9586=DIRECTION('',(-1.,0.,0.));
#9587=DIRECTION('',(0.,0.,-1.));
#9588=DIRECTION('center_axis',(-1.,0.,0.));
#9589=DIRECTION('ref_axis',(0.,1.,0.));
#9590=DIRECTION('',(0.,1.,0.));
#9591=DIRECTION('',(0.,1.,0.));
#9592=DIRECTION('',(0.,0.,-1.));
#9593=DIRECTION('',(0.,0.,-1.));
#9594=DIRECTION('',(0.,0.,-1.));
#9595=DIRECTION('',(0.,0.,-1.));
#9596=DIRECTION('',(0.,0.,-1.));
#9597=DIRECTION('',(0.,0.,-1.));
#9598=DIRECTION('center_axis',(0.,0.,1.));
#9599=DIRECTION('ref_axis',(-1.,0.,0.));
#9600=DIRECTION('center_axis',(0.,0.,1.));
#9601=DIRECTION('ref_axis',(-1.,0.,0.));
#9602=DIRECTION('',(0.,0.,-1.));
#9603=DIRECTION('',(0.,0.,-1.));
#9604=DIRECTION('',(0.,0.,-1.));
#9605=DIRECTION('',(0.,0.,-1.));
#9606=DIRECTION('',(0.,0.,-1.));
#9607=DIRECTION('center_axis',(-1.,0.,0.));
#9608=DIRECTION('ref_axis',(0.,1.,0.));
#9609=DIRECTION('',(0.,-1.,0.));
#9610=DIRECTION('',(0.,1.,0.));
#9611=DIRECTION('',(0.,0.,-1.));
#9612=DIRECTION('center_axis',(0.,1.,0.));
#9613=DIRECTION('ref_axis',(1.,0.,0.));
#9614=DIRECTION('',(-1.,0.,0.));
#9615=DIRECTION('',(1.,0.,0.));
#9616=DIRECTION('',(0.,0.,-1.));
#9617=DIRECTION('center_axis',(1.,0.,0.));
#9618=DIRECTION('ref_axis',(0.,-1.,0.));
#9619=DIRECTION('',(0.,1.,0.));
#9620=DIRECTION('',(0.,-1.,0.));
#9621=DIRECTION('',(0.,0.,-1.));
#9622=DIRECTION('',(0.,0.,-1.));
#9623=DIRECTION('',(0.,0.,-1.));
#9624=DIRECTION('',(0.,0.,-1.));
#9625=DIRECTION('center_axis',(0.,-1.,0.));
#9626=DIRECTION('ref_axis',(-1.,0.,0.));
#9627=DIRECTION('',(1.,0.,0.));
#9628=DIRECTION('',(-1.,0.,0.));
#9629=DIRECTION('',(0.,0.,-1.));
#9630=DIRECTION('',(0.,0.,-1.));
#9631=DIRECTION('',(0.,0.,-1.));
#9632=DIRECTION('center_axis',(-1.,0.,0.));
#9633=DIRECTION('ref_axis',(0.,1.,0.));
#9634=DIRECTION('',(0.,-1.,0.));
#9635=DIRECTION('',(0.,1.,0.));
#9636=DIRECTION('',(0.,0.,-1.));
#9637=DIRECTION('center_axis',(0.,1.,0.));
#9638=DIRECTION('ref_axis',(1.,0.,0.));
#9639=DIRECTION('',(-1.,0.,0.));
#9640=DIRECTION('',(1.,0.,0.));
#9641=DIRECTION('',(0.,0.,-1.));
#9642=DIRECTION('center_axis',(1.,0.,0.));
#9643=DIRECTION('ref_axis',(0.,-1.,0.));
#9644=DIRECTION('',(0.,1.,0.));
#9645=DIRECTION('',(0.,-1.,0.));
#9646=DIRECTION('',(0.,0.,-1.));
#9647=DIRECTION('',(0.,0.,-1.));
#9648=DIRECTION('',(0.,0.,-1.));
#9649=DIRECTION('',(0.,0.,-1.));
#9650=DIRECTION('center_axis',(0.,1.,0.));
#9651=DIRECTION('ref_axis',(1.,0.,0.));
#9652=DIRECTION('',(1.,0.,0.));
#9653=DIRECTION('',(1.,0.,0.));
#9654=DIRECTION('',(0.,0.,-1.));
#9655=DIRECTION('',(0.,0.,-1.));
#9656=DIRECTION('',(0.,0.,-1.));
#9657=DIRECTION('',(0.,0.,-1.));
#9658=DIRECTION('',(0.,0.,-1.));
#9659=DIRECTION('',(0.,0.,-1.));
#9660=DIRECTION('',(0.,0.,-1.));
#9661=DIRECTION('',(0.,0.,-1.));
#9662=DIRECTION('',(0.,0.,-1.));
#9663=DIRECTION('',(0.,0.,-1.));
#9664=DIRECTION('center_axis',(-1.,0.,0.));
#9665=DIRECTION('ref_axis',(0.,1.,0.));
#9666=DIRECTION('',(0.,1.,0.));
#9667=DIRECTION('',(0.,1.,0.));
#9668=DIRECTION('',(0.,0.,-1.));
#9669=DIRECTION('center_axis',(0.,-1.,0.));
#9670=DIRECTION('ref_axis',(-1.,0.,0.));
#9671=DIRECTION('',(-1.,0.,0.));
#9672=DIRECTION('',(-1.,0.,0.));
#9673=DIRECTION('',(0.,0.,-1.));
#9674=DIRECTION('center_axis',(1.,0.,0.));
#9675=DIRECTION('ref_axis',(0.,-1.,0.));
#9676=DIRECTION('',(0.,-1.,0.));
#9677=DIRECTION('',(0.,-1.,0.));
#9678=DIRECTION('center_axis',(0.,0.,1.));
#9679=DIRECTION('ref_axis',(-1.,0.,0.));
#9680=DIRECTION('center_axis',(0.,0.,1.));
#9681=DIRECTION('ref_axis',(-1.,0.,0.));
#9682=DIRECTION('',(0.,0.,-1.));
#9683=DIRECTION('',(0.,0.,-1.));
#9684=DIRECTION('',(0.,0.,-1.));
#9685=DIRECTION('',(0.,0.,-1.));
#9686=DIRECTION('',(0.,0.,-1.));
#9687=DIRECTION('center_axis',(0.,1.,0.));
#9688=DIRECTION('ref_axis',(1.,0.,0.));
#9689=DIRECTION('',(-1.,0.,0.));
#9690=DIRECTION('',(1.,0.,0.));
#9691=DIRECTION('',(0.,0.,-1.));
#9692=DIRECTION('',(0.,0.,-1.));
#9693=DIRECTION('',(0.,0.,-1.));
#9694=DIRECTION('',(0.,0.,-1.));
#9695=DIRECTION('',(0.,0.,-1.));
#9696=DIRECTION('',(0.,0.,-1.));
#9697=DIRECTION('center_axis',(0.,-1.,0.));
#9698=DIRECTION('ref_axis',(-1.,0.,0.));
#9699=DIRECTION('',(1.,0.,0.));
#9700=DIRECTION('',(-1.,0.,0.));
#9701=DIRECTION('',(0.,0.,-1.));
#9702=DIRECTION('center_axis',(0.,-1.,0.));
#9703=DIRECTION('ref_axis',(-1.,0.,0.));
#9704=DIRECTION('',(-1.,0.,0.));
#9705=DIRECTION('',(0.,0.,-1.));
#9706=DIRECTION('',(-1.,0.,0.));
#9707=DIRECTION('',(0.,0.,-1.));
#9708=DIRECTION('center_axis',(1.,0.,0.));
#9709=DIRECTION('ref_axis',(0.,-1.,0.));
#9710=DIRECTION('',(0.,-1.,0.));
#9711=DIRECTION('',(0.,-1.,0.));
#9712=DIRECTION('',(0.,0.,-1.));
#9713=DIRECTION('center_axis',(0.,1.,0.));
#9714=DIRECTION('ref_axis',(1.,0.,0.));
#9715=DIRECTION('',(1.,0.,0.));
#9716=DIRECTION('',(1.,0.,0.));
#9717=DIRECTION('',(0.,0.,-1.));
#9718=DIRECTION('center_axis',(-1.,0.,0.));
#9719=DIRECTION('ref_axis',(0.,1.,0.));
#9720=DIRECTION('',(0.,1.,0.));
#9721=DIRECTION('',(0.,1.,0.));
#9722=DIRECTION('',(0.,0.,-1.));
#9723=DIRECTION('center_axis',(0.,-1.,0.));
#9724=DIRECTION('ref_axis',(-1.,0.,0.));
#9725=DIRECTION('',(-1.,0.,0.));
#9726=DIRECTION('',(-1.,0.,0.));
#9727=DIRECTION('',(0.,0.,-1.));
#9728=DIRECTION('',(0.,0.,-1.));
#9729=DIRECTION('',(0.,0.,-1.));
#9730=DIRECTION('',(0.,0.,-1.));
#9731=DIRECTION('',(0.,0.,-1.));
#9732=DIRECTION('',(0.,0.,-1.));
#9733=DIRECTION('center_axis',(0.,-1.,0.));
#9734=DIRECTION('ref_axis',(-1.,0.,0.));
#9735=DIRECTION('',(-1.,0.,0.));
#9736=DIRECTION('',(-1.,0.,0.));
#9737=DIRECTION('',(0.,0.,-1.));
#9738=DIRECTION('',(0.,0.,-1.));
#9739=DIRECTION('',(0.,0.,-1.));
#9740=DIRECTION('',(0.,0.,-1.));
#9741=DIRECTION('',(0.,0.,-1.));
#9742=DIRECTION('center_axis',(0.,0.,1.));
#9743=DIRECTION('ref_axis',(-1.,0.,0.));
#9744=DIRECTION('center_axis',(0.,0.,1.));
#9745=DIRECTION('ref_axis',(-1.,0.,0.));
#9746=DIRECTION('center_axis',(1.,0.,0.));
#9747=DIRECTION('ref_axis',(0.,-1.,0.));
#9748=DIRECTION('',(0.,-1.,0.));
#9749=DIRECTION('',(0.,0.,-1.));
#9750=DIRECTION('',(0.,-1.,0.));
#9751=DIRECTION('',(0.,0.,-1.));
#9752=DIRECTION('center_axis',(0.,1.,0.));
#9753=DIRECTION('ref_axis',(1.,0.,0.));
#9754=DIRECTION('',(1.,0.,0.));
#9755=DIRECTION('',(1.,0.,0.));
#9756=DIRECTION('',(0.,0.,-1.));
#9757=DIRECTION('center_axis',(-1.,0.,0.));
#9758=DIRECTION('ref_axis',(0.,1.,0.));
#9759=DIRECTION('',(0.,1.,0.));
#9760=DIRECTION('',(0.,1.,0.));
#9761=DIRECTION('',(0.,0.,-1.));
#9762=DIRECTION('center_axis',(0.,-1.,0.));
#9763=DIRECTION('ref_axis',(-1.,0.,0.));
#9764=DIRECTION('',(-1.,0.,0.));
#9765=DIRECTION('',(-1.,0.,0.));
#9766=DIRECTION('center_axis',(0.,0.,1.));
#9767=DIRECTION('ref_axis',(-1.,0.,0.));
#9768=DIRECTION('center_axis',(0.,0.,-1.));
#9769=DIRECTION('ref_axis',(-1.,0.,0.));
#9770=DIRECTION('',(0.,0.,-1.));
#9771=DIRECTION('',(0.,0.,-1.));
#9772=DIRECTION('',(0.,0.,-1.));
#9773=DIRECTION('',(0.,0.,-1.));
#9774=DIRECTION('',(0.,0.,-1.));
#9775=DIRECTION('',(0.,0.,-1.));
#9776=DIRECTION('center_axis',(1.,0.,0.));
#9777=DIRECTION('ref_axis',(0.,-1.,0.));
#9778=DIRECTION('',(0.,1.,0.));
#9779=DIRECTION('',(0.,-1.,0.));
#9780=DIRECTION('',(0.,0.,-1.));
#9781=DIRECTION('center_axis',(0.,-1.,0.));
#9782=DIRECTION('ref_axis',(-1.,0.,0.));
#9783=DIRECTION('',(1.,0.,0.));
#9784=DIRECTION('',(-1.,0.,0.));
#9785=DIRECTION('',(0.,0.,-1.));
#9786=DIRECTION('',(0.,0.,-1.));
#9787=DIRECTION('',(0.,0.,-1.));
#9788=DIRECTION('center_axis',(0.,-1.,0.));
#9789=DIRECTION('ref_axis',(-1.,0.,0.));
#9790=DIRECTION('',(-1.,0.,0.));
#9791=DIRECTION('',(-1.,0.,0.));
#9792=DIRECTION('',(0.,0.,-1.));
#9793=DIRECTION('center_axis',(1.,0.,0.));
#9794=DIRECTION('ref_axis',(0.,-1.,0.));
#9795=DIRECTION('',(0.,-1.,0.));
#9796=DIRECTION('',(0.,-1.,0.));
#9797=DIRECTION('',(0.,0.,-1.));
#9798=DIRECTION('center_axis',(0.,1.,0.));
#9799=DIRECTION('ref_axis',(1.,0.,0.));
#9800=DIRECTION('',(1.,0.,0.));
#9801=DIRECTION('',(1.,0.,0.));
#9802=DIRECTION('',(0.,0.,-1.));
#9803=DIRECTION('',(0.,0.,-1.));
#9804=DIRECTION('',(0.,0.,-1.));
#9805=DIRECTION('',(0.,0.,-1.));
#9806=DIRECTION('',(0.,0.,-1.));
#9807=DIRECTION('',(0.,0.,-1.));
#9808=DIRECTION('center_axis',(0.824729305404552,-0.565527694111372,0.));
#9809=DIRECTION('ref_axis',(-0.565527694111372,-0.824729305404552,0.));
#9810=DIRECTION('',(-0.565527694111372,-0.824729305404552,0.));
#9811=DIRECTION('',(-0.565527694111372,-0.824729305404552,0.));
#9812=DIRECTION('',(0.,0.,-1.));
#9813=DIRECTION('',(0.,0.,-1.));
#9814=DIRECTION('',(0.,0.,-1.));
#9815=DIRECTION('',(0.,0.,-1.));
#9816=DIRECTION('',(0.,0.,-1.));
#9817=DIRECTION('center_axis',(0.,-1.,0.));
#9818=DIRECTION('ref_axis',(-1.,0.,0.));
#9819=DIRECTION('',(-1.,0.,0.));
#9820=DIRECTION('',(-1.,0.,0.));
#9821=DIRECTION('',(0.,0.,-1.));
#9822=DIRECTION('center_axis',(-1.,0.,0.));
#9823=DIRECTION('ref_axis',(0.,1.,0.));
#9824=DIRECTION('',(0.,1.,0.));
#9825=DIRECTION('',(0.,1.,0.));
#9826=DIRECTION('',(0.,0.,-1.));
#9827=DIRECTION('',(0.,0.,-1.));
#9828=DIRECTION('',(0.,0.,-1.));
#9829=DIRECTION('',(0.,0.,-1.));
#9830=DIRECTION('',(0.,0.,-1.));
#9831=DIRECTION('',(0.,0.,-1.));
#9832=DIRECTION('center_axis',(0.,0.,1.));
#9833=DIRECTION('ref_axis',(-1.,0.,0.));
#9834=DIRECTION('center_axis',(0.,0.,1.));
#9835=DIRECTION('ref_axis',(-1.,0.,0.));
#9836=DIRECTION('',(0.,0.,-1.));
#9837=DIRECTION('',(0.,0.,-1.));
#9838=DIRECTION('center_axis',(0.,1.,0.));
#9839=DIRECTION('ref_axis',(1.,0.,0.));
#9840=DIRECTION('',(-1.,0.,0.));
#9841=DIRECTION('',(1.,0.,0.));
#9842=DIRECTION('',(0.,0.,-1.));
#9843=DIRECTION('',(0.,0.,-1.));
#9844=DIRECTION('',(0.,0.,-1.));
#9845=DIRECTION('',(0.,0.,-1.));
#9846=DIRECTION('',(0.,0.,-1.));
#9847=DIRECTION('center_axis',(0.,-1.,0.));
#9848=DIRECTION('ref_axis',(-1.,0.,0.));
#9849=DIRECTION('',(1.,0.,0.));
#9850=DIRECTION('',(-1.,0.,0.));
#9851=DIRECTION('',(0.,0.,-1.));
#9852=DIRECTION('',(0.,0.,-1.));
#9853=DIRECTION('',(0.,0.,-1.));
#9854=DIRECTION('',(0.,0.,-1.));
#9855=DIRECTION('',(0.,0.,-1.));
#9856=DIRECTION('center_axis',(0.,1.,0.));
#9857=DIRECTION('ref_axis',(1.,0.,0.));
#9858=DIRECTION('',(1.,0.,0.));
#9859=DIRECTION('',(1.,0.,0.));
#9860=DIRECTION('',(0.,0.,-1.));
#9861=DIRECTION('',(0.,0.,-1.));
#9862=DIRECTION('',(0.,0.,-1.));
#9863=DIRECTION('',(0.,0.,-1.));
#9864=DIRECTION('',(0.,0.,-1.));
#9865=DIRECTION('',(0.,0.,-1.));
#9866=DIRECTION('',(0.,0.,-1.));
#9867=DIRECTION('center_axis',(0.,-1.,0.));
#9868=DIRECTION('ref_axis',(-1.,0.,0.));
#9869=DIRECTION('',(-1.,0.,0.));
#9870=DIRECTION('',(-1.,0.,0.));
#9871=DIRECTION('',(0.,0.,-1.));
#9872=DIRECTION('',(0.,0.,-1.));
#9873=DIRECTION('',(0.,0.,-1.));
#9874=DIRECTION('',(0.,0.,-1.));
#9875=DIRECTION('',(0.,0.,-1.));
#9876=DIRECTION('center_axis',(0.,0.,1.));
#9877=DIRECTION('ref_axis',(-1.,0.,0.));
#9878=DIRECTION('center_axis',(0.,0.,1.));
#9879=DIRECTION('ref_axis',(-1.,0.,0.));
#9880=DIRECTION('',(0.,0.,-1.));
#9881=DIRECTION('',(0.,0.,-1.));
#9882=DIRECTION('',(0.,0.,-1.));
#9883=DIRECTION('',(0.,0.,-1.));
#9884=DIRECTION('center_axis',(0.,1.,0.));
#9885=DIRECTION('ref_axis',(1.,0.,0.));
#9886=DIRECTION('',(1.,0.,0.));
#9887=DIRECTION('',(1.,0.,0.));
#9888=DIRECTION('',(0.,0.,-1.));
#9889=DIRECTION('center_axis',(-1.,0.,0.));
#9890=DIRECTION('ref_axis',(0.,1.,0.));
#9891=DIRECTION('',(0.,1.,0.));
#9892=DIRECTION('',(0.,1.,0.));
#9893=DIRECTION('',(0.,0.,-1.));
#9894=DIRECTION('center_axis',(0.,-1.,0.));
#9895=DIRECTION('ref_axis',(-1.,0.,0.));
#9896=DIRECTION('',(-1.,0.,0.));
#9897=DIRECTION('',(-1.,0.,0.));
#9898=DIRECTION('',(0.,0.,-1.));
#9899=DIRECTION('center_axis',(1.,0.,0.));
#9900=DIRECTION('ref_axis',(0.,-1.,0.));
#9901=DIRECTION('',(0.,-1.,0.));
#9902=DIRECTION('',(0.,-1.,0.));
#9903=DIRECTION('',(0.,0.,-1.));
#9904=DIRECTION('center_axis',(0.,1.,0.));
#9905=DIRECTION('ref_axis',(1.,0.,0.));
#9906=DIRECTION('',(1.,0.,0.));
#9907=DIRECTION('',(1.,0.,0.));
#9908=DIRECTION('',(0.,0.,-1.));
#9909=DIRECTION('',(0.,0.,-1.));
#9910=DIRECTION('',(0.,0.,-1.));
#9911=DIRECTION('',(0.,0.,-1.));
#9912=DIRECTION('',(0.,0.,-1.));
#9913=DIRECTION('center_axis',(0.612572408433337,0.790414476351604,0.));
#9914=DIRECTION('ref_axis',(0.790414476351604,-0.612572408433337,0.));
#9915=DIRECTION('',(0.790414476351604,-0.612572408433337,0.));
#9916=DIRECTION('',(0.790414476351604,-0.612572408433337,0.));
#9917=DIRECTION('',(0.,0.,-1.));
#9918=DIRECTION('center_axis',(0.,0.,1.));
#9919=DIRECTION('ref_axis',(-1.,0.,0.));
#9920=DIRECTION('center_axis',(0.,0.,1.));
#9921=DIRECTION('ref_axis',(-1.,0.,0.));
#9922=DIRECTION('center_axis',(0.331486030173454,0.943460127297304,0.));
#9923=DIRECTION('ref_axis',(0.943460127297304,-0.331486030173454,0.));
#9924=DIRECTION('',(0.943460127297304,-0.331486030173454,0.));
#9925=DIRECTION('',(0.,0.,-1.));
#9926=DIRECTION('',(0.943460127297304,-0.331486030173454,0.));
#9927=DIRECTION('',(0.,0.,-1.));
#9928=DIRECTION('center_axis',(0.331486030173454,-0.943460127297304,0.));
#9929=DIRECTION('ref_axis',(-0.943460127297304,-0.331486030173454,0.));
#9930=DIRECTION('',(-0.943460127297304,-0.331486030173454,0.));
#9931=DIRECTION('',(-0.943460127297304,-0.331486030173454,0.));
#9932=DIRECTION('',(0.,0.,-1.));
#9933=DIRECTION('center_axis',(1.,0.,0.));
#9934=DIRECTION('ref_axis',(0.,-1.,0.));
#9935=DIRECTION('',(0.,-1.,0.));
#9936=DIRECTION('',(0.,-1.,0.));
#9937=DIRECTION('',(0.,0.,-1.));
#9938=DIRECTION('center_axis',(0.302976415889092,0.952998054255621,0.));
#9939=DIRECTION('ref_axis',(0.952998054255621,-0.302976415889092,0.));
#9940=DIRECTION('',(0.952998054255621,-0.302976415889092,0.));
#9941=DIRECTION('',(0.952998054255621,-0.302976415889092,0.));
#9942=DIRECTION('',(0.,0.,-1.));
#9943=DIRECTION('center_axis',(-1.,0.,0.));
#9944=DIRECTION('ref_axis',(0.,1.,0.));
#9945=DIRECTION('',(0.,1.,0.));
#9946=DIRECTION('',(0.,1.,0.));
#9947=DIRECTION('',(0.,0.,-1.));
#9948=DIRECTION('center_axis',(-0.278640251200308,-0.96039554893337,0.));
#9949=DIRECTION('ref_axis',(-0.96039554893337,0.278640251200308,0.));
#9950=DIRECTION('',(-0.96039554893337,0.278640251200308,0.));
#9951=DIRECTION('',(-0.96039554893337,0.278640251200308,0.));
#9952=DIRECTION('',(0.,0.,-1.));
#9953=DIRECTION('center_axis',(-0.324985331065839,0.945719056904336,0.));
#9954=DIRECTION('ref_axis',(0.945719056904336,0.324985331065839,0.));
#9955=DIRECTION('',(0.945719056904336,0.324985331065839,0.));
#9956=DIRECTION('',(0.945719056904336,0.324985331065839,0.));
#9957=DIRECTION('',(0.,0.,-1.));
#9958=DIRECTION('center_axis',(-1.,0.,0.));
#9959=DIRECTION('ref_axis',(0.,1.,0.));
#9960=DIRECTION('',(0.,1.,0.));
#9961=DIRECTION('',(0.,1.,0.));
#9962=DIRECTION('',(0.,0.,-1.));
#9963=DIRECTION('center_axis',(-0.324985331065839,-0.945719056904336,0.));
#9964=DIRECTION('ref_axis',(-0.945719056904336,0.324985331065839,0.));
#9965=DIRECTION('',(-0.945719056904336,0.324985331065839,0.));
#9966=DIRECTION('',(-0.945719056904336,0.324985331065839,0.));
#9967=DIRECTION('',(0.,0.,-1.));
#9968=DIRECTION('center_axis',(-0.278640251200308,0.96039554893337,0.));
#9969=DIRECTION('ref_axis',(0.96039554893337,0.278640251200308,0.));
#9970=DIRECTION('',(0.96039554893337,0.278640251200308,0.));
#9971=DIRECTION('',(0.96039554893337,0.278640251200308,0.));
#9972=DIRECTION('',(0.,0.,-1.));
#9973=DIRECTION('center_axis',(-1.,0.,0.));
#9974=DIRECTION('ref_axis',(0.,1.,0.));
#9975=DIRECTION('',(0.,1.,0.));
#9976=DIRECTION('',(0.,1.,0.));
#9977=DIRECTION('',(0.,0.,-1.));
#9978=DIRECTION('center_axis',(0.302976415889092,-0.952998054255621,0.));
#9979=DIRECTION('ref_axis',(-0.952998054255621,-0.302976415889092,0.));
#9980=DIRECTION('',(-0.952998054255621,-0.302976415889092,0.));
#9981=DIRECTION('',(-0.952998054255621,-0.302976415889092,0.));
#9982=DIRECTION('',(0.,0.,-1.));
#9983=DIRECTION('center_axis',(1.,0.,0.));
#9984=DIRECTION('ref_axis',(0.,-1.,0.));
#9985=DIRECTION('',(0.,-1.,0.));
#9986=DIRECTION('',(0.,-1.,0.));
#9987=DIRECTION('center_axis',(0.,0.,1.));
#9988=DIRECTION('ref_axis',(-1.,0.,0.));
#9989=DIRECTION('center_axis',(0.,0.,-1.));
#9990=DIRECTION('ref_axis',(-1.,0.,0.));
#9991=DIRECTION('center_axis',(-0.832050071032174,-0.554700531183587,0.));
#9992=DIRECTION('ref_axis',(-0.554700531183587,0.832050071032174,0.));
#9993=DIRECTION('',(-0.554700531183587,0.832050071032174,0.));
#9994=DIRECTION('',(0.,0.,-1.));
#9995=DIRECTION('',(-0.554700531183587,0.832050071032174,0.));
#9996=DIRECTION('',(0.,0.,-1.));
#9997=DIRECTION('center_axis',(0.,-1.,0.));
#9998=DIRECTION('ref_axis',(-1.,0.,0.));
#9999=DIRECTION('',(-1.,0.,0.));
#10000=DIRECTION('',(-1.,0.,0.));
#10001=DIRECTION('',(0.,0.,-1.));
#10002=DIRECTION('center_axis',(0.847819775764418,0.530284478202759,0.));
#10003=DIRECTION('ref_axis',(0.530284478202759,-0.847819775764418,0.));
#10004=DIRECTION('',(0.530284478202759,-0.847819775764418,0.));
#10005=DIRECTION('',(0.530284478202759,-0.847819775764418,0.));
#10006=DIRECTION('',(0.,0.,-1.));
#10007=DIRECTION('center_axis',(0.,-1.,0.));
#10008=DIRECTION('ref_axis',(-1.,0.,0.));
#10009=DIRECTION('',(-1.,0.,0.));
#10010=DIRECTION('',(-1.,0.,0.));
#10011=DIRECTION('',(0.,0.,-1.));
#10012=DIRECTION('center_axis',(1.,0.,0.));
#10013=DIRECTION('ref_axis',(0.,-1.,0.));
#10014=DIRECTION('',(0.,-1.,0.));
#10015=DIRECTION('',(0.,-1.,0.));
#10016=DIRECTION('',(0.,0.,-1.));
#10017=DIRECTION('center_axis',(0.,1.,0.));
#10018=DIRECTION('ref_axis',(1.,0.,0.));
#10019=DIRECTION('',(1.,0.,0.));
#10020=DIRECTION('',(1.,0.,0.));
#10021=DIRECTION('',(0.,0.,-1.));
#10022=DIRECTION('center_axis',(-1.,0.,0.));
#10023=DIRECTION('ref_axis',(0.,1.,0.));
#10024=DIRECTION('',(0.,1.,0.));
#10025=DIRECTION('',(0.,1.,0.));
#10026=DIRECTION('center_axis',(0.,0.,1.));
#10027=DIRECTION('ref_axis',(-1.,0.,0.));
#10028=DIRECTION('center_axis',(0.,0.,-1.));
#10029=DIRECTION('ref_axis',(-1.,0.,0.));
#10030=CARTESIAN_POINT('',(0.,0.,0.));
#10031=CARTESIAN_POINT('Origin',(0.,-13.0000001937151,0.));
#10032=CARTESIAN_POINT('',(0.,-28.0000001937151,0.));
#10033=CARTESIAN_POINT('',(0.,-13.0000001937151,0.));
#10034=CARTESIAN_POINT('',(0.,-28.0000001937151,0.));
#10035=CARTESIAN_POINT('',(0.,-28.0000001937151,1.));
#10036=CARTESIAN_POINT('',(0.,-28.0000001937151,0.));
#10037=CARTESIAN_POINT('',(0.,-13.0000001937151,1.));
#10038=CARTESIAN_POINT('',(0.,-28.0000001937151,1.));
#10039=CARTESIAN_POINT('',(0.,-13.0000001937151,0.));
#10040=CARTESIAN_POINT('Origin',(15.,-13.0000001937151,0.));
#10041=CARTESIAN_POINT('',(15.,-13.0000001937151,0.));
#10042=CARTESIAN_POINT('',(0.,-13.0000001937151,0.));
#10043=CARTESIAN_POINT('',(15.,-13.0000001937151,1.));
#10044=CARTESIAN_POINT('',(0.,-13.0000001937151,1.));
#10045=CARTESIAN_POINT('',(15.,-13.0000001937151,0.));
#10046=CARTESIAN_POINT('Origin',(15.,-28.0000001937151,0.));
#10047=CARTESIAN_POINT('',(15.,-28.0000001937151,0.));
#10048=CARTESIAN_POINT('',(15.,-13.0000001937151,0.));
#10049=CARTESIAN_POINT('',(15.,-28.0000001937151,1.));
#10050=CARTESIAN_POINT('',(15.,-13.0000001937151,1.));
#10051=CARTESIAN_POINT('',(15.,-28.0000001937151,0.));
#10052=CARTESIAN_POINT('Origin',(0.,-28.0000001937151,0.));
#10053=CARTESIAN_POINT('',(15.,-28.0000001937151,0.));
#10054=CARTESIAN_POINT('',(15.,-28.0000001937151,1.));
#10055=CARTESIAN_POINT('Origin',(7.5,-20.5000001937151,1.));
#10056=CARTESIAN_POINT('Origin',(7.5,-20.5000001937151,0.));
#10057=CARTESIAN_POINT('Origin',(1.25,-26.7500001937151,1.7));
#10058=CARTESIAN_POINT('',(1.625,-26.7500001937151,1.1));
#10059=CARTESIAN_POINT('Origin',(1.25,-26.7500001937151,1.1));
#10060=CARTESIAN_POINT('',(1.625,-26.7500001937151,1.7));
#10061=CARTESIAN_POINT('',(1.625,-26.7500001937151,1.7));
#10062=CARTESIAN_POINT('Origin',(1.25,-26.7500001937151,1.7));
#10063=CARTESIAN_POINT('Origin',(1.25,-26.7500001937151,1.1));
#10064=CARTESIAN_POINT('',(1.87500081838003,-26.7500001937151,1.1));
#10065=CARTESIAN_POINT('Origin',(1.25,-26.7499993741512,1.1));
#10066=CARTESIAN_POINT('Origin',(1.25,-26.7499993741512,1.7));
#10067=CARTESIAN_POINT('',(1.875,-26.7499993741512,1.));
#10068=CARTESIAN_POINT('',(1.875,-26.7499993741512,1.7));
#10069=CARTESIAN_POINT('Origin',(1.25,-26.7499993741512,1.));
#10070=CARTESIAN_POINT('Origin',(7.5,-20.5000001937151,2.4));
#10071=CARTESIAN_POINT('',(6.76006276912757,-21.0817774825717,2.4));
#10072=CARTESIAN_POINT('',(7.24101190276214,-21.2507596307422,2.4));
#10073=CARTESIAN_POINT('',(6.76006276912757,-21.0817774825717,2.4));
#10074=CARTESIAN_POINT('',(7.24101190276214,-20.9127953344013,2.4));
#10075=CARTESIAN_POINT('',(7.24101190276214,-20.9127953344013,2.4));
#10076=CARTESIAN_POINT('',(7.24101190276214,-20.8360418372775,2.4));
#10077=CARTESIAN_POINT('',(7.24101190276214,-20.8360418372775,2.4));
#10078=CARTESIAN_POINT('',(6.59850840277739,-20.631777613702,2.4));
#10079=CARTESIAN_POINT('',(6.59850840277739,-20.631777613702,2.4));
#10080=CARTESIAN_POINT('',(6.59850840277739,-20.7264819436695,2.4));
#10081=CARTESIAN_POINT('',(6.59850840277739,-20.7264819436695,2.4));
#10082=CARTESIAN_POINT('',(7.11907242245742,-20.8775135570194,2.4));
#10083=CARTESIAN_POINT('',(7.11907242245742,-20.8775135570194,2.4));
#10084=CARTESIAN_POINT('',(6.59850840277739,-21.0563993149425,2.4));
#10085=CARTESIAN_POINT('',(6.59850840277739,-21.0563993149425,2.4));
#10086=CARTESIAN_POINT('',(6.59850840277739,-21.1071559482242,2.4));
#10087=CARTESIAN_POINT('',(6.59850840277739,-21.1071559482242,2.4));
#10088=CARTESIAN_POINT('',(7.11907242245742,-21.2860417061473,2.4));
#10089=CARTESIAN_POINT('',(7.11907242245742,-21.2860417061473,2.4));
#10090=CARTESIAN_POINT('',(6.59850840277739,-21.4370733194972,2.4));
#10091=CARTESIAN_POINT('',(6.59850840277739,-21.4370733194972,2.4));
#10092=CARTESIAN_POINT('',(6.59850840277739,-21.5317776494647,2.4));
#10093=CARTESIAN_POINT('',(6.59850840277739,-21.5317776494647,2.4));
#10094=CARTESIAN_POINT('',(7.24101190276214,-21.3275134258891,2.4));
#10095=CARTESIAN_POINT('',(7.24101190276214,-21.3275134258891,2.4));
#10096=CARTESIAN_POINT('',(7.24101190276214,-21.2507596307422,2.4));
#10097=CARTESIAN_POINT('Origin',(7.00053733594485,-21.166268556657,2.5));
#10098=CARTESIAN_POINT('',(7.24101190276214,-21.2507596307422,2.5));
#10099=CARTESIAN_POINT('',(7.24101190276214,-21.2507596307422,2.5));
#10100=CARTESIAN_POINT('',(6.76006276912757,-21.0817774825717,2.5));
#10101=CARTESIAN_POINT('',(7.11864177574108,-21.2077647161248,2.5));
#10102=CARTESIAN_POINT('',(6.76006276912757,-21.0817774825717,2.5));
#10103=CARTESIAN_POINT('Origin',(7.00053733594485,-20.9972864084865,2.5));
#10104=CARTESIAN_POINT('',(7.24101190276214,-20.9127953344013,2.5));
#10105=CARTESIAN_POINT('',(7.30058904619496,-20.8918628220521,2.5));
#10106=CARTESIAN_POINT('',(7.24101190276214,-20.9127953344013,2.5));
#10107=CARTESIAN_POINT('Origin',(7.24101190276214,-20.8744185858394,2.5));
#10108=CARTESIAN_POINT('',(7.24101190276214,-20.8360418372775,2.5));
#10109=CARTESIAN_POINT('',(7.24101190276214,-20.6872093897772,2.5));
#10110=CARTESIAN_POINT('',(7.24101190276214,-20.8360418372775,2.5));
#10111=CARTESIAN_POINT('Origin',(6.91976015276976,-20.7339097254897,2.5));
#10112=CARTESIAN_POINT('',(6.59850840277739,-20.631777613702,2.5));
#10113=CARTESIAN_POINT('',(7.1494795588809,-20.8069419441946,2.5));
#10114=CARTESIAN_POINT('',(6.59850840277739,-20.631777613702,2.5));
#10115=CARTESIAN_POINT('Origin',(6.59850840277739,-20.6791297786857,2.5));
#10116=CARTESIAN_POINT('',(6.59850840277739,-20.7264819436695,2.5));
#10117=CARTESIAN_POINT('',(6.59850840277739,-20.5895649862004,2.5));
#10118=CARTESIAN_POINT('',(6.59850840277739,-20.7264819436695,2.5));
#10119=CARTESIAN_POINT('Origin',(6.85879041261741,-20.8019977503444,2.5));
#10120=CARTESIAN_POINT('',(7.11907242245742,-20.8775135570194,2.5));
#10121=CARTESIAN_POINT('',(7.11409531874338,-20.8760695463399,2.5));
#10122=CARTESIAN_POINT('',(7.11907242245742,-20.8775135570194,2.5));
#10123=CARTESIAN_POINT('Origin',(6.85879041261741,-20.9669564359809,2.5));
#10124=CARTESIAN_POINT('',(6.59850840277739,-21.0563993149425,2.5));
#10125=CARTESIAN_POINT('',(7.21729267311206,-20.8437613126892,2.5));
#10126=CARTESIAN_POINT('',(6.59850840277739,-21.0563993149425,2.5));
#10127=CARTESIAN_POINT('Origin',(6.59850840277739,-21.0817776315833,2.5));
#10128=CARTESIAN_POINT('',(6.59850840277739,-21.1071559482242,2.5));
#10129=CARTESIAN_POINT('',(6.59850840277739,-20.7908889126492,2.5));
#10130=CARTESIAN_POINT('',(6.59850840277739,-21.1071559482242,2.5));
#10131=CARTESIAN_POINT('Origin',(6.85879041261741,-21.1965988271858,2.5));
#10132=CARTESIAN_POINT('',(7.11907242245742,-21.2860417061473,2.5));
#10133=CARTESIAN_POINT('',(7.03848639072303,-21.2583492556132,2.5));
#10134=CARTESIAN_POINT('',(7.11907242245742,-21.2860417061473,2.5));
#10135=CARTESIAN_POINT('Origin',(6.85879041261741,-21.3615575128223,2.5));
#10136=CARTESIAN_POINT('',(6.59850840277739,-21.4370733194972,2.5));
#10137=CARTESIAN_POINT('',(7.26978178681369,-21.2423162898966,2.5));
#10138=CARTESIAN_POINT('',(6.59850840277739,-21.4370733194972,2.5));
#10139=CARTESIAN_POINT('Origin',(6.59850840277739,-21.484425484481,2.5));
#10140=CARTESIAN_POINT('',(6.59850840277739,-21.5317776494647,2.5));
#10141=CARTESIAN_POINT('',(6.59850840277739,-20.992212839098,2.5));
#10142=CARTESIAN_POINT('',(6.59850840277739,-21.5317776494647,2.5));
#10143=CARTESIAN_POINT('Origin',(6.91976015276976,-21.4296455376769,2.5));
#10144=CARTESIAN_POINT('',(7.24101190276214,-21.3275134258891,2.5));
#10145=CARTESIAN_POINT('',(7.31745961126543,-21.3032092286016,2.5));
#10146=CARTESIAN_POINT('',(7.24101190276214,-21.3275134258891,2.5));
#10147=CARTESIAN_POINT('Origin',(7.24101190276214,-21.2891365283157,2.5));
#10148=CARTESIAN_POINT('',(7.24101190276214,-20.8945683610154,2.5));
#10149=CARTESIAN_POINT('Origin',(7.5,-20.5000001937151,2.4));
#10150=CARTESIAN_POINT('',(6.58922371275493,-23.7718740546132,2.4));
#10151=CARTESIAN_POINT('',(6.60191279656955,-23.6923348599101,2.4));
#10152=CARTESIAN_POINT('Ctrl Pts',(6.58922371275493,-23.7718740546132,2.4));
#10153=CARTESIAN_POINT('Ctrl Pts',(6.58922371275493,-23.7279262834216,2.4));
#10154=CARTESIAN_POINT('Ctrl Pts',(6.60191279656955,-23.6923348599101,2.4));
#10155=CARTESIAN_POINT('',(6.62110124535628,-23.8972179287101,2.4));
#10156=CARTESIAN_POINT('Ctrl Pts',(6.62110124535628,-23.8972179287101,2.4));
#10157=CARTESIAN_POINT('Ctrl Pts',(6.58922371275493,-23.8399620794679,2.4));
#10158=CARTESIAN_POINT('Ctrl Pts',(6.58922371275493,-23.7718740546132,2.4));
#10159=CARTESIAN_POINT('',(6.69121420700336,-23.9767571234132,2.4));
#10160=CARTESIAN_POINT('Ctrl Pts',(6.69121420700333,-23.9767571234132,2.4));
#10161=CARTESIAN_POINT('Ctrl Pts',(6.64740963873644,-23.9444708294726,2.4));
#10162=CARTESIAN_POINT('Ctrl Pts',(6.62110124535628,-23.8972179287101,2.4));
#10163=CARTESIAN_POINT('',(6.59850840277739,-23.9767571234132,2.4));
#10164=CARTESIAN_POINT('',(6.59850840277739,-23.9767571234132,2.4));
#10165=CARTESIAN_POINT('',(6.59850840277739,-24.0658905797626,2.4));
#10166=CARTESIAN_POINT('',(6.59850840277739,-24.0658905797626,2.4));
#10167=CARTESIAN_POINT('',(7.24101190276214,-24.0658905797626,2.4));
#10168=CARTESIAN_POINT('',(7.24101190276214,-24.0658905797626,2.4));
#10169=CARTESIAN_POINT('',(7.24101190276214,-23.9767571234132,2.4));
#10170=CARTESIAN_POINT('',(7.24101190276214,-23.9767571234132,2.4));
#10171=CARTESIAN_POINT('',(6.83434058733054,-23.9767571234132,2.4));
#10172=CARTESIAN_POINT('',(6.59850840277739,-23.9767571234132,2.4));
#10173=CARTESIAN_POINT('',(6.71518658108779,-23.9321904324914,2.4));
#10174=CARTESIAN_POINT('Ctrl Pts',(6.71518658108779,-23.9321904324914,2.4));
#10175=CARTESIAN_POINT('Ctrl Pts',(6.75820578641959,-23.9767571234132,2.4));
#10176=CARTESIAN_POINT('Ctrl Pts',(6.83434058733054,-23.9767571234132,2.4));
#10177=CARTESIAN_POINT('',(6.67216730125018,-23.8071560555126,2.4));
#10178=CARTESIAN_POINT('Ctrl Pts',(6.67216730125018,-23.8071560555126,2.4));
#10179=CARTESIAN_POINT('Ctrl Pts',(6.67216730125018,-23.8876237415697,2.4));
#10180=CARTESIAN_POINT('Ctrl Pts',(6.71518658108779,-23.9321904324914,2.4));
#10181=CARTESIAN_POINT('',(6.68268997974463,-23.7375205450679,2.4));
#10182=CARTESIAN_POINT('Ctrl Pts',(6.68268997974463,-23.7375205450679,2.4));
#10183=CARTESIAN_POINT('Ctrl Pts',(6.67216730125018,-23.7675411694671,2.4));
#10184=CARTESIAN_POINT('Ctrl Pts',(6.67216730125018,-23.8071560555126,2.4));
#10185=CARTESIAN_POINT('',(6.71363909549781,-23.6876925521518,2.4));
#10186=CARTESIAN_POINT('Ctrl Pts',(6.71363909549781,-23.6876925521518,2.4));
#10187=CARTESIAN_POINT('Ctrl Pts',(6.69321273274489,-23.7074999206687,2.4));
#10188=CARTESIAN_POINT('Ctrl Pts',(6.68268997974463,-23.7375205450679,2.4));
#10189=CARTESIAN_POINT('',(6.63936127729484,-23.6301271312858,2.4));
#10190=CARTESIAN_POINT('',(6.63936127729483,-23.6301271312858,2.4));
#10191=CARTESIAN_POINT('Ctrl Pts',(6.60191279656955,-23.6923348599101,2.4));
#10192=CARTESIAN_POINT('Ctrl Pts',(6.61460195488997,-23.6567434363986,2.4));
#10193=CARTESIAN_POINT('Ctrl Pts',(6.63936127729484,-23.6301271312858,2.4));
#10194=CARTESIAN_POINT('Ctrl Pts',(6.58922371275493,-23.7718740546132,2.4));
#10195=CARTESIAN_POINT('Ctrl Pts',(6.58922371275493,-23.7718740546132,2.5));
#10196=CARTESIAN_POINT('Ctrl Pts',(6.58922371275493,-23.7279262834216,2.4));
#10197=CARTESIAN_POINT('Ctrl Pts',(6.58922371275493,-23.7279262834216,2.5));
#10198=CARTESIAN_POINT('Ctrl Pts',(6.60191279656955,-23.6923348599101,2.4));
#10199=CARTESIAN_POINT('Ctrl Pts',(6.60191279656955,-23.6923348599101,2.5));
#10200=CARTESIAN_POINT('',(6.60191279656955,-23.6923348599101,2.5));
#10201=CARTESIAN_POINT('',(6.60191279656955,-23.6923348599101,2.5));
#10202=CARTESIAN_POINT('',(6.58922371275493,-23.7718740546132,2.5));
#10203=CARTESIAN_POINT('Ctrl Pts',(6.58922371275493,-23.7718740546132,2.5));
#10204=CARTESIAN_POINT('Ctrl Pts',(6.58922371275493,-23.7279262834216,2.5));
#10205=CARTESIAN_POINT('Ctrl Pts',(6.60191279656955,-23.6923348599101,2.5));
#10206=CARTESIAN_POINT('',(6.58922371275493,-23.7718740546132,2.5));
#10207=CARTESIAN_POINT('Ctrl Pts',(6.62110124535628,-23.8972179287101,2.4));
#10208=CARTESIAN_POINT('Ctrl Pts',(6.62110124535628,-23.8972179287101,2.5));
#10209=CARTESIAN_POINT('Ctrl Pts',(6.58922371275493,-23.8399620794679,2.4));
#10210=CARTESIAN_POINT('Ctrl Pts',(6.58922371275493,-23.8399620794679,2.5));
#10211=CARTESIAN_POINT('Ctrl Pts',(6.58922371275493,-23.7718740546132,2.4));
#10212=CARTESIAN_POINT('Ctrl Pts',(6.58922371275493,-23.7718740546132,2.5));
#10213=CARTESIAN_POINT('',(6.62110124535628,-23.8972179287101,2.5));
#10214=CARTESIAN_POINT('Ctrl Pts',(6.62110124535628,-23.8972179287101,2.5));
#10215=CARTESIAN_POINT('Ctrl Pts',(6.58922371275493,-23.8399620794679,2.5));
#10216=CARTESIAN_POINT('Ctrl Pts',(6.58922371275493,-23.7718740546132,2.5));
#10217=CARTESIAN_POINT('',(6.62110124535628,-23.8972179287101,2.5));
#10218=CARTESIAN_POINT('Ctrl Pts',(6.69121420700333,-23.9767571234132,2.4));
#10219=CARTESIAN_POINT('Ctrl Pts',(6.69121420700333,-23.9767571234132,2.5));
#10220=CARTESIAN_POINT('Ctrl Pts',(6.64740963873644,-23.9444708294726,2.4));
#10221=CARTESIAN_POINT('Ctrl Pts',(6.64740963873644,-23.9444708294726,2.5));
#10222=CARTESIAN_POINT('Ctrl Pts',(6.62110124535628,-23.8972179287101,2.4));
#10223=CARTESIAN_POINT('Ctrl Pts',(6.62110124535628,-23.8972179287101,2.5));
#10224=CARTESIAN_POINT('',(6.69121420700336,-23.9767571234132,2.5));
#10225=CARTESIAN_POINT('Ctrl Pts',(6.69121420700333,-23.9767571234132,2.5));
#10226=CARTESIAN_POINT('Ctrl Pts',(6.64740963873644,-23.9444708294726,2.5));
#10227=CARTESIAN_POINT('Ctrl Pts',(6.62110124535628,-23.8972179287101,2.5));
#10228=CARTESIAN_POINT('',(6.69121420700336,-23.9767571234132,2.5));
#10229=CARTESIAN_POINT('Origin',(6.64486130489038,-23.9767571234132,2.5));
#10230=CARTESIAN_POINT('',(6.59850840277739,-23.9767571234132,2.5));
#10231=CARTESIAN_POINT('',(7.07243065244519,-23.9767571234132,2.5));
#10232=CARTESIAN_POINT('',(6.59850840277739,-23.9767571234132,2.5));
#10233=CARTESIAN_POINT('Origin',(6.59850840277739,-24.0213238515879,2.5));
#10234=CARTESIAN_POINT('',(6.59850840277739,-24.0658905797626,2.5));
#10235=CARTESIAN_POINT('',(6.59850840277739,-22.2606620226515,2.5));
#10236=CARTESIAN_POINT('',(6.59850840277739,-24.0658905797626,2.5));
#10237=CARTESIAN_POINT('Origin',(6.91976015276976,-24.0658905797626,2.5));
#10238=CARTESIAN_POINT('',(7.24101190276214,-24.0658905797626,2.5));
#10239=CARTESIAN_POINT('',(7.20988007638488,-24.0658905797626,2.5));
#10240=CARTESIAN_POINT('',(7.24101190276214,-24.0658905797626,2.5));
#10241=CARTESIAN_POINT('Origin',(7.24101190276214,-24.0213238515879,2.5));
#10242=CARTESIAN_POINT('',(7.24101190276214,-23.9767571234132,2.5));
#10243=CARTESIAN_POINT('',(7.24101190276214,-22.2606620226515,2.5));
#10244=CARTESIAN_POINT('',(7.24101190276214,-23.9767571234132,2.5));
#10245=CARTESIAN_POINT('Origin',(7.03767624504634,-23.9767571234132,2.5));
#10246=CARTESIAN_POINT('',(6.83434058733054,-23.9767571234132,2.5));
#10247=CARTESIAN_POINT('',(7.26883812252317,-23.9767571234132,2.5));
#10248=CARTESIAN_POINT('',(6.83434058733054,-23.9767571234132,2.5));
#10249=CARTESIAN_POINT('Ctrl Pts',(6.71518658108779,-23.9321904324914,2.4));
#10250=CARTESIAN_POINT('Ctrl Pts',(6.71518658108779,-23.9321904324914,2.5));
#10251=CARTESIAN_POINT('Ctrl Pts',(6.75820578641959,-23.9767571234132,2.4));
#10252=CARTESIAN_POINT('Ctrl Pts',(6.75820578641959,-23.9767571234132,2.5));
#10253=CARTESIAN_POINT('Ctrl Pts',(6.83434058733054,-23.9767571234132,2.4));
#10254=CARTESIAN_POINT('Ctrl Pts',(6.83434058733054,-23.9767571234132,2.5));
#10255=CARTESIAN_POINT('',(6.71518658108779,-23.9321904324914,2.5));
#10256=CARTESIAN_POINT('Ctrl Pts',(6.71518658108779,-23.9321904324914,2.5));
#10257=CARTESIAN_POINT('Ctrl Pts',(6.75820578641959,-23.9767571234132,2.5));
#10258=CARTESIAN_POINT('Ctrl Pts',(6.83434058733054,-23.9767571234132,2.5));
#10259=CARTESIAN_POINT('',(6.71518658108779,-23.9321904324914,2.5));
#10260=CARTESIAN_POINT('Ctrl Pts',(6.67216730125018,-23.8071560555126,2.4));
#10261=CARTESIAN_POINT('Ctrl Pts',(6.67216730125018,-23.8071560555126,2.5));
#10262=CARTESIAN_POINT('Ctrl Pts',(6.67216730125018,-23.8876237415697,2.4));
#10263=CARTESIAN_POINT('Ctrl Pts',(6.67216730125018,-23.8876237415697,2.5));
#10264=CARTESIAN_POINT('Ctrl Pts',(6.71518658108779,-23.9321904324914,2.4));
#10265=CARTESIAN_POINT('Ctrl Pts',(6.71518658108779,-23.9321904324914,2.5));
#10266=CARTESIAN_POINT('',(6.67216730125018,-23.8071560555126,2.5));
#10267=CARTESIAN_POINT('Ctrl Pts',(6.67216730125018,-23.8071560555126,2.5));
#10268=CARTESIAN_POINT('Ctrl Pts',(6.67216730125018,-23.8876237415697,2.5));
#10269=CARTESIAN_POINT('Ctrl Pts',(6.71518658108779,-23.9321904324914,2.5));
#10270=CARTESIAN_POINT('',(6.67216730125018,-23.8071560555126,2.5));
#10271=CARTESIAN_POINT('Ctrl Pts',(6.68268997974463,-23.7375205450679,2.4));
#10272=CARTESIAN_POINT('Ctrl Pts',(6.68268997974463,-23.7375205450679,2.5));
#10273=CARTESIAN_POINT('Ctrl Pts',(6.67216730125018,-23.7675411694671,2.4));
#10274=CARTESIAN_POINT('Ctrl Pts',(6.67216730125018,-23.7675411694671,2.5));
#10275=CARTESIAN_POINT('Ctrl Pts',(6.67216730125018,-23.8071560555126,2.4));
#10276=CARTESIAN_POINT('Ctrl Pts',(6.67216730125018,-23.8071560555126,2.5));
#10277=CARTESIAN_POINT('',(6.68268997974463,-23.7375205450679,2.5));
#10278=CARTESIAN_POINT('Ctrl Pts',(6.68268997974463,-23.7375205450679,2.5));
#10279=CARTESIAN_POINT('Ctrl Pts',(6.67216730125018,-23.7675411694671,2.5));
#10280=CARTESIAN_POINT('Ctrl Pts',(6.67216730125018,-23.8071560555126,2.5));
#10281=CARTESIAN_POINT('',(6.68268997974463,-23.7375205450679,2.5));
#10282=CARTESIAN_POINT('Ctrl Pts',(6.71363909549781,-23.6876925521518,2.4));
#10283=CARTESIAN_POINT('Ctrl Pts',(6.71363909549781,-23.6876925521518,2.5));
#10284=CARTESIAN_POINT('Ctrl Pts',(6.69321273274489,-23.7074999206687,2.4));
#10285=CARTESIAN_POINT('Ctrl Pts',(6.69321273274489,-23.7074999206687,2.5));
#10286=CARTESIAN_POINT('Ctrl Pts',(6.68268997974463,-23.7375205450679,2.4));
#10287=CARTESIAN_POINT('Ctrl Pts',(6.68268997974463,-23.7375205450679,2.5));
#10288=CARTESIAN_POINT('',(6.71363909549781,-23.6876925521518,2.5));
#10289=CARTESIAN_POINT('Ctrl Pts',(6.71363909549781,-23.6876925521518,2.5));
#10290=CARTESIAN_POINT('Ctrl Pts',(6.69321273274489,-23.7074999206687,2.5));
#10291=CARTESIAN_POINT('Ctrl Pts',(6.68268997974463,-23.7375205450679,2.5));
#10292=CARTESIAN_POINT('',(6.71363909549781,-23.6876925521518,2.5));
#10293=CARTESIAN_POINT('Origin',(6.67650018639632,-23.6589098417188,2.5));
#10294=CARTESIAN_POINT('',(6.63936127729484,-23.6301271312858,2.5));
#10295=CARTESIAN_POINT('',(6.16899294723877,-23.2655909677742,2.5));
#10296=CARTESIAN_POINT('',(6.63936127729484,-23.6301271312858,2.5));
#10297=CARTESIAN_POINT('Ctrl Pts',(6.60191279656955,-23.6923348599101,2.4));
#10298=CARTESIAN_POINT('Ctrl Pts',(6.60191279656955,-23.6923348599101,2.5));
#10299=CARTESIAN_POINT('Ctrl Pts',(6.61460195488997,-23.6567434363986,2.4));
#10300=CARTESIAN_POINT('Ctrl Pts',(6.61460195488997,-23.6567434363986,2.5));
#10301=CARTESIAN_POINT('Ctrl Pts',(6.63936127729484,-23.6301271312858,2.4));
#10302=CARTESIAN_POINT('Ctrl Pts',(6.63936127729484,-23.6301271312858,2.5));
#10303=CARTESIAN_POINT('Ctrl Pts',(6.60191279656955,-23.6923348599101,2.5));
#10304=CARTESIAN_POINT('Ctrl Pts',(6.61460195488997,-23.6567434363986,2.5));
#10305=CARTESIAN_POINT('Ctrl Pts',(6.63936127729484,-23.6301271312858,2.5));
#10306=CARTESIAN_POINT('Origin',(7.5,-20.5000001937151,2.4));
#10307=CARTESIAN_POINT('',(6.97237361974784,-23.0136209421779,2.4));
#10308=CARTESIAN_POINT('',(7.12247681624957,-23.0448795550491,2.4));
#10309=CARTESIAN_POINT('Ctrl Pts',(6.97237361974784,-23.0136209421779,2.4));
#10310=CARTESIAN_POINT('Ctrl Pts',(7.06026908762523,-23.0136209421779,2.4));
#10311=CARTESIAN_POINT('Ctrl Pts',(7.12247681624957,-23.0448795550491,2.4));
#10312=CARTESIAN_POINT('',(6.86590869731971,-23.0136209421779,2.4));
#10313=CARTESIAN_POINT('',(6.86590869731971,-23.0136209421779,2.4));
#10314=CARTESIAN_POINT('',(6.71642456955977,-23.0448795550491,2.4));
#10315=CARTESIAN_POINT('Ctrl Pts',(6.71642456955977,-23.0448795550491,2.4));
#10316=CARTESIAN_POINT('Ctrl Pts',(6.77863222367831,-23.0136209421779,2.4));
#10317=CARTESIAN_POINT('Ctrl Pts',(6.86590869731971,-23.0136209421779,2.4));
#10318=CARTESIAN_POINT('',(6.62172023959227,-23.1355604224826,2.4));
#10319=CARTESIAN_POINT('Ctrl Pts',(6.62172023959227,-23.1355604224826,2.4));
#10320=CARTESIAN_POINT('Ctrl Pts',(6.65421684093543,-23.0761381679202,2.4));
#10321=CARTESIAN_POINT('Ctrl Pts',(6.71642456955977,-23.0448795550491,2.4));
#10322=CARTESIAN_POINT('',(6.58922371275493,-23.2785454087879,2.4));
#10323=CARTESIAN_POINT('Ctrl Pts',(6.58922371275493,-23.2785454087879,2.4));
#10324=CARTESIAN_POINT('Ctrl Pts',(6.58922371275493,-23.1949828260566,2.4));
#10325=CARTESIAN_POINT('Ctrl Pts',(6.62172023959227,-23.1355604224826,2.4));
#10326=CARTESIAN_POINT('',(6.62172023959227,-23.4215302460815,2.4));
#10327=CARTESIAN_POINT('Ctrl Pts',(6.62172023959227,-23.4215302460815,2.4));
#10328=CARTESIAN_POINT('Ctrl Pts',(6.58922371275493,-23.3621079915191,2.4));
#10329=CARTESIAN_POINT('Ctrl Pts',(6.58922371275493,-23.2785454087879,2.4));
#10330=CARTESIAN_POINT('',(6.71642456955977,-23.512211113515,2.4));
#10331=CARTESIAN_POINT('Ctrl Pts',(6.71642456955977,-23.512211113515,2.4));
#10332=CARTESIAN_POINT('Ctrl Pts',(6.65421684093543,-23.4809525006439,2.4));
#10333=CARTESIAN_POINT('Ctrl Pts',(6.62172023959227,-23.4215302460815,2.4));
#10334=CARTESIAN_POINT('',(6.86590869731971,-23.5434697263862,2.4));
#10335=CARTESIAN_POINT('Ctrl Pts',(6.86590869731971,-23.5434697263862,2.4));
#10336=CARTESIAN_POINT('Ctrl Pts',(6.77863222367831,-23.5434697263862,2.4));
#10337=CARTESIAN_POINT('Ctrl Pts',(6.71642456955977,-23.512211113515,2.4));
#10338=CARTESIAN_POINT('',(6.97051671154567,-23.5434697263862,2.4));
#10339=CARTESIAN_POINT('',(6.97051671154567,-23.5434697263862,2.4));
#10340=CARTESIAN_POINT('',(7.12185782201358,-23.512211113515,2.4));
#10341=CARTESIAN_POINT('Ctrl Pts',(7.12185782201358,-23.512211113515,2.4));
#10342=CARTESIAN_POINT('Ctrl Pts',(7.05903117365905,-23.5434697263862,2.4));
#10343=CARTESIAN_POINT('Ctrl Pts',(6.97051671154567,-23.5434697263862,2.4));
#10344=CARTESIAN_POINT('',(7.21749056882926,-23.4215302460815,2.4));
#10345=CARTESIAN_POINT('Ctrl Pts',(7.21749056882926,-23.4215302460815,2.4));
#10346=CARTESIAN_POINT('Ctrl Pts',(7.18468454487391,-23.4809525006439,2.4));
#10347=CARTESIAN_POINT('Ctrl Pts',(7.12185782201358,-23.512211113515,2.4));
#10348=CARTESIAN_POINT('',(7.25029666729041,-23.2785454087879,2.4));
#10349=CARTESIAN_POINT('Ctrl Pts',(7.25029666729041,-23.2785454087879,2.4));
#10350=CARTESIAN_POINT('Ctrl Pts',(7.25029666729041,-23.3621079915191,2.4));
#10351=CARTESIAN_POINT('Ctrl Pts',(7.21749056882926,-23.4215302460815,2.4));
#10352=CARTESIAN_POINT('',(7.21749056882926,-23.1355604224826,2.4));
#10353=CARTESIAN_POINT('Ctrl Pts',(7.21749056882926,-23.1355604224826,2.4));
#10354=CARTESIAN_POINT('Ctrl Pts',(7.25029666729041,-23.1949828260566,2.4));
#10355=CARTESIAN_POINT('Ctrl Pts',(7.25029666729041,-23.2785454087879,2.4));
#10356=CARTESIAN_POINT('Ctrl Pts',(7.12247681624957,-23.0448795550491,2.4));
#10357=CARTESIAN_POINT('Ctrl Pts',(7.18468454487391,-23.0761381679202,2.4));
#10358=CARTESIAN_POINT('Ctrl Pts',(7.21749056882926,-23.1355604224826,2.4));
#10359=CARTESIAN_POINT('',(7.16735300428935,-23.2791644030239,2.4));
#10360=CARTESIAN_POINT('',(7.11628702290126,-23.4085316651489,2.4));
#10361=CARTESIAN_POINT('Ctrl Pts',(7.16735300428935,-23.2791644030239,2.4));
#10362=CARTESIAN_POINT('Ctrl Pts',(7.16735300428935,-23.3627269857551,2.4));
#10363=CARTESIAN_POINT('Ctrl Pts',(7.11628702290126,-23.4085316651489,2.4));
#10364=CARTESIAN_POINT('',(6.97237361974784,-23.4543363445426,2.4));
#10365=CARTESIAN_POINT('Ctrl Pts',(7.11628702290126,-23.4085316651489,2.4));
#10366=CARTESIAN_POINT('Ctrl Pts',(7.06522096700736,-23.4543363445426,2.4));
#10367=CARTESIAN_POINT('Ctrl Pts',(6.97237361974784,-23.4543363445426,2.4));
#10368=CARTESIAN_POINT('',(6.86590869731971,-23.4543363445426,2.4));
#10369=CARTESIAN_POINT('',(6.86590869731971,-23.4543363445426,2.4));
#10370=CARTESIAN_POINT('',(6.72292386002608,-23.4085316651489,2.4));
#10371=CARTESIAN_POINT('Ctrl Pts',(6.86590869731971,-23.4543363445426,2.4));
#10372=CARTESIAN_POINT('Ctrl Pts',(6.77368034429618,-23.4543363445426,2.4));
#10373=CARTESIAN_POINT('Ctrl Pts',(6.72292386002608,-23.4085316651489,2.4));
#10374=CARTESIAN_POINT('',(6.67216730125018,-23.2791644030239,2.4));
#10375=CARTESIAN_POINT('Ctrl Pts',(6.72292386002608,-23.4085316651489,2.4));
#10376=CARTESIAN_POINT('Ctrl Pts',(6.67216730125018,-23.3627269857551,2.4));
#10377=CARTESIAN_POINT('Ctrl Pts',(6.67216730125018,-23.2791644030239,2.4));
#10378=CARTESIAN_POINT('',(6.72292386002608,-23.1488686495448,2.4));
#10379=CARTESIAN_POINT('Ctrl Pts',(6.67216730125018,-23.2791644030239,2.4));
#10380=CARTESIAN_POINT('Ctrl Pts',(6.67216730125018,-23.1949828260566,2.4));
#10381=CARTESIAN_POINT('Ctrl Pts',(6.72292386002608,-23.1488686495448,2.4));
#10382=CARTESIAN_POINT('',(6.86590869731971,-23.1027544730331,2.4));
#10383=CARTESIAN_POINT('Ctrl Pts',(6.72292386002608,-23.1488686495448,2.4));
#10384=CARTESIAN_POINT('Ctrl Pts',(6.77368034429618,-23.1027544730331,2.4));
#10385=CARTESIAN_POINT('Ctrl Pts',(6.86590869731971,-23.1027544730331,2.4));
#10386=CARTESIAN_POINT('',(6.97237361974784,-23.1027544730331,2.4));
#10387=CARTESIAN_POINT('',(6.97237361974784,-23.1027544730331,2.4));
#10388=CARTESIAN_POINT('',(7.11628702290126,-23.1488686495448,2.4));
#10389=CARTESIAN_POINT('Ctrl Pts',(6.97237361974784,-23.1027544730331,2.4));
#10390=CARTESIAN_POINT('Ctrl Pts',(7.06522096700736,-23.1027544730331,2.4));
#10391=CARTESIAN_POINT('Ctrl Pts',(7.11628702290126,-23.1488686495448,2.4));
#10392=CARTESIAN_POINT('Ctrl Pts',(7.11628702290126,-23.1488686495448,2.4));
#10393=CARTESIAN_POINT('Ctrl Pts',(7.16735300428935,-23.1949828260566,2.4));
#10394=CARTESIAN_POINT('Ctrl Pts',(7.16735300428935,-23.2791644030239,2.4));
#10395=CARTESIAN_POINT('Ctrl Pts',(6.97237361974784,-23.0136209421779,2.4));
#10396=CARTESIAN_POINT('Ctrl Pts',(6.97237361974784,-23.0136209421779,2.5));
#10397=CARTESIAN_POINT('Ctrl Pts',(7.06026908762523,-23.0136209421779,2.4));
#10398=CARTESIAN_POINT('Ctrl Pts',(7.06026908762523,-23.0136209421779,2.5));
#10399=CARTESIAN_POINT('Ctrl Pts',(7.12247681624957,-23.0448795550491,2.4));
#10400=CARTESIAN_POINT('Ctrl Pts',(7.12247681624957,-23.0448795550491,2.5));
#10401=CARTESIAN_POINT('',(7.12247681624957,-23.0448795550491,2.5));
#10402=CARTESIAN_POINT('',(7.12247681624957,-23.0448795550491,2.5));
#10403=CARTESIAN_POINT('',(6.97237361974784,-23.0136209421779,2.5));
#10404=CARTESIAN_POINT('Ctrl Pts',(6.97237361974784,-23.0136209421779,2.5));
#10405=CARTESIAN_POINT('Ctrl Pts',(7.06026908762523,-23.0136209421779,2.5));
#10406=CARTESIAN_POINT('Ctrl Pts',(7.12247681624957,-23.0448795550491,2.5));
#10407=CARTESIAN_POINT('',(6.97237361974784,-23.0136209421779,2.5));
#10408=CARTESIAN_POINT('Origin',(6.91914115853377,-23.0136209421779,2.5));
#10409=CARTESIAN_POINT('',(6.86590869731971,-23.0136209421779,2.5));
#10410=CARTESIAN_POINT('',(7.20957057926689,-23.0136209421779,2.5));
#10411=CARTESIAN_POINT('',(6.86590869731971,-23.0136209421779,2.5));
#10412=CARTESIAN_POINT('Ctrl Pts',(6.71642456955977,-23.0448795550491,2.4));
#10413=CARTESIAN_POINT('Ctrl Pts',(6.71642456955977,-23.0448795550491,2.5));
#10414=CARTESIAN_POINT('Ctrl Pts',(6.77863222367831,-23.0136209421779,2.4));
#10415=CARTESIAN_POINT('Ctrl Pts',(6.77863222367831,-23.0136209421779,2.5));
#10416=CARTESIAN_POINT('Ctrl Pts',(6.86590869731971,-23.0136209421779,2.4));
#10417=CARTESIAN_POINT('Ctrl Pts',(6.86590869731971,-23.0136209421779,2.5));
#10418=CARTESIAN_POINT('',(6.71642456955977,-23.0448795550491,2.5));
#10419=CARTESIAN_POINT('Ctrl Pts',(6.71642456955977,-23.0448795550491,2.5));
#10420=CARTESIAN_POINT('Ctrl Pts',(6.77863222367831,-23.0136209421779,2.5));
#10421=CARTESIAN_POINT('Ctrl Pts',(6.86590869731971,-23.0136209421779,2.5));
#10422=CARTESIAN_POINT('',(6.71642456955977,-23.0448795550491,2.5));
#10423=CARTESIAN_POINT('Ctrl Pts',(6.62172023959227,-23.1355604224826,2.4));
#10424=CARTESIAN_POINT('Ctrl Pts',(6.62172023959227,-23.1355604224826,2.5));
#10425=CARTESIAN_POINT('Ctrl Pts',(6.65421684093543,-23.0761381679202,2.4));
#10426=CARTESIAN_POINT('Ctrl Pts',(6.65421684093543,-23.0761381679202,2.5));
#10427=CARTESIAN_POINT('Ctrl Pts',(6.71642456955977,-23.0448795550491,2.4));
#10428=CARTESIAN_POINT('Ctrl Pts',(6.71642456955977,-23.0448795550491,2.5));
#10429=CARTESIAN_POINT('',(6.62172023959227,-23.1355604224826,2.5));
#10430=CARTESIAN_POINT('Ctrl Pts',(6.62172023959227,-23.1355604224826,2.5));
#10431=CARTESIAN_POINT('Ctrl Pts',(6.65421684093543,-23.0761381679202,2.5));
#10432=CARTESIAN_POINT('Ctrl Pts',(6.71642456955977,-23.0448795550491,2.5));
#10433=CARTESIAN_POINT('',(6.62172023959227,-23.1355604224826,2.5));
#10434=CARTESIAN_POINT('Ctrl Pts',(6.58922371275493,-23.2785454087879,2.4));
#10435=CARTESIAN_POINT('Ctrl Pts',(6.58922371275493,-23.2785454087879,2.5));
#10436=CARTESIAN_POINT('Ctrl Pts',(6.58922371275493,-23.1949828260566,2.4));
#10437=CARTESIAN_POINT('Ctrl Pts',(6.58922371275493,-23.1949828260566,2.5));
#10438=CARTESIAN_POINT('Ctrl Pts',(6.62172023959227,-23.1355604224826,2.4));
#10439=CARTESIAN_POINT('Ctrl Pts',(6.62172023959227,-23.1355604224826,2.5));
#10440=CARTESIAN_POINT('',(6.58922371275493,-23.2785454087879,2.5));
#10441=CARTESIAN_POINT('Ctrl Pts',(6.58922371275493,-23.2785454087879,2.5));
#10442=CARTESIAN_POINT('Ctrl Pts',(6.58922371275493,-23.1949828260566,2.5));
#10443=CARTESIAN_POINT('Ctrl Pts',(6.62172023959227,-23.1355604224826,2.5));
#10444=CARTESIAN_POINT('',(6.58922371275493,-23.2785454087879,2.5));
#10445=CARTESIAN_POINT('Ctrl Pts',(6.62172023959227,-23.4215302460815,2.4));
#10446=CARTESIAN_POINT('Ctrl Pts',(6.62172023959227,-23.4215302460815,2.5));
#10447=CARTESIAN_POINT('Ctrl Pts',(6.58922371275493,-23.3621079915191,2.4));
#10448=CARTESIAN_POINT('Ctrl Pts',(6.58922371275493,-23.3621079915191,2.5));
#10449=CARTESIAN_POINT('Ctrl Pts',(6.58922371275493,-23.2785454087879,2.4));
#10450=CARTESIAN_POINT('Ctrl Pts',(6.58922371275493,-23.2785454087879,2.5));
#10451=CARTESIAN_POINT('',(6.62172023959227,-23.4215302460815,2.5));
#10452=CARTESIAN_POINT('Ctrl Pts',(6.62172023959227,-23.4215302460815,2.5));
#10453=CARTESIAN_POINT('Ctrl Pts',(6.58922371275493,-23.3621079915191,2.5));
#10454=CARTESIAN_POINT('Ctrl Pts',(6.58922371275493,-23.2785454087879,2.5));
#10455=CARTESIAN_POINT('',(6.62172023959227,-23.4215302460815,2.5));
#10456=CARTESIAN_POINT('Ctrl Pts',(6.71642456955977,-23.512211113515,2.4));
#10457=CARTESIAN_POINT('Ctrl Pts',(6.71642456955977,-23.512211113515,2.5));
#10458=CARTESIAN_POINT('Ctrl Pts',(6.65421684093543,-23.4809525006439,2.4));
#10459=CARTESIAN_POINT('Ctrl Pts',(6.65421684093543,-23.4809525006439,2.5));
#10460=CARTESIAN_POINT('Ctrl Pts',(6.62172023959227,-23.4215302460815,2.4));
#10461=CARTESIAN_POINT('Ctrl Pts',(6.62172023959227,-23.4215302460815,2.5));
#10462=CARTESIAN_POINT('',(6.71642456955977,-23.512211113515,2.5));
#10463=CARTESIAN_POINT('Ctrl Pts',(6.71642456955977,-23.512211113515,2.5));
#10464=CARTESIAN_POINT('Ctrl Pts',(6.65421684093543,-23.4809525006439,2.5));
#10465=CARTESIAN_POINT('Ctrl Pts',(6.62172023959227,-23.4215302460815,2.5));
#10466=CARTESIAN_POINT('',(6.71642456955977,-23.512211113515,2.5));
#10467=CARTESIAN_POINT('Ctrl Pts',(6.86590869731971,-23.5434697263862,2.4));
#10468=CARTESIAN_POINT('Ctrl Pts',(6.86590869731971,-23.5434697263862,2.5));
#10469=CARTESIAN_POINT('Ctrl Pts',(6.77863222367831,-23.5434697263862,2.4));
#10470=CARTESIAN_POINT('Ctrl Pts',(6.77863222367831,-23.5434697263862,2.5));
#10471=CARTESIAN_POINT('Ctrl Pts',(6.71642456955977,-23.512211113515,2.4));
#10472=CARTESIAN_POINT('Ctrl Pts',(6.71642456955977,-23.512211113515,2.5));
#10473=CARTESIAN_POINT('',(6.86590869731971,-23.5434697263862,2.5));
#10474=CARTESIAN_POINT('Ctrl Pts',(6.86590869731971,-23.5434697263862,2.5));
#10475=CARTESIAN_POINT('Ctrl Pts',(6.77863222367831,-23.5434697263862,2.5));
#10476=CARTESIAN_POINT('Ctrl Pts',(6.71642456955977,-23.512211113515,2.5));
#10477=CARTESIAN_POINT('',(6.86590869731971,-23.5434697263862,2.5));
#10478=CARTESIAN_POINT('Origin',(6.91821270443269,-23.5434697263862,2.5));
#10479=CARTESIAN_POINT('',(6.97051671154567,-23.5434697263862,2.5));
#10480=CARTESIAN_POINT('',(7.20910635221634,-23.5434697263862,2.5));
#10481=CARTESIAN_POINT('',(6.97051671154567,-23.5434697263862,2.5));
#10482=CARTESIAN_POINT('Ctrl Pts',(7.12185782201358,-23.512211113515,2.4));
#10483=CARTESIAN_POINT('Ctrl Pts',(7.12185782201358,-23.512211113515,2.5));
#10484=CARTESIAN_POINT('Ctrl Pts',(7.05903117365905,-23.5434697263862,2.4));
#10485=CARTESIAN_POINT('Ctrl Pts',(7.05903117365905,-23.5434697263862,2.5));
#10486=CARTESIAN_POINT('Ctrl Pts',(6.97051671154567,-23.5434697263862,2.4));
#10487=CARTESIAN_POINT('Ctrl Pts',(6.97051671154567,-23.5434697263862,2.5));
#10488=CARTESIAN_POINT('',(7.12185782201358,-23.512211113515,2.5));
#10489=CARTESIAN_POINT('Ctrl Pts',(7.12185782201358,-23.512211113515,2.5));
#10490=CARTESIAN_POINT('Ctrl Pts',(7.05903117365905,-23.5434697263862,2.5));
#10491=CARTESIAN_POINT('Ctrl Pts',(6.97051671154567,-23.5434697263862,2.5));
#10492=CARTESIAN_POINT('',(7.12185782201358,-23.512211113515,2.5));
#10493=CARTESIAN_POINT('Ctrl Pts',(7.21749056882926,-23.4215302460815,2.4));
#10494=CARTESIAN_POINT('Ctrl Pts',(7.21749056882926,-23.4215302460815,2.5));
#10495=CARTESIAN_POINT('Ctrl Pts',(7.18468454487391,-23.4809525006439,2.4));
#10496=CARTESIAN_POINT('Ctrl Pts',(7.18468454487391,-23.4809525006439,2.5));
#10497=CARTESIAN_POINT('Ctrl Pts',(7.12185782201358,-23.512211113515,2.4));
#10498=CARTESIAN_POINT('Ctrl Pts',(7.12185782201358,-23.512211113515,2.5));
#10499=CARTESIAN_POINT('',(7.21749056882926,-23.4215302460815,2.5));
#10500=CARTESIAN_POINT('Ctrl Pts',(7.21749056882926,-23.4215302460815,2.5));
#10501=CARTESIAN_POINT('Ctrl Pts',(7.18468454487391,-23.4809525006439,2.5));
#10502=CARTESIAN_POINT('Ctrl Pts',(7.12185782201358,-23.512211113515,2.5));
#10503=CARTESIAN_POINT('',(7.21749056882926,-23.4215302460815,2.5));
#10504=CARTESIAN_POINT('Ctrl Pts',(7.25029666729041,-23.2785454087879,2.4));
#10505=CARTESIAN_POINT('Ctrl Pts',(7.25029666729041,-23.2785454087879,2.5));
#10506=CARTESIAN_POINT('Ctrl Pts',(7.25029666729041,-23.3621079915191,2.4));
#10507=CARTESIAN_POINT('Ctrl Pts',(7.25029666729041,-23.3621079915191,2.5));
#10508=CARTESIAN_POINT('Ctrl Pts',(7.21749056882926,-23.4215302460815,2.4));
#10509=CARTESIAN_POINT('Ctrl Pts',(7.21749056882926,-23.4215302460815,2.5));
#10510=CARTESIAN_POINT('',(7.25029666729041,-23.2785454087879,2.5));
#10511=CARTESIAN_POINT('Ctrl Pts',(7.25029666729041,-23.2785454087879,2.5));
#10512=CARTESIAN_POINT('Ctrl Pts',(7.25029666729041,-23.3621079915191,2.5));
#10513=CARTESIAN_POINT('Ctrl Pts',(7.21749056882926,-23.4215302460815,2.5));
#10514=CARTESIAN_POINT('',(7.25029666729041,-23.2785454087879,2.5));
#10515=CARTESIAN_POINT('Ctrl Pts',(7.21749056882926,-23.1355604224826,2.4));
#10516=CARTESIAN_POINT('Ctrl Pts',(7.21749056882926,-23.1355604224826,2.5));
#10517=CARTESIAN_POINT('Ctrl Pts',(7.25029666729041,-23.1949828260566,2.4));
#10518=CARTESIAN_POINT('Ctrl Pts',(7.25029666729041,-23.1949828260566,2.5));
#10519=CARTESIAN_POINT('Ctrl Pts',(7.25029666729041,-23.2785454087879,2.4));
#10520=CARTESIAN_POINT('Ctrl Pts',(7.25029666729041,-23.2785454087879,2.5));
#10521=CARTESIAN_POINT('',(7.21749056882926,-23.1355604224826,2.5));
#10522=CARTESIAN_POINT('Ctrl Pts',(7.21749056882926,-23.1355604224826,2.5));
#10523=CARTESIAN_POINT('Ctrl Pts',(7.25029666729041,-23.1949828260566,2.5));
#10524=CARTESIAN_POINT('Ctrl Pts',(7.25029666729041,-23.2785454087879,2.5));
#10525=CARTESIAN_POINT('',(7.21749056882926,-23.1355604224826,2.5));
#10526=CARTESIAN_POINT('Ctrl Pts',(7.12247681624957,-23.0448795550491,2.4));
#10527=CARTESIAN_POINT('Ctrl Pts',(7.12247681624957,-23.0448795550491,2.5));
#10528=CARTESIAN_POINT('Ctrl Pts',(7.18468454487391,-23.0761381679202,2.4));
#10529=CARTESIAN_POINT('Ctrl Pts',(7.18468454487391,-23.0761381679202,2.5));
#10530=CARTESIAN_POINT('Ctrl Pts',(7.21749056882926,-23.1355604224826,2.4));
#10531=CARTESIAN_POINT('Ctrl Pts',(7.21749056882926,-23.1355604224826,2.5));
#10532=CARTESIAN_POINT('Ctrl Pts',(7.12247681624957,-23.0448795550491,2.5));
#10533=CARTESIAN_POINT('Ctrl Pts',(7.18468454487391,-23.0761381679202,2.5));
#10534=CARTESIAN_POINT('Ctrl Pts',(7.21749056882926,-23.1355604224826,2.5));
#10535=CARTESIAN_POINT('Ctrl Pts',(7.16735300428935,-23.2791644030239,2.4));
#10536=CARTESIAN_POINT('Ctrl Pts',(7.16735300428935,-23.2791644030239,2.5));
#10537=CARTESIAN_POINT('Ctrl Pts',(7.16735300428935,-23.3627269857551,2.4));
#10538=CARTESIAN_POINT('Ctrl Pts',(7.16735300428935,-23.3627269857551,2.5));
#10539=CARTESIAN_POINT('Ctrl Pts',(7.11628702290126,-23.4085316651489,2.4));
#10540=CARTESIAN_POINT('Ctrl Pts',(7.11628702290126,-23.4085316651489,2.5));
#10541=CARTESIAN_POINT('',(7.16735300428935,-23.2791644030239,2.5));
#10542=CARTESIAN_POINT('',(7.16735300428935,-23.2791644030239,2.5));
#10543=CARTESIAN_POINT('',(7.11628702290126,-23.4085316651489,2.5));
#10544=CARTESIAN_POINT('Ctrl Pts',(7.11628702290126,-23.4085316651489,2.5));
#10545=CARTESIAN_POINT('Ctrl Pts',(7.16735300428935,-23.3627269857551,2.5));
#10546=CARTESIAN_POINT('Ctrl Pts',(7.16735300428935,-23.2791644030239,2.5));
#10547=CARTESIAN_POINT('',(7.11628702290126,-23.4085316651489,2.5));
#10548=CARTESIAN_POINT('Ctrl Pts',(7.11628702290126,-23.4085316651489,2.4));
#10549=CARTESIAN_POINT('Ctrl Pts',(7.11628702290126,-23.4085316651489,2.5));
#10550=CARTESIAN_POINT('Ctrl Pts',(7.06522096700736,-23.4543363445426,2.4));
#10551=CARTESIAN_POINT('Ctrl Pts',(7.06522096700736,-23.4543363445426,2.5));
#10552=CARTESIAN_POINT('Ctrl Pts',(6.97237361974784,-23.4543363445426,2.4));
#10553=CARTESIAN_POINT('Ctrl Pts',(6.97237361974784,-23.4543363445426,2.5));
#10554=CARTESIAN_POINT('',(6.97237361974784,-23.4543363445426,2.5));
#10555=CARTESIAN_POINT('Ctrl Pts',(6.97237361974784,-23.4543363445426,2.5));
#10556=CARTESIAN_POINT('Ctrl Pts',(7.06522096700736,-23.4543363445426,2.5));
#10557=CARTESIAN_POINT('Ctrl Pts',(7.11628702290126,-23.4085316651489,2.5));
#10558=CARTESIAN_POINT('',(6.97237361974784,-23.4543363445426,2.5));
#10559=CARTESIAN_POINT('Origin',(6.91914115853377,-23.4543363445426,2.5));
#10560=CARTESIAN_POINT('',(6.86590869731971,-23.4543363445426,2.5));
#10561=CARTESIAN_POINT('',(7.20957057926689,-23.4543363445426,2.5));
#10562=CARTESIAN_POINT('',(6.86590869731971,-23.4543363445426,2.5));
#10563=CARTESIAN_POINT('Ctrl Pts',(6.86590869731971,-23.4543363445426,2.4));
#10564=CARTESIAN_POINT('Ctrl Pts',(6.86590869731971,-23.4543363445426,2.5));
#10565=CARTESIAN_POINT('Ctrl Pts',(6.77368034429618,-23.4543363445426,2.4));
#10566=CARTESIAN_POINT('Ctrl Pts',(6.77368034429618,-23.4543363445426,2.5));
#10567=CARTESIAN_POINT('Ctrl Pts',(6.72292386002608,-23.4085316651489,2.4));
#10568=CARTESIAN_POINT('Ctrl Pts',(6.72292386002608,-23.4085316651489,2.5));
#10569=CARTESIAN_POINT('',(6.72292386002608,-23.4085316651489,2.5));
#10570=CARTESIAN_POINT('Ctrl Pts',(6.72292386002608,-23.4085316651489,2.5));
#10571=CARTESIAN_POINT('Ctrl Pts',(6.77368034429618,-23.4543363445426,2.5));
#10572=CARTESIAN_POINT('Ctrl Pts',(6.86590869731971,-23.4543363445426,2.5));
#10573=CARTESIAN_POINT('',(6.72292386002608,-23.4085316651489,2.5));
#10574=CARTESIAN_POINT('Ctrl Pts',(6.72292386002608,-23.4085316651489,2.4));
#10575=CARTESIAN_POINT('Ctrl Pts',(6.72292386002608,-23.4085316651489,2.5));
#10576=CARTESIAN_POINT('Ctrl Pts',(6.67216730125018,-23.3627269857551,2.4));
#10577=CARTESIAN_POINT('Ctrl Pts',(6.67216730125018,-23.3627269857551,2.5));
#10578=CARTESIAN_POINT('Ctrl Pts',(6.67216730125018,-23.2791644030239,2.4));
#10579=CARTESIAN_POINT('Ctrl Pts',(6.67216730125018,-23.2791644030239,2.5));
#10580=CARTESIAN_POINT('',(6.67216730125018,-23.2791644030239,2.5));
#10581=CARTESIAN_POINT('Ctrl Pts',(6.67216730125018,-23.2791644030239,2.5));
#10582=CARTESIAN_POINT('Ctrl Pts',(6.67216730125018,-23.3627269857551,2.5));
#10583=CARTESIAN_POINT('Ctrl Pts',(6.72292386002608,-23.4085316651489,2.5));
#10584=CARTESIAN_POINT('',(6.67216730125018,-23.2791644030239,2.5));
#10585=CARTESIAN_POINT('Ctrl Pts',(6.67216730125018,-23.2791644030239,2.4));
#10586=CARTESIAN_POINT('Ctrl Pts',(6.67216730125018,-23.2791644030239,2.5));
#10587=CARTESIAN_POINT('Ctrl Pts',(6.67216730125018,-23.1949828260566,2.4));
#10588=CARTESIAN_POINT('Ctrl Pts',(6.67216730125018,-23.1949828260566,2.5));
#10589=CARTESIAN_POINT('Ctrl Pts',(6.72292386002608,-23.1488686495448,2.4));
#10590=CARTESIAN_POINT('Ctrl Pts',(6.72292386002608,-23.1488686495448,2.5));
#10591=CARTESIAN_POINT('',(6.72292386002608,-23.1488686495448,2.5));
#10592=CARTESIAN_POINT('Ctrl Pts',(6.72292386002608,-23.1488686495448,2.5));
#10593=CARTESIAN_POINT('Ctrl Pts',(6.67216730125018,-23.1949828260566,2.5));
#10594=CARTESIAN_POINT('Ctrl Pts',(6.67216730125018,-23.2791644030239,2.5));
#10595=CARTESIAN_POINT('',(6.72292386002608,-23.1488686495448,2.5));
#10596=CARTESIAN_POINT('Ctrl Pts',(6.72292386002608,-23.1488686495448,2.4));
#10597=CARTESIAN_POINT('Ctrl Pts',(6.72292386002608,-23.1488686495448,2.5));
#10598=CARTESIAN_POINT('Ctrl Pts',(6.77368034429618,-23.1027544730331,2.4));
#10599=CARTESIAN_POINT('Ctrl Pts',(6.77368034429618,-23.1027544730331,2.5));
#10600=CARTESIAN_POINT('Ctrl Pts',(6.86590869731971,-23.1027544730331,2.4));
#10601=CARTESIAN_POINT('Ctrl Pts',(6.86590869731971,-23.1027544730331,2.5));
#10602=CARTESIAN_POINT('',(6.86590869731971,-23.1027544730331,2.5));
#10603=CARTESIAN_POINT('Ctrl Pts',(6.86590869731971,-23.1027544730331,2.5));
#10604=CARTESIAN_POINT('Ctrl Pts',(6.77368034429618,-23.1027544730331,2.5));
#10605=CARTESIAN_POINT('Ctrl Pts',(6.72292386002608,-23.1488686495448,2.5));
#10606=CARTESIAN_POINT('',(6.86590869731971,-23.1027544730331,2.5));
#10607=CARTESIAN_POINT('Origin',(6.91914115853377,-23.1027544730331,2.5));
#10608=CARTESIAN_POINT('',(6.97237361974784,-23.1027544730331,2.5));
#10609=CARTESIAN_POINT('',(7.20957057926689,-23.1027544730331,2.5));
#10610=CARTESIAN_POINT('',(6.97237361974784,-23.1027544730331,2.5));
#10611=CARTESIAN_POINT('Ctrl Pts',(6.97237361974784,-23.1027544730331,2.4));
#10612=CARTESIAN_POINT('Ctrl Pts',(6.97237361974784,-23.1027544730331,2.5));
#10613=CARTESIAN_POINT('Ctrl Pts',(7.06522096700736,-23.1027544730331,2.4));
#10614=CARTESIAN_POINT('Ctrl Pts',(7.06522096700736,-23.1027544730331,2.5));
#10615=CARTESIAN_POINT('Ctrl Pts',(7.11628702290126,-23.1488686495448,2.4));
#10616=CARTESIAN_POINT('Ctrl Pts',(7.11628702290126,-23.1488686495448,2.5));
#10617=CARTESIAN_POINT('',(7.11628702290126,-23.1488686495448,2.5));
#10618=CARTESIAN_POINT('Ctrl Pts',(7.11628702290126,-23.1488686495448,2.5));
#10619=CARTESIAN_POINT('Ctrl Pts',(7.06522096700736,-23.1027544730331,2.5));
#10620=CARTESIAN_POINT('Ctrl Pts',(6.97237361974784,-23.1027544730331,2.5));
#10621=CARTESIAN_POINT('',(7.11628702290126,-23.1488686495448,2.5));
#10622=CARTESIAN_POINT('Ctrl Pts',(7.11628702290126,-23.1488686495448,2.4));
#10623=CARTESIAN_POINT('Ctrl Pts',(7.11628702290126,-23.1488686495448,2.5));
#10624=CARTESIAN_POINT('Ctrl Pts',(7.16735300428935,-23.1949828260566,2.4));
#10625=CARTESIAN_POINT('Ctrl Pts',(7.16735300428935,-23.1949828260566,2.5));
#10626=CARTESIAN_POINT('Ctrl Pts',(7.16735300428935,-23.2791644030239,2.4));
#10627=CARTESIAN_POINT('Ctrl Pts',(7.16735300428935,-23.2791644030239,2.5));
#10628=CARTESIAN_POINT('Ctrl Pts',(7.16735300428935,-23.2791644030239,2.5));
#10629=CARTESIAN_POINT('Ctrl Pts',(7.16735300428935,-23.1949828260566,2.5));
#10630=CARTESIAN_POINT('Ctrl Pts',(7.11628702290126,-23.1488686495448,2.5));
#10631=CARTESIAN_POINT('Origin',(7.5,-20.5000001937151,2.4));
#10632=CARTESIAN_POINT('',(7.19836549896603,-20.101928680482,2.4));
#10633=CARTESIAN_POINT('',(7.22089496262141,-20.1381390982295,2.4));
#10634=CARTESIAN_POINT('Ctrl Pts',(7.19836549896603,-20.101928680482,2.4));
#10635=CARTESIAN_POINT('Ctrl Pts',(7.21087780701053,-20.1174652783795,2.4));
#10636=CARTESIAN_POINT('Ctrl Pts',(7.22089496262141,-20.1381390982295,2.4));
#10637=CARTESIAN_POINT('',(7.24101190276214,-20.101928680482,2.4));
#10638=CARTESIAN_POINT('',(7.24101190276214,-20.101928680482,2.4));
#10639=CARTESIAN_POINT('',(7.24101190276214,-20.0127952986385,2.4));
#10640=CARTESIAN_POINT('',(7.24101190276214,-20.0127952986385,2.4));
#10641=CARTESIAN_POINT('',(6.82815079398223,-20.0127952986385,2.4));
#10642=CARTESIAN_POINT('',(6.82815079398223,-20.0127952986385,2.4));
#10643=CARTESIAN_POINT('',(6.69909302897521,-20.0425064259197,2.4));
#10644=CARTESIAN_POINT('Ctrl Pts',(6.69909302897521,-20.0425064259197,2.4));
#10645=CARTESIAN_POINT('Ctrl Pts',(6.75263498730727,-20.0127952986385,2.4));
#10646=CARTESIAN_POINT('Ctrl Pts',(6.82815079398223,-20.0127952986385,2.4));
#10647=CARTESIAN_POINT('',(6.61738742895194,-20.1291638308193,2.4));
#10648=CARTESIAN_POINT('Ctrl Pts',(6.61738742895194,-20.1291638308193,2.4));
#10649=CARTESIAN_POINT('Ctrl Pts',(6.64555107064315,-20.0722175532009,2.4));
#10650=CARTESIAN_POINT('Ctrl Pts',(6.69909302897521,-20.0425064259197,2.4));
#10651=CARTESIAN_POINT('',(6.58922371275493,-20.2659588747646,2.4));
#10652=CARTESIAN_POINT('Ctrl Pts',(6.58922371275493,-20.2659588747646,2.4));
#10653=CARTESIAN_POINT('Ctrl Pts',(6.58922371275493,-20.1861101084377,2.4));
#10654=CARTESIAN_POINT('Ctrl Pts',(6.61738742895194,-20.1291638308193,2.4));
#10655=CARTESIAN_POINT('',(6.61367353804179,-20.3987306051875,2.4));
#10656=CARTESIAN_POINT('Ctrl Pts',(6.61367353804179,-20.3987306051875,2.4));
#10657=CARTESIAN_POINT('Ctrl Pts',(6.58922371275493,-20.3389987044956,2.4));
#10658=CARTESIAN_POINT('Ctrl Pts',(6.58922371275493,-20.2659588747646,2.4));
#10659=CARTESIAN_POINT('',(6.68207098550864,-20.4949822717334,2.4));
#10660=CARTESIAN_POINT('Ctrl Pts',(6.68207098550864,-20.4949822717334,2.4));
#10661=CARTESIAN_POINT('Ctrl Pts',(6.63812328882285,-20.4584622078563,2.4));
#10662=CARTESIAN_POINT('Ctrl Pts',(6.61367353804179,-20.3987306051875,2.4));
#10663=CARTESIAN_POINT('',(6.72663767643042,-20.4299890690471,2.4));
#10664=CARTESIAN_POINT('',(6.72663767643042,-20.4299890690471,2.4));
#10665=CARTESIAN_POINT('',(6.68454696245261,-20.3519972854282,2.4));
#10666=CARTESIAN_POINT('Ctrl Pts',(6.68454696245261,-20.3519972854282,2.4));
#10667=CARTESIAN_POINT('Ctrl Pts',(6.69940252609321,-20.3959452801372,2.4));
#10668=CARTESIAN_POINT('Ctrl Pts',(6.72663767643042,-20.4299890690471,2.4));
#10669=CARTESIAN_POINT('',(6.66969139881202,-20.2622449093486,2.4));
#10670=CARTESIAN_POINT('Ctrl Pts',(6.66969139881202,-20.2622449093486,2.4));
#10671=CARTESIAN_POINT('Ctrl Pts',(6.66969139881202,-20.3080495887424,2.4));
#10672=CARTESIAN_POINT('Ctrl Pts',(6.68454696245261,-20.3519972854282,2.4));
#10673=CARTESIAN_POINT('',(6.71271060414382,-20.1437100463535,2.4));
#10674=CARTESIAN_POINT('Ctrl Pts',(6.71271060414382,-20.1437100463535,2.4));
#10675=CARTESIAN_POINT('Ctrl Pts',(6.66969139881202,-20.1854911142017,2.4));
#10676=CARTESIAN_POINT('Ctrl Pts',(6.66969139881202,-20.2622449093486,2.4));
#10677=CARTESIAN_POINT('',(6.83372159309455,-20.101928680482,2.4));
#10678=CARTESIAN_POINT('Ctrl Pts',(6.83372159309455,-20.101928680482,2.4));
#10679=CARTESIAN_POINT('Ctrl Pts',(6.75572988398143,-20.101928680482,2.4));
#10680=CARTESIAN_POINT('Ctrl Pts',(6.71271060414382,-20.1437100463535,2.4));
#10681=CARTESIAN_POINT('',(6.86095689244338,-20.101928680482,2.4));
#10682=CARTESIAN_POINT('',(7.24101190276214,-20.101928680482,2.4));
#10683=CARTESIAN_POINT('',(6.86095689244338,-20.3099065714504,2.4));
#10684=CARTESIAN_POINT('',(6.86095689244338,-20.3099065714504,2.4));
#10685=CARTESIAN_POINT('',(6.91078488535949,-20.4699134522106,2.4));
#10686=CARTESIAN_POINT('Ctrl Pts',(6.91078488535949,-20.4699134522106,2.4));
#10687=CARTESIAN_POINT('Ctrl Pts',(6.86095689244338,-20.4132765226985,2.4));
#10688=CARTESIAN_POINT('Ctrl Pts',(6.86095689244338,-20.3099065714504,2.4));
#10689=CARTESIAN_POINT('',(7.05160339183875,-20.5265503817226,2.4));
#10690=CARTESIAN_POINT('Ctrl Pts',(7.05160339183875,-20.5265503817226,2.4));
#10691=CARTESIAN_POINT('Ctrl Pts',(6.9606129527814,-20.5265503817226,2.4));
#10692=CARTESIAN_POINT('Ctrl Pts',(6.91078488535949,-20.4699134522106,2.4));
#10693=CARTESIAN_POINT('',(7.19830212004252,-20.4646521502162,2.4));
#10694=CARTESIAN_POINT('Ctrl Pts',(7.19830212004252,-20.4646521502162,2.4));
#10695=CARTESIAN_POINT('Ctrl Pts',(7.14630764730044,-20.5265503817226,2.4));
#10696=CARTESIAN_POINT('Ctrl Pts',(7.05160339183875,-20.5265503817226,2.4));
#10697=CARTESIAN_POINT('',(7.25029666729041,-20.2900990539218,2.4));
#10698=CARTESIAN_POINT('Ctrl Pts',(7.25029666729041,-20.2900990539218,2.4));
#10699=CARTESIAN_POINT('Ctrl Pts',(7.25029666729041,-20.4027539187099,2.4));
#10700=CARTESIAN_POINT('Ctrl Pts',(7.19830212004252,-20.4646521502162,2.4));
#10701=CARTESIAN_POINT('',(7.24286888547011,-20.2068459683086,2.4));
#10702=CARTESIAN_POINT('Ctrl Pts',(7.24286888547011,-20.2068459683086,2.4));
#10703=CARTESIAN_POINT('Ctrl Pts',(7.25029666729041,-20.245532363,2.4));
#10704=CARTESIAN_POINT('Ctrl Pts',(7.25029666729041,-20.2900990539218,2.4));
#10705=CARTESIAN_POINT('Ctrl Pts',(7.22089496262141,-20.1381390982295,2.4));
#10706=CARTESIAN_POINT('Ctrl Pts',(7.23544110364982,-20.1681598716403,2.4));
#10707=CARTESIAN_POINT('Ctrl Pts',(7.24286888547011,-20.2068459683086,2.4));
#10708=CARTESIAN_POINT('',(7.10235987610885,-20.101928680482,2.4));
#10709=CARTESIAN_POINT('',(7.1494025439746,-20.1477333598758,2.4));
#10710=CARTESIAN_POINT('Ctrl Pts',(7.10235987610885,-20.101928680482,2.4));
#10711=CARTESIAN_POINT('Ctrl Pts',(7.13268999762603,-20.101928680482,2.4));
#10712=CARTESIAN_POINT('Ctrl Pts',(7.1494025439746,-20.1477333598758,2.4));
#10713=CARTESIAN_POINT('',(7.16611509032317,-20.2764814787532,2.4));
#10714=CARTESIAN_POINT('Ctrl Pts',(7.1494025439746,-20.1477333598758,2.4));
#10715=CARTESIAN_POINT('Ctrl Pts',(7.16611509032317,-20.1935380392696,2.4));
#10716=CARTESIAN_POINT('Ctrl Pts',(7.16611509032317,-20.2764814787532,2.4));
#10717=CARTESIAN_POINT('',(7.13609446592399,-20.3962546282436,2.4));
#10718=CARTESIAN_POINT('Ctrl Pts',(7.16611509032317,-20.2764814787532,2.4));
#10719=CARTESIAN_POINT('Ctrl Pts',(7.16611509032317,-20.3538542681362,2.4));
#10720=CARTESIAN_POINT('Ctrl Pts',(7.13609446592399,-20.3962546282436,2.4));
#10721=CARTESIAN_POINT('',(7.05160339183875,-20.438654988351,2.4));
#10722=CARTESIAN_POINT('Ctrl Pts',(7.13609446592399,-20.3962546282436,2.4));
#10723=CARTESIAN_POINT('Ctrl Pts',(7.10607376701899,-20.438654988351,2.4));
#10724=CARTESIAN_POINT('Ctrl Pts',(7.05160339183875,-20.438654988351,2.4));
#10725=CARTESIAN_POINT('',(6.97206412262984,-20.4049202495242,2.4));
#10726=CARTESIAN_POINT('Ctrl Pts',(7.05160339183875,-20.438654988351,2.4));
#10727=CARTESIAN_POINT('Ctrl Pts',(7.00022783882686,-20.438654988351,2.4));
#10728=CARTESIAN_POINT('Ctrl Pts',(6.97206412262984,-20.4049202495242,2.4));
#10729=CARTESIAN_POINT('',(6.94390048093863,-20.3092875772144,2.4));
#10730=CARTESIAN_POINT('Ctrl Pts',(6.97206412262984,-20.4049202495242,2.4));
#10731=CARTESIAN_POINT('Ctrl Pts',(6.94390048093863,-20.3711858087207,2.4));
#10732=CARTESIAN_POINT('Ctrl Pts',(6.94390048093863,-20.3092875772144,2.4));
#10733=CARTESIAN_POINT('',(6.94390048093863,-20.101928680482,2.4));
#10734=CARTESIAN_POINT('',(6.94390048093863,-20.0876921110774,2.4));
#10735=CARTESIAN_POINT('',(7.24101190276214,-20.101928680482,2.4));
#10736=CARTESIAN_POINT('Ctrl Pts',(7.19836549896603,-20.101928680482,2.4));
#10737=CARTESIAN_POINT('Ctrl Pts',(7.19836549896603,-20.101928680482,2.5));
#10738=CARTESIAN_POINT('Ctrl Pts',(7.21087780701053,-20.1174652783795,2.4));
#10739=CARTESIAN_POINT('Ctrl Pts',(7.21087780701053,-20.1174652783795,2.5));
#10740=CARTESIAN_POINT('Ctrl Pts',(7.22089496262141,-20.1381390982295,2.4));
#10741=CARTESIAN_POINT('Ctrl Pts',(7.22089496262141,-20.1381390982295,2.5));
#10742=CARTESIAN_POINT('',(7.22089496262141,-20.1381390982295,2.5));
#10743=CARTESIAN_POINT('',(7.22089496262141,-20.1381390982295,2.5));
#10744=CARTESIAN_POINT('',(7.19836549896603,-20.101928680482,2.5));
#10745=CARTESIAN_POINT('Ctrl Pts',(7.19836549896603,-20.101928680482,2.5));
#10746=CARTESIAN_POINT('Ctrl Pts',(7.21087780701053,-20.1174652783795,2.5));
#10747=CARTESIAN_POINT('Ctrl Pts',(7.22089496262141,-20.1381390982295,2.5));
#10748=CARTESIAN_POINT('',(7.19836549896603,-20.101928680482,2.5));
#10749=CARTESIAN_POINT('Origin',(7.21968870086408,-20.101928680482,2.5));
#10750=CARTESIAN_POINT('',(7.24101190276214,-20.101928680482,2.5));
#10751=CARTESIAN_POINT('',(7.35984435043204,-20.101928680482,2.5));
#10752=CARTESIAN_POINT('',(7.24101190276214,-20.101928680482,2.5));
#10753=CARTESIAN_POINT('Origin',(7.24101190276214,-20.0573619895603,2.5));
#10754=CARTESIAN_POINT('',(7.24101190276214,-20.0127952986385,2.5));
#10755=CARTESIAN_POINT('',(7.24101190276214,-20.2786810916377,2.5));
#10756=CARTESIAN_POINT('',(7.24101190276214,-20.0127952986385,2.5));
#10757=CARTESIAN_POINT('Origin',(7.03458134837218,-20.0127952986385,2.5));
#10758=CARTESIAN_POINT('',(6.82815079398223,-20.0127952986385,2.5));
#10759=CARTESIAN_POINT('',(7.26729067418609,-20.0127952986385,2.5));
#10760=CARTESIAN_POINT('',(6.82815079398223,-20.0127952986385,2.5));
#10761=CARTESIAN_POINT('Ctrl Pts',(6.69909302897521,-20.0425064259197,2.4));
#10762=CARTESIAN_POINT('Ctrl Pts',(6.69909302897521,-20.0425064259197,2.5));
#10763=CARTESIAN_POINT('Ctrl Pts',(6.75263498730727,-20.0127952986385,2.4));
#10764=CARTESIAN_POINT('Ctrl Pts',(6.75263498730727,-20.0127952986385,2.5));
#10765=CARTESIAN_POINT('Ctrl Pts',(6.82815079398223,-20.0127952986385,2.4));
#10766=CARTESIAN_POINT('Ctrl Pts',(6.82815079398223,-20.0127952986385,2.5));
#10767=CARTESIAN_POINT('',(6.69909302897521,-20.0425064259197,2.5));
#10768=CARTESIAN_POINT('Ctrl Pts',(6.69909302897521,-20.0425064259197,2.5));
#10769=CARTESIAN_POINT('Ctrl Pts',(6.75263498730727,-20.0127952986385,2.5));
#10770=CARTESIAN_POINT('Ctrl Pts',(6.82815079398223,-20.0127952986385,2.5));
#10771=CARTESIAN_POINT('',(6.69909302897521,-20.0425064259197,2.5));
#10772=CARTESIAN_POINT('Ctrl Pts',(6.61738742895194,-20.1291638308193,2.4));
#10773=CARTESIAN_POINT('Ctrl Pts',(6.61738742895194,-20.1291638308193,2.5));
#10774=CARTESIAN_POINT('Ctrl Pts',(6.64555107064315,-20.0722175532009,2.4));
#10775=CARTESIAN_POINT('Ctrl Pts',(6.64555107064315,-20.0722175532009,2.5));
#10776=CARTESIAN_POINT('Ctrl Pts',(6.69909302897521,-20.0425064259197,2.4));
#10777=CARTESIAN_POINT('Ctrl Pts',(6.69909302897521,-20.0425064259197,2.5));
#10778=CARTESIAN_POINT('',(6.61738742895194,-20.1291638308193,2.5));
#10779=CARTESIAN_POINT('Ctrl Pts',(6.61738742895194,-20.1291638308193,2.5));
#10780=CARTESIAN_POINT('Ctrl Pts',(6.64555107064315,-20.0722175532009,2.5));
#10781=CARTESIAN_POINT('Ctrl Pts',(6.69909302897521,-20.0425064259197,2.5));
#10782=CARTESIAN_POINT('',(6.61738742895194,-20.1291638308193,2.5));
#10783=CARTESIAN_POINT('Ctrl Pts',(6.58922371275493,-20.2659588747646,2.4));
#10784=CARTESIAN_POINT('Ctrl Pts',(6.58922371275493,-20.2659588747646,2.5));
#10785=CARTESIAN_POINT('Ctrl Pts',(6.58922371275493,-20.1861101084377,2.4));
#10786=CARTESIAN_POINT('Ctrl Pts',(6.58922371275493,-20.1861101084377,2.5));
#10787=CARTESIAN_POINT('Ctrl Pts',(6.61738742895194,-20.1291638308193,2.4));
#10788=CARTESIAN_POINT('Ctrl Pts',(6.61738742895194,-20.1291638308193,2.5));
#10789=CARTESIAN_POINT('',(6.58922371275493,-20.2659588747646,2.5));
#10790=CARTESIAN_POINT('Ctrl Pts',(6.58922371275493,-20.2659588747646,2.5));
#10791=CARTESIAN_POINT('Ctrl Pts',(6.58922371275493,-20.1861101084377,2.5));
#10792=CARTESIAN_POINT('Ctrl Pts',(6.61738742895194,-20.1291638308193,2.5));
#10793=CARTESIAN_POINT('',(6.58922371275493,-20.2659588747646,2.5));
#10794=CARTESIAN_POINT('Ctrl Pts',(6.61367353804179,-20.3987306051875,2.4));
#10795=CARTESIAN_POINT('Ctrl Pts',(6.61367353804179,-20.3987306051875,2.5));
#10796=CARTESIAN_POINT('Ctrl Pts',(6.58922371275493,-20.3389987044956,2.4));
#10797=CARTESIAN_POINT('Ctrl Pts',(6.58922371275493,-20.3389987044956,2.5));
#10798=CARTESIAN_POINT('Ctrl Pts',(6.58922371275493,-20.2659588747646,2.4));
#10799=CARTESIAN_POINT('Ctrl Pts',(6.58922371275493,-20.2659588747646,2.5));
#10800=CARTESIAN_POINT('',(6.61367353804179,-20.3987306051875,2.5));
#10801=CARTESIAN_POINT('Ctrl Pts',(6.61367353804179,-20.3987306051875,2.5));
#10802=CARTESIAN_POINT('Ctrl Pts',(6.58922371275493,-20.3389987044956,2.5));
#10803=CARTESIAN_POINT('Ctrl Pts',(6.58922371275493,-20.2659588747646,2.5));
#10804=CARTESIAN_POINT('',(6.61367353804179,-20.3987306051875,2.5));
#10805=CARTESIAN_POINT('Ctrl Pts',(6.68207098550864,-20.4949822717334,2.4));
#10806=CARTESIAN_POINT('Ctrl Pts',(6.68207098550864,-20.4949822717334,2.5));
#10807=CARTESIAN_POINT('Ctrl Pts',(6.63812328882285,-20.4584622078563,2.4));
#10808=CARTESIAN_POINT('Ctrl Pts',(6.63812328882285,-20.4584622078563,2.5));
#10809=CARTESIAN_POINT('Ctrl Pts',(6.61367353804179,-20.3987306051875,2.4));
#10810=CARTESIAN_POINT('Ctrl Pts',(6.61367353804179,-20.3987306051875,2.5));
#10811=CARTESIAN_POINT('',(6.68207098550864,-20.4949822717334,2.5));
#10812=CARTESIAN_POINT('Ctrl Pts',(6.68207098550864,-20.4949822717334,2.5));
#10813=CARTESIAN_POINT('Ctrl Pts',(6.63812328882285,-20.4584622078563,2.5));
#10814=CARTESIAN_POINT('Ctrl Pts',(6.61367353804179,-20.3987306051875,2.5));
#10815=CARTESIAN_POINT('',(6.68207098550864,-20.4949822717334,2.5));
#10816=CARTESIAN_POINT('Origin',(6.70435433096953,-20.4624856703903,2.5));
#10817=CARTESIAN_POINT('',(6.72663767643042,-20.4299890690471,2.5));
#10818=CARTESIAN_POINT('',(6.82283813254153,-20.2896964959791,2.5));
#10819=CARTESIAN_POINT('',(6.72663767643042,-20.4299890690471,2.5));
#10820=CARTESIAN_POINT('Ctrl Pts',(6.68454696245261,-20.3519972854282,2.4));
#10821=CARTESIAN_POINT('Ctrl Pts',(6.68454696245261,-20.3519972854282,2.5));
#10822=CARTESIAN_POINT('Ctrl Pts',(6.69940252609321,-20.3959452801372,2.4));
#10823=CARTESIAN_POINT('Ctrl Pts',(6.69940252609321,-20.3959452801372,2.5));
#10824=CARTESIAN_POINT('Ctrl Pts',(6.72663767643042,-20.4299890690471,2.4));
#10825=CARTESIAN_POINT('Ctrl Pts',(6.72663767643042,-20.4299890690471,2.5));
#10826=CARTESIAN_POINT('',(6.68454696245261,-20.3519972854282,2.5));
#10827=CARTESIAN_POINT('Ctrl Pts',(6.68454696245261,-20.3519972854282,2.5));
#10828=CARTESIAN_POINT('Ctrl Pts',(6.69940252609321,-20.3959452801372,2.5));
#10829=CARTESIAN_POINT('Ctrl Pts',(6.72663767643042,-20.4299890690471,2.5));
#10830=CARTESIAN_POINT('',(6.68454696245261,-20.3519972854282,2.5));
#10831=CARTESIAN_POINT('Ctrl Pts',(6.66969139881202,-20.2622449093486,2.4));
#10832=CARTESIAN_POINT('Ctrl Pts',(6.66969139881202,-20.2622449093486,2.5));
#10833=CARTESIAN_POINT('Ctrl Pts',(6.66969139881202,-20.3080495887424,2.4));
#10834=CARTESIAN_POINT('Ctrl Pts',(6.66969139881202,-20.3080495887424,2.5));
#10835=CARTESIAN_POINT('Ctrl Pts',(6.68454696245261,-20.3519972854282,2.4));
#10836=CARTESIAN_POINT('Ctrl Pts',(6.68454696245261,-20.3519972854282,2.5));
#10837=CARTESIAN_POINT('',(6.66969139881202,-20.2622449093486,2.5));
#10838=CARTESIAN_POINT('Ctrl Pts',(6.66969139881202,-20.2622449093486,2.5));
#10839=CARTESIAN_POINT('Ctrl Pts',(6.66969139881202,-20.3080495887424,2.5));
#10840=CARTESIAN_POINT('Ctrl Pts',(6.68454696245261,-20.3519972854282,2.5));
#10841=CARTESIAN_POINT('',(6.66969139881202,-20.2622449093486,2.5));
#10842=CARTESIAN_POINT('Ctrl Pts',(6.71271060414382,-20.1437100463535,2.4));
#10843=CARTESIAN_POINT('Ctrl Pts',(6.71271060414382,-20.1437100463535,2.5));
#10844=CARTESIAN_POINT('Ctrl Pts',(6.66969139881202,-20.1854911142017,2.4));
#10845=CARTESIAN_POINT('Ctrl Pts',(6.66969139881202,-20.1854911142017,2.5));
#10846=CARTESIAN_POINT('Ctrl Pts',(6.66969139881202,-20.2622449093486,2.4));
#10847=CARTESIAN_POINT('Ctrl Pts',(6.66969139881202,-20.2622449093486,2.5));
#10848=CARTESIAN_POINT('',(6.71271060414382,-20.1437100463535,2.5));
#10849=CARTESIAN_POINT('Ctrl Pts',(6.71271060414382,-20.1437100463535,2.5));
#10850=CARTESIAN_POINT('Ctrl Pts',(6.66969139881202,-20.1854911142017,2.5));
#10851=CARTESIAN_POINT('Ctrl Pts',(6.66969139881202,-20.2622449093486,2.5));
#10852=CARTESIAN_POINT('',(6.71271060414382,-20.1437100463535,2.5));
#10853=CARTESIAN_POINT('Ctrl Pts',(6.83372159309455,-20.101928680482,2.4));
#10854=CARTESIAN_POINT('Ctrl Pts',(6.83372159309455,-20.101928680482,2.5));
#10855=CARTESIAN_POINT('Ctrl Pts',(6.75572988398143,-20.101928680482,2.4));
#10856=CARTESIAN_POINT('Ctrl Pts',(6.75572988398143,-20.101928680482,2.5));
#10857=CARTESIAN_POINT('Ctrl Pts',(6.71271060414382,-20.1437100463535,2.4));
#10858=CARTESIAN_POINT('Ctrl Pts',(6.71271060414382,-20.1437100463535,2.5));
#10859=CARTESIAN_POINT('',(6.83372159309455,-20.101928680482,2.5));
#10860=CARTESIAN_POINT('Ctrl Pts',(6.83372159309455,-20.101928680482,2.5));
#10861=CARTESIAN_POINT('Ctrl Pts',(6.75572988398143,-20.101928680482,2.5));
#10862=CARTESIAN_POINT('Ctrl Pts',(6.71271060414382,-20.1437100463535,2.5));
#10863=CARTESIAN_POINT('',(6.83372159309455,-20.101928680482,2.5));
#10864=CARTESIAN_POINT('Origin',(6.84733924276896,-20.101928680482,2.5));
#10865=CARTESIAN_POINT('',(6.86095689244338,-20.101928680482,2.5));
#10866=CARTESIAN_POINT('',(7.17366962138448,-20.101928680482,2.5));
#10867=CARTESIAN_POINT('',(6.86095689244338,-20.101928680482,2.5));
#10868=CARTESIAN_POINT('Origin',(6.86095689244338,-20.2059176259662,2.5));
#10869=CARTESIAN_POINT('',(6.86095689244338,-20.3099065714504,2.5));
#10870=CARTESIAN_POINT('',(6.86095689244338,-20.3529589098406,2.5));
#10871=CARTESIAN_POINT('',(6.86095689244338,-20.3099065714504,2.5));
#10872=CARTESIAN_POINT('Ctrl Pts',(6.91078488535949,-20.4699134522106,2.4));
#10873=CARTESIAN_POINT('Ctrl Pts',(6.91078488535949,-20.4699134522106,2.5));
#10874=CARTESIAN_POINT('Ctrl Pts',(6.86095689244338,-20.4132765226985,2.4));
#10875=CARTESIAN_POINT('Ctrl Pts',(6.86095689244338,-20.4132765226985,2.5));
#10876=CARTESIAN_POINT('Ctrl Pts',(6.86095689244338,-20.3099065714504,2.4));
#10877=CARTESIAN_POINT('Ctrl Pts',(6.86095689244338,-20.3099065714504,2.5));
#10878=CARTESIAN_POINT('',(6.91078488535949,-20.4699134522106,2.5));
#10879=CARTESIAN_POINT('Ctrl Pts',(6.91078488535949,-20.4699134522106,2.5));
#10880=CARTESIAN_POINT('Ctrl Pts',(6.86095689244338,-20.4132765226985,2.5));
#10881=CARTESIAN_POINT('Ctrl Pts',(6.86095689244338,-20.3099065714504,2.5));
#10882=CARTESIAN_POINT('',(6.91078488535949,-20.4699134522106,2.5));
#10883=CARTESIAN_POINT('Ctrl Pts',(7.05160339183875,-20.5265503817226,2.4));
#10884=CARTESIAN_POINT('Ctrl Pts',(7.05160339183875,-20.5265503817226,2.5));
#10885=CARTESIAN_POINT('Ctrl Pts',(6.9606129527814,-20.5265503817226,2.4));
#10886=CARTESIAN_POINT('Ctrl Pts',(6.9606129527814,-20.5265503817226,2.5));
#10887=CARTESIAN_POINT('Ctrl Pts',(6.91078488535949,-20.4699134522106,2.4));
#10888=CARTESIAN_POINT('Ctrl Pts',(6.91078488535949,-20.4699134522106,2.5));
#10889=CARTESIAN_POINT('',(7.05160339183875,-20.5265503817226,2.5));
#10890=CARTESIAN_POINT('Ctrl Pts',(7.05160339183875,-20.5265503817226,2.5));
#10891=CARTESIAN_POINT('Ctrl Pts',(6.9606129527814,-20.5265503817226,2.5));
#10892=CARTESIAN_POINT('Ctrl Pts',(6.91078488535949,-20.4699134522106,2.5));
#10893=CARTESIAN_POINT('',(7.05160339183875,-20.5265503817226,2.5));
#10894=CARTESIAN_POINT('Ctrl Pts',(7.19830212004252,-20.4646521502162,2.4));
#10895=CARTESIAN_POINT('Ctrl Pts',(7.19830212004252,-20.4646521502162,2.5));
#10896=CARTESIAN_POINT('Ctrl Pts',(7.14630764730044,-20.5265503817226,2.4));
#10897=CARTESIAN_POINT('Ctrl Pts',(7.14630764730044,-20.5265503817226,2.5));
#10898=CARTESIAN_POINT('Ctrl Pts',(7.05160339183875,-20.5265503817226,2.4));
#10899=CARTESIAN_POINT('Ctrl Pts',(7.05160339183875,-20.5265503817226,2.5));
#10900=CARTESIAN_POINT('',(7.19830212004252,-20.4646521502162,2.5));
#10901=CARTESIAN_POINT('Ctrl Pts',(7.19830212004252,-20.4646521502162,2.5));
#10902=CARTESIAN_POINT('Ctrl Pts',(7.14630764730044,-20.5265503817226,2.5));
#10903=CARTESIAN_POINT('Ctrl Pts',(7.05160339183875,-20.5265503817226,2.5));
#10904=CARTESIAN_POINT('',(7.19830212004252,-20.4646521502162,2.5));
#10905=CARTESIAN_POINT('Ctrl Pts',(7.25029666729041,-20.2900990539218,2.4));
#10906=CARTESIAN_POINT('Ctrl Pts',(7.25029666729041,-20.2900990539218,2.5));
#10907=CARTESIAN_POINT('Ctrl Pts',(7.25029666729041,-20.4027539187099,2.4));
#10908=CARTESIAN_POINT('Ctrl Pts',(7.25029666729041,-20.4027539187099,2.5));
#10909=CARTESIAN_POINT('Ctrl Pts',(7.19830212004252,-20.4646521502162,2.4));
#10910=CARTESIAN_POINT('Ctrl Pts',(7.19830212004252,-20.4646521502162,2.5));
#10911=CARTESIAN_POINT('',(7.25029666729041,-20.2900990539218,2.5));
#10912=CARTESIAN_POINT('Ctrl Pts',(7.25029666729041,-20.2900990539218,2.5));
#10913=CARTESIAN_POINT('Ctrl Pts',(7.25029666729041,-20.4027539187099,2.5));
#10914=CARTESIAN_POINT('Ctrl Pts',(7.19830212004252,-20.4646521502162,2.5));
#10915=CARTESIAN_POINT('',(7.25029666729041,-20.2900990539218,2.5));
#10916=CARTESIAN_POINT('Ctrl Pts',(7.24286888547011,-20.2068459683086,2.4));
#10917=CARTESIAN_POINT('Ctrl Pts',(7.24286888547011,-20.2068459683086,2.5));
#10918=CARTESIAN_POINT('Ctrl Pts',(7.25029666729041,-20.245532363,2.4));
#10919=CARTESIAN_POINT('Ctrl Pts',(7.25029666729041,-20.245532363,2.5));
#10920=CARTESIAN_POINT('Ctrl Pts',(7.25029666729041,-20.2900990539218,2.4));
#10921=CARTESIAN_POINT('Ctrl Pts',(7.25029666729041,-20.2900990539218,2.5));
#10922=CARTESIAN_POINT('',(7.24286888547011,-20.2068459683086,2.5));
#10923=CARTESIAN_POINT('Ctrl Pts',(7.24286888547011,-20.2068459683086,2.5));
#10924=CARTESIAN_POINT('Ctrl Pts',(7.25029666729041,-20.245532363,2.5));
#10925=CARTESIAN_POINT('Ctrl Pts',(7.25029666729041,-20.2900990539218,2.5));
#10926=CARTESIAN_POINT('',(7.24286888547011,-20.2068459683086,2.5));
#10927=CARTESIAN_POINT('Ctrl Pts',(7.22089496262141,-20.1381390982295,2.4));
#10928=CARTESIAN_POINT('Ctrl Pts',(7.22089496262141,-20.1381390982295,2.5));
#10929=CARTESIAN_POINT('Ctrl Pts',(7.23544110364982,-20.1681598716403,2.4));
#10930=CARTESIAN_POINT('Ctrl Pts',(7.23544110364982,-20.1681598716403,2.5));
#10931=CARTESIAN_POINT('Ctrl Pts',(7.24286888547011,-20.2068459683086,2.4));
#10932=CARTESIAN_POINT('Ctrl Pts',(7.24286888547011,-20.2068459683086,2.5));
#10933=CARTESIAN_POINT('Ctrl Pts',(7.22089496262141,-20.1381390982295,2.5));
#10934=CARTESIAN_POINT('Ctrl Pts',(7.23544110364982,-20.1681598716403,2.5));
#10935=CARTESIAN_POINT('Ctrl Pts',(7.24286888547011,-20.2068459683086,2.5));
#10936=CARTESIAN_POINT('Ctrl Pts',(7.10235987610885,-20.101928680482,2.4));
#10937=CARTESIAN_POINT('Ctrl Pts',(7.10235987610885,-20.101928680482,2.5));
#10938=CARTESIAN_POINT('Ctrl Pts',(7.13268999762603,-20.101928680482,2.4));
#10939=CARTESIAN_POINT('Ctrl Pts',(7.13268999762603,-20.101928680482,2.5));
#10940=CARTESIAN_POINT('Ctrl Pts',(7.1494025439746,-20.1477333598758,2.4));
#10941=CARTESIAN_POINT('Ctrl Pts',(7.1494025439746,-20.1477333598758,2.5));
#10942=CARTESIAN_POINT('',(7.10235987610885,-20.101928680482,2.5));
#10943=CARTESIAN_POINT('',(7.10235987610885,-20.101928680482,2.5));
#10944=CARTESIAN_POINT('',(7.1494025439746,-20.1477333598758,2.5));
#10945=CARTESIAN_POINT('Ctrl Pts',(7.1494025439746,-20.1477333598758,2.5));
#10946=CARTESIAN_POINT('Ctrl Pts',(7.13268999762603,-20.101928680482,2.5));
#10947=CARTESIAN_POINT('Ctrl Pts',(7.10235987610885,-20.101928680482,2.5));
#10948=CARTESIAN_POINT('',(7.1494025439746,-20.1477333598758,2.5));
#10949=CARTESIAN_POINT('Ctrl Pts',(7.1494025439746,-20.1477333598758,2.4));
#10950=CARTESIAN_POINT('Ctrl Pts',(7.1494025439746,-20.1477333598758,2.5));
#10951=CARTESIAN_POINT('Ctrl Pts',(7.16611509032317,-20.1935380392696,2.4));
#10952=CARTESIAN_POINT('Ctrl Pts',(7.16611509032317,-20.1935380392696,2.5));
#10953=CARTESIAN_POINT('Ctrl Pts',(7.16611509032317,-20.2764814787532,2.4));
#10954=CARTESIAN_POINT('Ctrl Pts',(7.16611509032317,-20.2764814787532,2.5));
#10955=CARTESIAN_POINT('',(7.16611509032317,-20.2764814787532,2.5));
#10956=CARTESIAN_POINT('Ctrl Pts',(7.16611509032317,-20.2764814787532,2.5));
#10957=CARTESIAN_POINT('Ctrl Pts',(7.16611509032317,-20.1935380392696,2.5));
#10958=CARTESIAN_POINT('Ctrl Pts',(7.1494025439746,-20.1477333598758,2.5));
#10959=CARTESIAN_POINT('',(7.16611509032317,-20.2764814787532,2.5));
#10960=CARTESIAN_POINT('Ctrl Pts',(7.16611509032317,-20.2764814787532,2.4));
#10961=CARTESIAN_POINT('Ctrl Pts',(7.16611509032317,-20.2764814787532,2.5));
#10962=CARTESIAN_POINT('Ctrl Pts',(7.16611509032317,-20.3538542681362,2.4));
#10963=CARTESIAN_POINT('Ctrl Pts',(7.16611509032317,-20.3538542681362,2.5));
#10964=CARTESIAN_POINT('Ctrl Pts',(7.13609446592399,-20.3962546282436,2.4));
#10965=CARTESIAN_POINT('Ctrl Pts',(7.13609446592399,-20.3962546282436,2.5));
#10966=CARTESIAN_POINT('',(7.13609446592399,-20.3962546282436,2.5));
#10967=CARTESIAN_POINT('Ctrl Pts',(7.13609446592399,-20.3962546282436,2.5));
#10968=CARTESIAN_POINT('Ctrl Pts',(7.16611509032317,-20.3538542681362,2.5));
#10969=CARTESIAN_POINT('Ctrl Pts',(7.16611509032317,-20.2764814787532,2.5));
#10970=CARTESIAN_POINT('',(7.13609446592399,-20.3962546282436,2.5));
#10971=CARTESIAN_POINT('Ctrl Pts',(7.13609446592399,-20.3962546282436,2.4));
#10972=CARTESIAN_POINT('Ctrl Pts',(7.13609446592399,-20.3962546282436,2.5));
#10973=CARTESIAN_POINT('Ctrl Pts',(7.10607376701899,-20.438654988351,2.4));
#10974=CARTESIAN_POINT('Ctrl Pts',(7.10607376701899,-20.438654988351,2.5));
#10975=CARTESIAN_POINT('Ctrl Pts',(7.05160339183875,-20.438654988351,2.4));
#10976=CARTESIAN_POINT('Ctrl Pts',(7.05160339183875,-20.438654988351,2.5));
#10977=CARTESIAN_POINT('',(7.05160339183875,-20.438654988351,2.5));
#10978=CARTESIAN_POINT('Ctrl Pts',(7.05160339183875,-20.438654988351,2.5));
#10979=CARTESIAN_POINT('Ctrl Pts',(7.10607376701899,-20.438654988351,2.5));
#10980=CARTESIAN_POINT('Ctrl Pts',(7.13609446592399,-20.3962546282436,2.5));
#10981=CARTESIAN_POINT('',(7.05160339183875,-20.438654988351,2.5));
#10982=CARTESIAN_POINT('Ctrl Pts',(7.05160339183875,-20.438654988351,2.4));
#10983=CARTESIAN_POINT('Ctrl Pts',(7.05160339183875,-20.438654988351,2.5));
#10984=CARTESIAN_POINT('Ctrl Pts',(7.00022783882686,-20.438654988351,2.4));
#10985=CARTESIAN_POINT('Ctrl Pts',(7.00022783882686,-20.438654988351,2.5));
#10986=CARTESIAN_POINT('Ctrl Pts',(6.97206412262984,-20.4049202495242,2.4));
#10987=CARTESIAN_POINT('Ctrl Pts',(6.97206412262984,-20.4049202495242,2.5));
#10988=CARTESIAN_POINT('',(6.97206412262984,-20.4049202495242,2.5));
#10989=CARTESIAN_POINT('Ctrl Pts',(6.97206412262984,-20.4049202495242,2.5));
#10990=CARTESIAN_POINT('Ctrl Pts',(7.00022783882686,-20.438654988351,2.5));
#10991=CARTESIAN_POINT('Ctrl Pts',(7.05160339183875,-20.438654988351,2.5));
#10992=CARTESIAN_POINT('',(6.97206412262984,-20.4049202495242,2.5));
#10993=CARTESIAN_POINT('Ctrl Pts',(6.97206412262984,-20.4049202495242,2.4));
#10994=CARTESIAN_POINT('Ctrl Pts',(6.97206412262984,-20.4049202495242,2.5));
#10995=CARTESIAN_POINT('Ctrl Pts',(6.94390048093863,-20.3711858087207,2.4));
#10996=CARTESIAN_POINT('Ctrl Pts',(6.94390048093863,-20.3711858087207,2.5));
#10997=CARTESIAN_POINT('Ctrl Pts',(6.94390048093863,-20.3092875772144,2.4));
#10998=CARTESIAN_POINT('Ctrl Pts',(6.94390048093863,-20.3092875772144,2.5));
#10999=CARTESIAN_POINT('',(6.94390048093863,-20.3092875772144,2.5));
#11000=CARTESIAN_POINT('Ctrl Pts',(6.94390048093863,-20.3092875772144,2.5));
#11001=CARTESIAN_POINT('Ctrl Pts',(6.94390048093863,-20.3711858087207,2.5));
#11002=CARTESIAN_POINT('Ctrl Pts',(6.97206412262984,-20.4049202495242,2.5));
#11003=CARTESIAN_POINT('',(6.94390048093863,-20.3092875772144,2.5));
#11004=CARTESIAN_POINT('Origin',(6.94390048093863,-20.2056081288482,2.5));
#11005=CARTESIAN_POINT('',(6.94390048093863,-20.101928680482,2.5));
#11006=CARTESIAN_POINT('',(6.94390048093863,-20.3528041612817,2.5));
#11007=CARTESIAN_POINT('',(6.94390048093863,-20.101928680482,2.5));
#11008=CARTESIAN_POINT('Origin',(7.02313017852374,-20.101928680482,2.5));
#11009=CARTESIAN_POINT('',(7.26156508926187,-20.101928680482,2.5));
#11010=CARTESIAN_POINT('Origin',(7.5,-20.5000001937151,2.4));
#11011=CARTESIAN_POINT('',(6.42643135793277,-18.6442258649494,2.4));
#11012=CARTESIAN_POINT('',(6.34101186699935,-18.5160967403079,2.4));
#11013=CARTESIAN_POINT('',(6.42643135793277,-18.6442258649494,2.4));
#11014=CARTESIAN_POINT('',(6.51989769942828,-18.6442258649494,2.4));
#11015=CARTESIAN_POINT('',(6.51989769942828,-18.6442258649494,2.4));
#11016=CARTESIAN_POINT('',(6.41652767367431,-18.4789576821948,2.4));
#11017=CARTESIAN_POINT('',(6.41652767367431,-18.4789576821948,2.4));
#11018=CARTESIAN_POINT('',(7.24101190276214,-18.4789576821948,2.4));
#11019=CARTESIAN_POINT('',(7.24101190276214,-18.4789576821948,2.4));
#11020=CARTESIAN_POINT('',(7.24101190276214,-18.3898243003513,2.4));
#11021=CARTESIAN_POINT('',(7.24101190276214,-18.3898243003513,2.4));
#11022=CARTESIAN_POINT('',(6.34101186699935,-18.3898243003513,2.4));
#11023=CARTESIAN_POINT('',(6.34101186699935,-18.3898243003513,2.4));
#11024=CARTESIAN_POINT('',(6.34101186699935,-18.5160967403079,2.4));
#11025=CARTESIAN_POINT('Origin',(6.38372161246606,-18.5801613026286,2.5));
#11026=CARTESIAN_POINT('',(6.34101186699935,-18.5160967403079,2.5));
#11027=CARTESIAN_POINT('',(6.34101186699935,-18.5160967403079,2.5));
#11028=CARTESIAN_POINT('',(6.42643135793277,-18.6442258649494,2.5));
#11029=CARTESIAN_POINT('',(6.99849684914141,-19.5023233532997,2.5));
#11030=CARTESIAN_POINT('',(6.42643135793277,-18.6442258649494,2.5));
#11031=CARTESIAN_POINT('Origin',(6.47316452868052,-18.6442258649494,2.5));
#11032=CARTESIAN_POINT('',(6.51989769942828,-18.6442258649494,2.5));
#11033=CARTESIAN_POINT('',(6.98658226434026,-18.6442258649494,2.5));
#11034=CARTESIAN_POINT('',(6.51989769942828,-18.6442258649494,2.5));
#11035=CARTESIAN_POINT('Origin',(6.46821268655129,-18.5615917735721,2.5));
#11036=CARTESIAN_POINT('',(6.41652767367431,-18.4789576821948,2.5));
#11037=CARTESIAN_POINT('',(7.04902314423869,-19.4901925760453,2.5));
#11038=CARTESIAN_POINT('',(6.41652767367431,-18.4789576821948,2.5));
#11039=CARTESIAN_POINT('Origin',(6.82876978821822,-18.4789576821948,2.5));
#11040=CARTESIAN_POINT('',(7.24101190276214,-18.4789576821948,2.5));
#11041=CARTESIAN_POINT('',(7.16438489410911,-18.4789576821948,2.5));
#11042=CARTESIAN_POINT('',(7.24101190276214,-18.4789576821948,2.5));
#11043=CARTESIAN_POINT('Origin',(7.24101190276214,-18.4343909912731,2.5));
#11044=CARTESIAN_POINT('',(7.24101190276214,-18.3898243003513,2.5));
#11045=CARTESIAN_POINT('',(7.24101190276214,-19.4671955924941,2.5));
#11046=CARTESIAN_POINT('',(7.24101190276214,-18.3898243003513,2.5));
#11047=CARTESIAN_POINT('Origin',(6.79101188488074,-18.3898243003513,2.5));
#11048=CARTESIAN_POINT('',(6.34101186699935,-18.3898243003513,2.5));
#11049=CARTESIAN_POINT('',(7.14550594244037,-18.3898243003513,2.5));
#11050=CARTESIAN_POINT('',(6.34101186699935,-18.3898243003513,2.5));
#11051=CARTESIAN_POINT('Origin',(6.34101186699935,-18.4529605203296,2.5));
#11052=CARTESIAN_POINT('',(6.34101186699935,-19.4764803570224,2.5));
#11053=CARTESIAN_POINT('Origin',(7.5,-20.5000001937151,2.4));
#11054=CARTESIAN_POINT('',(6.95999403305121,-18.7927815013553,2.4));
#11055=CARTESIAN_POINT('',(6.95999403305121,-19.2087372832919,2.4));
#11056=CARTESIAN_POINT('',(6.95999403305121,-18.7927815013553,2.4));
#11057=CARTESIAN_POINT('',(6.87705037005015,-18.7927815013553,2.4));
#11058=CARTESIAN_POINT('',(6.87705037005015,-18.7927815013553,2.4));
#11059=CARTESIAN_POINT('',(6.87705037005015,-19.2087372832919,2.4));
#11060=CARTESIAN_POINT('',(6.87705037005015,-19.2087372832919,2.4));
#11061=CARTESIAN_POINT('',(6.95999403305121,-19.2087372832919,2.4));
#11062=CARTESIAN_POINT('Origin',(6.95999403305121,-19.0007593923236,2.5));
#11063=CARTESIAN_POINT('',(6.95999403305121,-19.2087372832919,2.5));
#11064=CARTESIAN_POINT('',(6.95999403305121,-19.2087372832919,2.5));
#11065=CARTESIAN_POINT('',(6.95999403305121,-18.7927815013553,2.5));
#11066=CARTESIAN_POINT('',(6.95999403305121,-19.7503797930194,2.5));
#11067=CARTESIAN_POINT('',(6.95999403305121,-18.7927815013553,2.5));
#11068=CARTESIAN_POINT('Origin',(6.91852220155068,-18.7927815013553,2.5));
#11069=CARTESIAN_POINT('',(6.87705037005015,-18.7927815013553,2.5));
#11070=CARTESIAN_POINT('',(7.20926110077534,-18.7927815013553,2.5));
#11071=CARTESIAN_POINT('',(6.87705037005015,-18.7927815013553,2.5));
#11072=CARTESIAN_POINT('Origin',(6.87705037005015,-19.0007593923236,2.5));
#11073=CARTESIAN_POINT('',(6.87705037005015,-19.2087372832919,2.5));
#11074=CARTESIAN_POINT('',(6.87705037005015,-19.7503797930194,2.5));
#11075=CARTESIAN_POINT('',(6.87705037005015,-19.2087372832919,2.5));
#11076=CARTESIAN_POINT('Origin',(6.91852220155068,-19.2087372832919,2.5));
#11077=CARTESIAN_POINT('',(7.20926110077534,-19.2087372832919,2.5));
#11078=CARTESIAN_POINT('Origin',(7.5,-20.5000001937151,2.4));
#11079=CARTESIAN_POINT('',(7.24101190276214,-21.7570867829944,2.4));
#11080=CARTESIAN_POINT('',(7.15848090961551,-21.7570867829944,2.4));
#11081=CARTESIAN_POINT('',(7.24101190276214,-21.7570867829944,2.4));
#11082=CARTESIAN_POINT('',(7.24101190276214,-21.6679534011508,2.4));
#11083=CARTESIAN_POINT('',(7.24101190276214,-21.6679534011508,2.4));
#11084=CARTESIAN_POINT('',(6.34101186699935,-21.6679534011508,2.4));
#11085=CARTESIAN_POINT('',(6.34101186699935,-21.6679534011508,2.4));
#11086=CARTESIAN_POINT('',(6.34101186699935,-21.7570867829944,2.4));
#11087=CARTESIAN_POINT('',(6.34101186699935,-21.7570867829944,2.4));
#11088=CARTESIAN_POINT('',(6.68507657862711,-21.7570867829944,2.4));
#11089=CARTESIAN_POINT('',(7.24101190276214,-21.7570867829944,2.4));
#11090=CARTESIAN_POINT('',(6.61676843471595,-21.832912235799,2.4));
#11091=CARTESIAN_POINT('Ctrl Pts',(6.61676843471595,-21.832912235799,2.4));
#11092=CARTESIAN_POINT('Ctrl Pts',(6.6392617048179,-21.7876728350696,2.4));
#11093=CARTESIAN_POINT('Ctrl Pts',(6.68507657862711,-21.7570867829944,2.4));
#11094=CARTESIAN_POINT('',(6.58922371275493,-21.961970000806,2.4));
#11095=CARTESIAN_POINT('Ctrl Pts',(6.58922371275493,-21.961970000806,2.4));
#11096=CARTESIAN_POINT('Ctrl Pts',(6.58922371275493,-21.888311176839,2.4));
#11097=CARTESIAN_POINT('Ctrl Pts',(6.61676843471595,-21.832912235799,2.4));
#11098=CARTESIAN_POINT('',(6.6198632568843,-22.0786481791164,2.4));
#11099=CARTESIAN_POINT('Ctrl Pts',(6.6198632568843,-22.0786481791164,2.4));
#11100=CARTESIAN_POINT('Ctrl Pts',(6.58922371275493,-22.0300581746723,2.4));
#11101=CARTESIAN_POINT('Ctrl Pts',(6.58922371275493,-21.961970000806,2.4));
#11102=CARTESIAN_POINT('',(6.70930621035167,-22.152616649213,2.4));
#11103=CARTESIAN_POINT('Ctrl Pts',(6.70930621035167,-22.152616649213,2.4));
#11104=CARTESIAN_POINT('Ctrl Pts',(6.65050287551948,-22.1272381835605,2.4));
#11105=CARTESIAN_POINT('Ctrl Pts',(6.6198632568843,-22.0786481791164,2.4));
#11106=CARTESIAN_POINT('',(6.85105313367911,-22.1779948168422,2.4));
#11107=CARTESIAN_POINT('Ctrl Pts',(6.85105313367911,-22.1779948168422,2.4));
#11108=CARTESIAN_POINT('Ctrl Pts',(6.76810954518386,-22.1779948168422,2.4));
#11109=CARTESIAN_POINT('Ctrl Pts',(6.70930621035167,-22.152616649213,2.4));
#11110=CARTESIAN_POINT('',(6.99094314880439,-22.1779948168422,2.4));
#11111=CARTESIAN_POINT('',(6.99094314880439,-22.1779948168422,2.4));
#11112=CARTESIAN_POINT('',(7.13083308942386,-22.151997654977,2.4));
#11113=CARTESIAN_POINT('Ctrl Pts',(7.13083308942386,-22.151997654977,2.4));
#11114=CARTESIAN_POINT('Ctrl Pts',(7.07264874882766,-22.1779948168422,2.4));
#11115=CARTESIAN_POINT('Ctrl Pts',(6.99094314880439,-22.1779948168422,2.4));
#11116=CARTESIAN_POINT('',(7.21965704865523,-22.075862854066,2.4));
#11117=CARTESIAN_POINT('Ctrl Pts',(7.21965704865523,-22.075862854066,2.4));
#11118=CARTESIAN_POINT('Ctrl Pts',(7.18901743002005,-22.1260001950885,2.4));
#11119=CARTESIAN_POINT('Ctrl Pts',(7.13083308942386,-22.151997654977,2.4));
#11120=CARTESIAN_POINT('',(7.25029666729041,-21.9557803564693,2.4));
#11121=CARTESIAN_POINT('Ctrl Pts',(7.25029666729041,-21.9557803564693,2.4));
#11122=CARTESIAN_POINT('Ctrl Pts',(7.25029666729041,-22.0257252150203,2.4));
#11123=CARTESIAN_POINT('Ctrl Pts',(7.21965704865523,-22.075862854066,2.4));
#11124=CARTESIAN_POINT('',(7.22460885353156,-21.8251749568607,2.4));
#11125=CARTESIAN_POINT('Ctrl Pts',(7.22460885353156,-21.8251749568607,2.4));
#11126=CARTESIAN_POINT('Ctrl Pts',(7.25029666729041,-21.8777885728504,2.4));
#11127=CARTESIAN_POINT('Ctrl Pts',(7.25029666729041,-21.9557803564693,2.4));
#11128=CARTESIAN_POINT('Ctrl Pts',(7.15848090961551,-21.7570867829944,2.4));
#11129=CARTESIAN_POINT('Ctrl Pts',(7.2031257977517,-21.7811733716705,2.4));
#11130=CARTESIAN_POINT('Ctrl Pts',(7.22460885353156,-21.8251749568607,2.4));
#11131=CARTESIAN_POINT('',(7.00579871244498,-21.7570867829944,2.4));
#11132=CARTESIAN_POINT('',(7.08657589562007,-21.7768943005229,2.4));
#11133=CARTESIAN_POINT('Ctrl Pts',(7.00579871244498,-21.7570867829944,2.4));
#11134=CARTESIAN_POINT('Ctrl Pts',(7.0478894264228,-21.7570867829944,2.4));
#11135=CARTESIAN_POINT('Ctrl Pts',(7.08657589562007,-21.7768943005229,2.4));
#11136=CARTESIAN_POINT('',(7.1494025439746,-21.8338408761646,2.4));
#11137=CARTESIAN_POINT('Ctrl Pts',(7.08657589562007,-21.7768943005229,2.4));
#11138=CARTESIAN_POINT('Ctrl Pts',(7.12526221580573,-21.7967018180515,2.4));
#11139=CARTESIAN_POINT('Ctrl Pts',(7.1494025439746,-21.8338408761646,2.4));
#11140=CARTESIAN_POINT('',(7.17354287214347,-21.9204982810642,2.4));
#11141=CARTESIAN_POINT('Ctrl Pts',(7.1494025439746,-21.8338408761646,2.4));
#11142=CARTESIAN_POINT('Ctrl Pts',(7.17354287214347,-21.8709796362544,2.4));
#11143=CARTESIAN_POINT('Ctrl Pts',(7.17354287214347,-21.9204982810642,2.4));
#11144=CARTESIAN_POINT('',(7.12557171292373,-22.0449137383129,2.4));
#11145=CARTESIAN_POINT('Ctrl Pts',(7.17354287214347,-21.9204982810642,2.4));
#11146=CARTESIAN_POINT('Ctrl Pts',(7.17354287214347,-22.0009660416271,2.4));
#11147=CARTESIAN_POINT('Ctrl Pts',(7.12557171292373,-22.0449137383129,2.4));
#11148=CARTESIAN_POINT('',(6.99094314880439,-22.0888614349986,2.4));
#11149=CARTESIAN_POINT('Ctrl Pts',(7.12557171292373,-22.0449137383129,2.4));
#11150=CARTESIAN_POINT('Ctrl Pts',(7.07760062820979,-22.0888614349986,2.4));
#11151=CARTESIAN_POINT('Ctrl Pts',(6.99094314880439,-22.0888614349986,2.4));
#11152=CARTESIAN_POINT('',(6.8516721279151,-22.0888614349986,2.4));
#11153=CARTESIAN_POINT('',(6.8516721279151,-22.0888614349986,2.4));
#11154=CARTESIAN_POINT('',(6.7145675868518,-22.0449137383129,2.4));
#11155=CARTESIAN_POINT('Ctrl Pts',(6.8516721279151,-22.0888614349986,2.4));
#11156=CARTESIAN_POINT('Ctrl Pts',(6.76315766580172,-22.0888614349986,2.4));
#11157=CARTESIAN_POINT('Ctrl Pts',(6.7145675868518,-22.0449137383129,2.4));
#11158=CARTESIAN_POINT('',(6.66597743339606,-21.9204982810642,2.4));
#11159=CARTESIAN_POINT('Ctrl Pts',(6.7145675868518,-22.0449137383129,2.4));
#11160=CARTESIAN_POINT('Ctrl Pts',(6.66597743339606,-22.0009660416271,2.4));
#11161=CARTESIAN_POINT('Ctrl Pts',(6.66597743339606,-21.9204982810642,2.4));
#11162=CARTESIAN_POINT('',(6.68949876732894,-21.8332218819286,2.4));
#11163=CARTESIAN_POINT('Ctrl Pts',(6.66597743339606,-21.9204982810642,2.4));
#11164=CARTESIAN_POINT('Ctrl Pts',(6.66597743339606,-21.8703606420185,2.4));
#11165=CARTESIAN_POINT('Ctrl Pts',(6.68949876732894,-21.8332218819286,2.4));
#11166=CARTESIAN_POINT('',(6.75077800459929,-21.7765849524166,2.4));
#11167=CARTESIAN_POINT('Ctrl Pts',(6.68949876732894,-21.8332218819286,2.4));
#11168=CARTESIAN_POINT('Ctrl Pts',(6.71302010126182,-21.7960828238155,2.4));
#11169=CARTESIAN_POINT('Ctrl Pts',(6.75077800459929,-21.7765849524166,2.4));
#11170=CARTESIAN_POINT('',(6.8306267709262,-21.7570867829944,2.4));
#11171=CARTESIAN_POINT('Ctrl Pts',(6.75077800459929,-21.7765849524166,2.4));
#11172=CARTESIAN_POINT('Ctrl Pts',(6.78853590793677,-21.7570867829944,2.4));
#11173=CARTESIAN_POINT('Ctrl Pts',(6.8306267709262,-21.7570867829944,2.4));
#11174=CARTESIAN_POINT('',(7.24101190276214,-21.7570867829944,2.4));
#11175=CARTESIAN_POINT('Origin',(7.19974640618882,-21.7570867829944,2.5));
#11176=CARTESIAN_POINT('',(7.15848090961551,-21.7570867829944,2.5));
#11177=CARTESIAN_POINT('',(7.15848090961551,-21.7570867829944,2.5));
#11178=CARTESIAN_POINT('',(7.24101190276214,-21.7570867829944,2.5));
#11179=CARTESIAN_POINT('',(7.34987320309441,-21.7570867829944,2.5));
#11180=CARTESIAN_POINT('',(7.24101190276214,-21.7570867829944,2.5));
#11181=CARTESIAN_POINT('Origin',(7.24101190276214,-21.7125200920726,2.5));
#11182=CARTESIAN_POINT('',(7.24101190276214,-21.6679534011508,2.5));
#11183=CARTESIAN_POINT('',(7.24101190276214,-21.1062601428939,2.5));
#11184=CARTESIAN_POINT('',(7.24101190276214,-21.6679534011508,2.5));
#11185=CARTESIAN_POINT('Origin',(6.79101188488074,-21.6679534011508,2.5));
#11186=CARTESIAN_POINT('',(6.34101186699935,-21.6679534011508,2.5));
#11187=CARTESIAN_POINT('',(7.14550594244037,-21.6679534011508,2.5));
#11188=CARTESIAN_POINT('',(6.34101186699935,-21.6679534011508,2.5));
#11189=CARTESIAN_POINT('Origin',(6.34101186699935,-21.7125200920726,2.5));
#11190=CARTESIAN_POINT('',(6.34101186699935,-21.7570867829944,2.5));
#11191=CARTESIAN_POINT('',(6.34101186699935,-21.1062601428939,2.5));
#11192=CARTESIAN_POINT('',(6.34101186699935,-21.7570867829944,2.5));
#11193=CARTESIAN_POINT('Origin',(6.51304422281323,-21.7570867829944,2.5));
#11194=CARTESIAN_POINT('',(6.68507657862711,-21.7570867829944,2.5));
#11195=CARTESIAN_POINT('',(7.00652211140662,-21.7570867829944,2.5));
#11196=CARTESIAN_POINT('',(6.68507657862711,-21.7570867829944,2.5));
#11197=CARTESIAN_POINT('Ctrl Pts',(6.61676843471595,-21.832912235799,2.4));
#11198=CARTESIAN_POINT('Ctrl Pts',(6.61676843471595,-21.832912235799,2.5));
#11199=CARTESIAN_POINT('Ctrl Pts',(6.6392617048179,-21.7876728350696,2.4));
#11200=CARTESIAN_POINT('Ctrl Pts',(6.6392617048179,-21.7876728350696,2.5));
#11201=CARTESIAN_POINT('Ctrl Pts',(6.68507657862711,-21.7570867829944,2.4));
#11202=CARTESIAN_POINT('Ctrl Pts',(6.68507657862711,-21.7570867829944,2.5));
#11203=CARTESIAN_POINT('',(6.61676843471595,-21.832912235799,2.5));
#11204=CARTESIAN_POINT('Ctrl Pts',(6.61676843471595,-21.832912235799,2.5));
#11205=CARTESIAN_POINT('Ctrl Pts',(6.6392617048179,-21.7876728350696,2.5));
#11206=CARTESIAN_POINT('Ctrl Pts',(6.68507657862711,-21.7570867829944,2.5));
#11207=CARTESIAN_POINT('',(6.61676843471595,-21.832912235799,2.5));
#11208=CARTESIAN_POINT('Ctrl Pts',(6.58922371275493,-21.961970000806,2.4));
#11209=CARTESIAN_POINT('Ctrl Pts',(6.58922371275493,-21.961970000806,2.5));
#11210=CARTESIAN_POINT('Ctrl Pts',(6.58922371275493,-21.888311176839,2.4));
#11211=CARTESIAN_POINT('Ctrl Pts',(6.58922371275493,-21.888311176839,2.5));
#11212=CARTESIAN_POINT('Ctrl Pts',(6.61676843471595,-21.832912235799,2.4));
#11213=CARTESIAN_POINT('Ctrl Pts',(6.61676843471595,-21.832912235799,2.5));
#11214=CARTESIAN_POINT('',(6.58922371275493,-21.961970000806,2.5));
#11215=CARTESIAN_POINT('Ctrl Pts',(6.58922371275493,-21.961970000806,2.5));
#11216=CARTESIAN_POINT('Ctrl Pts',(6.58922371275493,-21.888311176839,2.5));
#11217=CARTESIAN_POINT('Ctrl Pts',(6.61676843471595,-21.832912235799,2.5));
#11218=CARTESIAN_POINT('',(6.58922371275493,-21.961970000806,2.5));
#11219=CARTESIAN_POINT('Ctrl Pts',(6.6198632568843,-22.0786481791164,2.4));
#11220=CARTESIAN_POINT('Ctrl Pts',(6.6198632568843,-22.0786481791164,2.5));
#11221=CARTESIAN_POINT('Ctrl Pts',(6.58922371275493,-22.0300581746723,2.4));
#11222=CARTESIAN_POINT('Ctrl Pts',(6.58922371275493,-22.0300581746723,2.5));
#11223=CARTESIAN_POINT('Ctrl Pts',(6.58922371275493,-21.961970000806,2.4));
#11224=CARTESIAN_POINT('Ctrl Pts',(6.58922371275493,-21.961970000806,2.5));
#11225=CARTESIAN_POINT('',(6.6198632568843,-22.0786481791164,2.5));
#11226=CARTESIAN_POINT('Ctrl Pts',(6.6198632568843,-22.0786481791164,2.5));
#11227=CARTESIAN_POINT('Ctrl Pts',(6.58922371275493,-22.0300581746723,2.5));
#11228=CARTESIAN_POINT('Ctrl Pts',(6.58922371275493,-21.961970000806,2.5));
#11229=CARTESIAN_POINT('',(6.6198632568843,-22.0786481791164,2.5));
#11230=CARTESIAN_POINT('Ctrl Pts',(6.70930621035167,-22.152616649213,2.4));
#11231=CARTESIAN_POINT('Ctrl Pts',(6.70930621035167,-22.152616649213,2.5));
#11232=CARTESIAN_POINT('Ctrl Pts',(6.65050287551948,-22.1272381835605,2.4));
#11233=CARTESIAN_POINT('Ctrl Pts',(6.65050287551948,-22.1272381835605,2.5));
#11234=CARTESIAN_POINT('Ctrl Pts',(6.6198632568843,-22.0786481791164,2.4));
#11235=CARTESIAN_POINT('Ctrl Pts',(6.6198632568843,-22.0786481791164,2.5));
#11236=CARTESIAN_POINT('',(6.70930621035167,-22.152616649213,2.5));
#11237=CARTESIAN_POINT('Ctrl Pts',(6.70930621035167,-22.152616649213,2.5));
#11238=CARTESIAN_POINT('Ctrl Pts',(6.65050287551948,-22.1272381835605,2.5));
#11239=CARTESIAN_POINT('Ctrl Pts',(6.6198632568843,-22.0786481791164,2.5));
#11240=CARTESIAN_POINT('',(6.70930621035167,-22.152616649213,2.5));
#11241=CARTESIAN_POINT('Ctrl Pts',(6.85105313367911,-22.1779948168422,2.4));
#11242=CARTESIAN_POINT('Ctrl Pts',(6.85105313367911,-22.1779948168422,2.5));
#11243=CARTESIAN_POINT('Ctrl Pts',(6.76810954518386,-22.1779948168422,2.4));
#11244=CARTESIAN_POINT('Ctrl Pts',(6.76810954518386,-22.1779948168422,2.5));
#11245=CARTESIAN_POINT('Ctrl Pts',(6.70930621035167,-22.152616649213,2.4));
#11246=CARTESIAN_POINT('Ctrl Pts',(6.70930621035167,-22.152616649213,2.5));
#11247=CARTESIAN_POINT('',(6.85105313367911,-22.1779948168422,2.5));
#11248=CARTESIAN_POINT('Ctrl Pts',(6.85105313367911,-22.1779948168422,2.5));
#11249=CARTESIAN_POINT('Ctrl Pts',(6.76810954518386,-22.1779948168422,2.5));
#11250=CARTESIAN_POINT('Ctrl Pts',(6.70930621035167,-22.152616649213,2.5));
#11251=CARTESIAN_POINT('',(6.85105313367911,-22.1779948168422,2.5));
#11252=CARTESIAN_POINT('Origin',(6.92099814124175,-22.1779948168422,2.5));
#11253=CARTESIAN_POINT('',(6.99094314880439,-22.1779948168422,2.5));
#11254=CARTESIAN_POINT('',(7.21049907062087,-22.1779948168422,2.5));
#11255=CARTESIAN_POINT('',(6.99094314880439,-22.1779948168422,2.5));
#11256=CARTESIAN_POINT('Ctrl Pts',(7.13083308942386,-22.151997654977,2.4));
#11257=CARTESIAN_POINT('Ctrl Pts',(7.13083308942386,-22.151997654977,2.5));
#11258=CARTESIAN_POINT('Ctrl Pts',(7.07264874882766,-22.1779948168422,2.4));
#11259=CARTESIAN_POINT('Ctrl Pts',(7.07264874882766,-22.1779948168422,2.5));
#11260=CARTESIAN_POINT('Ctrl Pts',(6.99094314880439,-22.1779948168422,2.4));
#11261=CARTESIAN_POINT('Ctrl Pts',(6.99094314880439,-22.1779948168422,2.5));
#11262=CARTESIAN_POINT('',(7.13083308942386,-22.151997654977,2.5));
#11263=CARTESIAN_POINT('Ctrl Pts',(7.13083308942386,-22.151997654977,2.5));
#11264=CARTESIAN_POINT('Ctrl Pts',(7.07264874882766,-22.1779948168422,2.5));
#11265=CARTESIAN_POINT('Ctrl Pts',(6.99094314880439,-22.1779948168422,2.5));
#11266=CARTESIAN_POINT('',(7.13083308942386,-22.151997654977,2.5));
#11267=CARTESIAN_POINT('Ctrl Pts',(7.21965704865523,-22.075862854066,2.4));
#11268=CARTESIAN_POINT('Ctrl Pts',(7.21965704865523,-22.075862854066,2.5));
#11269=CARTESIAN_POINT('Ctrl Pts',(7.18901743002005,-22.1260001950885,2.4));
#11270=CARTESIAN_POINT('Ctrl Pts',(7.18901743002005,-22.1260001950885,2.5));
#11271=CARTESIAN_POINT('Ctrl Pts',(7.13083308942386,-22.151997654977,2.4));
#11272=CARTESIAN_POINT('Ctrl Pts',(7.13083308942386,-22.151997654977,2.5));
#11273=CARTESIAN_POINT('',(7.21965704865523,-22.075862854066,2.5));
#11274=CARTESIAN_POINT('Ctrl Pts',(7.21965704865523,-22.075862854066,2.5));
#11275=CARTESIAN_POINT('Ctrl Pts',(7.18901743002005,-22.1260001950885,2.5));
#11276=CARTESIAN_POINT('Ctrl Pts',(7.13083308942386,-22.151997654977,2.5));
#11277=CARTESIAN_POINT('',(7.21965704865523,-22.075862854066,2.5));
#11278=CARTESIAN_POINT('Ctrl Pts',(7.25029666729041,-21.9557803564693,2.4));
#11279=CARTESIAN_POINT('Ctrl Pts',(7.25029666729041,-21.9557803564693,2.5));
#11280=CARTESIAN_POINT('Ctrl Pts',(7.25029666729041,-22.0257252150203,2.4));
#11281=CARTESIAN_POINT('Ctrl Pts',(7.25029666729041,-22.0257252150203,2.5));
#11282=CARTESIAN_POINT('Ctrl Pts',(7.21965704865523,-22.075862854066,2.4));
#11283=CARTESIAN_POINT('Ctrl Pts',(7.21965704865523,-22.075862854066,2.5));
#11284=CARTESIAN_POINT('',(7.25029666729041,-21.9557803564693,2.5));
#11285=CARTESIAN_POINT('Ctrl Pts',(7.25029666729041,-21.9557803564693,2.5));
#11286=CARTESIAN_POINT('Ctrl Pts',(7.25029666729041,-22.0257252150203,2.5));
#11287=CARTESIAN_POINT('Ctrl Pts',(7.21965704865523,-22.075862854066,2.5));
#11288=CARTESIAN_POINT('',(7.25029666729041,-21.9557803564693,2.5));
#11289=CARTESIAN_POINT('Ctrl Pts',(7.22460885353156,-21.8251749568607,2.4));
#11290=CARTESIAN_POINT('Ctrl Pts',(7.22460885353156,-21.8251749568607,2.5));
#11291=CARTESIAN_POINT('Ctrl Pts',(7.25029666729041,-21.8777885728504,2.4));
#11292=CARTESIAN_POINT('Ctrl Pts',(7.25029666729041,-21.8777885728504,2.5));
#11293=CARTESIAN_POINT('Ctrl Pts',(7.25029666729041,-21.9557803564693,2.4));
#11294=CARTESIAN_POINT('Ctrl Pts',(7.25029666729041,-21.9557803564693,2.5));
#11295=CARTESIAN_POINT('',(7.22460885353156,-21.8251749568607,2.5));
#11296=CARTESIAN_POINT('Ctrl Pts',(7.22460885353156,-21.8251749568607,2.5));
#11297=CARTESIAN_POINT('Ctrl Pts',(7.25029666729041,-21.8777885728504,2.5));
#11298=CARTESIAN_POINT('Ctrl Pts',(7.25029666729041,-21.9557803564693,2.5));
#11299=CARTESIAN_POINT('',(7.22460885353156,-21.8251749568607,2.5));
#11300=CARTESIAN_POINT('Ctrl Pts',(7.15848090961551,-21.7570867829944,2.4));
#11301=CARTESIAN_POINT('Ctrl Pts',(7.15848090961551,-21.7570867829944,2.5));
#11302=CARTESIAN_POINT('Ctrl Pts',(7.2031257977517,-21.7811733716705,2.4));
#11303=CARTESIAN_POINT('Ctrl Pts',(7.2031257977517,-21.7811733716705,2.5));
#11304=CARTESIAN_POINT('Ctrl Pts',(7.22460885353156,-21.8251749568607,2.4));
#11305=CARTESIAN_POINT('Ctrl Pts',(7.22460885353156,-21.8251749568607,2.5));
#11306=CARTESIAN_POINT('Ctrl Pts',(7.15848090961551,-21.7570867829944,2.5));
#11307=CARTESIAN_POINT('Ctrl Pts',(7.20312579775171,-21.7811733716705,2.5));
#11308=CARTESIAN_POINT('Ctrl Pts',(7.22460885353156,-21.8251749568607,2.5));
#11309=CARTESIAN_POINT('Ctrl Pts',(7.00579871244498,-21.7570867829944,2.4));
#11310=CARTESIAN_POINT('Ctrl Pts',(7.00579871244498,-21.7570867829944,2.5));
#11311=CARTESIAN_POINT('Ctrl Pts',(7.0478894264228,-21.7570867829944,2.4));
#11312=CARTESIAN_POINT('Ctrl Pts',(7.0478894264228,-21.7570867829944,2.5));
#11313=CARTESIAN_POINT('Ctrl Pts',(7.08657589562007,-21.7768943005229,2.4));
#11314=CARTESIAN_POINT('Ctrl Pts',(7.08657589562007,-21.7768943005229,2.5));
#11315=CARTESIAN_POINT('',(7.00579871244498,-21.7570867829944,2.5));
#11316=CARTESIAN_POINT('',(7.00579871244498,-21.7570867829944,2.5));
#11317=CARTESIAN_POINT('',(7.08657589562007,-21.7768943005229,2.5));
#11318=CARTESIAN_POINT('Ctrl Pts',(7.08657589562007,-21.7768943005229,2.5));
#11319=CARTESIAN_POINT('Ctrl Pts',(7.0478894264228,-21.7570867829944,2.5));
#11320=CARTESIAN_POINT('Ctrl Pts',(7.00579871244498,-21.7570867829944,2.5));
#11321=CARTESIAN_POINT('',(7.08657589562007,-21.7768943005229,2.5));
#11322=CARTESIAN_POINT('Ctrl Pts',(7.08657589562007,-21.7768943005229,2.4));
#11323=CARTESIAN_POINT('Ctrl Pts',(7.08657589562007,-21.7768943005229,2.5));
#11324=CARTESIAN_POINT('Ctrl Pts',(7.12526221580573,-21.7967018180515,2.4));
#11325=CARTESIAN_POINT('Ctrl Pts',(7.12526221580573,-21.7967018180515,2.5));
#11326=CARTESIAN_POINT('Ctrl Pts',(7.1494025439746,-21.8338408761646,2.4));
#11327=CARTESIAN_POINT('Ctrl Pts',(7.1494025439746,-21.8338408761646,2.5));
#11328=CARTESIAN_POINT('',(7.1494025439746,-21.8338408761646,2.5));
#11329=CARTESIAN_POINT('Ctrl Pts',(7.1494025439746,-21.8338408761646,2.5));
#11330=CARTESIAN_POINT('Ctrl Pts',(7.12526221580573,-21.7967018180515,2.5));
#11331=CARTESIAN_POINT('Ctrl Pts',(7.08657589562007,-21.7768943005229,2.5));
#11332=CARTESIAN_POINT('',(7.1494025439746,-21.8338408761646,2.5));
#11333=CARTESIAN_POINT('Ctrl Pts',(7.1494025439746,-21.8338408761646,2.4));
#11334=CARTESIAN_POINT('Ctrl Pts',(7.1494025439746,-21.8338408761646,2.5));
#11335=CARTESIAN_POINT('Ctrl Pts',(7.17354287214347,-21.8709796362544,2.4));
#11336=CARTESIAN_POINT('Ctrl Pts',(7.17354287214347,-21.8709796362544,2.5));
#11337=CARTESIAN_POINT('Ctrl Pts',(7.17354287214347,-21.9204982810642,2.4));
#11338=CARTESIAN_POINT('Ctrl Pts',(7.17354287214347,-21.9204982810642,2.5));
#11339=CARTESIAN_POINT('',(7.17354287214347,-21.9204982810642,2.5));
#11340=CARTESIAN_POINT('Ctrl Pts',(7.17354287214347,-21.9204982810642,2.5));
#11341=CARTESIAN_POINT('Ctrl Pts',(7.17354287214347,-21.8709796362544,2.5));
#11342=CARTESIAN_POINT('Ctrl Pts',(7.1494025439746,-21.8338408761646,2.5));
#11343=CARTESIAN_POINT('',(7.17354287214347,-21.9204982810642,2.5));
#11344=CARTESIAN_POINT('Ctrl Pts',(7.17354287214347,-21.9204982810642,2.4));
#11345=CARTESIAN_POINT('Ctrl Pts',(7.17354287214347,-21.9204982810642,2.5));
#11346=CARTESIAN_POINT('Ctrl Pts',(7.17354287214347,-22.0009660416271,2.4));
#11347=CARTESIAN_POINT('Ctrl Pts',(7.17354287214347,-22.0009660416271,2.5));
#11348=CARTESIAN_POINT('Ctrl Pts',(7.12557171292373,-22.0449137383129,2.4));
#11349=CARTESIAN_POINT('Ctrl Pts',(7.12557171292373,-22.0449137383129,2.5));
#11350=CARTESIAN_POINT('',(7.12557171292373,-22.0449137383129,2.5));
#11351=CARTESIAN_POINT('Ctrl Pts',(7.12557171292373,-22.0449137383129,2.5));
#11352=CARTESIAN_POINT('Ctrl Pts',(7.17354287214347,-22.0009660416271,2.5));
#11353=CARTESIAN_POINT('Ctrl Pts',(7.17354287214347,-21.9204982810642,2.5));
#11354=CARTESIAN_POINT('',(7.12557171292373,-22.0449137383129,2.5));
#11355=CARTESIAN_POINT('Ctrl Pts',(7.12557171292373,-22.0449137383129,2.4));
#11356=CARTESIAN_POINT('Ctrl Pts',(7.12557171292373,-22.0449137383129,2.5));
#11357=CARTESIAN_POINT('Ctrl Pts',(7.07760062820979,-22.0888614349986,2.4));
#11358=CARTESIAN_POINT('Ctrl Pts',(7.07760062820979,-22.0888614349986,2.5));
#11359=CARTESIAN_POINT('Ctrl Pts',(6.99094314880439,-22.0888614349986,2.4));
#11360=CARTESIAN_POINT('Ctrl Pts',(6.99094314880439,-22.0888614349986,2.5));
#11361=CARTESIAN_POINT('',(6.99094314880439,-22.0888614349986,2.5));
#11362=CARTESIAN_POINT('Ctrl Pts',(6.99094314880439,-22.0888614349986,2.5));
#11363=CARTESIAN_POINT('Ctrl Pts',(7.07760062820979,-22.0888614349986,2.5));
#11364=CARTESIAN_POINT('Ctrl Pts',(7.12557171292373,-22.0449137383129,2.5));
#11365=CARTESIAN_POINT('',(6.99094314880439,-22.0888614349986,2.5));
#11366=CARTESIAN_POINT('Origin',(6.92130763835975,-22.0888614349986,2.5));
#11367=CARTESIAN_POINT('',(6.8516721279151,-22.0888614349986,2.5));
#11368=CARTESIAN_POINT('',(7.21065381917987,-22.0888614349986,2.5));
#11369=CARTESIAN_POINT('',(6.8516721279151,-22.0888614349986,2.5));
#11370=CARTESIAN_POINT('Ctrl Pts',(6.8516721279151,-22.0888614349986,2.4));
#11371=CARTESIAN_POINT('Ctrl Pts',(6.8516721279151,-22.0888614349986,2.5));
#11372=CARTESIAN_POINT('Ctrl Pts',(6.76315766580172,-22.0888614349986,2.4));
#11373=CARTESIAN_POINT('Ctrl Pts',(6.76315766580172,-22.0888614349986,2.5));
#11374=CARTESIAN_POINT('Ctrl Pts',(6.7145675868518,-22.0449137383129,2.4));
#11375=CARTESIAN_POINT('Ctrl Pts',(6.7145675868518,-22.0449137383129,2.5));
#11376=CARTESIAN_POINT('',(6.7145675868518,-22.0449137383129,2.5));
#11377=CARTESIAN_POINT('Ctrl Pts',(6.7145675868518,-22.0449137383129,2.5));
#11378=CARTESIAN_POINT('Ctrl Pts',(6.76315766580172,-22.0888614349986,2.5));
#11379=CARTESIAN_POINT('Ctrl Pts',(6.8516721279151,-22.0888614349986,2.5));
#11380=CARTESIAN_POINT('',(6.7145675868518,-22.0449137383129,2.5));
#11381=CARTESIAN_POINT('Ctrl Pts',(6.7145675868518,-22.0449137383129,2.4));
#11382=CARTESIAN_POINT('Ctrl Pts',(6.7145675868518,-22.0449137383129,2.5));
#11383=CARTESIAN_POINT('Ctrl Pts',(6.66597743339606,-22.0009660416271,2.4));
#11384=CARTESIAN_POINT('Ctrl Pts',(6.66597743339606,-22.0009660416271,2.5));
#11385=CARTESIAN_POINT('Ctrl Pts',(6.66597743339606,-21.9204982810642,2.4));
#11386=CARTESIAN_POINT('Ctrl Pts',(6.66597743339606,-21.9204982810642,2.5));
#11387=CARTESIAN_POINT('',(6.66597743339606,-21.9204982810642,2.5));
#11388=CARTESIAN_POINT('Ctrl Pts',(6.66597743339606,-21.9204982810642,2.5));
#11389=CARTESIAN_POINT('Ctrl Pts',(6.66597743339606,-22.0009660416271,2.5));
#11390=CARTESIAN_POINT('Ctrl Pts',(6.7145675868518,-22.0449137383129,2.5));
#11391=CARTESIAN_POINT('',(6.66597743339606,-21.9204982810642,2.5));
#11392=CARTESIAN_POINT('Ctrl Pts',(6.66597743339606,-21.9204982810642,2.4));
#11393=CARTESIAN_POINT('Ctrl Pts',(6.66597743339606,-21.9204982810642,2.5));
#11394=CARTESIAN_POINT('Ctrl Pts',(6.66597743339606,-21.8703606420185,2.4));
#11395=CARTESIAN_POINT('Ctrl Pts',(6.66597743339606,-21.8703606420185,2.5));
#11396=CARTESIAN_POINT('Ctrl Pts',(6.68949876732894,-21.8332218819286,2.4));
#11397=CARTESIAN_POINT('Ctrl Pts',(6.68949876732894,-21.8332218819286,2.5));
#11398=CARTESIAN_POINT('',(6.68949876732894,-21.8332218819286,2.5));
#11399=CARTESIAN_POINT('Ctrl Pts',(6.68949876732894,-21.8332218819286,2.5));
#11400=CARTESIAN_POINT('Ctrl Pts',(6.66597743339606,-21.8703606420185,2.5));
#11401=CARTESIAN_POINT('Ctrl Pts',(6.66597743339606,-21.9204982810642,2.5));
#11402=CARTESIAN_POINT('',(6.68949876732894,-21.8332218819286,2.5));
#11403=CARTESIAN_POINT('Ctrl Pts',(6.68949876732894,-21.8332218819286,2.4));
#11404=CARTESIAN_POINT('Ctrl Pts',(6.68949876732894,-21.8332218819286,2.5));
#11405=CARTESIAN_POINT('Ctrl Pts',(6.71302010126182,-21.7960828238155,2.4));
#11406=CARTESIAN_POINT('Ctrl Pts',(6.71302010126182,-21.7960828238155,2.5));
#11407=CARTESIAN_POINT('Ctrl Pts',(6.75077800459929,-21.7765849524166,2.4));
#11408=CARTESIAN_POINT('Ctrl Pts',(6.75077800459929,-21.7765849524166,2.5));
#11409=CARTESIAN_POINT('',(6.75077800459929,-21.7765849524166,2.5));
#11410=CARTESIAN_POINT('Ctrl Pts',(6.75077800459929,-21.7765849524166,2.5));
#11411=CARTESIAN_POINT('Ctrl Pts',(6.71302010126182,-21.7960828238155,2.5));
#11412=CARTESIAN_POINT('Ctrl Pts',(6.68949876732894,-21.8332218819286,2.5));
#11413=CARTESIAN_POINT('',(6.75077800459929,-21.7765849524166,2.5));
#11414=CARTESIAN_POINT('Ctrl Pts',(6.75077800459929,-21.7765849524166,2.4));
#11415=CARTESIAN_POINT('Ctrl Pts',(6.75077800459929,-21.7765849524166,2.5));
#11416=CARTESIAN_POINT('Ctrl Pts',(6.78853590793677,-21.7570867829944,2.4));
#11417=CARTESIAN_POINT('Ctrl Pts',(6.78853590793677,-21.7570867829944,2.5));
#11418=CARTESIAN_POINT('Ctrl Pts',(6.8306267709262,-21.7570867829944,2.4));
#11419=CARTESIAN_POINT('Ctrl Pts',(6.8306267709262,-21.7570867829944,2.5));
#11420=CARTESIAN_POINT('',(6.8306267709262,-21.7570867829944,2.5));
#11421=CARTESIAN_POINT('Ctrl Pts',(6.8306267709262,-21.7570867829944,2.5));
#11422=CARTESIAN_POINT('Ctrl Pts',(6.78853590793677,-21.7570867829944,2.5));
#11423=CARTESIAN_POINT('Ctrl Pts',(6.75077800459929,-21.7765849524166,2.5));
#11424=CARTESIAN_POINT('',(6.8306267709262,-21.7570867829944,2.5));
#11425=CARTESIAN_POINT('Origin',(6.91821274168559,-21.7570867829944,2.5));
#11426=CARTESIAN_POINT('',(7.20910637084279,-21.7570867829944,2.5));
#11427=CARTESIAN_POINT('Origin',(7.5,-20.5000001937151,2.4));
#11428=CARTESIAN_POINT('',(7.21068178124495,-24.3667159297491,2.4));
#11429=CARTESIAN_POINT('',(7.24101190276214,-24.5066058703686,2.4));
#11430=CARTESIAN_POINT('Ctrl Pts',(7.21068178124495,-24.3667159297491,2.4));
#11431=CARTESIAN_POINT('Ctrl Pts',(7.24101190276214,-24.4267571785475,2.4));
#11432=CARTESIAN_POINT('Ctrl Pts',(7.24101190276214,-24.5066058703686,2.4));
#11433=CARTESIAN_POINT('',(7.12464322156974,-24.2744876139785,2.4));
#11434=CARTESIAN_POINT('Ctrl Pts',(7.12464322156974,-24.2744876139785,2.4));
#11435=CARTESIAN_POINT('Ctrl Pts',(7.18035165972777,-24.3066746436979,2.4));
#11436=CARTESIAN_POINT('Ctrl Pts',(7.21068178124495,-24.3667159297491,2.4));
#11437=CARTESIAN_POINT('',(6.99589495368071,-24.2423005097534,2.4));
#11438=CARTESIAN_POINT('Ctrl Pts',(6.99589495368071,-24.2423005097534,2.4));
#11439=CARTESIAN_POINT('Ctrl Pts',(7.06893485791751,-24.2423005097534,2.4));
#11440=CARTESIAN_POINT('Ctrl Pts',(7.12464322156974,-24.2744876139785,2.4));
#11441=CARTESIAN_POINT('',(6.99403804547854,-24.2423005097534,2.4));
#11442=CARTESIAN_POINT('',(6.99403804547854,-24.2423005097534,2.4));
#11443=CARTESIAN_POINT('',(6.8950008303649,-24.2633459412481,2.4));
#11444=CARTESIAN_POINT('Ctrl Pts',(6.8950008303649,-24.2633459412481,2.4));
#11445=CARTESIAN_POINT('Ctrl Pts',(6.94080550975867,-24.2423005097534,2.4));
#11446=CARTESIAN_POINT('Ctrl Pts',(6.99403804547854,-24.2423005097534,2.4));
#11447=CARTESIAN_POINT('',(6.81855653233596,-24.3240061842824,2.4));
#11448=CARTESIAN_POINT('Ctrl Pts',(6.81855653233596,-24.3240061842824,2.4));
#11449=CARTESIAN_POINT('Ctrl Pts',(6.84919615097114,-24.284391298237,2.4));
#11450=CARTESIAN_POINT('Ctrl Pts',(6.8950008303649,-24.2633459412481,2.4));
#11451=CARTESIAN_POINT('',(6.7798702121503,-24.4180914455081,2.4));
#11452=CARTESIAN_POINT('Ctrl Pts',(6.7798702121503,-24.4180914455081,2.4));
#11453=CARTESIAN_POINT('Ctrl Pts',(6.78791691370078,-24.3636209958221,2.4));
#11454=CARTESIAN_POINT('Ctrl Pts',(6.81855653233596,-24.3240061842824,2.4));
#11455=CARTESIAN_POINT('',(6.74087432034083,-24.3267915838386,2.4));
#11456=CARTESIAN_POINT('Ctrl Pts',(6.74087432034083,-24.3267915838386,2.4));
#11457=CARTESIAN_POINT('Ctrl Pts',(6.76996652789184,-24.3636209958221,2.4));
#11458=CARTESIAN_POINT('Ctrl Pts',(6.7798702121503,-24.4180914455081,2.4));
#11459=CARTESIAN_POINT('',(6.67123880989619,-24.2720116370345,2.4));
#11460=CARTESIAN_POINT('Ctrl Pts',(6.67123880989619,-24.2720116370345,2.4));
#11461=CARTESIAN_POINT('Ctrl Pts',(6.71178211278983,-24.2899621718551,2.4));
#11462=CARTESIAN_POINT('Ctrl Pts',(6.74087432034083,-24.3267915838386,2.4));
#11463=CARTESIAN_POINT('',(6.58489082760878,-24.2540611767198,2.4));
#11464=CARTESIAN_POINT('Ctrl Pts',(6.58489082760878,-24.2540611767198,2.4));
#11465=CARTESIAN_POINT('Ctrl Pts',(6.63069550700255,-24.2540611767198,2.4));
#11466=CARTESIAN_POINT('Ctrl Pts',(6.67123880989619,-24.2720116370345,2.4));
#11467=CARTESIAN_POINT('',(6.45490457124778,-24.283153309765,2.4));
#11468=CARTESIAN_POINT('Ctrl Pts',(6.45490457124778,-24.283153309765,2.4));
#11469=CARTESIAN_POINT('Ctrl Pts',(6.50937502093383,-24.2540611767198,2.4));
#11470=CARTESIAN_POINT('Ctrl Pts',(6.58489082760878,-24.2540611767198,2.4));
#11471=CARTESIAN_POINT('',(6.37072299428054,-24.3710487776424,2.4));
#11472=CARTESIAN_POINT('Ctrl Pts',(6.37072299428054,-24.3710487776424,2.4));
#11473=CARTESIAN_POINT('Ctrl Pts',(6.40043412156173,-24.312245517316,2.4));
#11474=CARTESIAN_POINT('Ctrl Pts',(6.45490457124778,-24.283153309765,2.4));
#11475=CARTESIAN_POINT('',(6.34101186699935,-24.517128586116,2.4));
#11476=CARTESIAN_POINT('Ctrl Pts',(6.34101186699935,-24.517128586116,2.4));
#11477=CARTESIAN_POINT('Ctrl Pts',(6.34101186699935,-24.4298520752217,2.4));
#11478=CARTESIAN_POINT('Ctrl Pts',(6.37072299428054,-24.3710487776424,2.4));
#11479=CARTESIAN_POINT('',(6.34101186699935,-24.8718053636129,2.4));
#11480=CARTESIAN_POINT('',(6.34101186699935,-24.7975274988438,2.4));
#11481=CARTESIAN_POINT('',(7.24101190276214,-24.8718053636129,2.4));
#11482=CARTESIAN_POINT('',(7.24101190276214,-24.8718053636129,2.4));
#11483=CARTESIAN_POINT('',(7.24101190276214,-24.7826719352032,2.4));
#11484=CARTESIAN_POINT('',(6.4239554554946,-24.7826719352032,2.4));
#11485=CARTESIAN_POINT('',(6.4239554554946,-24.5369359918858,2.4));
#11486=CARTESIAN_POINT('',(6.4239554554946,-24.5369359918858,2.4));
#11487=CARTESIAN_POINT('',(6.46357034154006,-24.3914752149011,2.4));
#11488=CARTESIAN_POINT('Ctrl Pts',(6.4239554554946,-24.5369359918858,2.4));
#11489=CARTESIAN_POINT('Ctrl Pts',(6.4239554554946,-24.439755796733,2.4));
#11490=CARTESIAN_POINT('Ctrl Pts',(6.46357034154006,-24.3914752149011,2.4));
#11491=CARTESIAN_POINT('',(6.58303384490081,-24.3431946330692,2.4));
#11492=CARTESIAN_POINT('Ctrl Pts',(6.46357034154006,-24.3914752149011,2.4));
#11493=CARTESIAN_POINT('Ctrl Pts',(6.50318515307971,-24.3431946330692,2.4));
#11494=CARTESIAN_POINT('Ctrl Pts',(6.58303384490081,-24.3431946330692,2.4));
#11495=CARTESIAN_POINT('',(6.69878353185721,-24.387451826873,2.4));
#11496=CARTESIAN_POINT('Ctrl Pts',(6.58303384490081,-24.3431946330692,2.4));
#11497=CARTESIAN_POINT('Ctrl Pts',(6.65978764004775,-24.3431946330692,2.4));
#11498=CARTESIAN_POINT('Ctrl Pts',(6.69878353185721,-24.387451826873,2.4));
#11499=CARTESIAN_POINT('',(6.73777942366668,-24.5196044885541,2.4));
#11500=CARTESIAN_POINT('Ctrl Pts',(6.69878353185721,-24.387451826873,2.4));
#11501=CARTESIAN_POINT('Ctrl Pts',(6.73777942366668,-24.4317090579296,2.4));
#11502=CARTESIAN_POINT('Ctrl Pts',(6.73777942366668,-24.5196044885541,2.4));
#11503=CARTESIAN_POINT('',(6.73777942366668,-24.7826719352032,2.4));
#11504=CARTESIAN_POINT('',(6.73777942366668,-24.7975274988438,2.4));
#11505=CARTESIAN_POINT('',(6.34101186699935,-24.7826719352032,2.4));
#11506=CARTESIAN_POINT('',(6.82072301216193,-24.7826719352032,2.4));
#11507=CARTESIAN_POINT('',(6.82072301216193,-24.5196044885541,2.4));
#11508=CARTESIAN_POINT('',(6.82072301216193,-24.5196044885541,2.4));
#11509=CARTESIAN_POINT('',(6.84145887203284,-24.4122111120249,2.4));
#11510=CARTESIAN_POINT('Ctrl Pts',(6.82072301216193,-24.5196044885541,2.4));
#11511=CARTESIAN_POINT('Ctrl Pts',(6.82072301216193,-24.4539924033905,2.4));
#11512=CARTESIAN_POINT('Ctrl Pts',(6.84145887203284,-24.4122111120249,2.4));
#11513=CARTESIAN_POINT('',(6.90057170398303,-24.3509319120075,2.4));
#11514=CARTESIAN_POINT('Ctrl Pts',(6.84145887203284,-24.4122111120249,2.4));
#11515=CARTESIAN_POINT('Ctrl Pts',(6.86219480640956,-24.3704298206593,2.4));
#11516=CARTESIAN_POINT('Ctrl Pts',(6.90057170398303,-24.3509319120075,2.4));
#11517=CARTESIAN_POINT('',(6.99218106277057,-24.3314339661027,2.4));
#11518=CARTESIAN_POINT('Ctrl Pts',(6.90057170398303,-24.3509319120075,2.4));
#11519=CARTESIAN_POINT('Ctrl Pts',(6.9389486015565,-24.3314339661027,2.4));
#11520=CARTESIAN_POINT('Ctrl Pts',(6.99218106277057,-24.3314339661027,2.4));
#11521=CARTESIAN_POINT('',(6.99403804547854,-24.3314339661027,2.4));
#11522=CARTESIAN_POINT('',(6.99403804547854,-24.3314339661027,2.4));
#11523=CARTESIAN_POINT('',(7.11504903442927,-24.3837379359628,2.4));
#11524=CARTESIAN_POINT('Ctrl Pts',(6.99403804547854,-24.3314339661027,2.4));
#11525=CARTESIAN_POINT('Ctrl Pts',(7.07202975459166,-24.3314339661027,2.4));
#11526=CARTESIAN_POINT('Ctrl Pts',(7.11504903442927,-24.3837379359628,2.4));
#11527=CARTESIAN_POINT('',(7.15806831426688,-24.5505536043073,2.4));
#11528=CARTESIAN_POINT('Ctrl Pts',(7.11504903442927,-24.3837379359628,2.4));
#11529=CARTESIAN_POINT('Ctrl Pts',(7.15806831426688,-24.4360419058229,2.4));
#11530=CARTESIAN_POINT('Ctrl Pts',(7.15806831426688,-24.5505536043073,2.4));
#11531=CARTESIAN_POINT('',(7.15806831426688,-24.7826719352032,2.4));
#11532=CARTESIAN_POINT('',(7.15806831426688,-24.7975274988438,2.4));
#11533=CARTESIAN_POINT('',(6.34101186699935,-24.7826719352032,2.4));
#11534=CARTESIAN_POINT('Ctrl Pts',(7.21068178124495,-24.3667159297491,2.4));
#11535=CARTESIAN_POINT('Ctrl Pts',(7.21068178124495,-24.3667159297491,2.5));
#11536=CARTESIAN_POINT('Ctrl Pts',(7.24101190276214,-24.4267571785475,2.4));
#11537=CARTESIAN_POINT('Ctrl Pts',(7.24101190276214,-24.4267571785475,2.5));
#11538=CARTESIAN_POINT('Ctrl Pts',(7.24101190276214,-24.5066058703686,2.4));
#11539=CARTESIAN_POINT('Ctrl Pts',(7.24101190276214,-24.5066058703686,2.5));
#11540=CARTESIAN_POINT('',(7.24101190276214,-24.5066058703686,2.5));
#11541=CARTESIAN_POINT('',(7.24101190276214,-24.5066058703686,2.5));
#11542=CARTESIAN_POINT('',(7.21068178124495,-24.3667159297491,2.5));
#11543=CARTESIAN_POINT('Ctrl Pts',(7.21068178124495,-24.3667159297491,2.5));
#11544=CARTESIAN_POINT('Ctrl Pts',(7.24101190276214,-24.4267571785475,2.5));
#11545=CARTESIAN_POINT('Ctrl Pts',(7.24101190276214,-24.5066058703686,2.5));
#11546=CARTESIAN_POINT('',(7.21068178124495,-24.3667159297491,2.5));
#11547=CARTESIAN_POINT('Ctrl Pts',(7.12464322156974,-24.2744876139785,2.4));
#11548=CARTESIAN_POINT('Ctrl Pts',(7.12464322156974,-24.2744876139785,2.5));
#11549=CARTESIAN_POINT('Ctrl Pts',(7.18035165972777,-24.3066746436979,2.4));
#11550=CARTESIAN_POINT('Ctrl Pts',(7.18035165972777,-24.3066746436979,2.5));
#11551=CARTESIAN_POINT('Ctrl Pts',(7.21068178124495,-24.3667159297491,2.4));
#11552=CARTESIAN_POINT('Ctrl Pts',(7.21068178124495,-24.3667159297491,2.5));
#11553=CARTESIAN_POINT('',(7.12464322156974,-24.2744876139785,2.5));
#11554=CARTESIAN_POINT('Ctrl Pts',(7.12464322156974,-24.2744876139785,2.5));
#11555=CARTESIAN_POINT('Ctrl Pts',(7.18035165972777,-24.3066746436979,2.5));
#11556=CARTESIAN_POINT('Ctrl Pts',(7.21068178124495,-24.3667159297491,2.5));
#11557=CARTESIAN_POINT('',(7.12464322156974,-24.2744876139785,2.5));
#11558=CARTESIAN_POINT('Ctrl Pts',(6.99589495368071,-24.2423005097534,2.4));
#11559=CARTESIAN_POINT('Ctrl Pts',(6.99589495368071,-24.2423005097534,2.5));
#11560=CARTESIAN_POINT('Ctrl Pts',(7.06893485791751,-24.2423005097534,2.4));
#11561=CARTESIAN_POINT('Ctrl Pts',(7.06893485791751,-24.2423005097534,2.5));
#11562=CARTESIAN_POINT('Ctrl Pts',(7.12464322156974,-24.2744876139785,2.4));
#11563=CARTESIAN_POINT('Ctrl Pts',(7.12464322156974,-24.2744876139785,2.5));
#11564=CARTESIAN_POINT('',(6.99589495368071,-24.2423005097534,2.5));
#11565=CARTESIAN_POINT('Ctrl Pts',(6.99589495368071,-24.2423005097534,2.5));
#11566=CARTESIAN_POINT('Ctrl Pts',(7.06893485791751,-24.2423005097534,2.5));
#11567=CARTESIAN_POINT('Ctrl Pts',(7.12464322156974,-24.2744876139785,2.5));
#11568=CARTESIAN_POINT('',(6.99589495368071,-24.2423005097534,2.5));
#11569=CARTESIAN_POINT('Origin',(6.99496649957963,-24.2423005097534,2.5));
#11570=CARTESIAN_POINT('',(6.99403804547854,-24.2423005097534,2.5));
#11571=CARTESIAN_POINT('',(7.24748324978981,-24.2423005097534,2.5));
#11572=CARTESIAN_POINT('',(6.99403804547854,-24.2423005097534,2.5));
#11573=CARTESIAN_POINT('Ctrl Pts',(6.8950008303649,-24.2633459412481,2.4));
#11574=CARTESIAN_POINT('Ctrl Pts',(6.8950008303649,-24.2633459412481,2.5));
#11575=CARTESIAN_POINT('Ctrl Pts',(6.94080550975867,-24.2423005097534,2.4));
#11576=CARTESIAN_POINT('Ctrl Pts',(6.94080550975867,-24.2423005097534,2.5));
#11577=CARTESIAN_POINT('Ctrl Pts',(6.99403804547854,-24.2423005097534,2.4));
#11578=CARTESIAN_POINT('Ctrl Pts',(6.99403804547854,-24.2423005097534,2.5));
#11579=CARTESIAN_POINT('',(6.8950008303649,-24.2633459412481,2.5));
#11580=CARTESIAN_POINT('Ctrl Pts',(6.8950008303649,-24.2633459412481,2.5));
#11581=CARTESIAN_POINT('Ctrl Pts',(6.94080550975867,-24.2423005097534,2.5));
#11582=CARTESIAN_POINT('Ctrl Pts',(6.99403804547854,-24.2423005097534,2.5));
#11583=CARTESIAN_POINT('',(6.8950008303649,-24.2633459412481,2.5));
#11584=CARTESIAN_POINT('Ctrl Pts',(6.81855653233596,-24.3240061842824,2.4));
#11585=CARTESIAN_POINT('Ctrl Pts',(6.81855653233596,-24.3240061842824,2.5));
#11586=CARTESIAN_POINT('Ctrl Pts',(6.84919615097114,-24.284391298237,2.4));
#11587=CARTESIAN_POINT('Ctrl Pts',(6.84919615097114,-24.284391298237,2.5));
#11588=CARTESIAN_POINT('Ctrl Pts',(6.8950008303649,-24.2633459412481,2.4));
#11589=CARTESIAN_POINT('Ctrl Pts',(6.8950008303649,-24.2633459412481,2.5));
#11590=CARTESIAN_POINT('',(6.81855653233596,-24.3240061842824,2.5));
#11591=CARTESIAN_POINT('Ctrl Pts',(6.81855653233596,-24.3240061842824,2.5));
#11592=CARTESIAN_POINT('Ctrl Pts',(6.84919615097114,-24.284391298237,2.5));
#11593=CARTESIAN_POINT('Ctrl Pts',(6.8950008303649,-24.2633459412481,2.5));
#11594=CARTESIAN_POINT('',(6.81855653233596,-24.3240061842824,2.5));
#11595=CARTESIAN_POINT('Ctrl Pts',(6.7798702121503,-24.4180914455081,2.4));
#11596=CARTESIAN_POINT('Ctrl Pts',(6.7798702121503,-24.4180914455081,2.5));
#11597=CARTESIAN_POINT('Ctrl Pts',(6.78791691370078,-24.3636209958221,2.4));
#11598=CARTESIAN_POINT('Ctrl Pts',(6.78791691370078,-24.3636209958221,2.5));
#11599=CARTESIAN_POINT('Ctrl Pts',(6.81855653233596,-24.3240061842824,2.4));
#11600=CARTESIAN_POINT('Ctrl Pts',(6.81855653233596,-24.3240061842824,2.5));
#11601=CARTESIAN_POINT('',(6.7798702121503,-24.4180914455081,2.5));
#11602=CARTESIAN_POINT('Ctrl Pts',(6.7798702121503,-24.4180914455081,2.5));
#11603=CARTESIAN_POINT('Ctrl Pts',(6.78791691370078,-24.3636209958221,2.5));
#11604=CARTESIAN_POINT('Ctrl Pts',(6.81855653233596,-24.3240061842824,2.5));
#11605=CARTESIAN_POINT('',(6.7798702121503,-24.4180914455081,2.5));
#11606=CARTESIAN_POINT('Ctrl Pts',(6.74087432034083,-24.3267915838386,2.4));
#11607=CARTESIAN_POINT('Ctrl Pts',(6.74087432034083,-24.3267915838386,2.5));
#11608=CARTESIAN_POINT('Ctrl Pts',(6.76996652789184,-24.3636209958221,2.4));
#11609=CARTESIAN_POINT('Ctrl Pts',(6.76996652789184,-24.3636209958221,2.5));
#11610=CARTESIAN_POINT('Ctrl Pts',(6.7798702121503,-24.4180914455081,2.4));
#11611=CARTESIAN_POINT('Ctrl Pts',(6.7798702121503,-24.4180914455081,2.5));
#11612=CARTESIAN_POINT('',(6.74087432034083,-24.3267915838386,2.5));
#11613=CARTESIAN_POINT('Ctrl Pts',(6.74087432034083,-24.3267915838386,2.5));
#11614=CARTESIAN_POINT('Ctrl Pts',(6.76996652789184,-24.3636209958221,2.5));
#11615=CARTESIAN_POINT('Ctrl Pts',(6.7798702121503,-24.4180914455081,2.5));
#11616=CARTESIAN_POINT('',(6.74087432034083,-24.3267915838386,2.5));
#11617=CARTESIAN_POINT('Ctrl Pts',(6.67123880989619,-24.2720116370345,2.4));
#11618=CARTESIAN_POINT('Ctrl Pts',(6.67123880989619,-24.2720116370345,2.5));
#11619=CARTESIAN_POINT('Ctrl Pts',(6.71178211278983,-24.2899621718551,2.4));
#11620=CARTESIAN_POINT('Ctrl Pts',(6.71178211278983,-24.2899621718551,2.5));
#11621=CARTESIAN_POINT('Ctrl Pts',(6.74087432034083,-24.3267915838386,2.4));
#11622=CARTESIAN_POINT('Ctrl Pts',(6.74087432034083,-24.3267915838386,2.5));
#11623=CARTESIAN_POINT('',(6.67123880989619,-24.2720116370345,2.5));
#11624=CARTESIAN_POINT('Ctrl Pts',(6.67123880989619,-24.2720116370345,2.5));
#11625=CARTESIAN_POINT('Ctrl Pts',(6.71178211278983,-24.2899621718551,2.5));
#11626=CARTESIAN_POINT('Ctrl Pts',(6.74087432034083,-24.3267915838386,2.5));
#11627=CARTESIAN_POINT('',(6.67123880989619,-24.2720116370345,2.5));
#11628=CARTESIAN_POINT('Ctrl Pts',(6.58489082760878,-24.2540611767198,2.4));
#11629=CARTESIAN_POINT('Ctrl Pts',(6.58489082760878,-24.2540611767198,2.5));
#11630=CARTESIAN_POINT('Ctrl Pts',(6.63069550700255,-24.2540611767198,2.4));
#11631=CARTESIAN_POINT('Ctrl Pts',(6.63069550700255,-24.2540611767198,2.5));
#11632=CARTESIAN_POINT('Ctrl Pts',(6.67123880989619,-24.2720116370345,2.4));
#11633=CARTESIAN_POINT('Ctrl Pts',(6.67123880989619,-24.2720116370345,2.5));
#11634=CARTESIAN_POINT('',(6.58489082760878,-24.2540611767198,2.5));
#11635=CARTESIAN_POINT('Ctrl Pts',(6.58489082760878,-24.2540611767198,2.5));
#11636=CARTESIAN_POINT('Ctrl Pts',(6.63069550700255,-24.2540611767198,2.5));
#11637=CARTESIAN_POINT('Ctrl Pts',(6.67123880989619,-24.2720116370345,2.5));
#11638=CARTESIAN_POINT('',(6.58489082760878,-24.2540611767198,2.5));
#11639=CARTESIAN_POINT('Ctrl Pts',(6.45490457124778,-24.283153309765,2.4));
#11640=CARTESIAN_POINT('Ctrl Pts',(6.45490457124778,-24.283153309765,2.5));
#11641=CARTESIAN_POINT('Ctrl Pts',(6.50937502093383,-24.2540611767198,2.4));
#11642=CARTESIAN_POINT('Ctrl Pts',(6.50937502093383,-24.2540611767198,2.5));
#11643=CARTESIAN_POINT('Ctrl Pts',(6.58489082760878,-24.2540611767198,2.4));
#11644=CARTESIAN_POINT('Ctrl Pts',(6.58489082760878,-24.2540611767198,2.5));
#11645=CARTESIAN_POINT('',(6.45490457124778,-24.283153309765,2.5));
#11646=CARTESIAN_POINT('Ctrl Pts',(6.45490457124778,-24.283153309765,2.5));
#11647=CARTESIAN_POINT('Ctrl Pts',(6.50937502093383,-24.2540611767198,2.5));
#11648=CARTESIAN_POINT('Ctrl Pts',(6.58489082760878,-24.2540611767198,2.5));
#11649=CARTESIAN_POINT('',(6.45490457124778,-24.283153309765,2.5));
#11650=CARTESIAN_POINT('Ctrl Pts',(6.37072299428054,-24.3710487776424,2.4));
#11651=CARTESIAN_POINT('Ctrl Pts',(6.37072299428054,-24.3710487776424,2.5));
#11652=CARTESIAN_POINT('Ctrl Pts',(6.40043412156173,-24.312245517316,2.4));
#11653=CARTESIAN_POINT('Ctrl Pts',(6.40043412156173,-24.312245517316,2.5));
#11654=CARTESIAN_POINT('Ctrl Pts',(6.45490457124778,-24.283153309765,2.4));
#11655=CARTESIAN_POINT('Ctrl Pts',(6.45490457124778,-24.283153309765,2.5));
#11656=CARTESIAN_POINT('',(6.37072299428054,-24.3710487776424,2.5));
#11657=CARTESIAN_POINT('Ctrl Pts',(6.37072299428054,-24.3710487776424,2.5));
#11658=CARTESIAN_POINT('Ctrl Pts',(6.40043412156173,-24.312245517316,2.5));
#11659=CARTESIAN_POINT('Ctrl Pts',(6.45490457124778,-24.283153309765,2.5));
#11660=CARTESIAN_POINT('',(6.37072299428054,-24.3710487776424,2.5));
#11661=CARTESIAN_POINT('Ctrl Pts',(6.34101186699935,-24.517128586116,2.4));
#11662=CARTESIAN_POINT('Ctrl Pts',(6.34101186699935,-24.517128586116,2.5));
#11663=CARTESIAN_POINT('Ctrl Pts',(6.34101186699935,-24.4298520752217,2.4));
#11664=CARTESIAN_POINT('Ctrl Pts',(6.34101186699935,-24.4298520752217,2.5));
#11665=CARTESIAN_POINT('Ctrl Pts',(6.37072299428054,-24.3710487776424,2.4));
#11666=CARTESIAN_POINT('Ctrl Pts',(6.37072299428054,-24.3710487776424,2.5));
#11667=CARTESIAN_POINT('',(6.34101186699935,-24.517128586116,2.5));
#11668=CARTESIAN_POINT('Ctrl Pts',(6.34101186699935,-24.517128586116,2.5));
#11669=CARTESIAN_POINT('Ctrl Pts',(6.34101186699935,-24.4298520752217,2.5));
#11670=CARTESIAN_POINT('Ctrl Pts',(6.37072299428054,-24.3710487776424,2.5));
#11671=CARTESIAN_POINT('',(6.34101186699935,-24.517128586116,2.5));
#11672=CARTESIAN_POINT('Origin',(6.34101186699935,-24.6944669748644,2.5));
#11673=CARTESIAN_POINT('',(6.34101186699935,-24.8718053636129,2.5));
#11674=CARTESIAN_POINT('',(6.34101186699935,-22.5972335842898,2.5));
#11675=CARTESIAN_POINT('',(6.34101186699935,-24.8718053636129,2.5));
#11676=CARTESIAN_POINT('Origin',(6.79101188488074,-24.8718053636129,2.5));
#11677=CARTESIAN_POINT('',(7.24101190276214,-24.8718053636129,2.5));
#11678=CARTESIAN_POINT('',(7.14550594244037,-24.8718053636129,2.5));
#11679=CARTESIAN_POINT('',(7.24101190276214,-24.8718053636129,2.5));
#11680=CARTESIAN_POINT('Origin',(7.24101190276214,-24.6892056169908,2.5));
#11681=CARTESIAN_POINT('',(7.24101190276214,-22.5946029053529,2.5));
#11682=CARTESIAN_POINT('Origin',(6.4239554554946,-24.6598039635445,2.5));
#11683=CARTESIAN_POINT('',(6.4239554554946,-24.7826719352032,2.5));
#11684=CARTESIAN_POINT('',(6.4239554554946,-24.7826719352032,2.5));
#11685=CARTESIAN_POINT('',(6.4239554554946,-24.5369359918858,2.5));
#11686=CARTESIAN_POINT('',(6.4239554554946,-22.5799020786298,2.5));
#11687=CARTESIAN_POINT('',(6.4239554554946,-24.5369359918858,2.5));
#11688=CARTESIAN_POINT('Ctrl Pts',(6.4239554554946,-24.5369359918858,2.4));
#11689=CARTESIAN_POINT('Ctrl Pts',(6.4239554554946,-24.5369359918858,2.5));
#11690=CARTESIAN_POINT('Ctrl Pts',(6.4239554554946,-24.439755796733,2.4));
#11691=CARTESIAN_POINT('Ctrl Pts',(6.4239554554946,-24.439755796733,2.5));
#11692=CARTESIAN_POINT('Ctrl Pts',(6.46357034154006,-24.3914752149011,2.4));
#11693=CARTESIAN_POINT('Ctrl Pts',(6.46357034154006,-24.3914752149011,2.5));
#11694=CARTESIAN_POINT('',(6.46357034154006,-24.3914752149011,2.5));
#11695=CARTESIAN_POINT('Ctrl Pts',(6.46357034154006,-24.3914752149011,2.5));
#11696=CARTESIAN_POINT('Ctrl Pts',(6.4239554554946,-24.439755796733,2.5));
#11697=CARTESIAN_POINT('Ctrl Pts',(6.4239554554946,-24.5369359918858,2.5));
#11698=CARTESIAN_POINT('',(6.46357034154006,-24.3914752149011,2.5));
#11699=CARTESIAN_POINT('Ctrl Pts',(6.46357034154006,-24.3914752149011,2.4));
#11700=CARTESIAN_POINT('Ctrl Pts',(6.46357034154006,-24.3914752149011,2.5));
#11701=CARTESIAN_POINT('Ctrl Pts',(6.50318515307971,-24.3431946330692,2.4));
#11702=CARTESIAN_POINT('Ctrl Pts',(6.50318515307971,-24.3431946330692,2.5));
#11703=CARTESIAN_POINT('Ctrl Pts',(6.58303384490081,-24.3431946330692,2.4));
#11704=CARTESIAN_POINT('Ctrl Pts',(6.58303384490081,-24.3431946330692,2.5));
#11705=CARTESIAN_POINT('',(6.58303384490081,-24.3431946330692,2.5));
#11706=CARTESIAN_POINT('Ctrl Pts',(6.58303384490081,-24.3431946330692,2.5));
#11707=CARTESIAN_POINT('Ctrl Pts',(6.50318515307971,-24.3431946330692,2.5));
#11708=CARTESIAN_POINT('Ctrl Pts',(6.46357034154006,-24.3914752149011,2.5));
#11709=CARTESIAN_POINT('',(6.58303384490081,-24.3431946330692,2.5));
#11710=CARTESIAN_POINT('Ctrl Pts',(6.58303384490081,-24.3431946330692,2.4));
#11711=CARTESIAN_POINT('Ctrl Pts',(6.58303384490081,-24.3431946330692,2.5));
#11712=CARTESIAN_POINT('Ctrl Pts',(6.65978764004775,-24.3431946330692,2.4));
#11713=CARTESIAN_POINT('Ctrl Pts',(6.65978764004775,-24.3431946330692,2.5));
#11714=CARTESIAN_POINT('Ctrl Pts',(6.69878353185721,-24.387451826873,2.4));
#11715=CARTESIAN_POINT('Ctrl Pts',(6.69878353185721,-24.387451826873,2.5));
#11716=CARTESIAN_POINT('',(6.69878353185721,-24.387451826873,2.5));
#11717=CARTESIAN_POINT('Ctrl Pts',(6.69878353185721,-24.387451826873,2.5));
#11718=CARTESIAN_POINT('Ctrl Pts',(6.65978764004775,-24.3431946330692,2.5));
#11719=CARTESIAN_POINT('Ctrl Pts',(6.58303384490081,-24.3431946330692,2.5));
#11720=CARTESIAN_POINT('',(6.69878353185721,-24.387451826873,2.5));
#11721=CARTESIAN_POINT('Ctrl Pts',(6.69878353185721,-24.387451826873,2.4));
#11722=CARTESIAN_POINT('Ctrl Pts',(6.69878353185721,-24.387451826873,2.5));
#11723=CARTESIAN_POINT('Ctrl Pts',(6.73777942366668,-24.4317090579296,2.4));
#11724=CARTESIAN_POINT('Ctrl Pts',(6.73777942366668,-24.4317090579296,2.5));
#11725=CARTESIAN_POINT('Ctrl Pts',(6.73777942366668,-24.5196044885541,2.4));
#11726=CARTESIAN_POINT('Ctrl Pts',(6.73777942366668,-24.5196044885541,2.5));
#11727=CARTESIAN_POINT('',(6.73777942366668,-24.5196044885541,2.5));
#11728=CARTESIAN_POINT('Ctrl Pts',(6.73777942366668,-24.5196044885541,2.5));
#11729=CARTESIAN_POINT('Ctrl Pts',(6.73777942366668,-24.4317090579296,2.5));
#11730=CARTESIAN_POINT('Ctrl Pts',(6.69878353185721,-24.387451826873,2.5));
#11731=CARTESIAN_POINT('',(6.73777942366668,-24.5196044885541,2.5));
#11732=CARTESIAN_POINT('Origin',(6.73777942366668,-24.6511382118787,2.5));
#11733=CARTESIAN_POINT('',(6.73777942366668,-24.7826719352032,2.5));
#11734=CARTESIAN_POINT('',(6.73777942366668,-22.5755692027969,2.5));
#11735=CARTESIAN_POINT('',(6.73777942366668,-24.7826719352032,2.5));
#11736=CARTESIAN_POINT('Origin',(6.58086743958064,-24.7826719352032,2.5));
#11737=CARTESIAN_POINT('',(7.04043371979032,-24.7826719352032,2.5));
#11738=CARTESIAN_POINT('Origin',(6.82072301216193,-24.6511382118787,2.5));
#11739=CARTESIAN_POINT('',(6.82072301216193,-24.7826719352032,2.5));
#11740=CARTESIAN_POINT('',(6.82072301216193,-24.7826719352032,2.5));
#11741=CARTESIAN_POINT('',(6.82072301216193,-24.5196044885541,2.5));
#11742=CARTESIAN_POINT('',(6.82072301216193,-22.5755692027969,2.5));
#11743=CARTESIAN_POINT('',(6.82072301216193,-24.5196044885541,2.5));
#11744=CARTESIAN_POINT('Ctrl Pts',(6.82072301216193,-24.5196044885541,2.4));
#11745=CARTESIAN_POINT('Ctrl Pts',(6.82072301216193,-24.5196044885541,2.5));
#11746=CARTESIAN_POINT('Ctrl Pts',(6.82072301216193,-24.4539924033905,2.4));
#11747=CARTESIAN_POINT('Ctrl Pts',(6.82072301216193,-24.4539924033905,2.5));
#11748=CARTESIAN_POINT('Ctrl Pts',(6.84145887203284,-24.4122111120249,2.4));
#11749=CARTESIAN_POINT('Ctrl Pts',(6.84145887203284,-24.4122111120249,2.5));
#11750=CARTESIAN_POINT('',(6.84145887203284,-24.4122111120249,2.5));
#11751=CARTESIAN_POINT('Ctrl Pts',(6.84145887203284,-24.4122111120249,2.5));
#11752=CARTESIAN_POINT('Ctrl Pts',(6.82072301216193,-24.4539924033905,2.5));
#11753=CARTESIAN_POINT('Ctrl Pts',(6.82072301216193,-24.5196044885541,2.5));
#11754=CARTESIAN_POINT('',(6.84145887203284,-24.4122111120249,2.5));
#11755=CARTESIAN_POINT('Ctrl Pts',(6.84145887203284,-24.4122111120249,2.4));
#11756=CARTESIAN_POINT('Ctrl Pts',(6.84145887203284,-24.4122111120249,2.5));
#11757=CARTESIAN_POINT('Ctrl Pts',(6.86219480640956,-24.3704298206593,2.4));
#11758=CARTESIAN_POINT('Ctrl Pts',(6.86219480640956,-24.3704298206593,2.5));
#11759=CARTESIAN_POINT('Ctrl Pts',(6.90057170398303,-24.3509319120075,2.4));
#11760=CARTESIAN_POINT('Ctrl Pts',(6.90057170398303,-24.3509319120075,2.5));
#11761=CARTESIAN_POINT('',(6.90057170398303,-24.3509319120075,2.5));
#11762=CARTESIAN_POINT('Ctrl Pts',(6.90057170398303,-24.3509319120075,2.5));
#11763=CARTESIAN_POINT('Ctrl Pts',(6.86219480640956,-24.3704298206593,2.5));
#11764=CARTESIAN_POINT('Ctrl Pts',(6.84145887203284,-24.4122111120249,2.5));
#11765=CARTESIAN_POINT('',(6.90057170398303,-24.3509319120075,2.5));
#11766=CARTESIAN_POINT('Ctrl Pts',(6.90057170398303,-24.3509319120075,2.4));
#11767=CARTESIAN_POINT('Ctrl Pts',(6.90057170398303,-24.3509319120075,2.5));
#11768=CARTESIAN_POINT('Ctrl Pts',(6.9389486015565,-24.3314339661027,2.4));
#11769=CARTESIAN_POINT('Ctrl Pts',(6.9389486015565,-24.3314339661027,2.5));
#11770=CARTESIAN_POINT('Ctrl Pts',(6.99218106277057,-24.3314339661027,2.4));
#11771=CARTESIAN_POINT('Ctrl Pts',(6.99218106277057,-24.3314339661027,2.5));
#11772=CARTESIAN_POINT('',(6.99218106277057,-24.3314339661027,2.5));
#11773=CARTESIAN_POINT('Ctrl Pts',(6.99218106277057,-24.3314339661027,2.5));
#11774=CARTESIAN_POINT('Ctrl Pts',(6.9389486015565,-24.3314339661027,2.5));
#11775=CARTESIAN_POINT('Ctrl Pts',(6.90057170398303,-24.3509319120075,2.5));
#11776=CARTESIAN_POINT('',(6.99218106277057,-24.3314339661027,2.5));
#11777=CARTESIAN_POINT('Origin',(6.99310955412455,-24.3314339661027,2.5));
#11778=CARTESIAN_POINT('',(6.99403804547854,-24.3314339661027,2.5));
#11779=CARTESIAN_POINT('',(7.24655477706228,-24.3314339661027,2.5));
#11780=CARTESIAN_POINT('',(6.99403804547854,-24.3314339661027,2.5));
#11781=CARTESIAN_POINT('Ctrl Pts',(6.99403804547854,-24.3314339661027,2.4));
#11782=CARTESIAN_POINT('Ctrl Pts',(6.99403804547854,-24.3314339661027,2.5));
#11783=CARTESIAN_POINT('Ctrl Pts',(7.07202975459166,-24.3314339661027,2.4));
#11784=CARTESIAN_POINT('Ctrl Pts',(7.07202975459166,-24.3314339661027,2.5));
#11785=CARTESIAN_POINT('Ctrl Pts',(7.11504903442927,-24.3837379359628,2.4));
#11786=CARTESIAN_POINT('Ctrl Pts',(7.11504903442927,-24.3837379359628,2.5));
#11787=CARTESIAN_POINT('',(7.11504903442927,-24.3837379359628,2.5));
#11788=CARTESIAN_POINT('Ctrl Pts',(7.11504903442927,-24.3837379359628,2.5));
#11789=CARTESIAN_POINT('Ctrl Pts',(7.07202975459166,-24.3314339661027,2.5));
#11790=CARTESIAN_POINT('Ctrl Pts',(6.99403804547854,-24.3314339661027,2.5));
#11791=CARTESIAN_POINT('',(7.11504903442927,-24.3837379359628,2.5));
#11792=CARTESIAN_POINT('Ctrl Pts',(7.11504903442927,-24.3837379359628,2.4));
#11793=CARTESIAN_POINT('Ctrl Pts',(7.11504903442927,-24.3837379359628,2.5));
#11794=CARTESIAN_POINT('Ctrl Pts',(7.15806831426688,-24.4360419058229,2.4));
#11795=CARTESIAN_POINT('Ctrl Pts',(7.15806831426688,-24.4360419058229,2.5));
#11796=CARTESIAN_POINT('Ctrl Pts',(7.15806831426688,-24.5505536043073,2.4));
#11797=CARTESIAN_POINT('Ctrl Pts',(7.15806831426688,-24.5505536043073,2.5));
#11798=CARTESIAN_POINT('',(7.15806831426688,-24.5505536043073,2.5));
#11799=CARTESIAN_POINT('Ctrl Pts',(7.15806831426688,-24.5505536043073,2.5));
#11800=CARTESIAN_POINT('Ctrl Pts',(7.15806831426688,-24.4360419058229,2.5));
#11801=CARTESIAN_POINT('Ctrl Pts',(7.11504903442927,-24.3837379359628,2.5));
#11802=CARTESIAN_POINT('',(7.15806831426688,-24.5505536043073,2.5));
#11803=CARTESIAN_POINT('Origin',(7.15806831426688,-24.6666127697553,2.5));
#11804=CARTESIAN_POINT('',(7.15806831426688,-24.7826719352032,2.5));
#11805=CARTESIAN_POINT('',(7.15806831426688,-22.5833064817352,2.5));
#11806=CARTESIAN_POINT('',(7.15806831426688,-24.7826719352032,2.5));
#11807=CARTESIAN_POINT('Origin',(6.98939566321441,-24.7826719352032,2.5));
#11808=CARTESIAN_POINT('',(7.2446978316072,-24.7826719352032,2.5));
#11809=CARTESIAN_POINT('Origin',(7.5,-20.5000001937151,2.4));
#11810=CARTESIAN_POINT('',(7.19836539604432,-22.4404433065082,2.4));
#11811=CARTESIAN_POINT('',(7.22089496262141,-22.4766537242557,2.4));
#11812=CARTESIAN_POINT('Ctrl Pts',(7.19836539604432,-22.4404433065082,2.4));
#11813=CARTESIAN_POINT('Ctrl Pts',(7.2108777658118,-22.4559800246127,2.4));
#11814=CARTESIAN_POINT('Ctrl Pts',(7.22089496262141,-22.4766537242557,2.4));
#11815=CARTESIAN_POINT('',(7.24101190276214,-22.4404433065082,2.4));
#11816=CARTESIAN_POINT('',(7.24101190276214,-22.4404433065082,2.4));
#11817=CARTESIAN_POINT('',(7.24101190276214,-22.3513099246646,2.4));
#11818=CARTESIAN_POINT('',(7.24101190276214,-22.3513099246646,2.4));
#11819=CARTESIAN_POINT('',(6.82815079398223,-22.3513099246646,2.4));
#11820=CARTESIAN_POINT('',(6.82815079398223,-22.3513099246646,2.4));
#11821=CARTESIAN_POINT('',(6.69909302897521,-22.3810210519458,2.4));
#11822=CARTESIAN_POINT('Ctrl Pts',(6.69909302897521,-22.3810210519458,2.4));
#11823=CARTESIAN_POINT('Ctrl Pts',(6.75263498730727,-22.3513099246646,2.4));
#11824=CARTESIAN_POINT('Ctrl Pts',(6.82815079398223,-22.3513099246646,2.4));
#11825=CARTESIAN_POINT('',(6.61738742895194,-22.4676784568454,2.4));
#11826=CARTESIAN_POINT('Ctrl Pts',(6.61738742895194,-22.4676784568454,2.4));
#11827=CARTESIAN_POINT('Ctrl Pts',(6.64555107064315,-22.410732179227,2.4));
#11828=CARTESIAN_POINT('Ctrl Pts',(6.69909302897521,-22.3810210519458,2.4));
#11829=CARTESIAN_POINT('',(6.58922371275493,-22.6044736498023,2.4));
#11830=CARTESIAN_POINT('Ctrl Pts',(6.58922371275493,-22.6044736498023,2.4));
#11831=CARTESIAN_POINT('Ctrl Pts',(6.58922371275493,-22.524625032487,2.4));
#11832=CARTESIAN_POINT('Ctrl Pts',(6.61738742895194,-22.4676784568454,2.4));
#11833=CARTESIAN_POINT('',(6.61367353804179,-22.7372453802253,2.4));
#11834=CARTESIAN_POINT('Ctrl Pts',(6.61367353804179,-22.7372453802253,2.4));
#11835=CARTESIAN_POINT('Ctrl Pts',(6.58922371275493,-22.6775136285449,2.4));
#11836=CARTESIAN_POINT('Ctrl Pts',(6.58922371275493,-22.6044736498023,2.4));
#11837=CARTESIAN_POINT('',(6.68207098550864,-22.8334970467712,2.4));
#11838=CARTESIAN_POINT('Ctrl Pts',(6.68207098550864,-22.8334970467712,2.4));
#11839=CARTESIAN_POINT('Ctrl Pts',(6.63812328882285,-22.7969771319057,2.4));
#11840=CARTESIAN_POINT('Ctrl Pts',(6.61367353804179,-22.7372453802253,2.4));
#11841=CARTESIAN_POINT('',(6.72663767643042,-22.7685039930965,2.4));
#11842=CARTESIAN_POINT('',(6.72663767643042,-22.7685039930965,2.4));
#11843=CARTESIAN_POINT('',(6.68454696245261,-22.6905122094776,2.4));
#11844=CARTESIAN_POINT('Ctrl Pts',(6.68454696245261,-22.6905122094776,2.4));
#11845=CARTESIAN_POINT('Ctrl Pts',(6.69940252609321,-22.7344599061633,2.4));
#11846=CARTESIAN_POINT('Ctrl Pts',(6.72663767643042,-22.7685039930965,2.4));
#11847=CARTESIAN_POINT('',(6.66969139881202,-22.600759833398,2.4));
#11848=CARTESIAN_POINT('Ctrl Pts',(6.66969139881202,-22.600759833398,2.4));
#11849=CARTESIAN_POINT('Ctrl Pts',(6.66969139881202,-22.6465645127918,2.4));
#11850=CARTESIAN_POINT('Ctrl Pts',(6.68454696245261,-22.6905122094776,2.4));
#11851=CARTESIAN_POINT('',(6.71271060414382,-22.4822246723796,2.4));
#11852=CARTESIAN_POINT('Ctrl Pts',(6.71271060414382,-22.4822246723796,2.4));
#11853=CARTESIAN_POINT('Ctrl Pts',(6.66969139881202,-22.5240060382511,2.4));
#11854=CARTESIAN_POINT('Ctrl Pts',(6.66969139881202,-22.600759833398,2.4));
#11855=CARTESIAN_POINT('',(6.83372159309455,-22.4404433065082,2.4));
#11856=CARTESIAN_POINT('Ctrl Pts',(6.83372159309455,-22.4404433065082,2.4));
#11857=CARTESIAN_POINT('Ctrl Pts',(6.75572988398143,-22.4404433065082,2.4));
#11858=CARTESIAN_POINT('Ctrl Pts',(6.71271060414382,-22.4822246723796,2.4));
#11859=CARTESIAN_POINT('',(6.86095689244338,-22.4404433065082,2.4));
#11860=CARTESIAN_POINT('',(7.24101190276214,-22.4404433065082,2.4));
#11861=CARTESIAN_POINT('',(6.86095689244338,-22.6484213464881,2.4));
#11862=CARTESIAN_POINT('',(6.86095689244338,-22.6484213464881,2.4));
#11863=CARTESIAN_POINT('',(6.91078488535949,-22.8084282272483,2.4));
#11864=CARTESIAN_POINT('Ctrl Pts',(6.91078488535949,-22.8084282272483,2.4));
#11865=CARTESIAN_POINT('Ctrl Pts',(6.86095689244338,-22.7517914467479,2.4));
#11866=CARTESIAN_POINT('Ctrl Pts',(6.86095689244338,-22.6484213464881,2.4));
#11867=CARTESIAN_POINT('',(7.05160339183875,-22.8650651567603,2.4));
#11868=CARTESIAN_POINT('Ctrl Pts',(7.05160339183875,-22.8650651567603,2.4));
#11869=CARTESIAN_POINT('Ctrl Pts',(6.9606129527814,-22.8650651567603,2.4));
#11870=CARTESIAN_POINT('Ctrl Pts',(6.91078488535949,-22.8084282272483,2.4));
#11871=CARTESIAN_POINT('',(7.19830212004252,-22.803166925254,2.4));
#11872=CARTESIAN_POINT('Ctrl Pts',(7.19830212004252,-22.803166925254,2.4));
#11873=CARTESIAN_POINT('Ctrl Pts',(7.14630764730044,-22.8650651567603,2.4));
#11874=CARTESIAN_POINT('Ctrl Pts',(7.05160339183875,-22.8650651567603,2.4));
#11875=CARTESIAN_POINT('',(7.25029666729041,-22.6286139779712,2.4));
#11876=CARTESIAN_POINT('Ctrl Pts',(7.25029666729041,-22.6286139779712,2.4));
#11877=CARTESIAN_POINT('Ctrl Pts',(7.25029666729041,-22.7412686937477,2.4));
#11878=CARTESIAN_POINT('Ctrl Pts',(7.19830212004252,-22.803166925254,2.4));
#11879=CARTESIAN_POINT('',(7.24286888547011,-22.545360892358,2.4));
#11880=CARTESIAN_POINT('Ctrl Pts',(7.24286888547011,-22.545360892358,2.4));
#11881=CARTESIAN_POINT('Ctrl Pts',(7.25029666729041,-22.5840472870494,2.4));
#11882=CARTESIAN_POINT('Ctrl Pts',(7.25029666729041,-22.6286139779712,2.4));
#11883=CARTESIAN_POINT('Ctrl Pts',(7.22089496262141,-22.4766537242557,2.4));
#11884=CARTESIAN_POINT('Ctrl Pts',(7.23544110364982,-22.5066744976665,2.4));
#11885=CARTESIAN_POINT('Ctrl Pts',(7.24286888547011,-22.545360892358,2.4));
#11886=CARTESIAN_POINT('',(7.10235987610885,-22.4404433065082,2.4));
#11887=CARTESIAN_POINT('',(7.1494025439746,-22.486247985902,2.4));
#11888=CARTESIAN_POINT('Ctrl Pts',(7.10235987610885,-22.4404433065082,2.4));
#11889=CARTESIAN_POINT('Ctrl Pts',(7.13268999762603,-22.4404433065082,2.4));
#11890=CARTESIAN_POINT('Ctrl Pts',(7.1494025439746,-22.486247985902,2.4));
#11891=CARTESIAN_POINT('',(7.16611509032317,-22.6149964028026,2.4));
#11892=CARTESIAN_POINT('Ctrl Pts',(7.1494025439746,-22.486247985902,2.4));
#11893=CARTESIAN_POINT('Ctrl Pts',(7.16611509032317,-22.5320526652957,2.4));
#11894=CARTESIAN_POINT('Ctrl Pts',(7.16611509032317,-22.6149964028026,2.4));
#11895=CARTESIAN_POINT('',(7.13609446592399,-22.7347694032813,2.4));
#11896=CARTESIAN_POINT('Ctrl Pts',(7.16611509032317,-22.6149964028026,2.4));
#11897=CARTESIAN_POINT('Ctrl Pts',(7.16611509032317,-22.6923691921855,2.4));
#11898=CARTESIAN_POINT('Ctrl Pts',(7.13609446592399,-22.7347694032813,2.4));
#11899=CARTESIAN_POINT('',(7.05160339183875,-22.7771696143772,2.4));
#11900=CARTESIAN_POINT('Ctrl Pts',(7.13609446592399,-22.7347694032813,2.4));
#11901=CARTESIAN_POINT('Ctrl Pts',(7.10607376701899,-22.7771696143772,2.4));
#11902=CARTESIAN_POINT('Ctrl Pts',(7.05160339183875,-22.7771696143772,2.4));
#11903=CARTESIAN_POINT('',(6.97206412262984,-22.7434351735736,2.4));
#11904=CARTESIAN_POINT('Ctrl Pts',(7.05160339183875,-22.7771696143772,2.4));
#11905=CARTESIAN_POINT('Ctrl Pts',(7.00022783882686,-22.7771696143772,2.4));
#11906=CARTESIAN_POINT('Ctrl Pts',(6.97206412262984,-22.7434351735736,2.4));
#11907=CARTESIAN_POINT('',(6.94390048093863,-22.6478025012638,2.4));
#11908=CARTESIAN_POINT('Ctrl Pts',(6.97206412262984,-22.7434351735736,2.4));
#11909=CARTESIAN_POINT('Ctrl Pts',(6.94390048093863,-22.7097005837585,2.4));
#11910=CARTESIAN_POINT('Ctrl Pts',(6.94390048093863,-22.6478025012638,2.4));
#11911=CARTESIAN_POINT('',(6.94390048093863,-22.4404433065082,2.4));
#11912=CARTESIAN_POINT('',(6.94390048093863,-22.4262067371036,2.4));
#11913=CARTESIAN_POINT('',(7.24101190276214,-22.4404433065082,2.4));
#11914=CARTESIAN_POINT('Ctrl Pts',(7.19836539604432,-22.4404433065082,2.4));
#11915=CARTESIAN_POINT('Ctrl Pts',(7.19836539604432,-22.4404433065082,2.5));
#11916=CARTESIAN_POINT('Ctrl Pts',(7.2108777658118,-22.4559800246127,2.4));
#11917=CARTESIAN_POINT('Ctrl Pts',(7.2108777658118,-22.4559800246127,2.5));
#11918=CARTESIAN_POINT('Ctrl Pts',(7.22089496262141,-22.4766537242557,2.4));
#11919=CARTESIAN_POINT('Ctrl Pts',(7.22089496262141,-22.4766537242557,2.5));
#11920=CARTESIAN_POINT('',(7.22089496262141,-22.4766537242557,2.5));
#11921=CARTESIAN_POINT('',(7.22089496262141,-22.4766537242557,2.5));
#11922=CARTESIAN_POINT('',(7.19836539604432,-22.4404433065082,2.5));
#11923=CARTESIAN_POINT('Ctrl Pts',(7.19836539604432,-22.4404433065082,2.5));
#11924=CARTESIAN_POINT('Ctrl Pts',(7.2108777658118,-22.4559800246127,2.5));
#11925=CARTESIAN_POINT('Ctrl Pts',(7.22089496262141,-22.4766537242557,2.5));
#11926=CARTESIAN_POINT('',(7.19836539604432,-22.4404433065082,2.5));
#11927=CARTESIAN_POINT('Origin',(7.21968864940323,-22.4404433065082,2.5));
#11928=CARTESIAN_POINT('',(7.24101190276214,-22.4404433065082,2.5));
#11929=CARTESIAN_POINT('',(7.35984432470161,-22.4404433065082,2.5));
#11930=CARTESIAN_POINT('',(7.24101190276214,-22.4404433065082,2.5));
#11931=CARTESIAN_POINT('Origin',(7.24101190276214,-22.3958766155864,2.5));
#11932=CARTESIAN_POINT('',(7.24101190276214,-22.3513099246646,2.5));
#11933=CARTESIAN_POINT('',(7.24101190276214,-21.4479384046508,2.5));
#11934=CARTESIAN_POINT('',(7.24101190276214,-22.3513099246646,2.5));
#11935=CARTESIAN_POINT('Origin',(7.03458134837218,-22.3513099246646,2.5));
#11936=CARTESIAN_POINT('',(6.82815079398223,-22.3513099246646,2.5));
#11937=CARTESIAN_POINT('',(7.26729067418609,-22.3513099246646,2.5));
#11938=CARTESIAN_POINT('',(6.82815079398223,-22.3513099246646,2.5));
#11939=CARTESIAN_POINT('Ctrl Pts',(6.69909302897521,-22.3810210519458,2.4));
#11940=CARTESIAN_POINT('Ctrl Pts',(6.69909302897521,-22.3810210519458,2.5));
#11941=CARTESIAN_POINT('Ctrl Pts',(6.75263498730727,-22.3513099246646,2.4));
#11942=CARTESIAN_POINT('Ctrl Pts',(6.75263498730727,-22.3513099246646,2.5));
#11943=CARTESIAN_POINT('Ctrl Pts',(6.82815079398223,-22.3513099246646,2.4));
#11944=CARTESIAN_POINT('Ctrl Pts',(6.82815079398223,-22.3513099246646,2.5));
#11945=CARTESIAN_POINT('',(6.69909302897521,-22.3810210519458,2.5));
#11946=CARTESIAN_POINT('Ctrl Pts',(6.69909302897521,-22.3810210519458,2.5));
#11947=CARTESIAN_POINT('Ctrl Pts',(6.75263498730727,-22.3513099246646,2.5));
#11948=CARTESIAN_POINT('Ctrl Pts',(6.82815079398223,-22.3513099246646,2.5));
#11949=CARTESIAN_POINT('',(6.69909302897521,-22.3810210519458,2.5));
#11950=CARTESIAN_POINT('Ctrl Pts',(6.61738742895194,-22.4676784568454,2.4));
#11951=CARTESIAN_POINT('Ctrl Pts',(6.61738742895194,-22.4676784568454,2.5));
#11952=CARTESIAN_POINT('Ctrl Pts',(6.64555107064315,-22.410732179227,2.4));
#11953=CARTESIAN_POINT('Ctrl Pts',(6.64555107064315,-22.410732179227,2.5));
#11954=CARTESIAN_POINT('Ctrl Pts',(6.69909302897521,-22.3810210519458,2.4));
#11955=CARTESIAN_POINT('Ctrl Pts',(6.69909302897521,-22.3810210519458,2.5));
#11956=CARTESIAN_POINT('',(6.61738742895194,-22.4676784568454,2.5));
#11957=CARTESIAN_POINT('Ctrl Pts',(6.61738742895194,-22.4676784568454,2.5));
#11958=CARTESIAN_POINT('Ctrl Pts',(6.64555107064315,-22.410732179227,2.5));
#11959=CARTESIAN_POINT('Ctrl Pts',(6.69909302897521,-22.3810210519458,2.5));
#11960=CARTESIAN_POINT('',(6.61738742895194,-22.4676784568454,2.5));
#11961=CARTESIAN_POINT('Ctrl Pts',(6.58922371275493,-22.6044736498023,2.4));
#11962=CARTESIAN_POINT('Ctrl Pts',(6.58922371275493,-22.6044736498023,2.5));
#11963=CARTESIAN_POINT('Ctrl Pts',(6.58922371275493,-22.524625032487,2.4));
#11964=CARTESIAN_POINT('Ctrl Pts',(6.58922371275493,-22.524625032487,2.5));
#11965=CARTESIAN_POINT('Ctrl Pts',(6.61738742895194,-22.4676784568454,2.4));
#11966=CARTESIAN_POINT('Ctrl Pts',(6.61738742895194,-22.4676784568454,2.5));
#11967=CARTESIAN_POINT('',(6.58922371275493,-22.6044736498023,2.5));
#11968=CARTESIAN_POINT('Ctrl Pts',(6.58922371275493,-22.6044736498023,2.5));
#11969=CARTESIAN_POINT('Ctrl Pts',(6.58922371275493,-22.524625032487,2.5));
#11970=CARTESIAN_POINT('Ctrl Pts',(6.61738742895194,-22.4676784568454,2.5));
#11971=CARTESIAN_POINT('',(6.58922371275493,-22.6044736498023,2.5));
#11972=CARTESIAN_POINT('Ctrl Pts',(6.61367353804179,-22.7372453802253,2.4));
#11973=CARTESIAN_POINT('Ctrl Pts',(6.61367353804179,-22.7372453802253,2.5));
#11974=CARTESIAN_POINT('Ctrl Pts',(6.58922371275493,-22.6775136285449,2.4));
#11975=CARTESIAN_POINT('Ctrl Pts',(6.58922371275493,-22.6775136285449,2.5));
#11976=CARTESIAN_POINT('Ctrl Pts',(6.58922371275493,-22.6044736498023,2.4));
#11977=CARTESIAN_POINT('Ctrl Pts',(6.58922371275493,-22.6044736498023,2.5));
#11978=CARTESIAN_POINT('',(6.61367353804179,-22.7372453802253,2.5));
#11979=CARTESIAN_POINT('Ctrl Pts',(6.61367353804179,-22.7372453802253,2.5));
#11980=CARTESIAN_POINT('Ctrl Pts',(6.58922371275493,-22.6775136285449,2.5));
#11981=CARTESIAN_POINT('Ctrl Pts',(6.58922371275493,-22.6044736498023,2.5));
#11982=CARTESIAN_POINT('',(6.61367353804179,-22.7372453802253,2.5));
#11983=CARTESIAN_POINT('Ctrl Pts',(6.68207098550864,-22.8334970467712,2.4));
#11984=CARTESIAN_POINT('Ctrl Pts',(6.68207098550864,-22.8334970467712,2.5));
#11985=CARTESIAN_POINT('Ctrl Pts',(6.63812328882285,-22.7969771319057,2.4));
#11986=CARTESIAN_POINT('Ctrl Pts',(6.63812328882285,-22.7969771319057,2.5));
#11987=CARTESIAN_POINT('Ctrl Pts',(6.61367353804179,-22.7372453802253,2.4));
#11988=CARTESIAN_POINT('Ctrl Pts',(6.61367353804179,-22.7372453802253,2.5));
#11989=CARTESIAN_POINT('',(6.68207098550864,-22.8334970467712,2.5));
#11990=CARTESIAN_POINT('Ctrl Pts',(6.68207098550864,-22.8334970467712,2.5));
#11991=CARTESIAN_POINT('Ctrl Pts',(6.63812328882285,-22.7969771319057,2.5));
#11992=CARTESIAN_POINT('Ctrl Pts',(6.61367353804179,-22.7372453802253,2.5));
#11993=CARTESIAN_POINT('',(6.68207098550864,-22.8334970467712,2.5));
#11994=CARTESIAN_POINT('Origin',(6.70435433096953,-22.8010005199338,2.5));
#11995=CARTESIAN_POINT('',(6.72663767643042,-22.7685039930965,2.5));
#11996=CARTESIAN_POINT('',(7.36818912718195,-21.8329086636844,2.5));
#11997=CARTESIAN_POINT('',(6.72663767643042,-22.7685039930965,2.5));
#11998=CARTESIAN_POINT('Ctrl Pts',(6.68454696245261,-22.6905122094776,2.4));
#11999=CARTESIAN_POINT('Ctrl Pts',(6.68454696245261,-22.6905122094776,2.5));
#12000=CARTESIAN_POINT('Ctrl Pts',(6.69940252609321,-22.7344599061633,2.4));
#12001=CARTESIAN_POINT('Ctrl Pts',(6.69940252609321,-22.7344599061633,2.5));
#12002=CARTESIAN_POINT('Ctrl Pts',(6.72663767643042,-22.7685039930965,2.4));
#12003=CARTESIAN_POINT('Ctrl Pts',(6.72663767643042,-22.7685039930965,2.5));
#12004=CARTESIAN_POINT('',(6.68454696245261,-22.6905122094776,2.5));
#12005=CARTESIAN_POINT('Ctrl Pts',(6.68454696245261,-22.6905122094776,2.5));
#12006=CARTESIAN_POINT('Ctrl Pts',(6.69940252609321,-22.7344599061633,2.5));
#12007=CARTESIAN_POINT('Ctrl Pts',(6.72663767643042,-22.7685039930965,2.5));
#12008=CARTESIAN_POINT('',(6.68454696245261,-22.6905122094776,2.5));
#12009=CARTESIAN_POINT('Ctrl Pts',(6.66969139881202,-22.600759833398,2.4));
#12010=CARTESIAN_POINT('Ctrl Pts',(6.66969139881202,-22.600759833398,2.5));
#12011=CARTESIAN_POINT('Ctrl Pts',(6.66969139881202,-22.6465645127918,2.4));
#12012=CARTESIAN_POINT('Ctrl Pts',(6.66969139881202,-22.6465645127918,2.5));
#12013=CARTESIAN_POINT('Ctrl Pts',(6.68454696245261,-22.6905122094776,2.4));
#12014=CARTESIAN_POINT('Ctrl Pts',(6.68454696245261,-22.6905122094776,2.5));
#12015=CARTESIAN_POINT('',(6.66969139881202,-22.600759833398,2.5));
#12016=CARTESIAN_POINT('Ctrl Pts',(6.66969139881202,-22.600759833398,2.5));
#12017=CARTESIAN_POINT('Ctrl Pts',(6.66969139881202,-22.6465645127918,2.5));
#12018=CARTESIAN_POINT('Ctrl Pts',(6.68454696245261,-22.6905122094776,2.5));
#12019=CARTESIAN_POINT('',(6.66969139881202,-22.600759833398,2.5));
#12020=CARTESIAN_POINT('Ctrl Pts',(6.71271060414382,-22.4822246723796,2.4));
#12021=CARTESIAN_POINT('Ctrl Pts',(6.71271060414382,-22.4822246723796,2.5));
#12022=CARTESIAN_POINT('Ctrl Pts',(6.66969139881202,-22.5240060382511,2.4));
#12023=CARTESIAN_POINT('Ctrl Pts',(6.66969139881202,-22.5240060382511,2.5));
#12024=CARTESIAN_POINT('Ctrl Pts',(6.66969139881202,-22.600759833398,2.4));
#12025=CARTESIAN_POINT('Ctrl Pts',(6.66969139881202,-22.600759833398,2.5));
#12026=CARTESIAN_POINT('',(6.71271060414382,-22.4822246723796,2.5));
#12027=CARTESIAN_POINT('Ctrl Pts',(6.71271060414382,-22.4822246723796,2.5));
#12028=CARTESIAN_POINT('Ctrl Pts',(6.66969139881202,-22.5240060382511,2.5));
#12029=CARTESIAN_POINT('Ctrl Pts',(6.66969139881202,-22.600759833398,2.5));
#12030=CARTESIAN_POINT('',(6.71271060414382,-22.4822246723796,2.5));
#12031=CARTESIAN_POINT('Ctrl Pts',(6.83372159309455,-22.4404433065082,2.4));
#12032=CARTESIAN_POINT('Ctrl Pts',(6.83372159309455,-22.4404433065082,2.5));
#12033=CARTESIAN_POINT('Ctrl Pts',(6.75572988398143,-22.4404433065082,2.4));
#12034=CARTESIAN_POINT('Ctrl Pts',(6.75572988398143,-22.4404433065082,2.5));
#12035=CARTESIAN_POINT('Ctrl Pts',(6.71271060414382,-22.4822246723796,2.4));
#12036=CARTESIAN_POINT('Ctrl Pts',(6.71271060414382,-22.4822246723796,2.5));
#12037=CARTESIAN_POINT('',(6.83372159309455,-22.4404433065082,2.5));
#12038=CARTESIAN_POINT('Ctrl Pts',(6.83372159309455,-22.4404433065082,2.5));
#12039=CARTESIAN_POINT('Ctrl Pts',(6.75572988398143,-22.4404433065082,2.5));
#12040=CARTESIAN_POINT('Ctrl Pts',(6.71271060414382,-22.4822246723796,2.5));
#12041=CARTESIAN_POINT('',(6.83372159309455,-22.4404433065082,2.5));
#12042=CARTESIAN_POINT('Origin',(6.84733924276896,-22.4404433065082,2.5));
#12043=CARTESIAN_POINT('',(6.86095689244338,-22.4404433065082,2.5));
#12044=CARTESIAN_POINT('',(7.17366962138448,-22.4404433065082,2.5));
#12045=CARTESIAN_POINT('',(6.86095689244338,-22.4404433065082,2.5));
#12046=CARTESIAN_POINT('Origin',(6.86095689244338,-22.5444323264982,2.5));
#12047=CARTESIAN_POINT('',(6.86095689244338,-22.6484213464881,2.5));
#12048=CARTESIAN_POINT('',(6.86095689244338,-21.5222162601066,2.5));
#12049=CARTESIAN_POINT('',(6.86095689244338,-22.6484213464881,2.5));
#12050=CARTESIAN_POINT('Ctrl Pts',(6.91078488535949,-22.8084282272483,2.4));
#12051=CARTESIAN_POINT('Ctrl Pts',(6.91078488535949,-22.8084282272483,2.5));
#12052=CARTESIAN_POINT('Ctrl Pts',(6.86095689244338,-22.7517914467479,2.4));
#12053=CARTESIAN_POINT('Ctrl Pts',(6.86095689244338,-22.7517914467479,2.5));
#12054=CARTESIAN_POINT('Ctrl Pts',(6.86095689244338,-22.6484213464881,2.4));
#12055=CARTESIAN_POINT('Ctrl Pts',(6.86095689244338,-22.6484213464881,2.5));
#12056=CARTESIAN_POINT('',(6.91078488535949,-22.8084282272483,2.5));
#12057=CARTESIAN_POINT('Ctrl Pts',(6.91078488535949,-22.8084282272483,2.5));
#12058=CARTESIAN_POINT('Ctrl Pts',(6.86095689244338,-22.7517914467479,2.5));
#12059=CARTESIAN_POINT('Ctrl Pts',(6.86095689244338,-22.6484213464881,2.5));
#12060=CARTESIAN_POINT('',(6.91078488535949,-22.8084282272483,2.5));
#12061=CARTESIAN_POINT('Ctrl Pts',(7.05160339183875,-22.8650651567603,2.4));
#12062=CARTESIAN_POINT('Ctrl Pts',(7.05160339183875,-22.8650651567603,2.5));
#12063=CARTESIAN_POINT('Ctrl Pts',(6.9606129527814,-22.8650651567603,2.4));
#12064=CARTESIAN_POINT('Ctrl Pts',(6.9606129527814,-22.8650651567603,2.5));
#12065=CARTESIAN_POINT('Ctrl Pts',(6.91078488535949,-22.8084282272483,2.4));
#12066=CARTESIAN_POINT('Ctrl Pts',(6.91078488535949,-22.8084282272483,2.5));
#12067=CARTESIAN_POINT('',(7.05160339183875,-22.8650651567603,2.5));
#12068=CARTESIAN_POINT('Ctrl Pts',(7.05160339183875,-22.8650651567603,2.5));
#12069=CARTESIAN_POINT('Ctrl Pts',(6.9606129527814,-22.8650651567603,2.5));
#12070=CARTESIAN_POINT('Ctrl Pts',(6.91078488535949,-22.8084282272483,2.5));
#12071=CARTESIAN_POINT('',(7.05160339183875,-22.8650651567603,2.5));
#12072=CARTESIAN_POINT('Ctrl Pts',(7.19830212004252,-22.803166925254,2.4));
#12073=CARTESIAN_POINT('Ctrl Pts',(7.19830212004252,-22.803166925254,2.5));
#12074=CARTESIAN_POINT('Ctrl Pts',(7.14630764730044,-22.8650651567603,2.4));
#12075=CARTESIAN_POINT('Ctrl Pts',(7.14630764730044,-22.8650651567603,2.5));
#12076=CARTESIAN_POINT('Ctrl Pts',(7.05160339183875,-22.8650651567603,2.4));
#12077=CARTESIAN_POINT('Ctrl Pts',(7.05160339183875,-22.8650651567603,2.5));
#12078=CARTESIAN_POINT('',(7.19830212004252,-22.803166925254,2.5));
#12079=CARTESIAN_POINT('Ctrl Pts',(7.19830212004252,-22.803166925254,2.5));
#12080=CARTESIAN_POINT('Ctrl Pts',(7.14630764730044,-22.8650651567603,2.5));
#12081=CARTESIAN_POINT('Ctrl Pts',(7.05160339183875,-22.8650651567603,2.5));
#12082=CARTESIAN_POINT('',(7.19830212004252,-22.803166925254,2.5));
#12083=CARTESIAN_POINT('Ctrl Pts',(7.25029666729041,-22.6286139779712,2.4));
#12084=CARTESIAN_POINT('Ctrl Pts',(7.25029666729041,-22.6286139779712,2.5));
#12085=CARTESIAN_POINT('Ctrl Pts',(7.25029666729041,-22.7412686937477,2.4));
#12086=CARTESIAN_POINT('Ctrl Pts',(7.25029666729041,-22.7412686937477,2.5));
#12087=CARTESIAN_POINT('Ctrl Pts',(7.19830212004252,-22.803166925254,2.4));
#12088=CARTESIAN_POINT('Ctrl Pts',(7.19830212004252,-22.803166925254,2.5));
#12089=CARTESIAN_POINT('',(7.25029666729041,-22.6286139779712,2.5));
#12090=CARTESIAN_POINT('Ctrl Pts',(7.25029666729041,-22.6286139779712,2.5));
#12091=CARTESIAN_POINT('Ctrl Pts',(7.25029666729041,-22.7412686937477,2.5));
#12092=CARTESIAN_POINT('Ctrl Pts',(7.19830212004252,-22.803166925254,2.5));
#12093=CARTESIAN_POINT('',(7.25029666729041,-22.6286139779712,2.5));
#12094=CARTESIAN_POINT('Ctrl Pts',(7.24286888547011,-22.545360892358,2.4));
#12095=CARTESIAN_POINT('Ctrl Pts',(7.24286888547011,-22.545360892358,2.5));
#12096=CARTESIAN_POINT('Ctrl Pts',(7.25029666729041,-22.5840472870494,2.4));
#12097=CARTESIAN_POINT('Ctrl Pts',(7.25029666729041,-22.5840472870494,2.5));
#12098=CARTESIAN_POINT('Ctrl Pts',(7.25029666729041,-22.6286139779712,2.4));
#12099=CARTESIAN_POINT('Ctrl Pts',(7.25029666729041,-22.6286139779712,2.5));
#12100=CARTESIAN_POINT('',(7.24286888547011,-22.545360892358,2.5));
#12101=CARTESIAN_POINT('Ctrl Pts',(7.24286888547011,-22.545360892358,2.5));
#12102=CARTESIAN_POINT('Ctrl Pts',(7.25029666729041,-22.5840472870494,2.5));
#12103=CARTESIAN_POINT('Ctrl Pts',(7.25029666729041,-22.6286139779712,2.5));
#12104=CARTESIAN_POINT('',(7.24286888547011,-22.545360892358,2.5));
#12105=CARTESIAN_POINT('Ctrl Pts',(7.22089496262141,-22.4766537242557,2.4));
#12106=CARTESIAN_POINT('Ctrl Pts',(7.22089496262141,-22.4766537242557,2.5));
#12107=CARTESIAN_POINT('Ctrl Pts',(7.23544110364982,-22.5066744976665,2.4));
#12108=CARTESIAN_POINT('Ctrl Pts',(7.23544110364982,-22.5066744976665,2.5));
#12109=CARTESIAN_POINT('Ctrl Pts',(7.24286888547011,-22.545360892358,2.4));
#12110=CARTESIAN_POINT('Ctrl Pts',(7.24286888547011,-22.545360892358,2.5));
#12111=CARTESIAN_POINT('Ctrl Pts',(7.22089496262141,-22.4766537242557,2.5));
#12112=CARTESIAN_POINT('Ctrl Pts',(7.23544110364982,-22.5066744976665,2.5));
#12113=CARTESIAN_POINT('Ctrl Pts',(7.24286888547011,-22.545360892358,2.5));
#12114=CARTESIAN_POINT('Ctrl Pts',(7.10235987610885,-22.4404433065082,2.4));
#12115=CARTESIAN_POINT('Ctrl Pts',(7.10235987610885,-22.4404433065082,2.5));
#12116=CARTESIAN_POINT('Ctrl Pts',(7.13268999762603,-22.4404433065082,2.4));
#12117=CARTESIAN_POINT('Ctrl Pts',(7.13268999762603,-22.4404433065082,2.5));
#12118=CARTESIAN_POINT('Ctrl Pts',(7.1494025439746,-22.486247985902,2.4));
#12119=CARTESIAN_POINT('Ctrl Pts',(7.1494025439746,-22.486247985902,2.5));
#12120=CARTESIAN_POINT('',(7.10235987610885,-22.4404433065082,2.5));
#12121=CARTESIAN_POINT('',(7.10235987610885,-22.4404433065082,2.5));
#12122=CARTESIAN_POINT('',(7.1494025439746,-22.486247985902,2.5));
#12123=CARTESIAN_POINT('Ctrl Pts',(7.1494025439746,-22.486247985902,2.5));
#12124=CARTESIAN_POINT('Ctrl Pts',(7.13268999762603,-22.4404433065082,2.5));
#12125=CARTESIAN_POINT('Ctrl Pts',(7.10235987610885,-22.4404433065082,2.5));
#12126=CARTESIAN_POINT('',(7.1494025439746,-22.486247985902,2.5));
#12127=CARTESIAN_POINT('Ctrl Pts',(7.1494025439746,-22.486247985902,2.4));
#12128=CARTESIAN_POINT('Ctrl Pts',(7.1494025439746,-22.486247985902,2.5));
#12129=CARTESIAN_POINT('Ctrl Pts',(7.16611509032317,-22.5320526652957,2.4));
#12130=CARTESIAN_POINT('Ctrl Pts',(7.16611509032317,-22.5320526652957,2.5));
#12131=CARTESIAN_POINT('Ctrl Pts',(7.16611509032317,-22.6149964028026,2.4));
#12132=CARTESIAN_POINT('Ctrl Pts',(7.16611509032317,-22.6149964028026,2.5));
#12133=CARTESIAN_POINT('',(7.16611509032317,-22.6149964028026,2.5));
#12134=CARTESIAN_POINT('Ctrl Pts',(7.16611509032317,-22.6149964028026,2.5));
#12135=CARTESIAN_POINT('Ctrl Pts',(7.16611509032317,-22.5320526652957,2.5));
#12136=CARTESIAN_POINT('Ctrl Pts',(7.1494025439746,-22.486247985902,2.5));
#12137=CARTESIAN_POINT('',(7.16611509032317,-22.6149964028026,2.5));
#12138=CARTESIAN_POINT('Ctrl Pts',(7.16611509032317,-22.6149964028026,2.4));
#12139=CARTESIAN_POINT('Ctrl Pts',(7.16611509032317,-22.6149964028026,2.5));
#12140=CARTESIAN_POINT('Ctrl Pts',(7.16611509032317,-22.6923691921855,2.4));
#12141=CARTESIAN_POINT('Ctrl Pts',(7.16611509032317,-22.6923691921855,2.5));
#12142=CARTESIAN_POINT('Ctrl Pts',(7.13609446592399,-22.7347694032813,2.4));
#12143=CARTESIAN_POINT('Ctrl Pts',(7.13609446592399,-22.7347694032813,2.5));
#12144=CARTESIAN_POINT('',(7.13609446592399,-22.7347694032813,2.5));
#12145=CARTESIAN_POINT('Ctrl Pts',(7.13609446592399,-22.7347694032813,2.5));
#12146=CARTESIAN_POINT('Ctrl Pts',(7.16611509032317,-22.6923691921855,2.5));
#12147=CARTESIAN_POINT('Ctrl Pts',(7.16611509032317,-22.6149964028026,2.5));
#12148=CARTESIAN_POINT('',(7.13609446592399,-22.7347694032813,2.5));
#12149=CARTESIAN_POINT('Ctrl Pts',(7.13609446592399,-22.7347694032813,2.4));
#12150=CARTESIAN_POINT('Ctrl Pts',(7.13609446592399,-22.7347694032813,2.5));
#12151=CARTESIAN_POINT('Ctrl Pts',(7.10607376701899,-22.7771696143772,2.4));
#12152=CARTESIAN_POINT('Ctrl Pts',(7.10607376701899,-22.7771696143772,2.5));
#12153=CARTESIAN_POINT('Ctrl Pts',(7.05160339183875,-22.7771696143772,2.4));
#12154=CARTESIAN_POINT('Ctrl Pts',(7.05160339183875,-22.7771696143772,2.5));
#12155=CARTESIAN_POINT('',(7.05160339183875,-22.7771696143772,2.5));
#12156=CARTESIAN_POINT('Ctrl Pts',(7.05160339183875,-22.7771696143772,2.5));
#12157=CARTESIAN_POINT('Ctrl Pts',(7.10607376701899,-22.7771696143772,2.5));
#12158=CARTESIAN_POINT('Ctrl Pts',(7.13609446592399,-22.7347694032813,2.5));
#12159=CARTESIAN_POINT('',(7.05160339183875,-22.7771696143772,2.5));
#12160=CARTESIAN_POINT('Ctrl Pts',(7.05160339183875,-22.7771696143772,2.4));
#12161=CARTESIAN_POINT('Ctrl Pts',(7.05160339183875,-22.7771696143772,2.5));
#12162=CARTESIAN_POINT('Ctrl Pts',(7.00022783882686,-22.7771696143772,2.4));
#12163=CARTESIAN_POINT('Ctrl Pts',(7.00022783882686,-22.7771696143772,2.5));
#12164=CARTESIAN_POINT('Ctrl Pts',(6.97206412262984,-22.7434351735736,2.4));
#12165=CARTESIAN_POINT('Ctrl Pts',(6.97206412262984,-22.7434351735736,2.5));
#12166=CARTESIAN_POINT('',(6.97206412262984,-22.7434351735736,2.5));
#12167=CARTESIAN_POINT('Ctrl Pts',(6.97206412262984,-22.7434351735736,2.5));
#12168=CARTESIAN_POINT('Ctrl Pts',(7.00022783882686,-22.7771696143772,2.5));
#12169=CARTESIAN_POINT('Ctrl Pts',(7.05160339183875,-22.7771696143772,2.5));
#12170=CARTESIAN_POINT('',(6.97206412262984,-22.7434351735736,2.5));
#12171=CARTESIAN_POINT('Ctrl Pts',(6.97206412262984,-22.7434351735736,2.4));
#12172=CARTESIAN_POINT('Ctrl Pts',(6.97206412262984,-22.7434351735736,2.5));
#12173=CARTESIAN_POINT('Ctrl Pts',(6.94390048093863,-22.7097005837585,2.4));
#12174=CARTESIAN_POINT('Ctrl Pts',(6.94390048093863,-22.7097005837585,2.5));
#12175=CARTESIAN_POINT('Ctrl Pts',(6.94390048093863,-22.6478025012638,2.4));
#12176=CARTESIAN_POINT('Ctrl Pts',(6.94390048093863,-22.6478025012638,2.5));
#12177=CARTESIAN_POINT('',(6.94390048093863,-22.6478025012638,2.5));
#12178=CARTESIAN_POINT('Ctrl Pts',(6.94390048093863,-22.6478025012638,2.5));
#12179=CARTESIAN_POINT('Ctrl Pts',(6.94390048093863,-22.7097005837585,2.5));
#12180=CARTESIAN_POINT('Ctrl Pts',(6.97206412262984,-22.7434351735736,2.5));
#12181=CARTESIAN_POINT('',(6.94390048093863,-22.6478025012638,2.5));
#12182=CARTESIAN_POINT('Origin',(6.94390048093863,-22.544122903886,2.5));
#12183=CARTESIAN_POINT('',(6.94390048093863,-22.4404433065082,2.5));
#12184=CARTESIAN_POINT('',(6.94390048093863,-21.5220615488005,2.5));
#12185=CARTESIAN_POINT('',(6.94390048093863,-22.4404433065082,2.5));
#12186=CARTESIAN_POINT('Origin',(7.02313017852374,-22.4404433065082,2.5));
#12187=CARTESIAN_POINT('',(7.26156508926187,-22.4404433065082,2.5));
#12188=CARTESIAN_POINT('Origin',(7.5,-20.5000001937151,2.4));
#12189=CARTESIAN_POINT('',(7.4248496145732,-19.7788205438281,2.4));
#12190=CARTESIAN_POINT('',(7.40225677199431,-19.6998998218204,2.4));
#12191=CARTESIAN_POINT('Ctrl Pts',(7.4248496145732,-19.7788205438281,2.4));
#12192=CARTESIAN_POINT('Ctrl Pts',(7.4248496145732,-19.7293016009952,2.4));
#12193=CARTESIAN_POINT('Ctrl Pts',(7.40225677199431,-19.6998998218204,2.4));
#12194=CARTESIAN_POINT('',(7.4248496145732,-19.8041984134342,2.4));
#12195=CARTESIAN_POINT('',(7.4248496145732,-19.8041984134342,2.4));
#12196=CARTESIAN_POINT('',(7.50903119154044,-19.8041984134342,2.4));
#12197=CARTESIAN_POINT('',(7.50903119154044,-19.8041984134342,2.4));
#12198=CARTESIAN_POINT('',(7.50903119154044,-19.7788205438281,2.4));
#12199=CARTESIAN_POINT('',(7.50903119154044,-19.7788205438281,2.4));
#12200=CARTESIAN_POINT('',(7.49788944430419,-19.6921625428821,2.4));
#12201=CARTESIAN_POINT('Ctrl Pts',(7.49788944430419,-19.6921625428821,2.4));
#12202=CARTESIAN_POINT('Ctrl Pts',(7.50903119154044,-19.7274449163104,2.4));
#12203=CARTESIAN_POINT('Ctrl Pts',(7.50903119154044,-19.7788205438281,2.4));
#12204=CARTESIAN_POINT('',(7.4610600323207,-19.6327402883197,2.4));
#12205=CARTESIAN_POINT('Ctrl Pts',(7.4610600323207,-19.6327402883197,2.4));
#12206=CARTESIAN_POINT('Ctrl Pts',(7.48674784607955,-19.6568807655002,2.4));
#12207=CARTESIAN_POINT('Ctrl Pts',(7.49788944430419,-19.6921625428821,2.4));
#12208=CARTESIAN_POINT('',(7.39142452187606,-19.5937445455219,2.4));
#12209=CARTESIAN_POINT('Ctrl Pts',(7.39142452187606,-19.5937445455219,2.4));
#12210=CARTESIAN_POINT('Ctrl Pts',(7.43537236757346,-19.6086004071857,2.4));
#12211=CARTESIAN_POINT('Ctrl Pts',(7.4610600323207,-19.6327402883197,2.4));
#12212=CARTESIAN_POINT('',(6.59850840277739,-19.3201544576312,2.4));
#12213=CARTESIAN_POINT('',(6.59850840277739,-19.3201544576312,2.4));
#12214=CARTESIAN_POINT('',(6.59850840277739,-19.4117638164188,2.4));
#12215=CARTESIAN_POINT('',(6.59850840277739,-19.4117638164188,2.4));
#12216=CARTESIAN_POINT('',(7.16438401255897,-19.5970119933302,2.4));
#12217=CARTESIAN_POINT('',(7.32457448549338,-19.6494528346683,2.4));
#12218=CARTESIAN_POINT('',(6.59850840277739,-19.7973897748615,2.4));
#12219=CARTESIAN_POINT('',(6.59850840277739,-19.7973897748615,2.4));
#12220=CARTESIAN_POINT('',(6.59850840277739,-19.888999133649,2.4));
#12221=CARTESIAN_POINT('',(6.59850840277739,-19.888999133649,2.4));
#12222=CARTESIAN_POINT('',(7.28417038240467,-19.6362259234752,2.4));
#12223=CARTESIAN_POINT('',(7.29362536974021,-19.6327402883197,2.4));
#12224=CARTESIAN_POINT('',(7.32457448549338,-19.6494528346683,2.4));
#12225=CARTESIAN_POINT('',(7.32457448549338,-19.6494528346683,2.4));
#12226=CARTESIAN_POINT('Ctrl Pts',(7.40225677199431,-19.6998998218204,2.4));
#12227=CARTESIAN_POINT('Ctrl Pts',(7.37966392941543,-19.670498638692,2.4));
#12228=CARTESIAN_POINT('Ctrl Pts',(7.32457448549338,-19.6494528346683,2.4));
#12229=CARTESIAN_POINT('Ctrl Pts',(7.4248496145732,-19.7788205438281,2.4));
#12230=CARTESIAN_POINT('Ctrl Pts',(7.4248496145732,-19.7788205438281,2.5));
#12231=CARTESIAN_POINT('Ctrl Pts',(7.4248496145732,-19.7293016009952,2.4));
#12232=CARTESIAN_POINT('Ctrl Pts',(7.4248496145732,-19.7293016009952,2.5));
#12233=CARTESIAN_POINT('Ctrl Pts',(7.40225677199431,-19.6998998218204,2.4));
#12234=CARTESIAN_POINT('Ctrl Pts',(7.40225677199431,-19.6998998218204,2.5));
#12235=CARTESIAN_POINT('',(7.40225677199431,-19.6998998218204,2.5));
#12236=CARTESIAN_POINT('',(7.40225677199431,-19.6998998218204,2.5));
#12237=CARTESIAN_POINT('',(7.4248496145732,-19.7788205438281,2.5));
#12238=CARTESIAN_POINT('Ctrl Pts',(7.4248496145732,-19.7788205438281,2.5));
#12239=CARTESIAN_POINT('Ctrl Pts',(7.4248496145732,-19.7293016009952,2.5));
#12240=CARTESIAN_POINT('Ctrl Pts',(7.40225677199431,-19.6998998218204,2.5));
#12241=CARTESIAN_POINT('',(7.4248496145732,-19.7788205438281,2.5));
#12242=CARTESIAN_POINT('Origin',(7.4248496145732,-19.7915094786312,2.5));
#12243=CARTESIAN_POINT('',(7.4248496145732,-19.8041984134342,2.5));
#12244=CARTESIAN_POINT('',(7.4248496145732,-20.1457548361731,2.5));
#12245=CARTESIAN_POINT('',(7.4248496145732,-19.8041984134342,2.5));
#12246=CARTESIAN_POINT('Origin',(7.46694040305682,-19.8041984134342,2.5));
#12247=CARTESIAN_POINT('',(7.50903119154044,-19.8041984134342,2.5));
#12248=CARTESIAN_POINT('',(7.48347020152841,-19.8041984134342,2.5));
#12249=CARTESIAN_POINT('',(7.50903119154044,-19.8041984134342,2.5));
#12250=CARTESIAN_POINT('Origin',(7.50903119154044,-19.7915094786312,2.5));
#12251=CARTESIAN_POINT('',(7.50903119154044,-19.7788205438281,2.5));
#12252=CARTESIAN_POINT('',(7.50903119154044,-20.1457548361731,2.5));
#12253=CARTESIAN_POINT('',(7.50903119154044,-19.7788205438281,2.5));
#12254=CARTESIAN_POINT('Ctrl Pts',(7.49788944430419,-19.6921625428821,2.4));
#12255=CARTESIAN_POINT('Ctrl Pts',(7.49788944430419,-19.6921625428821,2.5));
#12256=CARTESIAN_POINT('Ctrl Pts',(7.50903119154044,-19.7274449163104,2.4));
#12257=CARTESIAN_POINT('Ctrl Pts',(7.50903119154044,-19.7274449163104,2.5));
#12258=CARTESIAN_POINT('Ctrl Pts',(7.50903119154044,-19.7788205438281,2.4));
#12259=CARTESIAN_POINT('Ctrl Pts',(7.50903119154044,-19.7788205438281,2.5));
#12260=CARTESIAN_POINT('',(7.49788944430419,-19.6921625428821,2.5));
#12261=CARTESIAN_POINT('Ctrl Pts',(7.49788944430419,-19.6921625428821,2.5));
#12262=CARTESIAN_POINT('Ctrl Pts',(7.50903119154044,-19.7274449163104,2.5));
#12263=CARTESIAN_POINT('Ctrl Pts',(7.50903119154044,-19.7788205438281,2.5));
#12264=CARTESIAN_POINT('',(7.49788944430419,-19.6921625428821,2.5));
#12265=CARTESIAN_POINT('Ctrl Pts',(7.4610600323207,-19.6327402883197,2.4));
#12266=CARTESIAN_POINT('Ctrl Pts',(7.4610600323207,-19.6327402883197,2.5));
#12267=CARTESIAN_POINT('Ctrl Pts',(7.48674784607955,-19.6568807655002,2.4));
#12268=CARTESIAN_POINT('Ctrl Pts',(7.48674784607955,-19.6568807655002,2.5));
#12269=CARTESIAN_POINT('Ctrl Pts',(7.49788944430419,-19.6921625428821,2.4));
#12270=CARTESIAN_POINT('Ctrl Pts',(7.49788944430419,-19.6921625428821,2.5));
#12271=CARTESIAN_POINT('',(7.4610600323207,-19.6327402883197,2.5));
#12272=CARTESIAN_POINT('Ctrl Pts',(7.4610600323207,-19.6327402883197,2.5));
#12273=CARTESIAN_POINT('Ctrl Pts',(7.48674784607955,-19.6568807655002,2.5));
#12274=CARTESIAN_POINT('Ctrl Pts',(7.49788944430419,-19.6921625428821,2.5));
#12275=CARTESIAN_POINT('',(7.4610600323207,-19.6327402883197,2.5));
#12276=CARTESIAN_POINT('Ctrl Pts',(7.39142452187606,-19.5937445455219,2.4));
#12277=CARTESIAN_POINT('Ctrl Pts',(7.39142452187606,-19.5937445455219,2.5));
#12278=CARTESIAN_POINT('Ctrl Pts',(7.43537236757346,-19.6086004071857,2.4));
#12279=CARTESIAN_POINT('Ctrl Pts',(7.43537236757346,-19.6086004071857,2.5));
#12280=CARTESIAN_POINT('Ctrl Pts',(7.4610600323207,-19.6327402883197,2.4));
#12281=CARTESIAN_POINT('Ctrl Pts',(7.4610600323207,-19.6327402883197,2.5));
#12282=CARTESIAN_POINT('',(7.39142452187606,-19.5937445455219,2.5));
#12283=CARTESIAN_POINT('Ctrl Pts',(7.39142452187606,-19.5937445455219,2.5));
#12284=CARTESIAN_POINT('Ctrl Pts',(7.43537236757346,-19.6086004071857,2.5));
#12285=CARTESIAN_POINT('Ctrl Pts',(7.4610600323207,-19.6327402883197,2.5));
#12286=CARTESIAN_POINT('',(7.39142452187606,-19.5937445455219,2.5));
#12287=CARTESIAN_POINT('Origin',(6.99496646232673,-19.4569495015766,2.5));
#12288=CARTESIAN_POINT('',(6.59850840277739,-19.3201544576312,2.5));
#12289=CARTESIAN_POINT('',(7.3814224842305,-19.5902934133118,2.5));
#12290=CARTESIAN_POINT('',(6.59850840277739,-19.3201544576312,2.5));
#12291=CARTESIAN_POINT('Origin',(6.59850840277739,-19.365959137025,2.5));
#12292=CARTESIAN_POINT('',(6.59850840277739,-19.4117638164188,2.5));
#12293=CARTESIAN_POINT('',(6.59850840277739,-19.9329796653701,2.5));
#12294=CARTESIAN_POINT('',(6.59850840277739,-19.4117638164188,2.5));
#12295=CARTESIAN_POINT('Origin',(6.88144620766818,-19.5043879048745,2.5));
#12296=CARTESIAN_POINT('',(7.16438401255897,-19.5970119933302,2.5));
#12297=CARTESIAN_POINT('',(7.30797713199176,-19.644019433008,2.5));
#12298=CARTESIAN_POINT('',(7.16438401255897,-19.5970119933302,2.5));
#12299=CARTESIAN_POINT('Origin',(6.88144620766818,-19.6972008840958,2.5));
#12300=CARTESIAN_POINT('',(6.59850840277739,-19.7973897748615,2.5));
#12301=CARTESIAN_POINT('',(7.02996419054489,-19.6446103440338,2.5));
#12302=CARTESIAN_POINT('',(6.59850840277739,-19.7973897748615,2.5));
#12303=CARTESIAN_POINT('Origin',(6.59850840277739,-19.8431944542552,2.5));
#12304=CARTESIAN_POINT('',(6.59850840277739,-19.888999133649,2.5));
#12305=CARTESIAN_POINT('',(6.59850840277739,-20.1715973239852,2.5));
#12306=CARTESIAN_POINT('',(6.59850840277739,-19.888999133649,2.5));
#12307=CARTESIAN_POINT('Origin',(6.94133939259103,-19.7626125285621,2.5));
#12308=CARTESIAN_POINT('',(7.28417038240467,-19.6362259234752,2.5));
#12309=CARTESIAN_POINT('',(7.06759022894127,-19.7160694356977,2.5));
#12310=CARTESIAN_POINT('',(7.28417038240467,-19.6362259234752,2.5));
#12311=CARTESIAN_POINT('Origin',(7.30437243394903,-19.6428393790717,2.5));
#12312=CARTESIAN_POINT('',(7.32457448549338,-19.6494528346683,2.5));
#12313=CARTESIAN_POINT('',(7.51944024513219,-19.7132451701066,2.5));
#12314=CARTESIAN_POINT('',(7.32457448549338,-19.6494528346683,2.5));
#12315=CARTESIAN_POINT('Ctrl Pts',(7.40225677199431,-19.6998998218204,2.4));
#12316=CARTESIAN_POINT('Ctrl Pts',(7.40225677199431,-19.6998998218204,2.5));
#12317=CARTESIAN_POINT('Ctrl Pts',(7.37966392941543,-19.670498638692,2.4));
#12318=CARTESIAN_POINT('Ctrl Pts',(7.37966392941543,-19.670498638692,2.5));
#12319=CARTESIAN_POINT('Ctrl Pts',(7.32457448549338,-19.6494528346683,2.4));
#12320=CARTESIAN_POINT('Ctrl Pts',(7.32457448549338,-19.6494528346683,2.5));
#12321=CARTESIAN_POINT('Ctrl Pts',(7.40225677199431,-19.6998998218204,2.5));
#12322=CARTESIAN_POINT('Ctrl Pts',(7.37966392941543,-19.670498638692,2.5));
#12323=CARTESIAN_POINT('Ctrl Pts',(7.32457448549338,-19.6494528346683,2.5));
#12324=CARTESIAN_POINT('Origin',(7.5,-20.5000001937151,2.5));
#12325=CARTESIAN_POINT('Origin',(7.5,-20.5000001937151,2.5));
#12326=CARTESIAN_POINT('Origin',(7.5,-20.5000001937151,2.5));
#12327=CARTESIAN_POINT('Origin',(7.5,-20.5000001937151,2.5));
#12328=CARTESIAN_POINT('Origin',(7.5,-20.5000001937151,2.5));
#12329=CARTESIAN_POINT('Origin',(7.5,-20.5000001937151,2.5));
#12330=CARTESIAN_POINT('Origin',(11.5,-16.5000001937151,2.5));
#12331=CARTESIAN_POINT('',(12.5,-16.5000001937151,2.5));
#12332=CARTESIAN_POINT('',(13.3,-16.5000001937151,1.7));
#12333=CARTESIAN_POINT('Origin',(13.3,-16.5000001937151,2.5));
#12334=CARTESIAN_POINT('',(11.5,-14.7000001937151,1.7));
#12335=CARTESIAN_POINT('Origin',(11.5,-16.5000001937151,1.7));
#12336=CARTESIAN_POINT('',(11.5,-15.5000001937151,2.5));
#12337=CARTESIAN_POINT('Origin',(11.5,-14.7000001937151,2.5));
#12338=CARTESIAN_POINT('Origin',(11.5,-16.5000001937151,2.5));
#12339=CARTESIAN_POINT('Origin',(10.,-14.7000001937151,2.5));
#12340=CARTESIAN_POINT('',(3.5,-14.7000001937151,1.7));
#12341=CARTESIAN_POINT('',(3.5,-15.5000001937151,2.5));
#12342=CARTESIAN_POINT('Origin',(3.5,-14.7000001937151,2.5));
#12343=CARTESIAN_POINT('',(2.5,-15.5000001937151,2.5));
#12344=CARTESIAN_POINT('',(10.,-14.7000001937151,1.7));
#12345=CARTESIAN_POINT('Origin',(3.5,-16.5000001937151,2.5));
#12346=CARTESIAN_POINT('',(1.7,-16.5000001937151,1.7));
#12347=CARTESIAN_POINT('Origin',(3.5,-16.5000001937151,1.7));
#12348=CARTESIAN_POINT('',(2.5,-16.5000001937151,2.5));
#12349=CARTESIAN_POINT('Origin',(1.7,-16.5000001937151,2.5));
#12350=CARTESIAN_POINT('Origin',(3.5,-16.5000001937151,2.5));
#12351=CARTESIAN_POINT('Origin',(1.7,-18.0000001937151,2.5));
#12352=CARTESIAN_POINT('',(1.7,-24.5000001937151,1.7));
#12353=CARTESIAN_POINT('',(2.5,-24.5000001937151,2.5));
#12354=CARTESIAN_POINT('Origin',(1.7,-24.5000001937151,2.5));
#12355=CARTESIAN_POINT('',(2.5,-25.5000001937151,2.5));
#12356=CARTESIAN_POINT('',(1.7,-18.0000001937151,1.7));
#12357=CARTESIAN_POINT('Origin',(3.5,-24.5000001937151,2.5));
#12358=CARTESIAN_POINT('',(3.5,-26.3000001937151,1.7));
#12359=CARTESIAN_POINT('Origin',(3.5,-24.5000001937151,1.7));
#12360=CARTESIAN_POINT('',(3.5,-25.5000001937151,2.5));
#12361=CARTESIAN_POINT('Origin',(3.5,-26.3000001937151,2.5));
#12362=CARTESIAN_POINT('Origin',(3.5,-24.5000001937151,2.5));
#12363=CARTESIAN_POINT('Origin',(5.,-26.3000001937151,2.5));
#12364=CARTESIAN_POINT('',(11.5,-26.3000001937151,1.7));
#12365=CARTESIAN_POINT('',(11.5,-25.5000001937151,2.5));
#12366=CARTESIAN_POINT('Origin',(11.5,-26.3000001937151,2.5));
#12367=CARTESIAN_POINT('',(12.5,-25.5000001937151,2.5));
#12368=CARTESIAN_POINT('',(5.,-26.3000001937151,1.7));
#12369=CARTESIAN_POINT('Origin',(11.5,-24.5000001937151,2.5));
#12370=CARTESIAN_POINT('',(13.3,-24.5000001937151,1.7));
#12371=CARTESIAN_POINT('Origin',(11.5,-24.5000001937151,1.7));
#12372=CARTESIAN_POINT('',(12.5,-24.5000001937151,2.5));
#12373=CARTESIAN_POINT('Origin',(13.3,-24.5000001937151,2.5));
#12374=CARTESIAN_POINT('Origin',(11.5,-24.5000001937151,2.5));
#12375=CARTESIAN_POINT('Origin',(13.3,-23.0000001937151,2.5));
#12376=CARTESIAN_POINT('',(12.5,-15.5000001937151,2.5));
#12377=CARTESIAN_POINT('',(13.3,-23.0000001937151,1.7));
#12378=CARTESIAN_POINT('Origin',(7.5,-20.5000001937151,1.7));
#12379=CARTESIAN_POINT('',(13.75,-13.0000001937151,1.7));
#12380=CARTESIAN_POINT('',(15.,-14.2500001937151,1.7));
#12381=CARTESIAN_POINT('Origin',(13.75,-14.2500001937151,1.7));
#12382=CARTESIAN_POINT('',(1.25,-13.0000001937151,1.7));
#12383=CARTESIAN_POINT('',(0.,-13.0000001937151,1.7));
#12384=CARTESIAN_POINT('',(0.,-14.2500001937151,1.7));
#12385=CARTESIAN_POINT('Origin',(1.25,-14.2500001937151,1.7));
#12386=CARTESIAN_POINT('',(0.,-26.7500001937151,1.7));
#12387=CARTESIAN_POINT('',(0.,-28.0000001937151,1.7));
#12388=CARTESIAN_POINT('',(1.25,-28.0000001937151,1.7));
#12389=CARTESIAN_POINT('Origin',(1.25,-26.7500001937151,1.7));
#12390=CARTESIAN_POINT('',(13.75,-28.0000001937151,1.7));
#12391=CARTESIAN_POINT('',(15.,-28.0000001937151,1.7));
#12392=CARTESIAN_POINT('',(15.,-26.7500001937151,1.7));
#12393=CARTESIAN_POINT('Origin',(13.75,-26.7500001937151,1.7));
#12394=CARTESIAN_POINT('',(15.,-13.0000001937151,1.7));
#12395=CARTESIAN_POINT('Origin',(7.5,-20.5000001937151,2.5));
#12396=CARTESIAN_POINT('Origin',(13.75,-14.2500001937151,1.));
#12397=CARTESIAN_POINT('',(15.,-14.2500001937151,1.));
#12398=CARTESIAN_POINT('',(15.,-14.2500001937151,1.));
#12399=CARTESIAN_POINT('',(13.75,-13.0000001937151,1.));
#12400=CARTESIAN_POINT('Origin',(13.75,-14.2500001937151,1.));
#12401=CARTESIAN_POINT('',(13.75,-13.0000001937151,1.));
#12402=CARTESIAN_POINT('Origin',(15.,-13.0000001937151,1.));
#12403=CARTESIAN_POINT('',(1.25,-13.0000001937151,1.));
#12404=CARTESIAN_POINT('',(0.,-13.0000001937151,1.));
#12405=CARTESIAN_POINT('',(1.25,-13.0000001937151,1.));
#12406=CARTESIAN_POINT('Origin',(7.5,-20.5000001937151,1.));
#12407=CARTESIAN_POINT('',(15.,-26.7500001937151,1.));
#12408=CARTESIAN_POINT('',(15.,-13.0000001937151,1.));
#12409=CARTESIAN_POINT('',(13.75,-28.0000001937151,1.));
#12410=CARTESIAN_POINT('Origin',(13.75,-26.7500001937151,1.));
#12411=CARTESIAN_POINT('',(1.25,-28.0000001937151,1.));
#12412=CARTESIAN_POINT('',(15.,-28.0000001937151,1.));
#12413=CARTESIAN_POINT('',(0.,-26.7500001937151,1.));
#12414=CARTESIAN_POINT('Origin',(1.25,-26.7500001937151,1.));
#12415=CARTESIAN_POINT('',(0.,-14.2500001937151,1.));
#12416=CARTESIAN_POINT('',(0.,-28.0000001937151,1.));
#12417=CARTESIAN_POINT('Origin',(1.25,-14.2500001937151,1.));
#12418=CARTESIAN_POINT('Origin',(1.25,-14.2500001937151,1.));
#12419=CARTESIAN_POINT('',(0.,-14.2500001937151,1.));
#12420=CARTESIAN_POINT('Origin',(0.,-13.0000001937151,1.));
#12421=CARTESIAN_POINT('',(0.,-26.7500001937151,1.));
#12422=CARTESIAN_POINT('Origin',(1.25,-26.7500001937151,1.));
#12423=CARTESIAN_POINT('',(1.25,-28.0000001937151,1.));
#12424=CARTESIAN_POINT('Origin',(0.,-28.0000001937151,1.));
#12425=CARTESIAN_POINT('',(13.75,-28.0000001937151,1.));
#12426=CARTESIAN_POINT('Origin',(13.75,-26.7500001937151,1.));
#12427=CARTESIAN_POINT('',(15.,-26.7500001937151,1.));
#12428=CARTESIAN_POINT('Origin',(15.,-28.0000001937151,1.));
#12429=CARTESIAN_POINT('Ctrl Pts',(7.4248496145732,-19.7788205438281,2.5));
#12430=CARTESIAN_POINT('Ctrl Pts',(7.4248496145732,-19.7788205438281,2.4));
#12431=CARTESIAN_POINT('Ctrl Pts',(7.4248496145732,-19.7293016009952,2.5));
#12432=CARTESIAN_POINT('Ctrl Pts',(7.4248496145732,-19.7293016009952,2.4));
#12433=CARTESIAN_POINT('Ctrl Pts',(7.40225677199431,-19.6998998218204,2.5));
#12434=CARTESIAN_POINT('Ctrl Pts',(7.40225677199431,-19.6998998218204,2.4));
#12435=CARTESIAN_POINT('',(7.4248496145732,-19.7788205438281,2.5));
#12436=CARTESIAN_POINT('',(7.40225677199431,-19.6998998218204,2.5));
#12437=CARTESIAN_POINT('Ctrl Pts',(7.4248496145732,-19.7788205438281,2.5));
#12438=CARTESIAN_POINT('Ctrl Pts',(7.4248496145732,-19.7293016009952,2.5));
#12439=CARTESIAN_POINT('Ctrl Pts',(7.40225677199431,-19.6998998218204,2.5));
#12440=CARTESIAN_POINT('',(7.40225677199431,-19.6998998218204,2.4));
#12441=CARTESIAN_POINT('',(7.40225677199431,-19.6998998218204,2.5));
#12442=CARTESIAN_POINT('',(7.4248496145732,-19.7788205438281,2.4));
#12443=CARTESIAN_POINT('Ctrl Pts',(7.4248496145732,-19.7788205438281,2.4));
#12444=CARTESIAN_POINT('Ctrl Pts',(7.4248496145732,-19.7293016009952,2.4));
#12445=CARTESIAN_POINT('Ctrl Pts',(7.40225677199431,-19.6998998218204,2.4));
#12446=CARTESIAN_POINT('',(7.4248496145732,-19.7788205438281,2.5));
#12447=CARTESIAN_POINT('Origin',(7.4248496145732,-19.8041984134342,2.5));
#12448=CARTESIAN_POINT('',(7.4248496145732,-19.8041984134342,2.5));
#12449=CARTESIAN_POINT('',(7.4248496145732,-19.8041984134342,2.5));
#12450=CARTESIAN_POINT('',(7.4248496145732,-19.8041984134342,2.4));
#12451=CARTESIAN_POINT('',(7.4248496145732,-19.8041984134342,2.4));
#12452=CARTESIAN_POINT('',(7.4248496145732,-19.8041984134342,2.5));
#12453=CARTESIAN_POINT('Origin',(7.50903119154044,-19.8041984134342,2.5));
#12454=CARTESIAN_POINT('',(7.50903119154044,-19.8041984134342,2.5));
#12455=CARTESIAN_POINT('',(7.50903119154044,-19.8041984134342,2.5));
#12456=CARTESIAN_POINT('',(7.50903119154044,-19.8041984134342,2.4));
#12457=CARTESIAN_POINT('',(7.50903119154044,-19.8041984134342,2.4));
#12458=CARTESIAN_POINT('',(7.50903119154044,-19.8041984134342,2.5));
#12459=CARTESIAN_POINT('Origin',(7.50903119154044,-19.7788205438281,2.5));
#12460=CARTESIAN_POINT('',(7.50903119154044,-19.7788205438281,2.5));
#12461=CARTESIAN_POINT('',(7.50903119154044,-19.7788205438281,2.5));
#12462=CARTESIAN_POINT('',(7.50903119154044,-19.7788205438281,2.4));
#12463=CARTESIAN_POINT('',(7.50903119154044,-19.7788205438281,2.4));
#12464=CARTESIAN_POINT('',(7.50903119154044,-19.7788205438281,2.5));
#12465=CARTESIAN_POINT('Ctrl Pts',(7.49788944430419,-19.6921625428821,2.5));
#12466=CARTESIAN_POINT('Ctrl Pts',(7.49788944430419,-19.6921625428821,2.4));
#12467=CARTESIAN_POINT('Ctrl Pts',(7.50903119154044,-19.7274449163104,2.5));
#12468=CARTESIAN_POINT('Ctrl Pts',(7.50903119154044,-19.7274449163104,2.4));
#12469=CARTESIAN_POINT('Ctrl Pts',(7.50903119154044,-19.7788205438281,2.5));
#12470=CARTESIAN_POINT('Ctrl Pts',(7.50903119154044,-19.7788205438281,2.4));
#12471=CARTESIAN_POINT('',(7.49788944430419,-19.6921625428821,2.5));
#12472=CARTESIAN_POINT('Ctrl Pts',(7.49788944430419,-19.6921625428821,2.5));
#12473=CARTESIAN_POINT('Ctrl Pts',(7.50903119154044,-19.7274449163104,2.5));
#12474=CARTESIAN_POINT('Ctrl Pts',(7.50903119154044,-19.7788205438281,2.5));
#12475=CARTESIAN_POINT('',(7.49788944430419,-19.6921625428821,2.4));
#12476=CARTESIAN_POINT('Ctrl Pts',(7.49788944430419,-19.6921625428821,2.4));
#12477=CARTESIAN_POINT('Ctrl Pts',(7.50903119154044,-19.7274449163104,2.4));
#12478=CARTESIAN_POINT('Ctrl Pts',(7.50903119154044,-19.7788205438281,2.4));
#12479=CARTESIAN_POINT('',(7.49788944430419,-19.6921625428821,2.5));
#12480=CARTESIAN_POINT('Ctrl Pts',(7.4610600323207,-19.6327402883197,2.5));
#12481=CARTESIAN_POINT('Ctrl Pts',(7.4610600323207,-19.6327402883197,2.4));
#12482=CARTESIAN_POINT('Ctrl Pts',(7.48674784607955,-19.6568807655002,2.5));
#12483=CARTESIAN_POINT('Ctrl Pts',(7.48674784607955,-19.6568807655002,2.4));
#12484=CARTESIAN_POINT('Ctrl Pts',(7.49788944430419,-19.6921625428821,2.5));
#12485=CARTESIAN_POINT('Ctrl Pts',(7.49788944430419,-19.6921625428821,2.4));
#12486=CARTESIAN_POINT('',(7.4610600323207,-19.6327402883197,2.5));
#12487=CARTESIAN_POINT('Ctrl Pts',(7.4610600323207,-19.6327402883197,2.5));
#12488=CARTESIAN_POINT('Ctrl Pts',(7.48674784607955,-19.6568807655002,2.5));
#12489=CARTESIAN_POINT('Ctrl Pts',(7.49788944430419,-19.6921625428821,2.5));
#12490=CARTESIAN_POINT('',(7.4610600323207,-19.6327402883197,2.4));
#12491=CARTESIAN_POINT('Ctrl Pts',(7.4610600323207,-19.6327402883197,2.4));
#12492=CARTESIAN_POINT('Ctrl Pts',(7.48674784607955,-19.6568807655002,2.4));
#12493=CARTESIAN_POINT('Ctrl Pts',(7.49788944430419,-19.6921625428821,2.4));
#12494=CARTESIAN_POINT('',(7.4610600323207,-19.6327402883197,2.5));
#12495=CARTESIAN_POINT('Ctrl Pts',(7.39142452187606,-19.5937445455219,2.5));
#12496=CARTESIAN_POINT('Ctrl Pts',(7.39142452187606,-19.5937445455219,2.4));
#12497=CARTESIAN_POINT('Ctrl Pts',(7.43537236757346,-19.6086004071857,2.5));
#12498=CARTESIAN_POINT('Ctrl Pts',(7.43537236757346,-19.6086004071857,2.4));
#12499=CARTESIAN_POINT('Ctrl Pts',(7.4610600323207,-19.6327402883197,2.5));
#12500=CARTESIAN_POINT('Ctrl Pts',(7.4610600323207,-19.6327402883197,2.4));
#12501=CARTESIAN_POINT('',(7.39142452187606,-19.5937445455219,2.5));
#12502=CARTESIAN_POINT('Ctrl Pts',(7.39142452187606,-19.5937445455219,2.5));
#12503=CARTESIAN_POINT('Ctrl Pts',(7.43537236757346,-19.6086004071857,2.5));
#12504=CARTESIAN_POINT('Ctrl Pts',(7.4610600323207,-19.6327402883197,2.5));
#12505=CARTESIAN_POINT('',(7.39142452187606,-19.5937445455219,2.4));
#12506=CARTESIAN_POINT('Ctrl Pts',(7.39142452187606,-19.5937445455219,2.4));
#12507=CARTESIAN_POINT('Ctrl Pts',(7.43537236757346,-19.6086004071857,2.4));
#12508=CARTESIAN_POINT('Ctrl Pts',(7.4610600323207,-19.6327402883197,2.4));
#12509=CARTESIAN_POINT('',(7.39142452187606,-19.5937445455219,2.5));
#12510=CARTESIAN_POINT('Origin',(6.59850840277739,-19.3201544576312,2.5));
#12511=CARTESIAN_POINT('',(6.59850840277739,-19.3201544576312,2.5));
#12512=CARTESIAN_POINT('',(6.59850840277739,-19.3201544576312,2.5));
#12513=CARTESIAN_POINT('',(6.59850840277739,-19.3201544576312,2.4));
#12514=CARTESIAN_POINT('',(6.59850840277739,-19.3201544576312,2.4));
#12515=CARTESIAN_POINT('',(6.59850840277739,-19.3201544576312,2.5));
#12516=CARTESIAN_POINT('Origin',(6.59850840277739,-19.4117638164188,2.5));
#12517=CARTESIAN_POINT('',(6.59850840277739,-19.4117638164188,2.5));
#12518=CARTESIAN_POINT('',(6.59850840277739,-19.4117638164188,2.5));
#12519=CARTESIAN_POINT('',(6.59850840277739,-19.4117638164188,2.4));
#12520=CARTESIAN_POINT('',(6.59850840277739,-19.4117638164188,2.4));
#12521=CARTESIAN_POINT('',(6.59850840277739,-19.4117638164188,2.5));
#12522=CARTESIAN_POINT('Origin',(7.16438401255897,-19.5970119933302,2.5));
#12523=CARTESIAN_POINT('',(7.16438401255897,-19.5970119933302,2.5));
#12524=CARTESIAN_POINT('',(7.32457448549338,-19.6494528346683,2.5));
#12525=CARTESIAN_POINT('',(7.16438401255897,-19.5970119933302,2.4));
#12526=CARTESIAN_POINT('',(7.32457448549338,-19.6494528346683,2.4));
#12527=CARTESIAN_POINT('',(7.16438401255897,-19.5970119933302,2.5));
#12528=CARTESIAN_POINT('Origin',(6.59850840277739,-19.7973897748615,2.5));
#12529=CARTESIAN_POINT('',(6.59850840277739,-19.7973897748615,2.5));
#12530=CARTESIAN_POINT('',(6.59850840277739,-19.7973897748615,2.5));
#12531=CARTESIAN_POINT('',(6.59850840277739,-19.7973897748615,2.4));
#12532=CARTESIAN_POINT('',(6.59850840277739,-19.7973897748615,2.4));
#12533=CARTESIAN_POINT('',(6.59850840277739,-19.7973897748615,2.5));
#12534=CARTESIAN_POINT('Origin',(6.59850840277739,-19.888999133649,2.5));
#12535=CARTESIAN_POINT('',(6.59850840277739,-19.888999133649,2.5));
#12536=CARTESIAN_POINT('',(6.59850840277739,-19.888999133649,2.5));
#12537=CARTESIAN_POINT('',(6.59850840277739,-19.888999133649,2.4));
#12538=CARTESIAN_POINT('',(6.59850840277739,-19.888999133649,2.4));
#12539=CARTESIAN_POINT('',(6.59850840277739,-19.888999133649,2.5));
#12540=CARTESIAN_POINT('Origin',(7.28417038240467,-19.6362259234752,2.5));
#12541=CARTESIAN_POINT('',(7.28417038240467,-19.6362259234752,2.5));
#12542=CARTESIAN_POINT('',(7.29362536974021,-19.6327402883197,2.5));
#12543=CARTESIAN_POINT('',(7.28417038240467,-19.6362259234752,2.4));
#12544=CARTESIAN_POINT('',(7.29362536974021,-19.6327402883197,2.4));
#12545=CARTESIAN_POINT('',(7.28417038240467,-19.6362259234752,2.5));
#12546=CARTESIAN_POINT('Origin',(7.32457448549338,-19.6494528346683,2.5));
#12547=CARTESIAN_POINT('',(7.32457448549338,-19.6494528346683,2.5));
#12548=CARTESIAN_POINT('',(7.32457448549338,-19.6494528346683,2.5));
#12549=CARTESIAN_POINT('',(7.32457448549338,-19.6494528346683,2.4));
#12550=CARTESIAN_POINT('',(7.32457448549338,-19.6494528346683,2.4));
#12551=CARTESIAN_POINT('',(7.32457448549338,-19.6494528346683,2.5));
#12552=CARTESIAN_POINT('Ctrl Pts',(7.40225677199431,-19.6998998218204,2.5));
#12553=CARTESIAN_POINT('Ctrl Pts',(7.40225677199431,-19.6998998218204,2.4));
#12554=CARTESIAN_POINT('Ctrl Pts',(7.37966392941543,-19.670498638692,2.5));
#12555=CARTESIAN_POINT('Ctrl Pts',(7.37966392941543,-19.670498638692,2.4));
#12556=CARTESIAN_POINT('Ctrl Pts',(7.32457448549338,-19.6494528346683,2.5));
#12557=CARTESIAN_POINT('Ctrl Pts',(7.32457448549338,-19.6494528346683,2.4));
#12558=CARTESIAN_POINT('Ctrl Pts',(7.40225677199431,-19.6998998218204,2.5));
#12559=CARTESIAN_POINT('Ctrl Pts',(7.37966392941543,-19.670498638692,2.5));
#12560=CARTESIAN_POINT('Ctrl Pts',(7.32457448549338,-19.6494528346683,2.5));
#12561=CARTESIAN_POINT('Ctrl Pts',(7.40225677199431,-19.6998998218204,2.4));
#12562=CARTESIAN_POINT('Ctrl Pts',(7.37966392941543,-19.670498638692,2.4));
#12563=CARTESIAN_POINT('Ctrl Pts',(7.32457448549338,-19.6494528346683,2.4));
#12564=CARTESIAN_POINT('Origin',(7.05376979715892,-19.6045767956401,2.5));
#12565=CARTESIAN_POINT('Origin',(7.05376979715892,-19.6045767956401,2.4));
#12566=CARTESIAN_POINT('Ctrl Pts',(7.16611509032317,-22.6149964028026,2.5));
#12567=CARTESIAN_POINT('Ctrl Pts',(7.16611509032317,-22.6149964028026,2.4));
#12568=CARTESIAN_POINT('Ctrl Pts',(7.16611509032317,-22.5320526652957,2.5));
#12569=CARTESIAN_POINT('Ctrl Pts',(7.16611509032317,-22.5320526652957,2.4));
#12570=CARTESIAN_POINT('Ctrl Pts',(7.1494025439746,-22.486247985902,2.5));
#12571=CARTESIAN_POINT('Ctrl Pts',(7.1494025439746,-22.486247985902,2.4));
#12572=CARTESIAN_POINT('',(7.1494025439746,-22.486247985902,2.5));
#12573=CARTESIAN_POINT('',(7.16611509032317,-22.6149964028026,2.5));
#12574=CARTESIAN_POINT('Ctrl Pts',(7.1494025439746,-22.486247985902,2.5));
#12575=CARTESIAN_POINT('Ctrl Pts',(7.16611509032317,-22.5320526652957,2.5));
#12576=CARTESIAN_POINT('Ctrl Pts',(7.16611509032317,-22.6149964028026,2.5));
#12577=CARTESIAN_POINT('',(7.1494025439746,-22.486247985902,2.4));
#12578=CARTESIAN_POINT('',(7.1494025439746,-22.486247985902,2.5));
#12579=CARTESIAN_POINT('',(7.16611509032317,-22.6149964028026,2.4));
#12580=CARTESIAN_POINT('Ctrl Pts',(7.16611509032317,-22.6149964028026,2.4));
#12581=CARTESIAN_POINT('Ctrl Pts',(7.16611509032317,-22.5320526652957,2.4));
#12582=CARTESIAN_POINT('Ctrl Pts',(7.1494025439746,-22.486247985902,2.4));
#12583=CARTESIAN_POINT('',(7.16611509032317,-22.6149964028026,2.5));
#12584=CARTESIAN_POINT('Ctrl Pts',(7.13609446592399,-22.7347694032813,2.5));
#12585=CARTESIAN_POINT('Ctrl Pts',(7.13609446592399,-22.7347694032813,2.4));
#12586=CARTESIAN_POINT('Ctrl Pts',(7.16611509032317,-22.6923691921855,2.5));
#12587=CARTESIAN_POINT('Ctrl Pts',(7.16611509032317,-22.6923691921855,2.4));
#12588=CARTESIAN_POINT('Ctrl Pts',(7.16611509032317,-22.6149964028026,2.5));
#12589=CARTESIAN_POINT('Ctrl Pts',(7.16611509032317,-22.6149964028026,2.4));
#12590=CARTESIAN_POINT('',(7.13609446592399,-22.7347694032813,2.5));
#12591=CARTESIAN_POINT('Ctrl Pts',(7.16611509032317,-22.6149964028026,2.5));
#12592=CARTESIAN_POINT('Ctrl Pts',(7.16611509032317,-22.6923691921855,2.5));
#12593=CARTESIAN_POINT('Ctrl Pts',(7.13609446592399,-22.7347694032813,2.5));
#12594=CARTESIAN_POINT('',(7.13609446592399,-22.7347694032813,2.4));
#12595=CARTESIAN_POINT('Ctrl Pts',(7.13609446592399,-22.7347694032813,2.4));
#12596=CARTESIAN_POINT('Ctrl Pts',(7.16611509032317,-22.6923691921855,2.4));
#12597=CARTESIAN_POINT('Ctrl Pts',(7.16611509032317,-22.6149964028026,2.4));
#12598=CARTESIAN_POINT('',(7.13609446592399,-22.7347694032813,2.5));
#12599=CARTESIAN_POINT('Ctrl Pts',(7.05160339183875,-22.7771696143772,2.5));
#12600=CARTESIAN_POINT('Ctrl Pts',(7.05160339183875,-22.7771696143772,2.4));
#12601=CARTESIAN_POINT('Ctrl Pts',(7.10607376701899,-22.7771696143772,2.5));
#12602=CARTESIAN_POINT('Ctrl Pts',(7.10607376701899,-22.7771696143772,2.4));
#12603=CARTESIAN_POINT('Ctrl Pts',(7.13609446592399,-22.7347694032813,2.5));
#12604=CARTESIAN_POINT('Ctrl Pts',(7.13609446592399,-22.7347694032813,2.4));
#12605=CARTESIAN_POINT('',(7.05160339183875,-22.7771696143772,2.5));
#12606=CARTESIAN_POINT('Ctrl Pts',(7.13609446592399,-22.7347694032813,2.5));
#12607=CARTESIAN_POINT('Ctrl Pts',(7.10607376701899,-22.7771696143772,2.5));
#12608=CARTESIAN_POINT('Ctrl Pts',(7.05160339183875,-22.7771696143772,2.5));
#12609=CARTESIAN_POINT('',(7.05160339183875,-22.7771696143772,2.4));
#12610=CARTESIAN_POINT('Ctrl Pts',(7.05160339183875,-22.7771696143772,2.4));
#12611=CARTESIAN_POINT('Ctrl Pts',(7.10607376701899,-22.7771696143772,2.4));
#12612=CARTESIAN_POINT('Ctrl Pts',(7.13609446592399,-22.7347694032813,2.4));
#12613=CARTESIAN_POINT('',(7.05160339183875,-22.7771696143772,2.5));
#12614=CARTESIAN_POINT('Ctrl Pts',(6.97206412262984,-22.7434351735736,2.5));
#12615=CARTESIAN_POINT('Ctrl Pts',(6.97206412262984,-22.7434351735736,2.4));
#12616=CARTESIAN_POINT('Ctrl Pts',(7.00022783882686,-22.7771696143772,2.5));
#12617=CARTESIAN_POINT('Ctrl Pts',(7.00022783882686,-22.7771696143772,2.4));
#12618=CARTESIAN_POINT('Ctrl Pts',(7.05160339183875,-22.7771696143772,2.5));
#12619=CARTESIAN_POINT('Ctrl Pts',(7.05160339183875,-22.7771696143772,2.4));
#12620=CARTESIAN_POINT('',(6.97206412262984,-22.7434351735736,2.5));
#12621=CARTESIAN_POINT('Ctrl Pts',(7.05160339183875,-22.7771696143772,2.5));
#12622=CARTESIAN_POINT('Ctrl Pts',(7.00022783882686,-22.7771696143772,2.5));
#12623=CARTESIAN_POINT('Ctrl Pts',(6.97206412262984,-22.7434351735736,2.5));
#12624=CARTESIAN_POINT('',(6.97206412262984,-22.7434351735736,2.4));
#12625=CARTESIAN_POINT('Ctrl Pts',(6.97206412262984,-22.7434351735736,2.4));
#12626=CARTESIAN_POINT('Ctrl Pts',(7.00022783882686,-22.7771696143772,2.4));
#12627=CARTESIAN_POINT('Ctrl Pts',(7.05160339183875,-22.7771696143772,2.4));
#12628=CARTESIAN_POINT('',(6.97206412262984,-22.7434351735736,2.5));
#12629=CARTESIAN_POINT('Ctrl Pts',(6.94390048093863,-22.6478025012638,2.5));
#12630=CARTESIAN_POINT('Ctrl Pts',(6.94390048093863,-22.6478025012638,2.4));
#12631=CARTESIAN_POINT('Ctrl Pts',(6.94390048093863,-22.7097005837585,2.5));
#12632=CARTESIAN_POINT('Ctrl Pts',(6.94390048093863,-22.7097005837585,2.4));
#12633=CARTESIAN_POINT('Ctrl Pts',(6.97206412262984,-22.7434351735736,2.5));
#12634=CARTESIAN_POINT('Ctrl Pts',(6.97206412262984,-22.7434351735736,2.4));
#12635=CARTESIAN_POINT('',(6.94390048093863,-22.6478025012638,2.5));
#12636=CARTESIAN_POINT('Ctrl Pts',(6.97206412262984,-22.7434351735736,2.5));
#12637=CARTESIAN_POINT('Ctrl Pts',(6.94390048093863,-22.7097005837585,2.5));
#12638=CARTESIAN_POINT('Ctrl Pts',(6.94390048093863,-22.6478025012638,2.5));
#12639=CARTESIAN_POINT('',(6.94390048093863,-22.6478025012638,2.4));
#12640=CARTESIAN_POINT('Ctrl Pts',(6.94390048093863,-22.6478025012638,2.4));
#12641=CARTESIAN_POINT('Ctrl Pts',(6.94390048093863,-22.7097005837585,2.4));
#12642=CARTESIAN_POINT('Ctrl Pts',(6.97206412262984,-22.7434351735736,2.4));
#12643=CARTESIAN_POINT('',(6.94390048093863,-22.6478025012638,2.5));
#12644=CARTESIAN_POINT('Origin',(6.94390048093863,-22.4404433065082,2.5));
#12645=CARTESIAN_POINT('',(6.94390048093863,-22.4404433065082,2.5));
#12646=CARTESIAN_POINT('',(6.94390048093863,-22.4262067371036,2.5));
#12647=CARTESIAN_POINT('',(6.94390048093863,-22.4404433065082,2.4));
#12648=CARTESIAN_POINT('',(6.94390048093863,-22.4262067371036,2.4));
#12649=CARTESIAN_POINT('',(6.94390048093863,-22.4404433065082,2.5));
#12650=CARTESIAN_POINT('Origin',(7.10235987610885,-22.4404433065082,2.5));
#12651=CARTESIAN_POINT('',(7.10235987610885,-22.4404433065082,2.5));
#12652=CARTESIAN_POINT('',(7.24101190276214,-22.4404433065082,2.5));
#12653=CARTESIAN_POINT('',(7.10235987610885,-22.4404433065082,2.4));
#12654=CARTESIAN_POINT('',(7.24101190276214,-22.4404433065082,2.4));
#12655=CARTESIAN_POINT('',(7.10235987610885,-22.4404433065082,2.5));
#12656=CARTESIAN_POINT('Ctrl Pts',(7.1494025439746,-22.486247985902,2.5));
#12657=CARTESIAN_POINT('Ctrl Pts',(7.1494025439746,-22.486247985902,2.4));
#12658=CARTESIAN_POINT('Ctrl Pts',(7.13268999762603,-22.4404433065082,2.5));
#12659=CARTESIAN_POINT('Ctrl Pts',(7.13268999762603,-22.4404433065082,2.4));
#12660=CARTESIAN_POINT('Ctrl Pts',(7.10235987610885,-22.4404433065082,2.5));
#12661=CARTESIAN_POINT('Ctrl Pts',(7.10235987610885,-22.4404433065082,2.4));
#12662=CARTESIAN_POINT('Ctrl Pts',(7.10235987610885,-22.4404433065082,2.5));
#12663=CARTESIAN_POINT('Ctrl Pts',(7.13268999762603,-22.4404433065082,2.5));
#12664=CARTESIAN_POINT('Ctrl Pts',(7.1494025439746,-22.486247985902,2.5));
#12665=CARTESIAN_POINT('Ctrl Pts',(7.1494025439746,-22.486247985902,2.4));
#12666=CARTESIAN_POINT('Ctrl Pts',(7.13268999762603,-22.4404433065082,2.4));
#12667=CARTESIAN_POINT('Ctrl Pts',(7.10235987610885,-22.4404433065082,2.4));
#12668=CARTESIAN_POINT('Ctrl Pts',(7.19836539604432,-22.4404433065082,2.5));
#12669=CARTESIAN_POINT('Ctrl Pts',(7.19836539604432,-22.4404433065082,2.4));
#12670=CARTESIAN_POINT('Ctrl Pts',(7.2108777658118,-22.4559800246127,2.5));
#12671=CARTESIAN_POINT('Ctrl Pts',(7.2108777658118,-22.4559800246127,2.4));
#12672=CARTESIAN_POINT('Ctrl Pts',(7.22089496262141,-22.4766537242557,2.5));
#12673=CARTESIAN_POINT('Ctrl Pts',(7.22089496262141,-22.4766537242557,2.4));
#12674=CARTESIAN_POINT('',(7.19836539604432,-22.4404433065082,2.5));
#12675=CARTESIAN_POINT('',(7.22089496262141,-22.4766537242557,2.5));
#12676=CARTESIAN_POINT('Ctrl Pts',(7.19836539604432,-22.4404433065082,2.5));
#12677=CARTESIAN_POINT('Ctrl Pts',(7.2108777658118,-22.4559800246127,2.5));
#12678=CARTESIAN_POINT('Ctrl Pts',(7.22089496262141,-22.4766537242557,2.5));
#12679=CARTESIAN_POINT('',(7.22089496262141,-22.4766537242557,2.4));
#12680=CARTESIAN_POINT('',(7.22089496262141,-22.4766537242557,2.5));
#12681=CARTESIAN_POINT('',(7.19836539604432,-22.4404433065082,2.4));
#12682=CARTESIAN_POINT('Ctrl Pts',(7.19836539604432,-22.4404433065082,2.4));
#12683=CARTESIAN_POINT('Ctrl Pts',(7.2108777658118,-22.4559800246127,2.4));
#12684=CARTESIAN_POINT('Ctrl Pts',(7.22089496262141,-22.4766537242557,2.4));
#12685=CARTESIAN_POINT('',(7.19836539604432,-22.4404433065082,2.5));
#12686=CARTESIAN_POINT('Origin',(7.24101190276214,-22.4404433065082,2.5));
#12687=CARTESIAN_POINT('',(7.24101190276214,-22.4404433065082,2.5));
#12688=CARTESIAN_POINT('',(7.24101190276214,-22.4404433065082,2.5));
#12689=CARTESIAN_POINT('',(7.24101190276214,-22.4404433065082,2.4));
#12690=CARTESIAN_POINT('',(7.24101190276214,-22.4404433065082,2.4));
#12691=CARTESIAN_POINT('',(7.24101190276214,-22.4404433065082,2.5));
#12692=CARTESIAN_POINT('Origin',(7.24101190276214,-22.3513099246646,2.5));
#12693=CARTESIAN_POINT('',(7.24101190276214,-22.3513099246646,2.5));
#12694=CARTESIAN_POINT('',(7.24101190276214,-22.3513099246646,2.5));
#12695=CARTESIAN_POINT('',(7.24101190276214,-22.3513099246646,2.4));
#12696=CARTESIAN_POINT('',(7.24101190276214,-22.3513099246646,2.4));
#12697=CARTESIAN_POINT('',(7.24101190276214,-22.3513099246646,2.5));
#12698=CARTESIAN_POINT('Origin',(6.82815079398223,-22.3513099246646,2.5));
#12699=CARTESIAN_POINT('',(6.82815079398223,-22.3513099246646,2.5));
#12700=CARTESIAN_POINT('',(6.82815079398223,-22.3513099246646,2.5));
#12701=CARTESIAN_POINT('',(6.82815079398223,-22.3513099246646,2.4));
#12702=CARTESIAN_POINT('',(6.82815079398223,-22.3513099246646,2.4));
#12703=CARTESIAN_POINT('',(6.82815079398223,-22.3513099246646,2.5));
#12704=CARTESIAN_POINT('Ctrl Pts',(6.69909302897521,-22.3810210519458,2.5));
#12705=CARTESIAN_POINT('Ctrl Pts',(6.69909302897521,-22.3810210519458,2.4));
#12706=CARTESIAN_POINT('Ctrl Pts',(6.75263498730727,-22.3513099246646,2.5));
#12707=CARTESIAN_POINT('Ctrl Pts',(6.75263498730727,-22.3513099246646,2.4));
#12708=CARTESIAN_POINT('Ctrl Pts',(6.82815079398223,-22.3513099246646,2.5));
#12709=CARTESIAN_POINT('Ctrl Pts',(6.82815079398223,-22.3513099246646,2.4));
#12710=CARTESIAN_POINT('',(6.69909302897521,-22.3810210519458,2.5));
#12711=CARTESIAN_POINT('Ctrl Pts',(6.69909302897521,-22.3810210519458,2.5));
#12712=CARTESIAN_POINT('Ctrl Pts',(6.75263498730727,-22.3513099246646,2.5));
#12713=CARTESIAN_POINT('Ctrl Pts',(6.82815079398223,-22.3513099246646,2.5));
#12714=CARTESIAN_POINT('',(6.69909302897521,-22.3810210519458,2.4));
#12715=CARTESIAN_POINT('Ctrl Pts',(6.69909302897521,-22.3810210519458,2.4));
#12716=CARTESIAN_POINT('Ctrl Pts',(6.75263498730727,-22.3513099246646,2.4));
#12717=CARTESIAN_POINT('Ctrl Pts',(6.82815079398223,-22.3513099246646,2.4));
#12718=CARTESIAN_POINT('',(6.69909302897521,-22.3810210519458,2.5));
#12719=CARTESIAN_POINT('Ctrl Pts',(6.61738742895194,-22.4676784568454,2.5));
#12720=CARTESIAN_POINT('Ctrl Pts',(6.61738742895194,-22.4676784568454,2.4));
#12721=CARTESIAN_POINT('Ctrl Pts',(6.64555107064315,-22.410732179227,2.5));
#12722=CARTESIAN_POINT('Ctrl Pts',(6.64555107064315,-22.410732179227,2.4));
#12723=CARTESIAN_POINT('Ctrl Pts',(6.69909302897521,-22.3810210519458,2.5));
#12724=CARTESIAN_POINT('Ctrl Pts',(6.69909302897521,-22.3810210519458,2.4));
#12725=CARTESIAN_POINT('',(6.61738742895194,-22.4676784568454,2.5));
#12726=CARTESIAN_POINT('Ctrl Pts',(6.61738742895194,-22.4676784568454,2.5));
#12727=CARTESIAN_POINT('Ctrl Pts',(6.64555107064315,-22.410732179227,2.5));
#12728=CARTESIAN_POINT('Ctrl Pts',(6.69909302897521,-22.3810210519458,2.5));
#12729=CARTESIAN_POINT('',(6.61738742895194,-22.4676784568454,2.4));
#12730=CARTESIAN_POINT('Ctrl Pts',(6.61738742895194,-22.4676784568454,2.4));
#12731=CARTESIAN_POINT('Ctrl Pts',(6.64555107064315,-22.410732179227,2.4));
#12732=CARTESIAN_POINT('Ctrl Pts',(6.69909302897521,-22.3810210519458,2.4));
#12733=CARTESIAN_POINT('',(6.61738742895194,-22.4676784568454,2.5));
#12734=CARTESIAN_POINT('Ctrl Pts',(6.58922371275493,-22.6044736498023,2.5));
#12735=CARTESIAN_POINT('Ctrl Pts',(6.58922371275493,-22.6044736498023,2.4));
#12736=CARTESIAN_POINT('Ctrl Pts',(6.58922371275493,-22.524625032487,2.5));
#12737=CARTESIAN_POINT('Ctrl Pts',(6.58922371275493,-22.524625032487,2.4));
#12738=CARTESIAN_POINT('Ctrl Pts',(6.61738742895194,-22.4676784568454,2.5));
#12739=CARTESIAN_POINT('Ctrl Pts',(6.61738742895194,-22.4676784568454,2.4));
#12740=CARTESIAN_POINT('',(6.58922371275493,-22.6044736498023,2.5));
#12741=CARTESIAN_POINT('Ctrl Pts',(6.58922371275493,-22.6044736498023,2.5));
#12742=CARTESIAN_POINT('Ctrl Pts',(6.58922371275493,-22.524625032487,2.5));
#12743=CARTESIAN_POINT('Ctrl Pts',(6.61738742895194,-22.4676784568454,2.5));
#12744=CARTESIAN_POINT('',(6.58922371275493,-22.6044736498023,2.4));
#12745=CARTESIAN_POINT('Ctrl Pts',(6.58922371275493,-22.6044736498023,2.4));
#12746=CARTESIAN_POINT('Ctrl Pts',(6.58922371275493,-22.524625032487,2.4));
#12747=CARTESIAN_POINT('Ctrl Pts',(6.61738742895194,-22.4676784568454,2.4));
#12748=CARTESIAN_POINT('',(6.58922371275493,-22.6044736498023,2.5));
#12749=CARTESIAN_POINT('Ctrl Pts',(6.61367353804179,-22.7372453802253,2.5));
#12750=CARTESIAN_POINT('Ctrl Pts',(6.61367353804179,-22.7372453802253,2.4));
#12751=CARTESIAN_POINT('Ctrl Pts',(6.58922371275493,-22.6775136285449,2.5));
#12752=CARTESIAN_POINT('Ctrl Pts',(6.58922371275493,-22.6775136285449,2.4));
#12753=CARTESIAN_POINT('Ctrl Pts',(6.58922371275493,-22.6044736498023,2.5));
#12754=CARTESIAN_POINT('Ctrl Pts',(6.58922371275493,-22.6044736498023,2.4));
#12755=CARTESIAN_POINT('',(6.61367353804179,-22.7372453802253,2.5));
#12756=CARTESIAN_POINT('Ctrl Pts',(6.61367353804179,-22.7372453802253,2.5));
#12757=CARTESIAN_POINT('Ctrl Pts',(6.58922371275493,-22.6775136285449,2.5));
#12758=CARTESIAN_POINT('Ctrl Pts',(6.58922371275493,-22.6044736498023,2.5));
#12759=CARTESIAN_POINT('',(6.61367353804179,-22.7372453802253,2.4));
#12760=CARTESIAN_POINT('Ctrl Pts',(6.61367353804179,-22.7372453802253,2.4));
#12761=CARTESIAN_POINT('Ctrl Pts',(6.58922371275493,-22.6775136285449,2.4));
#12762=CARTESIAN_POINT('Ctrl Pts',(6.58922371275493,-22.6044736498023,2.4));
#12763=CARTESIAN_POINT('',(6.61367353804179,-22.7372453802253,2.5));
#12764=CARTESIAN_POINT('Ctrl Pts',(6.68207098550864,-22.8334970467712,2.5));
#12765=CARTESIAN_POINT('Ctrl Pts',(6.68207098550864,-22.8334970467712,2.4));
#12766=CARTESIAN_POINT('Ctrl Pts',(6.63812328882285,-22.7969771319057,2.5));
#12767=CARTESIAN_POINT('Ctrl Pts',(6.63812328882285,-22.7969771319057,2.4));
#12768=CARTESIAN_POINT('Ctrl Pts',(6.61367353804179,-22.7372453802253,2.5));
#12769=CARTESIAN_POINT('Ctrl Pts',(6.61367353804179,-22.7372453802253,2.4));
#12770=CARTESIAN_POINT('',(6.68207098550864,-22.8334970467712,2.5));
#12771=CARTESIAN_POINT('Ctrl Pts',(6.68207098550864,-22.8334970467712,2.5));
#12772=CARTESIAN_POINT('Ctrl Pts',(6.63812328882285,-22.7969771319057,2.5));
#12773=CARTESIAN_POINT('Ctrl Pts',(6.61367353804179,-22.7372453802253,2.5));
#12774=CARTESIAN_POINT('',(6.68207098550864,-22.8334970467712,2.4));
#12775=CARTESIAN_POINT('Ctrl Pts',(6.68207098550864,-22.8334970467712,2.4));
#12776=CARTESIAN_POINT('Ctrl Pts',(6.63812328882285,-22.7969771319057,2.4));
#12777=CARTESIAN_POINT('Ctrl Pts',(6.61367353804179,-22.7372453802253,2.4));
#12778=CARTESIAN_POINT('',(6.68207098550864,-22.8334970467712,2.5));
#12779=CARTESIAN_POINT('Origin',(6.72663767643042,-22.7685039930965,2.5));
#12780=CARTESIAN_POINT('',(6.72663767643042,-22.7685039930965,2.5));
#12781=CARTESIAN_POINT('',(6.72663767643042,-22.7685039930965,2.5));
#12782=CARTESIAN_POINT('',(6.72663767643042,-22.7685039930965,2.4));
#12783=CARTESIAN_POINT('',(6.72663767643042,-22.7685039930965,2.4));
#12784=CARTESIAN_POINT('',(6.72663767643042,-22.7685039930965,2.5));
#12785=CARTESIAN_POINT('Ctrl Pts',(6.68454696245261,-22.6905122094776,2.5));
#12786=CARTESIAN_POINT('Ctrl Pts',(6.68454696245261,-22.6905122094776,2.4));
#12787=CARTESIAN_POINT('Ctrl Pts',(6.69940252609321,-22.7344599061633,2.5));
#12788=CARTESIAN_POINT('Ctrl Pts',(6.69940252609321,-22.7344599061633,2.4));
#12789=CARTESIAN_POINT('Ctrl Pts',(6.72663767643042,-22.7685039930965,2.5));
#12790=CARTESIAN_POINT('Ctrl Pts',(6.72663767643042,-22.7685039930965,2.4));
#12791=CARTESIAN_POINT('',(6.68454696245261,-22.6905122094776,2.5));
#12792=CARTESIAN_POINT('Ctrl Pts',(6.68454696245261,-22.6905122094776,2.5));
#12793=CARTESIAN_POINT('Ctrl Pts',(6.69940252609321,-22.7344599061633,2.5));
#12794=CARTESIAN_POINT('Ctrl Pts',(6.72663767643042,-22.7685039930965,2.5));
#12795=CARTESIAN_POINT('',(6.68454696245261,-22.6905122094776,2.4));
#12796=CARTESIAN_POINT('Ctrl Pts',(6.68454696245261,-22.6905122094776,2.4));
#12797=CARTESIAN_POINT('Ctrl Pts',(6.69940252609321,-22.7344599061633,2.4));
#12798=CARTESIAN_POINT('Ctrl Pts',(6.72663767643042,-22.7685039930965,2.4));
#12799=CARTESIAN_POINT('',(6.68454696245261,-22.6905122094776,2.5));
#12800=CARTESIAN_POINT('Ctrl Pts',(6.66969139881202,-22.600759833398,2.5));
#12801=CARTESIAN_POINT('Ctrl Pts',(6.66969139881202,-22.600759833398,2.4));
#12802=CARTESIAN_POINT('Ctrl Pts',(6.66969139881202,-22.6465645127918,2.5));
#12803=CARTESIAN_POINT('Ctrl Pts',(6.66969139881202,-22.6465645127918,2.4));
#12804=CARTESIAN_POINT('Ctrl Pts',(6.68454696245261,-22.6905122094776,2.5));
#12805=CARTESIAN_POINT('Ctrl Pts',(6.68454696245261,-22.6905122094776,2.4));
#12806=CARTESIAN_POINT('',(6.66969139881202,-22.600759833398,2.5));
#12807=CARTESIAN_POINT('Ctrl Pts',(6.66969139881202,-22.600759833398,2.5));
#12808=CARTESIAN_POINT('Ctrl Pts',(6.66969139881202,-22.6465645127918,2.5));
#12809=CARTESIAN_POINT('Ctrl Pts',(6.68454696245261,-22.6905122094776,2.5));
#12810=CARTESIAN_POINT('',(6.66969139881202,-22.600759833398,2.4));
#12811=CARTESIAN_POINT('Ctrl Pts',(6.66969139881202,-22.600759833398,2.4));
#12812=CARTESIAN_POINT('Ctrl Pts',(6.66969139881202,-22.6465645127918,2.4));
#12813=CARTESIAN_POINT('Ctrl Pts',(6.68454696245261,-22.6905122094776,2.4));
#12814=CARTESIAN_POINT('',(6.66969139881202,-22.600759833398,2.5));
#12815=CARTESIAN_POINT('Ctrl Pts',(6.71271060414382,-22.4822246723796,2.5));
#12816=CARTESIAN_POINT('Ctrl Pts',(6.71271060414382,-22.4822246723796,2.4));
#12817=CARTESIAN_POINT('Ctrl Pts',(6.66969139881202,-22.5240060382511,2.5));
#12818=CARTESIAN_POINT('Ctrl Pts',(6.66969139881202,-22.5240060382511,2.4));
#12819=CARTESIAN_POINT('Ctrl Pts',(6.66969139881202,-22.600759833398,2.5));
#12820=CARTESIAN_POINT('Ctrl Pts',(6.66969139881202,-22.600759833398,2.4));
#12821=CARTESIAN_POINT('',(6.71271060414382,-22.4822246723796,2.5));
#12822=CARTESIAN_POINT('Ctrl Pts',(6.71271060414382,-22.4822246723796,2.5));
#12823=CARTESIAN_POINT('Ctrl Pts',(6.66969139881202,-22.5240060382511,2.5));
#12824=CARTESIAN_POINT('Ctrl Pts',(6.66969139881202,-22.600759833398,2.5));
#12825=CARTESIAN_POINT('',(6.71271060414382,-22.4822246723796,2.4));
#12826=CARTESIAN_POINT('Ctrl Pts',(6.71271060414382,-22.4822246723796,2.4));
#12827=CARTESIAN_POINT('Ctrl Pts',(6.66969139881202,-22.5240060382511,2.4));
#12828=CARTESIAN_POINT('Ctrl Pts',(6.66969139881202,-22.600759833398,2.4));
#12829=CARTESIAN_POINT('',(6.71271060414382,-22.4822246723796,2.5));
#12830=CARTESIAN_POINT('Ctrl Pts',(6.83372159309455,-22.4404433065082,2.5));
#12831=CARTESIAN_POINT('Ctrl Pts',(6.83372159309455,-22.4404433065082,2.4));
#12832=CARTESIAN_POINT('Ctrl Pts',(6.75572988398143,-22.4404433065082,2.5));
#12833=CARTESIAN_POINT('Ctrl Pts',(6.75572988398143,-22.4404433065082,2.4));
#12834=CARTESIAN_POINT('Ctrl Pts',(6.71271060414382,-22.4822246723796,2.5));
#12835=CARTESIAN_POINT('Ctrl Pts',(6.71271060414382,-22.4822246723796,2.4));
#12836=CARTESIAN_POINT('',(6.83372159309455,-22.4404433065082,2.5));
#12837=CARTESIAN_POINT('Ctrl Pts',(6.83372159309455,-22.4404433065082,2.5));
#12838=CARTESIAN_POINT('Ctrl Pts',(6.75572988398143,-22.4404433065082,2.5));
#12839=CARTESIAN_POINT('Ctrl Pts',(6.71271060414382,-22.4822246723796,2.5));
#12840=CARTESIAN_POINT('',(6.83372159309455,-22.4404433065082,2.4));
#12841=CARTESIAN_POINT('Ctrl Pts',(6.83372159309455,-22.4404433065082,2.4));
#12842=CARTESIAN_POINT('Ctrl Pts',(6.75572988398143,-22.4404433065082,2.4));
#12843=CARTESIAN_POINT('Ctrl Pts',(6.71271060414382,-22.4822246723796,2.4));
#12844=CARTESIAN_POINT('',(6.83372159309455,-22.4404433065082,2.5));
#12845=CARTESIAN_POINT('Origin',(6.86095689244338,-22.4404433065082,2.5));
#12846=CARTESIAN_POINT('',(6.86095689244338,-22.4404433065082,2.5));
#12847=CARTESIAN_POINT('',(7.24101190276214,-22.4404433065082,2.5));
#12848=CARTESIAN_POINT('',(6.86095689244338,-22.4404433065082,2.4));
#12849=CARTESIAN_POINT('',(7.24101190276214,-22.4404433065082,2.4));
#12850=CARTESIAN_POINT('',(6.86095689244338,-22.4404433065082,2.5));
#12851=CARTESIAN_POINT('Origin',(6.86095689244338,-22.6484213464881,2.5));
#12852=CARTESIAN_POINT('',(6.86095689244338,-22.6484213464881,2.5));
#12853=CARTESIAN_POINT('',(6.86095689244338,-22.6484213464881,2.5));
#12854=CARTESIAN_POINT('',(6.86095689244338,-22.6484213464881,2.4));
#12855=CARTESIAN_POINT('',(6.86095689244338,-22.6484213464881,2.4));
#12856=CARTESIAN_POINT('',(6.86095689244338,-22.6484213464881,2.5));
#12857=CARTESIAN_POINT('Ctrl Pts',(6.91078488535949,-22.8084282272483,2.5));
#12858=CARTESIAN_POINT('Ctrl Pts',(6.91078488535949,-22.8084282272483,2.4));
#12859=CARTESIAN_POINT('Ctrl Pts',(6.86095689244338,-22.7517914467479,2.5));
#12860=CARTESIAN_POINT('Ctrl Pts',(6.86095689244338,-22.7517914467479,2.4));
#12861=CARTESIAN_POINT('Ctrl Pts',(6.86095689244338,-22.6484213464881,2.5));
#12862=CARTESIAN_POINT('Ctrl Pts',(6.86095689244338,-22.6484213464881,2.4));
#12863=CARTESIAN_POINT('',(6.91078488535949,-22.8084282272483,2.5));
#12864=CARTESIAN_POINT('Ctrl Pts',(6.91078488535949,-22.8084282272483,2.5));
#12865=CARTESIAN_POINT('Ctrl Pts',(6.86095689244338,-22.7517914467479,2.5));
#12866=CARTESIAN_POINT('Ctrl Pts',(6.86095689244338,-22.6484213464881,2.5));
#12867=CARTESIAN_POINT('',(6.91078488535949,-22.8084282272483,2.4));
#12868=CARTESIAN_POINT('Ctrl Pts',(6.91078488535949,-22.8084282272483,2.4));
#12869=CARTESIAN_POINT('Ctrl Pts',(6.86095689244338,-22.7517914467479,2.4));
#12870=CARTESIAN_POINT('Ctrl Pts',(6.86095689244338,-22.6484213464881,2.4));
#12871=CARTESIAN_POINT('',(6.91078488535949,-22.8084282272483,2.5));
#12872=CARTESIAN_POINT('Ctrl Pts',(7.05160339183875,-22.8650651567603,2.5));
#12873=CARTESIAN_POINT('Ctrl Pts',(7.05160339183875,-22.8650651567603,2.4));
#12874=CARTESIAN_POINT('Ctrl Pts',(6.9606129527814,-22.8650651567603,2.5));
#12875=CARTESIAN_POINT('Ctrl Pts',(6.9606129527814,-22.8650651567603,2.4));
#12876=CARTESIAN_POINT('Ctrl Pts',(6.91078488535949,-22.8084282272483,2.5));
#12877=CARTESIAN_POINT('Ctrl Pts',(6.91078488535949,-22.8084282272483,2.4));
#12878=CARTESIAN_POINT('',(7.05160339183875,-22.8650651567603,2.5));
#12879=CARTESIAN_POINT('Ctrl Pts',(7.05160339183875,-22.8650651567603,2.5));
#12880=CARTESIAN_POINT('Ctrl Pts',(6.9606129527814,-22.8650651567603,2.5));
#12881=CARTESIAN_POINT('Ctrl Pts',(6.91078488535949,-22.8084282272483,2.5));
#12882=CARTESIAN_POINT('',(7.05160339183875,-22.8650651567603,2.4));
#12883=CARTESIAN_POINT('Ctrl Pts',(7.05160339183875,-22.8650651567603,2.4));
#12884=CARTESIAN_POINT('Ctrl Pts',(6.9606129527814,-22.8650651567603,2.4));
#12885=CARTESIAN_POINT('Ctrl Pts',(6.91078488535949,-22.8084282272483,2.4));
#12886=CARTESIAN_POINT('',(7.05160339183875,-22.8650651567603,2.5));
#12887=CARTESIAN_POINT('Ctrl Pts',(7.19830212004252,-22.803166925254,2.5));
#12888=CARTESIAN_POINT('Ctrl Pts',(7.19830212004252,-22.803166925254,2.4));
#12889=CARTESIAN_POINT('Ctrl Pts',(7.14630764730044,-22.8650651567603,2.5));
#12890=CARTESIAN_POINT('Ctrl Pts',(7.14630764730044,-22.8650651567603,2.4));
#12891=CARTESIAN_POINT('Ctrl Pts',(7.05160339183875,-22.8650651567603,2.5));
#12892=CARTESIAN_POINT('Ctrl Pts',(7.05160339183875,-22.8650651567603,2.4));
#12893=CARTESIAN_POINT('',(7.19830212004252,-22.803166925254,2.5));
#12894=CARTESIAN_POINT('Ctrl Pts',(7.19830212004252,-22.803166925254,2.5));
#12895=CARTESIAN_POINT('Ctrl Pts',(7.14630764730044,-22.8650651567603,2.5));
#12896=CARTESIAN_POINT('Ctrl Pts',(7.05160339183875,-22.8650651567603,2.5));
#12897=CARTESIAN_POINT('',(7.19830212004252,-22.803166925254,2.4));
#12898=CARTESIAN_POINT('Ctrl Pts',(7.19830212004252,-22.803166925254,2.4));
#12899=CARTESIAN_POINT('Ctrl Pts',(7.14630764730044,-22.8650651567603,2.4));
#12900=CARTESIAN_POINT('Ctrl Pts',(7.05160339183875,-22.8650651567603,2.4));
#12901=CARTESIAN_POINT('',(7.19830212004252,-22.803166925254,2.5));
#12902=CARTESIAN_POINT('Ctrl Pts',(7.25029666729041,-22.6286139779712,2.5));
#12903=CARTESIAN_POINT('Ctrl Pts',(7.25029666729041,-22.6286139779712,2.4));
#12904=CARTESIAN_POINT('Ctrl Pts',(7.25029666729041,-22.7412686937477,2.5));
#12905=CARTESIAN_POINT('Ctrl Pts',(7.25029666729041,-22.7412686937477,2.4));
#12906=CARTESIAN_POINT('Ctrl Pts',(7.19830212004252,-22.803166925254,2.5));
#12907=CARTESIAN_POINT('Ctrl Pts',(7.19830212004252,-22.803166925254,2.4));
#12908=CARTESIAN_POINT('',(7.25029666729041,-22.6286139779712,2.5));
#12909=CARTESIAN_POINT('Ctrl Pts',(7.25029666729041,-22.6286139779712,2.5));
#12910=CARTESIAN_POINT('Ctrl Pts',(7.25029666729041,-22.7412686937477,2.5));
#12911=CARTESIAN_POINT('Ctrl Pts',(7.19830212004252,-22.803166925254,2.5));
#12912=CARTESIAN_POINT('',(7.25029666729041,-22.6286139779712,2.4));
#12913=CARTESIAN_POINT('Ctrl Pts',(7.25029666729041,-22.6286139779712,2.4));
#12914=CARTESIAN_POINT('Ctrl Pts',(7.25029666729041,-22.7412686937477,2.4));
#12915=CARTESIAN_POINT('Ctrl Pts',(7.19830212004252,-22.803166925254,2.4));
#12916=CARTESIAN_POINT('',(7.25029666729041,-22.6286139779712,2.5));
#12917=CARTESIAN_POINT('Ctrl Pts',(7.24286888547011,-22.545360892358,2.5));
#12918=CARTESIAN_POINT('Ctrl Pts',(7.24286888547011,-22.545360892358,2.4));
#12919=CARTESIAN_POINT('Ctrl Pts',(7.25029666729041,-22.5840472870494,2.5));
#12920=CARTESIAN_POINT('Ctrl Pts',(7.25029666729041,-22.5840472870494,2.4));
#12921=CARTESIAN_POINT('Ctrl Pts',(7.25029666729041,-22.6286139779712,2.5));
#12922=CARTESIAN_POINT('Ctrl Pts',(7.25029666729041,-22.6286139779712,2.4));
#12923=CARTESIAN_POINT('',(7.24286888547011,-22.545360892358,2.5));
#12924=CARTESIAN_POINT('Ctrl Pts',(7.24286888547011,-22.545360892358,2.5));
#12925=CARTESIAN_POINT('Ctrl Pts',(7.25029666729041,-22.5840472870494,2.5));
#12926=CARTESIAN_POINT('Ctrl Pts',(7.25029666729041,-22.6286139779712,2.5));
#12927=CARTESIAN_POINT('',(7.24286888547011,-22.545360892358,2.4));
#12928=CARTESIAN_POINT('Ctrl Pts',(7.24286888547011,-22.545360892358,2.4));
#12929=CARTESIAN_POINT('Ctrl Pts',(7.25029666729041,-22.5840472870494,2.4));
#12930=CARTESIAN_POINT('Ctrl Pts',(7.25029666729041,-22.6286139779712,2.4));
#12931=CARTESIAN_POINT('',(7.24286888547011,-22.545360892358,2.5));
#12932=CARTESIAN_POINT('Ctrl Pts',(7.22089496262141,-22.4766537242557,2.5));
#12933=CARTESIAN_POINT('Ctrl Pts',(7.22089496262141,-22.4766537242557,2.4));
#12934=CARTESIAN_POINT('Ctrl Pts',(7.23544110364982,-22.5066744976665,2.5));
#12935=CARTESIAN_POINT('Ctrl Pts',(7.23544110364982,-22.5066744976665,2.4));
#12936=CARTESIAN_POINT('Ctrl Pts',(7.24286888547011,-22.545360892358,2.5));
#12937=CARTESIAN_POINT('Ctrl Pts',(7.24286888547011,-22.545360892358,2.4));
#12938=CARTESIAN_POINT('Ctrl Pts',(7.22089496262141,-22.4766537242557,2.5));
#12939=CARTESIAN_POINT('Ctrl Pts',(7.23544110364982,-22.5066744976665,2.5));
#12940=CARTESIAN_POINT('Ctrl Pts',(7.24286888547011,-22.545360892358,2.5));
#12941=CARTESIAN_POINT('Ctrl Pts',(7.22089496262141,-22.4766537242557,2.4));
#12942=CARTESIAN_POINT('Ctrl Pts',(7.23544110364982,-22.5066744976665,2.4));
#12943=CARTESIAN_POINT('Ctrl Pts',(7.24286888547011,-22.545360892358,2.4));
#12944=CARTESIAN_POINT('Origin',(6.91976019002267,-22.6081875407125,2.5));
#12945=CARTESIAN_POINT('Origin',(6.91976019002267,-22.6081875407125,2.4));
#12946=CARTESIAN_POINT('Ctrl Pts',(6.46357034154006,-24.3914752149011,2.5));
#12947=CARTESIAN_POINT('Ctrl Pts',(6.46357034154006,-24.3914752149011,2.4));
#12948=CARTESIAN_POINT('Ctrl Pts',(6.4239554554946,-24.439755796733,2.5));
#12949=CARTESIAN_POINT('Ctrl Pts',(6.4239554554946,-24.439755796733,2.4));
#12950=CARTESIAN_POINT('Ctrl Pts',(6.4239554554946,-24.5369359918858,2.5));
#12951=CARTESIAN_POINT('Ctrl Pts',(6.4239554554946,-24.5369359918858,2.4));
#12952=CARTESIAN_POINT('',(6.4239554554946,-24.5369359918858,2.5));
#12953=CARTESIAN_POINT('',(6.46357034154006,-24.3914752149011,2.5));
#12954=CARTESIAN_POINT('Ctrl Pts',(6.4239554554946,-24.5369359918858,2.5));
#12955=CARTESIAN_POINT('Ctrl Pts',(6.4239554554946,-24.439755796733,2.5));
#12956=CARTESIAN_POINT('Ctrl Pts',(6.46357034154006,-24.3914752149011,2.5));
#12957=CARTESIAN_POINT('',(6.4239554554946,-24.5369359918858,2.4));
#12958=CARTESIAN_POINT('',(6.4239554554946,-24.5369359918858,2.5));
#12959=CARTESIAN_POINT('',(6.46357034154006,-24.3914752149011,2.4));
#12960=CARTESIAN_POINT('Ctrl Pts',(6.46357034154006,-24.3914752149011,2.4));
#12961=CARTESIAN_POINT('Ctrl Pts',(6.4239554554946,-24.439755796733,2.4));
#12962=CARTESIAN_POINT('Ctrl Pts',(6.4239554554946,-24.5369359918858,2.4));
#12963=CARTESIAN_POINT('',(6.46357034154006,-24.3914752149011,2.5));
#12964=CARTESIAN_POINT('Ctrl Pts',(6.58303384490081,-24.3431946330692,2.5));
#12965=CARTESIAN_POINT('Ctrl Pts',(6.58303384490081,-24.3431946330692,2.4));
#12966=CARTESIAN_POINT('Ctrl Pts',(6.50318515307971,-24.3431946330692,2.5));
#12967=CARTESIAN_POINT('Ctrl Pts',(6.50318515307971,-24.3431946330692,2.4));
#12968=CARTESIAN_POINT('Ctrl Pts',(6.46357034154006,-24.3914752149011,2.5));
#12969=CARTESIAN_POINT('Ctrl Pts',(6.46357034154006,-24.3914752149011,2.4));
#12970=CARTESIAN_POINT('',(6.58303384490081,-24.3431946330692,2.5));
#12971=CARTESIAN_POINT('Ctrl Pts',(6.46357034154006,-24.3914752149011,2.5));
#12972=CARTESIAN_POINT('Ctrl Pts',(6.50318515307971,-24.3431946330692,2.5));
#12973=CARTESIAN_POINT('Ctrl Pts',(6.58303384490081,-24.3431946330692,2.5));
#12974=CARTESIAN_POINT('',(6.58303384490081,-24.3431946330692,2.4));
#12975=CARTESIAN_POINT('Ctrl Pts',(6.58303384490081,-24.3431946330692,2.4));
#12976=CARTESIAN_POINT('Ctrl Pts',(6.50318515307971,-24.3431946330692,2.4));
#12977=CARTESIAN_POINT('Ctrl Pts',(6.46357034154006,-24.3914752149011,2.4));
#12978=CARTESIAN_POINT('',(6.58303384490081,-24.3431946330692,2.5));
#12979=CARTESIAN_POINT('Ctrl Pts',(6.69878353185721,-24.387451826873,2.5));
#12980=CARTESIAN_POINT('Ctrl Pts',(6.69878353185721,-24.387451826873,2.4));
#12981=CARTESIAN_POINT('Ctrl Pts',(6.65978764004775,-24.3431946330692,2.5));
#12982=CARTESIAN_POINT('Ctrl Pts',(6.65978764004775,-24.3431946330692,2.4));
#12983=CARTESIAN_POINT('Ctrl Pts',(6.58303384490081,-24.3431946330692,2.5));
#12984=CARTESIAN_POINT('Ctrl Pts',(6.58303384490081,-24.3431946330692,2.4));
#12985=CARTESIAN_POINT('',(6.69878353185721,-24.387451826873,2.5));
#12986=CARTESIAN_POINT('Ctrl Pts',(6.58303384490081,-24.3431946330692,2.5));
#12987=CARTESIAN_POINT('Ctrl Pts',(6.65978764004775,-24.3431946330692,2.5));
#12988=CARTESIAN_POINT('Ctrl Pts',(6.69878353185721,-24.387451826873,2.5));
#12989=CARTESIAN_POINT('',(6.69878353185721,-24.387451826873,2.4));
#12990=CARTESIAN_POINT('Ctrl Pts',(6.69878353185721,-24.387451826873,2.4));
#12991=CARTESIAN_POINT('Ctrl Pts',(6.65978764004775,-24.3431946330692,2.4));
#12992=CARTESIAN_POINT('Ctrl Pts',(6.58303384490081,-24.3431946330692,2.4));
#12993=CARTESIAN_POINT('',(6.69878353185721,-24.387451826873,2.5));
#12994=CARTESIAN_POINT('Ctrl Pts',(6.73777942366668,-24.5196044885541,2.5));
#12995=CARTESIAN_POINT('Ctrl Pts',(6.73777942366668,-24.5196044885541,2.4));
#12996=CARTESIAN_POINT('Ctrl Pts',(6.73777942366668,-24.4317090579296,2.5));
#12997=CARTESIAN_POINT('Ctrl Pts',(6.73777942366668,-24.4317090579296,2.4));
#12998=CARTESIAN_POINT('Ctrl Pts',(6.69878353185721,-24.387451826873,2.5));
#12999=CARTESIAN_POINT('Ctrl Pts',(6.69878353185721,-24.387451826873,2.4));
#13000=CARTESIAN_POINT('',(6.73777942366668,-24.5196044885541,2.5));
#13001=CARTESIAN_POINT('Ctrl Pts',(6.69878353185721,-24.387451826873,2.5));
#13002=CARTESIAN_POINT('Ctrl Pts',(6.73777942366668,-24.4317090579296,2.5));
#13003=CARTESIAN_POINT('Ctrl Pts',(6.73777942366668,-24.5196044885541,2.5));
#13004=CARTESIAN_POINT('',(6.73777942366668,-24.5196044885541,2.4));
#13005=CARTESIAN_POINT('Ctrl Pts',(6.73777942366668,-24.5196044885541,2.4));
#13006=CARTESIAN_POINT('Ctrl Pts',(6.73777942366668,-24.4317090579296,2.4));
#13007=CARTESIAN_POINT('Ctrl Pts',(6.69878353185721,-24.387451826873,2.4));
#13008=CARTESIAN_POINT('',(6.73777942366668,-24.5196044885541,2.5));
#13009=CARTESIAN_POINT('Origin',(6.73777942366668,-24.7826719352032,2.5));
#13010=CARTESIAN_POINT('',(6.73777942366668,-24.7826719352032,2.5));
#13011=CARTESIAN_POINT('',(6.73777942366668,-24.7975274988438,2.5));
#13012=CARTESIAN_POINT('',(6.73777942366668,-24.7826719352032,2.4));
#13013=CARTESIAN_POINT('',(6.73777942366668,-24.7975274988438,2.4));
#13014=CARTESIAN_POINT('',(6.73777942366668,-24.7826719352032,2.5));
#13015=CARTESIAN_POINT('Origin',(6.4239554554946,-24.7826719352032,2.5));
#13016=CARTESIAN_POINT('',(6.4239554554946,-24.7826719352032,2.5));
#13017=CARTESIAN_POINT('',(6.34101186699935,-24.7826719352032,2.5));
#13018=CARTESIAN_POINT('',(6.4239554554946,-24.7826719352032,2.4));
#13019=CARTESIAN_POINT('',(6.34101186699935,-24.7826719352032,2.4));
#13020=CARTESIAN_POINT('',(6.4239554554946,-24.7826719352032,2.5));
#13021=CARTESIAN_POINT('Origin',(6.4239554554946,-24.5369359918858,2.5));
#13022=CARTESIAN_POINT('',(6.4239554554946,-24.5369359918858,2.5));
#13023=CARTESIAN_POINT('',(6.4239554554946,-24.5369359918858,2.4));
#13024=CARTESIAN_POINT('Ctrl Pts',(6.84145887203284,-24.4122111120249,2.5));
#13025=CARTESIAN_POINT('Ctrl Pts',(6.84145887203284,-24.4122111120249,2.4));
#13026=CARTESIAN_POINT('Ctrl Pts',(6.82072301216193,-24.4539924033905,2.5));
#13027=CARTESIAN_POINT('Ctrl Pts',(6.82072301216193,-24.4539924033905,2.4));
#13028=CARTESIAN_POINT('Ctrl Pts',(6.82072301216193,-24.5196044885541,2.5));
#13029=CARTESIAN_POINT('Ctrl Pts',(6.82072301216193,-24.5196044885541,2.4));
#13030=CARTESIAN_POINT('',(6.82072301216193,-24.5196044885541,2.5));
#13031=CARTESIAN_POINT('',(6.84145887203284,-24.4122111120249,2.5));
#13032=CARTESIAN_POINT('Ctrl Pts',(6.82072301216193,-24.5196044885541,2.5));
#13033=CARTESIAN_POINT('Ctrl Pts',(6.82072301216193,-24.4539924033905,2.5));
#13034=CARTESIAN_POINT('Ctrl Pts',(6.84145887203284,-24.4122111120249,2.5));
#13035=CARTESIAN_POINT('',(6.82072301216193,-24.5196044885541,2.4));
#13036=CARTESIAN_POINT('',(6.82072301216193,-24.5196044885541,2.5));
#13037=CARTESIAN_POINT('',(6.84145887203284,-24.4122111120249,2.4));
#13038=CARTESIAN_POINT('Ctrl Pts',(6.84145887203284,-24.4122111120249,2.4));
#13039=CARTESIAN_POINT('Ctrl Pts',(6.82072301216193,-24.4539924033905,2.4));
#13040=CARTESIAN_POINT('Ctrl Pts',(6.82072301216193,-24.5196044885541,2.4));
#13041=CARTESIAN_POINT('',(6.84145887203284,-24.4122111120249,2.5));
#13042=CARTESIAN_POINT('Ctrl Pts',(6.90057170398303,-24.3509319120075,2.5));
#13043=CARTESIAN_POINT('Ctrl Pts',(6.90057170398303,-24.3509319120075,2.4));
#13044=CARTESIAN_POINT('Ctrl Pts',(6.86219480640956,-24.3704298206593,2.5));
#13045=CARTESIAN_POINT('Ctrl Pts',(6.86219480640956,-24.3704298206593,2.4));
#13046=CARTESIAN_POINT('Ctrl Pts',(6.84145887203284,-24.4122111120249,2.5));
#13047=CARTESIAN_POINT('Ctrl Pts',(6.84145887203284,-24.4122111120249,2.4));
#13048=CARTESIAN_POINT('',(6.90057170398303,-24.3509319120075,2.5));
#13049=CARTESIAN_POINT('Ctrl Pts',(6.84145887203284,-24.4122111120249,2.5));
#13050=CARTESIAN_POINT('Ctrl Pts',(6.86219480640956,-24.3704298206593,2.5));
#13051=CARTESIAN_POINT('Ctrl Pts',(6.90057170398303,-24.3509319120075,2.5));
#13052=CARTESIAN_POINT('',(6.90057170398303,-24.3509319120075,2.4));
#13053=CARTESIAN_POINT('Ctrl Pts',(6.90057170398303,-24.3509319120075,2.4));
#13054=CARTESIAN_POINT('Ctrl Pts',(6.86219480640956,-24.3704298206593,2.4));
#13055=CARTESIAN_POINT('Ctrl Pts',(6.84145887203284,-24.4122111120249,2.4));
#13056=CARTESIAN_POINT('',(6.90057170398303,-24.3509319120075,2.5));
#13057=CARTESIAN_POINT('Ctrl Pts',(6.99218106277057,-24.3314339661027,2.5));
#13058=CARTESIAN_POINT('Ctrl Pts',(6.99218106277057,-24.3314339661027,2.4));
#13059=CARTESIAN_POINT('Ctrl Pts',(6.9389486015565,-24.3314339661027,2.5));
#13060=CARTESIAN_POINT('Ctrl Pts',(6.9389486015565,-24.3314339661027,2.4));
#13061=CARTESIAN_POINT('Ctrl Pts',(6.90057170398303,-24.3509319120075,2.5));
#13062=CARTESIAN_POINT('Ctrl Pts',(6.90057170398303,-24.3509319120075,2.4));
#13063=CARTESIAN_POINT('',(6.99218106277057,-24.3314339661027,2.5));
#13064=CARTESIAN_POINT('Ctrl Pts',(6.90057170398303,-24.3509319120075,2.5));
#13065=CARTESIAN_POINT('Ctrl Pts',(6.9389486015565,-24.3314339661027,2.5));
#13066=CARTESIAN_POINT('Ctrl Pts',(6.99218106277057,-24.3314339661027,2.5));
#13067=CARTESIAN_POINT('',(6.99218106277057,-24.3314339661027,2.4));
#13068=CARTESIAN_POINT('Ctrl Pts',(6.99218106277057,-24.3314339661027,2.4));
#13069=CARTESIAN_POINT('Ctrl Pts',(6.9389486015565,-24.3314339661027,2.4));
#13070=CARTESIAN_POINT('Ctrl Pts',(6.90057170398303,-24.3509319120075,2.4));
#13071=CARTESIAN_POINT('',(6.99218106277057,-24.3314339661027,2.5));
#13072=CARTESIAN_POINT('Origin',(6.99403804547854,-24.3314339661027,2.5));
#13073=CARTESIAN_POINT('',(6.99403804547854,-24.3314339661027,2.5));
#13074=CARTESIAN_POINT('',(6.99403804547854,-24.3314339661027,2.5));
#13075=CARTESIAN_POINT('',(6.99403804547854,-24.3314339661027,2.4));
#13076=CARTESIAN_POINT('',(6.99403804547854,-24.3314339661027,2.4));
#13077=CARTESIAN_POINT('',(6.99403804547854,-24.3314339661027,2.5));
#13078=CARTESIAN_POINT('Ctrl Pts',(7.11504903442927,-24.3837379359628,2.5));
#13079=CARTESIAN_POINT('Ctrl Pts',(7.11504903442927,-24.3837379359628,2.4));
#13080=CARTESIAN_POINT('Ctrl Pts',(7.07202975459166,-24.3314339661027,2.5));
#13081=CARTESIAN_POINT('Ctrl Pts',(7.07202975459166,-24.3314339661027,2.4));
#13082=CARTESIAN_POINT('Ctrl Pts',(6.99403804547854,-24.3314339661027,2.5));
#13083=CARTESIAN_POINT('Ctrl Pts',(6.99403804547854,-24.3314339661027,2.4));
#13084=CARTESIAN_POINT('',(7.11504903442927,-24.3837379359628,2.5));
#13085=CARTESIAN_POINT('Ctrl Pts',(6.99403804547854,-24.3314339661027,2.5));
#13086=CARTESIAN_POINT('Ctrl Pts',(7.07202975459166,-24.3314339661027,2.5));
#13087=CARTESIAN_POINT('Ctrl Pts',(7.11504903442927,-24.3837379359628,2.5));
#13088=CARTESIAN_POINT('',(7.11504903442927,-24.3837379359628,2.4));
#13089=CARTESIAN_POINT('Ctrl Pts',(7.11504903442927,-24.3837379359628,2.4));
#13090=CARTESIAN_POINT('Ctrl Pts',(7.07202975459166,-24.3314339661027,2.4));
#13091=CARTESIAN_POINT('Ctrl Pts',(6.99403804547854,-24.3314339661027,2.4));
#13092=CARTESIAN_POINT('',(7.11504903442927,-24.3837379359628,2.5));
#13093=CARTESIAN_POINT('Ctrl Pts',(7.15806831426688,-24.5505536043073,2.5));
#13094=CARTESIAN_POINT('Ctrl Pts',(7.15806831426688,-24.5505536043073,2.4));
#13095=CARTESIAN_POINT('Ctrl Pts',(7.15806831426688,-24.4360419058229,2.5));
#13096=CARTESIAN_POINT('Ctrl Pts',(7.15806831426688,-24.4360419058229,2.4));
#13097=CARTESIAN_POINT('Ctrl Pts',(7.11504903442927,-24.3837379359628,2.5));
#13098=CARTESIAN_POINT('Ctrl Pts',(7.11504903442927,-24.3837379359628,2.4));
#13099=CARTESIAN_POINT('',(7.15806831426688,-24.5505536043073,2.5));
#13100=CARTESIAN_POINT('Ctrl Pts',(7.11504903442927,-24.3837379359628,2.5));
#13101=CARTESIAN_POINT('Ctrl Pts',(7.15806831426688,-24.4360419058229,2.5));
#13102=CARTESIAN_POINT('Ctrl Pts',(7.15806831426688,-24.5505536043073,2.5));
#13103=CARTESIAN_POINT('',(7.15806831426688,-24.5505536043073,2.4));
#13104=CARTESIAN_POINT('Ctrl Pts',(7.15806831426688,-24.5505536043073,2.4));
#13105=CARTESIAN_POINT('Ctrl Pts',(7.15806831426688,-24.4360419058229,2.4));
#13106=CARTESIAN_POINT('Ctrl Pts',(7.11504903442927,-24.3837379359628,2.4));
#13107=CARTESIAN_POINT('',(7.15806831426688,-24.5505536043073,2.5));
#13108=CARTESIAN_POINT('Origin',(7.15806831426688,-24.7826719352032,2.5));
#13109=CARTESIAN_POINT('',(7.15806831426688,-24.7826719352032,2.5));
#13110=CARTESIAN_POINT('',(7.15806831426688,-24.7975274988438,2.5));
#13111=CARTESIAN_POINT('',(7.15806831426688,-24.7826719352032,2.4));
#13112=CARTESIAN_POINT('',(7.15806831426688,-24.7975274988438,2.4));
#13113=CARTESIAN_POINT('',(7.15806831426688,-24.7826719352032,2.5));
#13114=CARTESIAN_POINT('Origin',(6.82072301216193,-24.7826719352032,2.5));
#13115=CARTESIAN_POINT('',(6.82072301216193,-24.7826719352032,2.5));
#13116=CARTESIAN_POINT('',(6.34101186699935,-24.7826719352032,2.5));
#13117=CARTESIAN_POINT('',(6.82072301216193,-24.7826719352032,2.4));
#13118=CARTESIAN_POINT('',(6.34101186699935,-24.7826719352032,2.4));
#13119=CARTESIAN_POINT('',(6.82072301216193,-24.7826719352032,2.5));
#13120=CARTESIAN_POINT('Origin',(6.82072301216193,-24.5196044885541,2.5));
#13121=CARTESIAN_POINT('',(6.82072301216193,-24.5196044885541,2.5));
#13122=CARTESIAN_POINT('',(6.82072301216193,-24.5196044885541,2.4));
#13123=CARTESIAN_POINT('Ctrl Pts',(7.21068178124495,-24.3667159297491,2.5));
#13124=CARTESIAN_POINT('Ctrl Pts',(7.21068178124495,-24.3667159297491,2.4));
#13125=CARTESIAN_POINT('Ctrl Pts',(7.24101190276214,-24.4267571785475,2.5));
#13126=CARTESIAN_POINT('Ctrl Pts',(7.24101190276214,-24.4267571785475,2.4));
#13127=CARTESIAN_POINT('Ctrl Pts',(7.24101190276214,-24.5066058703686,2.5));
#13128=CARTESIAN_POINT('Ctrl Pts',(7.24101190276214,-24.5066058703686,2.4));
#13129=CARTESIAN_POINT('',(7.21068178124495,-24.3667159297491,2.5));
#13130=CARTESIAN_POINT('',(7.24101190276214,-24.5066058703686,2.5));
#13131=CARTESIAN_POINT('Ctrl Pts',(7.21068178124495,-24.3667159297491,2.5));
#13132=CARTESIAN_POINT('Ctrl Pts',(7.24101190276214,-24.4267571785475,2.5));
#13133=CARTESIAN_POINT('Ctrl Pts',(7.24101190276214,-24.5066058703686,2.5));
#13134=CARTESIAN_POINT('',(7.24101190276214,-24.5066058703686,2.4));
#13135=CARTESIAN_POINT('',(7.24101190276214,-24.5066058703686,2.5));
#13136=CARTESIAN_POINT('',(7.21068178124495,-24.3667159297491,2.4));
#13137=CARTESIAN_POINT('Ctrl Pts',(7.21068178124495,-24.3667159297491,2.4));
#13138=CARTESIAN_POINT('Ctrl Pts',(7.24101190276214,-24.4267571785475,2.4));
#13139=CARTESIAN_POINT('Ctrl Pts',(7.24101190276214,-24.5066058703686,2.4));
#13140=CARTESIAN_POINT('',(7.21068178124495,-24.3667159297491,2.5));
#13141=CARTESIAN_POINT('Ctrl Pts',(7.12464322156974,-24.2744876139785,2.5));
#13142=CARTESIAN_POINT('Ctrl Pts',(7.12464322156974,-24.2744876139785,2.4));
#13143=CARTESIAN_POINT('Ctrl Pts',(7.18035165972777,-24.3066746436979,2.5));
#13144=CARTESIAN_POINT('Ctrl Pts',(7.18035165972777,-24.3066746436979,2.4));
#13145=CARTESIAN_POINT('Ctrl Pts',(7.21068178124495,-24.3667159297491,2.5));
#13146=CARTESIAN_POINT('Ctrl Pts',(7.21068178124495,-24.3667159297491,2.4));
#13147=CARTESIAN_POINT('',(7.12464322156974,-24.2744876139785,2.5));
#13148=CARTESIAN_POINT('Ctrl Pts',(7.12464322156974,-24.2744876139785,2.5));
#13149=CARTESIAN_POINT('Ctrl Pts',(7.18035165972777,-24.3066746436979,2.5));
#13150=CARTESIAN_POINT('Ctrl Pts',(7.21068178124495,-24.3667159297491,2.5));
#13151=CARTESIAN_POINT('',(7.12464322156974,-24.2744876139785,2.4));
#13152=CARTESIAN_POINT('Ctrl Pts',(7.12464322156974,-24.2744876139785,2.4));
#13153=CARTESIAN_POINT('Ctrl Pts',(7.18035165972777,-24.3066746436979,2.4));
#13154=CARTESIAN_POINT('Ctrl Pts',(7.21068178124495,-24.3667159297491,2.4));
#13155=CARTESIAN_POINT('',(7.12464322156974,-24.2744876139785,2.5));
#13156=CARTESIAN_POINT('Ctrl Pts',(6.99589495368071,-24.2423005097534,2.5));
#13157=CARTESIAN_POINT('Ctrl Pts',(6.99589495368071,-24.2423005097534,2.4));
#13158=CARTESIAN_POINT('Ctrl Pts',(7.06893485791751,-24.2423005097534,2.5));
#13159=CARTESIAN_POINT('Ctrl Pts',(7.06893485791751,-24.2423005097534,2.4));
#13160=CARTESIAN_POINT('Ctrl Pts',(7.12464322156974,-24.2744876139785,2.5));
#13161=CARTESIAN_POINT('Ctrl Pts',(7.12464322156974,-24.2744876139785,2.4));
#13162=CARTESIAN_POINT('',(6.99589495368071,-24.2423005097534,2.5));
#13163=CARTESIAN_POINT('Ctrl Pts',(6.99589495368071,-24.2423005097534,2.5));
#13164=CARTESIAN_POINT('Ctrl Pts',(7.06893485791751,-24.2423005097534,2.5));
#13165=CARTESIAN_POINT('Ctrl Pts',(7.12464322156974,-24.2744876139785,2.5));
#13166=CARTESIAN_POINT('',(6.99589495368071,-24.2423005097534,2.4));
#13167=CARTESIAN_POINT('Ctrl Pts',(6.99589495368071,-24.2423005097534,2.4));
#13168=CARTESIAN_POINT('Ctrl Pts',(7.06893485791751,-24.2423005097534,2.4));
#13169=CARTESIAN_POINT('Ctrl Pts',(7.12464322156974,-24.2744876139785,2.4));
#13170=CARTESIAN_POINT('',(6.99589495368071,-24.2423005097534,2.5));
#13171=CARTESIAN_POINT('Origin',(6.99403804547854,-24.2423005097534,2.5));
#13172=CARTESIAN_POINT('',(6.99403804547854,-24.2423005097534,2.5));
#13173=CARTESIAN_POINT('',(6.99403804547854,-24.2423005097534,2.5));
#13174=CARTESIAN_POINT('',(6.99403804547854,-24.2423005097534,2.4));
#13175=CARTESIAN_POINT('',(6.99403804547854,-24.2423005097534,2.4));
#13176=CARTESIAN_POINT('',(6.99403804547854,-24.2423005097534,2.5));
#13177=CARTESIAN_POINT('Ctrl Pts',(6.8950008303649,-24.2633459412481,2.5));
#13178=CARTESIAN_POINT('Ctrl Pts',(6.8950008303649,-24.2633459412481,2.4));
#13179=CARTESIAN_POINT('Ctrl Pts',(6.94080550975867,-24.2423005097534,2.5));
#13180=CARTESIAN_POINT('Ctrl Pts',(6.94080550975867,-24.2423005097534,2.4));
#13181=CARTESIAN_POINT('Ctrl Pts',(6.99403804547854,-24.2423005097534,2.5));
#13182=CARTESIAN_POINT('Ctrl Pts',(6.99403804547854,-24.2423005097534,2.4));
#13183=CARTESIAN_POINT('',(6.8950008303649,-24.2633459412481,2.5));
#13184=CARTESIAN_POINT('Ctrl Pts',(6.8950008303649,-24.2633459412481,2.5));
#13185=CARTESIAN_POINT('Ctrl Pts',(6.94080550975867,-24.2423005097534,2.5));
#13186=CARTESIAN_POINT('Ctrl Pts',(6.99403804547854,-24.2423005097534,2.5));
#13187=CARTESIAN_POINT('',(6.8950008303649,-24.2633459412481,2.4));
#13188=CARTESIAN_POINT('Ctrl Pts',(6.8950008303649,-24.2633459412481,2.4));
#13189=CARTESIAN_POINT('Ctrl Pts',(6.94080550975867,-24.2423005097534,2.4));
#13190=CARTESIAN_POINT('Ctrl Pts',(6.99403804547854,-24.2423005097534,2.4));
#13191=CARTESIAN_POINT('',(6.8950008303649,-24.2633459412481,2.5));
#13192=CARTESIAN_POINT('Ctrl Pts',(6.81855653233596,-24.3240061842824,2.5));
#13193=CARTESIAN_POINT('Ctrl Pts',(6.81855653233596,-24.3240061842824,2.4));
#13194=CARTESIAN_POINT('Ctrl Pts',(6.84919615097114,-24.284391298237,2.5));
#13195=CARTESIAN_POINT('Ctrl Pts',(6.84919615097114,-24.284391298237,2.4));
#13196=CARTESIAN_POINT('Ctrl Pts',(6.8950008303649,-24.2633459412481,2.5));
#13197=CARTESIAN_POINT('Ctrl Pts',(6.8950008303649,-24.2633459412481,2.4));
#13198=CARTESIAN_POINT('',(6.81855653233596,-24.3240061842824,2.5));
#13199=CARTESIAN_POINT('Ctrl Pts',(6.81855653233596,-24.3240061842824,2.5));
#13200=CARTESIAN_POINT('Ctrl Pts',(6.84919615097114,-24.284391298237,2.5));
#13201=CARTESIAN_POINT('Ctrl Pts',(6.8950008303649,-24.2633459412481,2.5));
#13202=CARTESIAN_POINT('',(6.81855653233596,-24.3240061842824,2.4));
#13203=CARTESIAN_POINT('Ctrl Pts',(6.81855653233596,-24.3240061842824,2.4));
#13204=CARTESIAN_POINT('Ctrl Pts',(6.84919615097114,-24.284391298237,2.4));
#13205=CARTESIAN_POINT('Ctrl Pts',(6.8950008303649,-24.2633459412481,2.4));
#13206=CARTESIAN_POINT('',(6.81855653233596,-24.3240061842824,2.5));
#13207=CARTESIAN_POINT('Ctrl Pts',(6.7798702121503,-24.4180914455081,2.5));
#13208=CARTESIAN_POINT('Ctrl Pts',(6.7798702121503,-24.4180914455081,2.4));
#13209=CARTESIAN_POINT('Ctrl Pts',(6.78791691370078,-24.3636209958221,2.5));
#13210=CARTESIAN_POINT('Ctrl Pts',(6.78791691370078,-24.3636209958221,2.4));
#13211=CARTESIAN_POINT('Ctrl Pts',(6.81855653233596,-24.3240061842824,2.5));
#13212=CARTESIAN_POINT('Ctrl Pts',(6.81855653233596,-24.3240061842824,2.4));
#13213=CARTESIAN_POINT('',(6.7798702121503,-24.4180914455081,2.5));
#13214=CARTESIAN_POINT('Ctrl Pts',(6.7798702121503,-24.4180914455081,2.5));
#13215=CARTESIAN_POINT('Ctrl Pts',(6.78791691370078,-24.3636209958221,2.5));
#13216=CARTESIAN_POINT('Ctrl Pts',(6.81855653233596,-24.3240061842824,2.5));
#13217=CARTESIAN_POINT('',(6.7798702121503,-24.4180914455081,2.4));
#13218=CARTESIAN_POINT('Ctrl Pts',(6.7798702121503,-24.4180914455081,2.4));
#13219=CARTESIAN_POINT('Ctrl Pts',(6.78791691370078,-24.3636209958221,2.4));
#13220=CARTESIAN_POINT('Ctrl Pts',(6.81855653233596,-24.3240061842824,2.4));
#13221=CARTESIAN_POINT('',(6.7798702121503,-24.4180914455081,2.5));
#13222=CARTESIAN_POINT('Ctrl Pts',(6.74087432034083,-24.3267915838386,2.5));
#13223=CARTESIAN_POINT('Ctrl Pts',(6.74087432034083,-24.3267915838386,2.4));
#13224=CARTESIAN_POINT('Ctrl Pts',(6.76996652789184,-24.3636209958221,2.5));
#13225=CARTESIAN_POINT('Ctrl Pts',(6.76996652789184,-24.3636209958221,2.4));
#13226=CARTESIAN_POINT('Ctrl Pts',(6.7798702121503,-24.4180914455081,2.5));
#13227=CARTESIAN_POINT('Ctrl Pts',(6.7798702121503,-24.4180914455081,2.4));
#13228=CARTESIAN_POINT('',(6.74087432034083,-24.3267915838386,2.5));
#13229=CARTESIAN_POINT('Ctrl Pts',(6.74087432034083,-24.3267915838386,2.5));
#13230=CARTESIAN_POINT('Ctrl Pts',(6.76996652789184,-24.3636209958221,2.5));
#13231=CARTESIAN_POINT('Ctrl Pts',(6.7798702121503,-24.4180914455081,2.5));
#13232=CARTESIAN_POINT('',(6.74087432034083,-24.3267915838386,2.4));
#13233=CARTESIAN_POINT('Ctrl Pts',(6.74087432034083,-24.3267915838386,2.4));
#13234=CARTESIAN_POINT('Ctrl Pts',(6.76996652789184,-24.3636209958221,2.4));
#13235=CARTESIAN_POINT('Ctrl Pts',(6.7798702121503,-24.4180914455081,2.4));
#13236=CARTESIAN_POINT('',(6.74087432034083,-24.3267915838386,2.5));
#13237=CARTESIAN_POINT('Ctrl Pts',(6.67123880989619,-24.2720116370345,2.5));
#13238=CARTESIAN_POINT('Ctrl Pts',(6.67123880989619,-24.2720116370345,2.4));
#13239=CARTESIAN_POINT('Ctrl Pts',(6.71178211278983,-24.2899621718551,2.5));
#13240=CARTESIAN_POINT('Ctrl Pts',(6.71178211278983,-24.2899621718551,2.4));
#13241=CARTESIAN_POINT('Ctrl Pts',(6.74087432034083,-24.3267915838386,2.5));
#13242=CARTESIAN_POINT('Ctrl Pts',(6.74087432034083,-24.3267915838386,2.4));
#13243=CARTESIAN_POINT('',(6.67123880989619,-24.2720116370345,2.5));
#13244=CARTESIAN_POINT('Ctrl Pts',(6.67123880989619,-24.2720116370345,2.5));
#13245=CARTESIAN_POINT('Ctrl Pts',(6.71178211278983,-24.2899621718551,2.5));
#13246=CARTESIAN_POINT('Ctrl Pts',(6.74087432034083,-24.3267915838386,2.5));
#13247=CARTESIAN_POINT('',(6.67123880989619,-24.2720116370345,2.4));
#13248=CARTESIAN_POINT('Ctrl Pts',(6.67123880989619,-24.2720116370345,2.4));
#13249=CARTESIAN_POINT('Ctrl Pts',(6.71178211278983,-24.2899621718551,2.4));
#13250=CARTESIAN_POINT('Ctrl Pts',(6.74087432034083,-24.3267915838386,2.4));
#13251=CARTESIAN_POINT('',(6.67123880989619,-24.2720116370345,2.5));
#13252=CARTESIAN_POINT('Ctrl Pts',(6.58489082760878,-24.2540611767198,2.5));
#13253=CARTESIAN_POINT('Ctrl Pts',(6.58489082760878,-24.2540611767198,2.4));
#13254=CARTESIAN_POINT('Ctrl Pts',(6.63069550700255,-24.2540611767198,2.5));
#13255=CARTESIAN_POINT('Ctrl Pts',(6.63069550700255,-24.2540611767198,2.4));
#13256=CARTESIAN_POINT('Ctrl Pts',(6.67123880989619,-24.2720116370345,2.5));
#13257=CARTESIAN_POINT('Ctrl Pts',(6.67123880989619,-24.2720116370345,2.4));
#13258=CARTESIAN_POINT('',(6.58489082760878,-24.2540611767198,2.5));
#13259=CARTESIAN_POINT('Ctrl Pts',(6.58489082760878,-24.2540611767198,2.5));
#13260=CARTESIAN_POINT('Ctrl Pts',(6.63069550700255,-24.2540611767198,2.5));
#13261=CARTESIAN_POINT('Ctrl Pts',(6.67123880989619,-24.2720116370345,2.5));
#13262=CARTESIAN_POINT('',(6.58489082760878,-24.2540611767198,2.4));
#13263=CARTESIAN_POINT('Ctrl Pts',(6.58489082760878,-24.2540611767198,2.4));
#13264=CARTESIAN_POINT('Ctrl Pts',(6.63069550700255,-24.2540611767198,2.4));
#13265=CARTESIAN_POINT('Ctrl Pts',(6.67123880989619,-24.2720116370345,2.4));
#13266=CARTESIAN_POINT('',(6.58489082760878,-24.2540611767198,2.5));
#13267=CARTESIAN_POINT('Ctrl Pts',(6.45490457124778,-24.283153309765,2.5));
#13268=CARTESIAN_POINT('Ctrl Pts',(6.45490457124778,-24.283153309765,2.4));
#13269=CARTESIAN_POINT('Ctrl Pts',(6.50937502093383,-24.2540611767198,2.5));
#13270=CARTESIAN_POINT('Ctrl Pts',(6.50937502093383,-24.2540611767198,2.4));
#13271=CARTESIAN_POINT('Ctrl Pts',(6.58489082760878,-24.2540611767198,2.5));
#13272=CARTESIAN_POINT('Ctrl Pts',(6.58489082760878,-24.2540611767198,2.4));
#13273=CARTESIAN_POINT('',(6.45490457124778,-24.283153309765,2.5));
#13274=CARTESIAN_POINT('Ctrl Pts',(6.45490457124778,-24.283153309765,2.5));
#13275=CARTESIAN_POINT('Ctrl Pts',(6.50937502093383,-24.2540611767198,2.5));
#13276=CARTESIAN_POINT('Ctrl Pts',(6.58489082760878,-24.2540611767198,2.5));
#13277=CARTESIAN_POINT('',(6.45490457124778,-24.283153309765,2.4));
#13278=CARTESIAN_POINT('Ctrl Pts',(6.45490457124778,-24.283153309765,2.4));
#13279=CARTESIAN_POINT('Ctrl Pts',(6.50937502093383,-24.2540611767198,2.4));
#13280=CARTESIAN_POINT('Ctrl Pts',(6.58489082760878,-24.2540611767198,2.4));
#13281=CARTESIAN_POINT('',(6.45490457124778,-24.283153309765,2.5));
#13282=CARTESIAN_POINT('Ctrl Pts',(6.37072299428054,-24.3710487776424,2.5));
#13283=CARTESIAN_POINT('Ctrl Pts',(6.37072299428054,-24.3710487776424,2.4));
#13284=CARTESIAN_POINT('Ctrl Pts',(6.40043412156173,-24.312245517316,2.5));
#13285=CARTESIAN_POINT('Ctrl Pts',(6.40043412156173,-24.312245517316,2.4));
#13286=CARTESIAN_POINT('Ctrl Pts',(6.45490457124778,-24.283153309765,2.5));
#13287=CARTESIAN_POINT('Ctrl Pts',(6.45490457124778,-24.283153309765,2.4));
#13288=CARTESIAN_POINT('',(6.37072299428054,-24.3710487776424,2.5));
#13289=CARTESIAN_POINT('Ctrl Pts',(6.37072299428054,-24.3710487776424,2.5));
#13290=CARTESIAN_POINT('Ctrl Pts',(6.40043412156173,-24.312245517316,2.5));
#13291=CARTESIAN_POINT('Ctrl Pts',(6.45490457124778,-24.283153309765,2.5));
#13292=CARTESIAN_POINT('',(6.37072299428054,-24.3710487776424,2.4));
#13293=CARTESIAN_POINT('Ctrl Pts',(6.37072299428054,-24.3710487776424,2.4));
#13294=CARTESIAN_POINT('Ctrl Pts',(6.40043412156173,-24.312245517316,2.4));
#13295=CARTESIAN_POINT('Ctrl Pts',(6.45490457124778,-24.283153309765,2.4));
#13296=CARTESIAN_POINT('',(6.37072299428054,-24.3710487776424,2.5));
#13297=CARTESIAN_POINT('Ctrl Pts',(6.34101186699935,-24.517128586116,2.5));
#13298=CARTESIAN_POINT('Ctrl Pts',(6.34101186699935,-24.517128586116,2.4));
#13299=CARTESIAN_POINT('Ctrl Pts',(6.34101186699935,-24.4298520752217,2.5));
#13300=CARTESIAN_POINT('Ctrl Pts',(6.34101186699935,-24.4298520752217,2.4));
#13301=CARTESIAN_POINT('Ctrl Pts',(6.37072299428054,-24.3710487776424,2.5));
#13302=CARTESIAN_POINT('Ctrl Pts',(6.37072299428054,-24.3710487776424,2.4));
#13303=CARTESIAN_POINT('',(6.34101186699935,-24.517128586116,2.5));
#13304=CARTESIAN_POINT('Ctrl Pts',(6.34101186699935,-24.517128586116,2.5));
#13305=CARTESIAN_POINT('Ctrl Pts',(6.34101186699935,-24.4298520752217,2.5));
#13306=CARTESIAN_POINT('Ctrl Pts',(6.37072299428054,-24.3710487776424,2.5));
#13307=CARTESIAN_POINT('',(6.34101186699935,-24.517128586116,2.4));
#13308=CARTESIAN_POINT('Ctrl Pts',(6.34101186699935,-24.517128586116,2.4));
#13309=CARTESIAN_POINT('Ctrl Pts',(6.34101186699935,-24.4298520752217,2.4));
#13310=CARTESIAN_POINT('Ctrl Pts',(6.37072299428054,-24.3710487776424,2.4));
#13311=CARTESIAN_POINT('',(6.34101186699935,-24.517128586116,2.5));
#13312=CARTESIAN_POINT('Origin',(6.34101186699935,-24.8718053636129,2.5));
#13313=CARTESIAN_POINT('',(6.34101186699935,-24.8718053636129,2.5));
#13314=CARTESIAN_POINT('',(6.34101186699935,-24.7975274988438,2.5));
#13315=CARTESIAN_POINT('',(6.34101186699935,-24.8718053636129,2.4));
#13316=CARTESIAN_POINT('',(6.34101186699935,-24.7975274988438,2.4));
#13317=CARTESIAN_POINT('',(6.34101186699935,-24.8718053636129,2.5));
#13318=CARTESIAN_POINT('Origin',(7.24101190276214,-24.8718053636129,2.5));
#13319=CARTESIAN_POINT('',(7.24101190276214,-24.8718053636129,2.5));
#13320=CARTESIAN_POINT('',(7.24101190276214,-24.8718053636129,2.5));
#13321=CARTESIAN_POINT('',(7.24101190276214,-24.8718053636129,2.4));
#13322=CARTESIAN_POINT('',(7.24101190276214,-24.8718053636129,2.4));
#13323=CARTESIAN_POINT('',(7.24101190276214,-24.8718053636129,2.5));
#13324=CARTESIAN_POINT('Origin',(7.24101190276214,-24.5066058703686,2.5));
#13325=CARTESIAN_POINT('',(7.24101190276214,-24.7826719352032,2.5));
#13326=CARTESIAN_POINT('',(7.24101190276214,-24.7826719352032,2.4));
#13327=CARTESIAN_POINT('Origin',(6.79101188488074,-24.5570529366831,2.5));
#13328=CARTESIAN_POINT('Origin',(6.79101188488074,-24.5570529366831,2.4));
#13329=CARTESIAN_POINT('Ctrl Pts',(7.1494025439746,-21.8338408761646,2.5));
#13330=CARTESIAN_POINT('Ctrl Pts',(7.1494025439746,-21.8338408761646,2.4));
#13331=CARTESIAN_POINT('Ctrl Pts',(7.12526221580573,-21.7967018180515,2.5));
#13332=CARTESIAN_POINT('Ctrl Pts',(7.12526221580573,-21.7967018180515,2.4));
#13333=CARTESIAN_POINT('Ctrl Pts',(7.08657589562007,-21.7768943005229,2.5));
#13334=CARTESIAN_POINT('Ctrl Pts',(7.08657589562007,-21.7768943005229,2.4));
#13335=CARTESIAN_POINT('',(7.08657589562007,-21.7768943005229,2.5));
#13336=CARTESIAN_POINT('',(7.1494025439746,-21.8338408761646,2.5));
#13337=CARTESIAN_POINT('Ctrl Pts',(7.08657589562007,-21.7768943005229,2.5));
#13338=CARTESIAN_POINT('Ctrl Pts',(7.12526221580573,-21.7967018180515,2.5));
#13339=CARTESIAN_POINT('Ctrl Pts',(7.1494025439746,-21.8338408761646,2.5));
#13340=CARTESIAN_POINT('',(7.08657589562007,-21.7768943005229,2.4));
#13341=CARTESIAN_POINT('',(7.08657589562007,-21.7768943005229,2.5));
#13342=CARTESIAN_POINT('',(7.1494025439746,-21.8338408761646,2.4));
#13343=CARTESIAN_POINT('Ctrl Pts',(7.1494025439746,-21.8338408761646,2.4));
#13344=CARTESIAN_POINT('Ctrl Pts',(7.12526221580573,-21.7967018180515,2.4));
#13345=CARTESIAN_POINT('Ctrl Pts',(7.08657589562007,-21.7768943005229,2.4));
#13346=CARTESIAN_POINT('',(7.1494025439746,-21.8338408761646,2.5));
#13347=CARTESIAN_POINT('Ctrl Pts',(7.17354287214347,-21.9204982810642,2.5));
#13348=CARTESIAN_POINT('Ctrl Pts',(7.17354287214347,-21.9204982810642,2.4));
#13349=CARTESIAN_POINT('Ctrl Pts',(7.17354287214347,-21.8709796362544,2.5));
#13350=CARTESIAN_POINT('Ctrl Pts',(7.17354287214347,-21.8709796362544,2.4));
#13351=CARTESIAN_POINT('Ctrl Pts',(7.1494025439746,-21.8338408761646,2.5));
#13352=CARTESIAN_POINT('Ctrl Pts',(7.1494025439746,-21.8338408761646,2.4));
#13353=CARTESIAN_POINT('',(7.17354287214347,-21.9204982810642,2.5));
#13354=CARTESIAN_POINT('Ctrl Pts',(7.1494025439746,-21.8338408761646,2.5));
#13355=CARTESIAN_POINT('Ctrl Pts',(7.17354287214347,-21.8709796362544,2.5));
#13356=CARTESIAN_POINT('Ctrl Pts',(7.17354287214347,-21.9204982810642,2.5));
#13357=CARTESIAN_POINT('',(7.17354287214347,-21.9204982810642,2.4));
#13358=CARTESIAN_POINT('Ctrl Pts',(7.17354287214347,-21.9204982810642,2.4));
#13359=CARTESIAN_POINT('Ctrl Pts',(7.17354287214347,-21.8709796362544,2.4));
#13360=CARTESIAN_POINT('Ctrl Pts',(7.1494025439746,-21.8338408761646,2.4));
#13361=CARTESIAN_POINT('',(7.17354287214347,-21.9204982810642,2.5));
#13362=CARTESIAN_POINT('Ctrl Pts',(7.12557171292373,-22.0449137383129,2.5));
#13363=CARTESIAN_POINT('Ctrl Pts',(7.12557171292373,-22.0449137383129,2.4));
#13364=CARTESIAN_POINT('Ctrl Pts',(7.17354287214347,-22.0009660416271,2.5));
#13365=CARTESIAN_POINT('Ctrl Pts',(7.17354287214347,-22.0009660416271,2.4));
#13366=CARTESIAN_POINT('Ctrl Pts',(7.17354287214347,-21.9204982810642,2.5));
#13367=CARTESIAN_POINT('Ctrl Pts',(7.17354287214347,-21.9204982810642,2.4));
#13368=CARTESIAN_POINT('',(7.12557171292373,-22.0449137383129,2.5));
#13369=CARTESIAN_POINT('Ctrl Pts',(7.17354287214347,-21.9204982810642,2.5));
#13370=CARTESIAN_POINT('Ctrl Pts',(7.17354287214347,-22.0009660416271,2.5));
#13371=CARTESIAN_POINT('Ctrl Pts',(7.12557171292373,-22.0449137383129,2.5));
#13372=CARTESIAN_POINT('',(7.12557171292373,-22.0449137383129,2.4));
#13373=CARTESIAN_POINT('Ctrl Pts',(7.12557171292373,-22.0449137383129,2.4));
#13374=CARTESIAN_POINT('Ctrl Pts',(7.17354287214347,-22.0009660416271,2.4));
#13375=CARTESIAN_POINT('Ctrl Pts',(7.17354287214347,-21.9204982810642,2.4));
#13376=CARTESIAN_POINT('',(7.12557171292373,-22.0449137383129,2.5));
#13377=CARTESIAN_POINT('Ctrl Pts',(6.99094314880439,-22.0888614349986,2.5));
#13378=CARTESIAN_POINT('Ctrl Pts',(6.99094314880439,-22.0888614349986,2.4));
#13379=CARTESIAN_POINT('Ctrl Pts',(7.07760062820979,-22.0888614349986,2.5));
#13380=CARTESIAN_POINT('Ctrl Pts',(7.07760062820979,-22.0888614349986,2.4));
#13381=CARTESIAN_POINT('Ctrl Pts',(7.12557171292373,-22.0449137383129,2.5));
#13382=CARTESIAN_POINT('Ctrl Pts',(7.12557171292373,-22.0449137383129,2.4));
#13383=CARTESIAN_POINT('',(6.99094314880439,-22.0888614349986,2.5));
#13384=CARTESIAN_POINT('Ctrl Pts',(7.12557171292373,-22.0449137383129,2.5));
#13385=CARTESIAN_POINT('Ctrl Pts',(7.07760062820979,-22.0888614349986,2.5));
#13386=CARTESIAN_POINT('Ctrl Pts',(6.99094314880439,-22.0888614349986,2.5));
#13387=CARTESIAN_POINT('',(6.99094314880439,-22.0888614349986,2.4));
#13388=CARTESIAN_POINT('Ctrl Pts',(6.99094314880439,-22.0888614349986,2.4));
#13389=CARTESIAN_POINT('Ctrl Pts',(7.07760062820979,-22.0888614349986,2.4));
#13390=CARTESIAN_POINT('Ctrl Pts',(7.12557171292373,-22.0449137383129,2.4));
#13391=CARTESIAN_POINT('',(6.99094314880439,-22.0888614349986,2.5));
#13392=CARTESIAN_POINT('Origin',(6.8516721279151,-22.0888614349986,2.5));
#13393=CARTESIAN_POINT('',(6.8516721279151,-22.0888614349986,2.5));
#13394=CARTESIAN_POINT('',(6.8516721279151,-22.0888614349986,2.5));
#13395=CARTESIAN_POINT('',(6.8516721279151,-22.0888614349986,2.4));
#13396=CARTESIAN_POINT('',(6.8516721279151,-22.0888614349986,2.4));
#13397=CARTESIAN_POINT('',(6.8516721279151,-22.0888614349986,2.5));
#13398=CARTESIAN_POINT('Ctrl Pts',(6.7145675868518,-22.0449137383129,2.5));
#13399=CARTESIAN_POINT('Ctrl Pts',(6.7145675868518,-22.0449137383129,2.4));
#13400=CARTESIAN_POINT('Ctrl Pts',(6.76315766580172,-22.0888614349986,2.5));
#13401=CARTESIAN_POINT('Ctrl Pts',(6.76315766580172,-22.0888614349986,2.4));
#13402=CARTESIAN_POINT('Ctrl Pts',(6.8516721279151,-22.0888614349986,2.5));
#13403=CARTESIAN_POINT('Ctrl Pts',(6.8516721279151,-22.0888614349986,2.4));
#13404=CARTESIAN_POINT('',(6.7145675868518,-22.0449137383129,2.5));
#13405=CARTESIAN_POINT('Ctrl Pts',(6.8516721279151,-22.0888614349986,2.5));
#13406=CARTESIAN_POINT('Ctrl Pts',(6.76315766580172,-22.0888614349986,2.5));
#13407=CARTESIAN_POINT('Ctrl Pts',(6.7145675868518,-22.0449137383129,2.5));
#13408=CARTESIAN_POINT('',(6.7145675868518,-22.0449137383129,2.4));
#13409=CARTESIAN_POINT('Ctrl Pts',(6.7145675868518,-22.0449137383129,2.4));
#13410=CARTESIAN_POINT('Ctrl Pts',(6.76315766580172,-22.0888614349986,2.4));
#13411=CARTESIAN_POINT('Ctrl Pts',(6.8516721279151,-22.0888614349986,2.4));
#13412=CARTESIAN_POINT('',(6.7145675868518,-22.0449137383129,2.5));
#13413=CARTESIAN_POINT('Ctrl Pts',(6.66597743339606,-21.9204982810642,2.5));
#13414=CARTESIAN_POINT('Ctrl Pts',(6.66597743339606,-21.9204982810642,2.4));
#13415=CARTESIAN_POINT('Ctrl Pts',(6.66597743339606,-22.0009660416271,2.5));
#13416=CARTESIAN_POINT('Ctrl Pts',(6.66597743339606,-22.0009660416271,2.4));
#13417=CARTESIAN_POINT('Ctrl Pts',(6.7145675868518,-22.0449137383129,2.5));
#13418=CARTESIAN_POINT('Ctrl Pts',(6.7145675868518,-22.0449137383129,2.4));
#13419=CARTESIAN_POINT('',(6.66597743339606,-21.9204982810642,2.5));
#13420=CARTESIAN_POINT('Ctrl Pts',(6.7145675868518,-22.0449137383129,2.5));
#13421=CARTESIAN_POINT('Ctrl Pts',(6.66597743339606,-22.0009660416271,2.5));
#13422=CARTESIAN_POINT('Ctrl Pts',(6.66597743339606,-21.9204982810642,2.5));
#13423=CARTESIAN_POINT('',(6.66597743339606,-21.9204982810642,2.4));
#13424=CARTESIAN_POINT('Ctrl Pts',(6.66597743339606,-21.9204982810642,2.4));
#13425=CARTESIAN_POINT('Ctrl Pts',(6.66597743339606,-22.0009660416271,2.4));
#13426=CARTESIAN_POINT('Ctrl Pts',(6.7145675868518,-22.0449137383129,2.4));
#13427=CARTESIAN_POINT('',(6.66597743339606,-21.9204982810642,2.5));
#13428=CARTESIAN_POINT('Ctrl Pts',(6.68949876732894,-21.8332218819286,2.5));
#13429=CARTESIAN_POINT('Ctrl Pts',(6.68949876732894,-21.8332218819286,2.4));
#13430=CARTESIAN_POINT('Ctrl Pts',(6.66597743339606,-21.8703606420185,2.5));
#13431=CARTESIAN_POINT('Ctrl Pts',(6.66597743339606,-21.8703606420185,2.4));
#13432=CARTESIAN_POINT('Ctrl Pts',(6.66597743339606,-21.9204982810642,2.5));
#13433=CARTESIAN_POINT('Ctrl Pts',(6.66597743339606,-21.9204982810642,2.4));
#13434=CARTESIAN_POINT('',(6.68949876732894,-21.8332218819286,2.5));
#13435=CARTESIAN_POINT('Ctrl Pts',(6.66597743339606,-21.9204982810642,2.5));
#13436=CARTESIAN_POINT('Ctrl Pts',(6.66597743339606,-21.8703606420185,2.5));
#13437=CARTESIAN_POINT('Ctrl Pts',(6.68949876732894,-21.8332218819286,2.5));
#13438=CARTESIAN_POINT('',(6.68949876732894,-21.8332218819286,2.4));
#13439=CARTESIAN_POINT('Ctrl Pts',(6.68949876732894,-21.8332218819286,2.4));
#13440=CARTESIAN_POINT('Ctrl Pts',(6.66597743339606,-21.8703606420185,2.4));
#13441=CARTESIAN_POINT('Ctrl Pts',(6.66597743339606,-21.9204982810642,2.4));
#13442=CARTESIAN_POINT('',(6.68949876732894,-21.8332218819286,2.5));
#13443=CARTESIAN_POINT('Ctrl Pts',(6.75077800459929,-21.7765849524166,2.5));
#13444=CARTESIAN_POINT('Ctrl Pts',(6.75077800459929,-21.7765849524166,2.4));
#13445=CARTESIAN_POINT('Ctrl Pts',(6.71302010126182,-21.7960828238155,2.5));
#13446=CARTESIAN_POINT('Ctrl Pts',(6.71302010126182,-21.7960828238155,2.4));
#13447=CARTESIAN_POINT('Ctrl Pts',(6.68949876732894,-21.8332218819286,2.5));
#13448=CARTESIAN_POINT('Ctrl Pts',(6.68949876732894,-21.8332218819286,2.4));
#13449=CARTESIAN_POINT('',(6.75077800459929,-21.7765849524166,2.5));
#13450=CARTESIAN_POINT('Ctrl Pts',(6.68949876732894,-21.8332218819286,2.5));
#13451=CARTESIAN_POINT('Ctrl Pts',(6.71302010126182,-21.7960828238155,2.5));
#13452=CARTESIAN_POINT('Ctrl Pts',(6.75077800459929,-21.7765849524166,2.5));
#13453=CARTESIAN_POINT('',(6.75077800459929,-21.7765849524166,2.4));
#13454=CARTESIAN_POINT('Ctrl Pts',(6.75077800459929,-21.7765849524166,2.4));
#13455=CARTESIAN_POINT('Ctrl Pts',(6.71302010126182,-21.7960828238155,2.4));
#13456=CARTESIAN_POINT('Ctrl Pts',(6.68949876732894,-21.8332218819286,2.4));
#13457=CARTESIAN_POINT('',(6.75077800459929,-21.7765849524166,2.5));
#13458=CARTESIAN_POINT('Ctrl Pts',(6.8306267709262,-21.7570867829944,2.5));
#13459=CARTESIAN_POINT('Ctrl Pts',(6.8306267709262,-21.7570867829944,2.4));
#13460=CARTESIAN_POINT('Ctrl Pts',(6.78853590793677,-21.7570867829944,2.5));
#13461=CARTESIAN_POINT('Ctrl Pts',(6.78853590793677,-21.7570867829944,2.4));
#13462=CARTESIAN_POINT('Ctrl Pts',(6.75077800459929,-21.7765849524166,2.5));
#13463=CARTESIAN_POINT('Ctrl Pts',(6.75077800459929,-21.7765849524166,2.4));
#13464=CARTESIAN_POINT('',(6.8306267709262,-21.7570867829944,2.5));
#13465=CARTESIAN_POINT('Ctrl Pts',(6.75077800459929,-21.7765849524166,2.5));
#13466=CARTESIAN_POINT('Ctrl Pts',(6.78853590793677,-21.7570867829944,2.5));
#13467=CARTESIAN_POINT('Ctrl Pts',(6.8306267709262,-21.7570867829944,2.5));
#13468=CARTESIAN_POINT('',(6.8306267709262,-21.7570867829944,2.4));
#13469=CARTESIAN_POINT('Ctrl Pts',(6.8306267709262,-21.7570867829944,2.4));
#13470=CARTESIAN_POINT('Ctrl Pts',(6.78853590793677,-21.7570867829944,2.4));
#13471=CARTESIAN_POINT('Ctrl Pts',(6.75077800459929,-21.7765849524166,2.4));
#13472=CARTESIAN_POINT('',(6.8306267709262,-21.7570867829944,2.5));
#13473=CARTESIAN_POINT('Origin',(7.00579871244498,-21.7570867829944,2.5));
#13474=CARTESIAN_POINT('',(7.00579871244498,-21.7570867829944,2.5));
#13475=CARTESIAN_POINT('',(7.24101190276214,-21.7570867829944,2.5));
#13476=CARTESIAN_POINT('',(7.00579871244498,-21.7570867829944,2.4));
#13477=CARTESIAN_POINT('',(7.24101190276214,-21.7570867829944,2.4));
#13478=CARTESIAN_POINT('',(7.00579871244498,-21.7570867829944,2.5));
#13479=CARTESIAN_POINT('Ctrl Pts',(7.08657589562007,-21.7768943005229,2.5));
#13480=CARTESIAN_POINT('Ctrl Pts',(7.08657589562007,-21.7768943005229,2.4));
#13481=CARTESIAN_POINT('Ctrl Pts',(7.0478894264228,-21.7570867829944,2.5));
#13482=CARTESIAN_POINT('Ctrl Pts',(7.0478894264228,-21.7570867829944,2.4));
#13483=CARTESIAN_POINT('Ctrl Pts',(7.00579871244498,-21.7570867829944,2.5));
#13484=CARTESIAN_POINT('Ctrl Pts',(7.00579871244498,-21.7570867829944,2.4));
#13485=CARTESIAN_POINT('Ctrl Pts',(7.00579871244498,-21.7570867829944,2.5));
#13486=CARTESIAN_POINT('Ctrl Pts',(7.0478894264228,-21.7570867829944,2.5));
#13487=CARTESIAN_POINT('Ctrl Pts',(7.08657589562007,-21.7768943005229,2.5));
#13488=CARTESIAN_POINT('Ctrl Pts',(7.08657589562007,-21.7768943005229,2.4));
#13489=CARTESIAN_POINT('Ctrl Pts',(7.0478894264228,-21.7570867829944,2.4));
#13490=CARTESIAN_POINT('Ctrl Pts',(7.00579871244498,-21.7570867829944,2.4));
#13491=CARTESIAN_POINT('Origin',(7.24101190276214,-21.7570867829944,2.5));
#13492=CARTESIAN_POINT('',(7.24101190276214,-21.7570867829944,2.5));
#13493=CARTESIAN_POINT('',(7.15848090961551,-21.7570867829944,2.5));
#13494=CARTESIAN_POINT('',(7.24101190276214,-21.7570867829944,2.5));
#13495=CARTESIAN_POINT('',(7.15848090961551,-21.7570867829944,2.4));
#13496=CARTESIAN_POINT('',(7.15848090961551,-21.7570867829944,2.5));
#13497=CARTESIAN_POINT('',(7.24101190276214,-21.7570867829944,2.4));
#13498=CARTESIAN_POINT('',(7.24101190276214,-21.7570867829944,2.4));
#13499=CARTESIAN_POINT('',(7.24101190276214,-21.7570867829944,2.5));
#13500=CARTESIAN_POINT('Origin',(7.24101190276214,-21.6679534011508,2.5));
#13501=CARTESIAN_POINT('',(7.24101190276214,-21.6679534011508,2.5));
#13502=CARTESIAN_POINT('',(7.24101190276214,-21.6679534011508,2.5));
#13503=CARTESIAN_POINT('',(7.24101190276214,-21.6679534011508,2.4));
#13504=CARTESIAN_POINT('',(7.24101190276214,-21.6679534011508,2.4));
#13505=CARTESIAN_POINT('',(7.24101190276214,-21.6679534011508,2.5));
#13506=CARTESIAN_POINT('Origin',(6.34101186699935,-21.6679534011508,2.5));
#13507=CARTESIAN_POINT('',(6.34101186699935,-21.6679534011508,2.5));
#13508=CARTESIAN_POINT('',(6.34101186699935,-21.6679534011508,2.5));
#13509=CARTESIAN_POINT('',(6.34101186699935,-21.6679534011508,2.4));
#13510=CARTESIAN_POINT('',(6.34101186699935,-21.6679534011508,2.4));
#13511=CARTESIAN_POINT('',(6.34101186699935,-21.6679534011508,2.5));
#13512=CARTESIAN_POINT('Origin',(6.34101186699935,-21.7570867829944,2.5));
#13513=CARTESIAN_POINT('',(6.34101186699935,-21.7570867829944,2.5));
#13514=CARTESIAN_POINT('',(6.34101186699935,-21.7570867829944,2.5));
#13515=CARTESIAN_POINT('',(6.34101186699935,-21.7570867829944,2.4));
#13516=CARTESIAN_POINT('',(6.34101186699935,-21.7570867829944,2.4));
#13517=CARTESIAN_POINT('',(6.34101186699935,-21.7570867829944,2.5));
#13518=CARTESIAN_POINT('Origin',(6.68507657862711,-21.7570867829944,2.5));
#13519=CARTESIAN_POINT('',(6.68507657862711,-21.7570867829944,2.5));
#13520=CARTESIAN_POINT('',(7.24101190276214,-21.7570867829944,2.5));
#13521=CARTESIAN_POINT('',(6.68507657862711,-21.7570867829944,2.4));
#13522=CARTESIAN_POINT('',(7.24101190276214,-21.7570867829944,2.4));
#13523=CARTESIAN_POINT('',(6.68507657862711,-21.7570867829944,2.5));
#13524=CARTESIAN_POINT('Ctrl Pts',(6.61676843471595,-21.832912235799,2.5));
#13525=CARTESIAN_POINT('Ctrl Pts',(6.61676843471595,-21.832912235799,2.4));
#13526=CARTESIAN_POINT('Ctrl Pts',(6.6392617048179,-21.7876728350696,2.5));
#13527=CARTESIAN_POINT('Ctrl Pts',(6.6392617048179,-21.7876728350696,2.4));
#13528=CARTESIAN_POINT('Ctrl Pts',(6.68507657862711,-21.7570867829944,2.5));
#13529=CARTESIAN_POINT('Ctrl Pts',(6.68507657862711,-21.7570867829944,2.4));
#13530=CARTESIAN_POINT('',(6.61676843471595,-21.832912235799,2.5));
#13531=CARTESIAN_POINT('Ctrl Pts',(6.61676843471595,-21.832912235799,2.5));
#13532=CARTESIAN_POINT('Ctrl Pts',(6.6392617048179,-21.7876728350696,2.5));
#13533=CARTESIAN_POINT('Ctrl Pts',(6.68507657862711,-21.7570867829944,2.5));
#13534=CARTESIAN_POINT('',(6.61676843471595,-21.832912235799,2.4));
#13535=CARTESIAN_POINT('Ctrl Pts',(6.61676843471595,-21.832912235799,2.4));
#13536=CARTESIAN_POINT('Ctrl Pts',(6.6392617048179,-21.7876728350696,2.4));
#13537=CARTESIAN_POINT('Ctrl Pts',(6.68507657862711,-21.7570867829944,2.4));
#13538=CARTESIAN_POINT('',(6.61676843471595,-21.832912235799,2.5));
#13539=CARTESIAN_POINT('Ctrl Pts',(6.58922371275493,-21.961970000806,2.5));
#13540=CARTESIAN_POINT('Ctrl Pts',(6.58922371275493,-21.961970000806,2.4));
#13541=CARTESIAN_POINT('Ctrl Pts',(6.58922371275493,-21.888311176839,2.5));
#13542=CARTESIAN_POINT('Ctrl Pts',(6.58922371275493,-21.888311176839,2.4));
#13543=CARTESIAN_POINT('Ctrl Pts',(6.61676843471595,-21.832912235799,2.5));
#13544=CARTESIAN_POINT('Ctrl Pts',(6.61676843471595,-21.832912235799,2.4));
#13545=CARTESIAN_POINT('',(6.58922371275493,-21.961970000806,2.5));
#13546=CARTESIAN_POINT('Ctrl Pts',(6.58922371275493,-21.961970000806,2.5));
#13547=CARTESIAN_POINT('Ctrl Pts',(6.58922371275493,-21.888311176839,2.5));
#13548=CARTESIAN_POINT('Ctrl Pts',(6.61676843471595,-21.832912235799,2.5));
#13549=CARTESIAN_POINT('',(6.58922371275493,-21.961970000806,2.4));
#13550=CARTESIAN_POINT('Ctrl Pts',(6.58922371275493,-21.961970000806,2.4));
#13551=CARTESIAN_POINT('Ctrl Pts',(6.58922371275493,-21.888311176839,2.4));
#13552=CARTESIAN_POINT('Ctrl Pts',(6.61676843471595,-21.832912235799,2.4));
#13553=CARTESIAN_POINT('',(6.58922371275493,-21.961970000806,2.5));
#13554=CARTESIAN_POINT('Ctrl Pts',(6.6198632568843,-22.0786481791164,2.5));
#13555=CARTESIAN_POINT('Ctrl Pts',(6.6198632568843,-22.0786481791164,2.4));
#13556=CARTESIAN_POINT('Ctrl Pts',(6.58922371275493,-22.0300581746723,2.5));
#13557=CARTESIAN_POINT('Ctrl Pts',(6.58922371275493,-22.0300581746723,2.4));
#13558=CARTESIAN_POINT('Ctrl Pts',(6.58922371275493,-21.961970000806,2.5));
#13559=CARTESIAN_POINT('Ctrl Pts',(6.58922371275493,-21.961970000806,2.4));
#13560=CARTESIAN_POINT('',(6.6198632568843,-22.0786481791164,2.5));
#13561=CARTESIAN_POINT('Ctrl Pts',(6.6198632568843,-22.0786481791164,2.5));
#13562=CARTESIAN_POINT('Ctrl Pts',(6.58922371275493,-22.0300581746723,2.5));
#13563=CARTESIAN_POINT('Ctrl Pts',(6.58922371275493,-21.961970000806,2.5));
#13564=CARTESIAN_POINT('',(6.6198632568843,-22.0786481791164,2.4));
#13565=CARTESIAN_POINT('Ctrl Pts',(6.6198632568843,-22.0786481791164,2.4));
#13566=CARTESIAN_POINT('Ctrl Pts',(6.58922371275493,-22.0300581746723,2.4));
#13567=CARTESIAN_POINT('Ctrl Pts',(6.58922371275493,-21.961970000806,2.4));
#13568=CARTESIAN_POINT('',(6.6198632568843,-22.0786481791164,2.5));
#13569=CARTESIAN_POINT('Ctrl Pts',(6.70930621035167,-22.152616649213,2.5));
#13570=CARTESIAN_POINT('Ctrl Pts',(6.70930621035167,-22.152616649213,2.4));
#13571=CARTESIAN_POINT('Ctrl Pts',(6.65050287551948,-22.1272381835605,2.5));
#13572=CARTESIAN_POINT('Ctrl Pts',(6.65050287551948,-22.1272381835605,2.4));
#13573=CARTESIAN_POINT('Ctrl Pts',(6.6198632568843,-22.0786481791164,2.5));
#13574=CARTESIAN_POINT('Ctrl Pts',(6.6198632568843,-22.0786481791164,2.4));
#13575=CARTESIAN_POINT('',(6.70930621035167,-22.152616649213,2.5));
#13576=CARTESIAN_POINT('Ctrl Pts',(6.70930621035167,-22.152616649213,2.5));
#13577=CARTESIAN_POINT('Ctrl Pts',(6.65050287551948,-22.1272381835605,2.5));
#13578=CARTESIAN_POINT('Ctrl Pts',(6.6198632568843,-22.0786481791164,2.5));
#13579=CARTESIAN_POINT('',(6.70930621035167,-22.152616649213,2.4));
#13580=CARTESIAN_POINT('Ctrl Pts',(6.70930621035167,-22.152616649213,2.4));
#13581=CARTESIAN_POINT('Ctrl Pts',(6.65050287551948,-22.1272381835605,2.4));
#13582=CARTESIAN_POINT('Ctrl Pts',(6.6198632568843,-22.0786481791164,2.4));
#13583=CARTESIAN_POINT('',(6.70930621035167,-22.152616649213,2.5));
#13584=CARTESIAN_POINT('Ctrl Pts',(6.85105313367911,-22.1779948168422,2.5));
#13585=CARTESIAN_POINT('Ctrl Pts',(6.85105313367911,-22.1779948168422,2.4));
#13586=CARTESIAN_POINT('Ctrl Pts',(6.76810954518386,-22.1779948168422,2.5));
#13587=CARTESIAN_POINT('Ctrl Pts',(6.76810954518386,-22.1779948168422,2.4));
#13588=CARTESIAN_POINT('Ctrl Pts',(6.70930621035167,-22.152616649213,2.5));
#13589=CARTESIAN_POINT('Ctrl Pts',(6.70930621035167,-22.152616649213,2.4));
#13590=CARTESIAN_POINT('',(6.85105313367911,-22.1779948168422,2.5));
#13591=CARTESIAN_POINT('Ctrl Pts',(6.85105313367911,-22.1779948168422,2.5));
#13592=CARTESIAN_POINT('Ctrl Pts',(6.76810954518386,-22.1779948168422,2.5));
#13593=CARTESIAN_POINT('Ctrl Pts',(6.70930621035167,-22.152616649213,2.5));
#13594=CARTESIAN_POINT('',(6.85105313367911,-22.1779948168422,2.4));
#13595=CARTESIAN_POINT('Ctrl Pts',(6.85105313367911,-22.1779948168422,2.4));
#13596=CARTESIAN_POINT('Ctrl Pts',(6.76810954518386,-22.1779948168422,2.4));
#13597=CARTESIAN_POINT('Ctrl Pts',(6.70930621035167,-22.152616649213,2.4));
#13598=CARTESIAN_POINT('',(6.85105313367911,-22.1779948168422,2.5));
#13599=CARTESIAN_POINT('Origin',(6.99094314880439,-22.1779948168422,2.5));
#13600=CARTESIAN_POINT('',(6.99094314880439,-22.1779948168422,2.5));
#13601=CARTESIAN_POINT('',(6.99094314880439,-22.1779948168422,2.5));
#13602=CARTESIAN_POINT('',(6.99094314880439,-22.1779948168422,2.4));
#13603=CARTESIAN_POINT('',(6.99094314880439,-22.1779948168422,2.4));
#13604=CARTESIAN_POINT('',(6.99094314880439,-22.1779948168422,2.5));
#13605=CARTESIAN_POINT('Ctrl Pts',(7.13083308942386,-22.151997654977,2.5));
#13606=CARTESIAN_POINT('Ctrl Pts',(7.13083308942386,-22.151997654977,2.4));
#13607=CARTESIAN_POINT('Ctrl Pts',(7.07264874882766,-22.1779948168422,2.5));
#13608=CARTESIAN_POINT('Ctrl Pts',(7.07264874882766,-22.1779948168422,2.4));
#13609=CARTESIAN_POINT('Ctrl Pts',(6.99094314880439,-22.1779948168422,2.5));
#13610=CARTESIAN_POINT('Ctrl Pts',(6.99094314880439,-22.1779948168422,2.4));
#13611=CARTESIAN_POINT('',(7.13083308942386,-22.151997654977,2.5));
#13612=CARTESIAN_POINT('Ctrl Pts',(7.13083308942386,-22.151997654977,2.5));
#13613=CARTESIAN_POINT('Ctrl Pts',(7.07264874882766,-22.1779948168422,2.5));
#13614=CARTESIAN_POINT('Ctrl Pts',(6.99094314880439,-22.1779948168422,2.5));
#13615=CARTESIAN_POINT('',(7.13083308942386,-22.151997654977,2.4));
#13616=CARTESIAN_POINT('Ctrl Pts',(7.13083308942386,-22.151997654977,2.4));
#13617=CARTESIAN_POINT('Ctrl Pts',(7.07264874882766,-22.1779948168422,2.4));
#13618=CARTESIAN_POINT('Ctrl Pts',(6.99094314880439,-22.1779948168422,2.4));
#13619=CARTESIAN_POINT('',(7.13083308942386,-22.151997654977,2.5));
#13620=CARTESIAN_POINT('Ctrl Pts',(7.21965704865523,-22.075862854066,2.5));
#13621=CARTESIAN_POINT('Ctrl Pts',(7.21965704865523,-22.075862854066,2.4));
#13622=CARTESIAN_POINT('Ctrl Pts',(7.18901743002005,-22.1260001950885,2.5));
#13623=CARTESIAN_POINT('Ctrl Pts',(7.18901743002005,-22.1260001950885,2.4));
#13624=CARTESIAN_POINT('Ctrl Pts',(7.13083308942386,-22.151997654977,2.5));
#13625=CARTESIAN_POINT('Ctrl Pts',(7.13083308942386,-22.151997654977,2.4));
#13626=CARTESIAN_POINT('',(7.21965704865523,-22.075862854066,2.5));
#13627=CARTESIAN_POINT('Ctrl Pts',(7.21965704865523,-22.075862854066,2.5));
#13628=CARTESIAN_POINT('Ctrl Pts',(7.18901743002005,-22.1260001950885,2.5));
#13629=CARTESIAN_POINT('Ctrl Pts',(7.13083308942386,-22.151997654977,2.5));
#13630=CARTESIAN_POINT('',(7.21965704865523,-22.075862854066,2.4));
#13631=CARTESIAN_POINT('Ctrl Pts',(7.21965704865523,-22.075862854066,2.4));
#13632=CARTESIAN_POINT('Ctrl Pts',(7.18901743002005,-22.1260001950885,2.4));
#13633=CARTESIAN_POINT('Ctrl Pts',(7.13083308942386,-22.151997654977,2.4));
#13634=CARTESIAN_POINT('',(7.21965704865523,-22.075862854066,2.5));
#13635=CARTESIAN_POINT('Ctrl Pts',(7.25029666729041,-21.9557803564693,2.5));
#13636=CARTESIAN_POINT('Ctrl Pts',(7.25029666729041,-21.9557803564693,2.4));
#13637=CARTESIAN_POINT('Ctrl Pts',(7.25029666729041,-22.0257252150203,2.5));
#13638=CARTESIAN_POINT('Ctrl Pts',(7.25029666729041,-22.0257252150203,2.4));
#13639=CARTESIAN_POINT('Ctrl Pts',(7.21965704865523,-22.075862854066,2.5));
#13640=CARTESIAN_POINT('Ctrl Pts',(7.21965704865523,-22.075862854066,2.4));
#13641=CARTESIAN_POINT('',(7.25029666729041,-21.9557803564693,2.5));
#13642=CARTESIAN_POINT('Ctrl Pts',(7.25029666729041,-21.9557803564693,2.5));
#13643=CARTESIAN_POINT('Ctrl Pts',(7.25029666729041,-22.0257252150203,2.5));
#13644=CARTESIAN_POINT('Ctrl Pts',(7.21965704865523,-22.075862854066,2.5));
#13645=CARTESIAN_POINT('',(7.25029666729041,-21.9557803564693,2.4));
#13646=CARTESIAN_POINT('Ctrl Pts',(7.25029666729041,-21.9557803564693,2.4));
#13647=CARTESIAN_POINT('Ctrl Pts',(7.25029666729041,-22.0257252150203,2.4));
#13648=CARTESIAN_POINT('Ctrl Pts',(7.21965704865523,-22.075862854066,2.4));
#13649=CARTESIAN_POINT('',(7.25029666729041,-21.9557803564693,2.5));
#13650=CARTESIAN_POINT('Ctrl Pts',(7.22460885353156,-21.8251749568607,2.5));
#13651=CARTESIAN_POINT('Ctrl Pts',(7.22460885353156,-21.8251749568607,2.4));
#13652=CARTESIAN_POINT('Ctrl Pts',(7.25029666729041,-21.8777885728504,2.5));
#13653=CARTESIAN_POINT('Ctrl Pts',(7.25029666729041,-21.8777885728504,2.4));
#13654=CARTESIAN_POINT('Ctrl Pts',(7.25029666729041,-21.9557803564693,2.5));
#13655=CARTESIAN_POINT('Ctrl Pts',(7.25029666729041,-21.9557803564693,2.4));
#13656=CARTESIAN_POINT('',(7.22460885353156,-21.8251749568607,2.5));
#13657=CARTESIAN_POINT('Ctrl Pts',(7.22460885353156,-21.8251749568607,2.5));
#13658=CARTESIAN_POINT('Ctrl Pts',(7.25029666729041,-21.8777885728504,2.5));
#13659=CARTESIAN_POINT('Ctrl Pts',(7.25029666729041,-21.9557803564693,2.5));
#13660=CARTESIAN_POINT('',(7.22460885353156,-21.8251749568607,2.4));
#13661=CARTESIAN_POINT('Ctrl Pts',(7.22460885353156,-21.8251749568607,2.4));
#13662=CARTESIAN_POINT('Ctrl Pts',(7.25029666729041,-21.8777885728504,2.4));
#13663=CARTESIAN_POINT('Ctrl Pts',(7.25029666729041,-21.9557803564693,2.4));
#13664=CARTESIAN_POINT('',(7.22460885353156,-21.8251749568607,2.5));
#13665=CARTESIAN_POINT('Ctrl Pts',(7.15848090961551,-21.7570867829944,2.5));
#13666=CARTESIAN_POINT('Ctrl Pts',(7.15848090961551,-21.7570867829944,2.4));
#13667=CARTESIAN_POINT('Ctrl Pts',(7.2031257977517,-21.7811733716705,2.5));
#13668=CARTESIAN_POINT('Ctrl Pts',(7.2031257977517,-21.7811733716705,2.4));
#13669=CARTESIAN_POINT('Ctrl Pts',(7.22460885353156,-21.8251749568607,2.5));
#13670=CARTESIAN_POINT('Ctrl Pts',(7.22460885353156,-21.8251749568607,2.4));
#13671=CARTESIAN_POINT('Ctrl Pts',(7.15848090961551,-21.7570867829944,2.5));
#13672=CARTESIAN_POINT('Ctrl Pts',(7.20312579775171,-21.7811733716705,2.5));
#13673=CARTESIAN_POINT('Ctrl Pts',(7.22460885353156,-21.8251749568607,2.5));
#13674=CARTESIAN_POINT('Ctrl Pts',(7.15848090961551,-21.7570867829944,2.4));
#13675=CARTESIAN_POINT('Ctrl Pts',(7.20312579775171,-21.7811733716705,2.4));
#13676=CARTESIAN_POINT('Ctrl Pts',(7.22460885353156,-21.8251749568607,2.4));
#13677=CARTESIAN_POINT('Origin',(6.79565426714488,-21.9229741089965,2.5));
#13678=CARTESIAN_POINT('Origin',(6.79565426714488,-21.9229741089965,2.4));
#13679=CARTESIAN_POINT('Origin',(6.95999403305121,-18.7927815013553,2.5));
#13680=CARTESIAN_POINT('',(6.95999403305121,-18.7927815013553,2.5));
#13681=CARTESIAN_POINT('',(6.95999403305121,-19.2087372832919,2.5));
#13682=CARTESIAN_POINT('',(6.95999403305121,-18.7927815013553,2.5));
#13683=CARTESIAN_POINT('',(6.95999403305121,-19.2087372832919,2.4));
#13684=CARTESIAN_POINT('',(6.95999403305121,-19.2087372832919,2.5));
#13685=CARTESIAN_POINT('',(6.95999403305121,-18.7927815013553,2.4));
#13686=CARTESIAN_POINT('',(6.95999403305121,-18.7927815013553,2.4));
#13687=CARTESIAN_POINT('',(6.95999403305121,-18.7927815013553,2.5));
#13688=CARTESIAN_POINT('Origin',(6.87705037005015,-18.7927815013553,2.5));
#13689=CARTESIAN_POINT('',(6.87705037005015,-18.7927815013553,2.5));
#13690=CARTESIAN_POINT('',(6.87705037005015,-18.7927815013553,2.5));
#13691=CARTESIAN_POINT('',(6.87705037005015,-18.7927815013553,2.4));
#13692=CARTESIAN_POINT('',(6.87705037005015,-18.7927815013553,2.4));
#13693=CARTESIAN_POINT('',(6.87705037005015,-18.7927815013553,2.5));
#13694=CARTESIAN_POINT('Origin',(6.87705037005015,-19.2087372832919,2.5));
#13695=CARTESIAN_POINT('',(6.87705037005015,-19.2087372832919,2.5));
#13696=CARTESIAN_POINT('',(6.87705037005015,-19.2087372832919,2.5));
#13697=CARTESIAN_POINT('',(6.87705037005015,-19.2087372832919,2.4));
#13698=CARTESIAN_POINT('',(6.87705037005015,-19.2087372832919,2.4));
#13699=CARTESIAN_POINT('',(6.87705037005015,-19.2087372832919,2.5));
#13700=CARTESIAN_POINT('Origin',(6.95999403305121,-19.2087372832919,2.5));
#13701=CARTESIAN_POINT('',(6.95999403305121,-19.2087372832919,2.5));
#13702=CARTESIAN_POINT('',(6.95999403305121,-19.2087372832919,2.4));
#13703=CARTESIAN_POINT('Origin',(6.91852220155068,-19.0007593923236,2.5));
#13704=CARTESIAN_POINT('Origin',(6.91852220155068,-19.0007593923236,2.4));
#13705=CARTESIAN_POINT('Ctrl Pts',(7.16611509032317,-20.2764814787532,2.5));
#13706=CARTESIAN_POINT('Ctrl Pts',(7.16611509032317,-20.2764814787532,2.4));
#13707=CARTESIAN_POINT('Ctrl Pts',(7.16611509032317,-20.1935380392696,2.5));
#13708=CARTESIAN_POINT('Ctrl Pts',(7.16611509032317,-20.1935380392696,2.4));
#13709=CARTESIAN_POINT('Ctrl Pts',(7.1494025439746,-20.1477333598758,2.5));
#13710=CARTESIAN_POINT('Ctrl Pts',(7.1494025439746,-20.1477333598758,2.4));
#13711=CARTESIAN_POINT('',(7.1494025439746,-20.1477333598758,2.5));
#13712=CARTESIAN_POINT('',(7.16611509032317,-20.2764814787532,2.5));
#13713=CARTESIAN_POINT('Ctrl Pts',(7.1494025439746,-20.1477333598758,2.5));
#13714=CARTESIAN_POINT('Ctrl Pts',(7.16611509032317,-20.1935380392696,2.5));
#13715=CARTESIAN_POINT('Ctrl Pts',(7.16611509032317,-20.2764814787532,2.5));
#13716=CARTESIAN_POINT('',(7.1494025439746,-20.1477333598758,2.4));
#13717=CARTESIAN_POINT('',(7.1494025439746,-20.1477333598758,2.5));
#13718=CARTESIAN_POINT('',(7.16611509032317,-20.2764814787532,2.4));
#13719=CARTESIAN_POINT('Ctrl Pts',(7.16611509032317,-20.2764814787532,2.4));
#13720=CARTESIAN_POINT('Ctrl Pts',(7.16611509032317,-20.1935380392696,2.4));
#13721=CARTESIAN_POINT('Ctrl Pts',(7.1494025439746,-20.1477333598758,2.4));
#13722=CARTESIAN_POINT('',(7.16611509032317,-20.2764814787532,2.5));
#13723=CARTESIAN_POINT('Ctrl Pts',(7.13609446592399,-20.3962546282436,2.5));
#13724=CARTESIAN_POINT('Ctrl Pts',(7.13609446592399,-20.3962546282436,2.4));
#13725=CARTESIAN_POINT('Ctrl Pts',(7.16611509032317,-20.3538542681362,2.5));
#13726=CARTESIAN_POINT('Ctrl Pts',(7.16611509032317,-20.3538542681362,2.4));
#13727=CARTESIAN_POINT('Ctrl Pts',(7.16611509032317,-20.2764814787532,2.5));
#13728=CARTESIAN_POINT('Ctrl Pts',(7.16611509032317,-20.2764814787532,2.4));
#13729=CARTESIAN_POINT('',(7.13609446592399,-20.3962546282436,2.5));
#13730=CARTESIAN_POINT('Ctrl Pts',(7.16611509032317,-20.2764814787532,2.5));
#13731=CARTESIAN_POINT('Ctrl Pts',(7.16611509032317,-20.3538542681362,2.5));
#13732=CARTESIAN_POINT('Ctrl Pts',(7.13609446592399,-20.3962546282436,2.5));
#13733=CARTESIAN_POINT('',(7.13609446592399,-20.3962546282436,2.4));
#13734=CARTESIAN_POINT('Ctrl Pts',(7.13609446592399,-20.3962546282436,2.4));
#13735=CARTESIAN_POINT('Ctrl Pts',(7.16611509032317,-20.3538542681362,2.4));
#13736=CARTESIAN_POINT('Ctrl Pts',(7.16611509032317,-20.2764814787532,2.4));
#13737=CARTESIAN_POINT('',(7.13609446592399,-20.3962546282436,2.5));
#13738=CARTESIAN_POINT('Ctrl Pts',(7.05160339183875,-20.438654988351,2.5));
#13739=CARTESIAN_POINT('Ctrl Pts',(7.05160339183875,-20.438654988351,2.4));
#13740=CARTESIAN_POINT('Ctrl Pts',(7.10607376701899,-20.438654988351,2.5));
#13741=CARTESIAN_POINT('Ctrl Pts',(7.10607376701899,-20.438654988351,2.4));
#13742=CARTESIAN_POINT('Ctrl Pts',(7.13609446592399,-20.3962546282436,2.5));
#13743=CARTESIAN_POINT('Ctrl Pts',(7.13609446592399,-20.3962546282436,2.4));
#13744=CARTESIAN_POINT('',(7.05160339183875,-20.438654988351,2.5));
#13745=CARTESIAN_POINT('Ctrl Pts',(7.13609446592399,-20.3962546282436,2.5));
#13746=CARTESIAN_POINT('Ctrl Pts',(7.10607376701899,-20.438654988351,2.5));
#13747=CARTESIAN_POINT('Ctrl Pts',(7.05160339183875,-20.438654988351,2.5));
#13748=CARTESIAN_POINT('',(7.05160339183875,-20.438654988351,2.4));
#13749=CARTESIAN_POINT('Ctrl Pts',(7.05160339183875,-20.438654988351,2.4));
#13750=CARTESIAN_POINT('Ctrl Pts',(7.10607376701899,-20.438654988351,2.4));
#13751=CARTESIAN_POINT('Ctrl Pts',(7.13609446592399,-20.3962546282436,2.4));
#13752=CARTESIAN_POINT('',(7.05160339183875,-20.438654988351,2.5));
#13753=CARTESIAN_POINT('Ctrl Pts',(6.97206412262984,-20.4049202495242,2.5));
#13754=CARTESIAN_POINT('Ctrl Pts',(6.97206412262984,-20.4049202495242,2.4));
#13755=CARTESIAN_POINT('Ctrl Pts',(7.00022783882686,-20.438654988351,2.5));
#13756=CARTESIAN_POINT('Ctrl Pts',(7.00022783882686,-20.438654988351,2.4));
#13757=CARTESIAN_POINT('Ctrl Pts',(7.05160339183875,-20.438654988351,2.5));
#13758=CARTESIAN_POINT('Ctrl Pts',(7.05160339183875,-20.438654988351,2.4));
#13759=CARTESIAN_POINT('',(6.97206412262984,-20.4049202495242,2.5));
#13760=CARTESIAN_POINT('Ctrl Pts',(7.05160339183875,-20.438654988351,2.5));
#13761=CARTESIAN_POINT('Ctrl Pts',(7.00022783882686,-20.438654988351,2.5));
#13762=CARTESIAN_POINT('Ctrl Pts',(6.97206412262984,-20.4049202495242,2.5));
#13763=CARTESIAN_POINT('',(6.97206412262984,-20.4049202495242,2.4));
#13764=CARTESIAN_POINT('Ctrl Pts',(6.97206412262984,-20.4049202495242,2.4));
#13765=CARTESIAN_POINT('Ctrl Pts',(7.00022783882686,-20.438654988351,2.4));
#13766=CARTESIAN_POINT('Ctrl Pts',(7.05160339183875,-20.438654988351,2.4));
#13767=CARTESIAN_POINT('',(6.97206412262984,-20.4049202495242,2.5));
#13768=CARTESIAN_POINT('Ctrl Pts',(6.94390048093863,-20.3092875772144,2.5));
#13769=CARTESIAN_POINT('Ctrl Pts',(6.94390048093863,-20.3092875772144,2.4));
#13770=CARTESIAN_POINT('Ctrl Pts',(6.94390048093863,-20.3711858087207,2.5));
#13771=CARTESIAN_POINT('Ctrl Pts',(6.94390048093863,-20.3711858087207,2.4));
#13772=CARTESIAN_POINT('Ctrl Pts',(6.97206412262984,-20.4049202495242,2.5));
#13773=CARTESIAN_POINT('Ctrl Pts',(6.97206412262984,-20.4049202495242,2.4));
#13774=CARTESIAN_POINT('',(6.94390048093863,-20.3092875772144,2.5));
#13775=CARTESIAN_POINT('Ctrl Pts',(6.97206412262984,-20.4049202495242,2.5));
#13776=CARTESIAN_POINT('Ctrl Pts',(6.94390048093863,-20.3711858087207,2.5));
#13777=CARTESIAN_POINT('Ctrl Pts',(6.94390048093863,-20.3092875772144,2.5));
#13778=CARTESIAN_POINT('',(6.94390048093863,-20.3092875772144,2.4));
#13779=CARTESIAN_POINT('Ctrl Pts',(6.94390048093863,-20.3092875772144,2.4));
#13780=CARTESIAN_POINT('Ctrl Pts',(6.94390048093863,-20.3711858087207,2.4));
#13781=CARTESIAN_POINT('Ctrl Pts',(6.97206412262984,-20.4049202495242,2.4));
#13782=CARTESIAN_POINT('',(6.94390048093863,-20.3092875772144,2.5));
#13783=CARTESIAN_POINT('Origin',(6.94390048093863,-20.101928680482,2.5));
#13784=CARTESIAN_POINT('',(6.94390048093863,-20.101928680482,2.5));
#13785=CARTESIAN_POINT('',(6.94390048093863,-20.0876921110774,2.5));
#13786=CARTESIAN_POINT('',(6.94390048093863,-20.101928680482,2.4));
#13787=CARTESIAN_POINT('',(6.94390048093863,-20.0876921110774,2.4));
#13788=CARTESIAN_POINT('',(6.94390048093863,-20.101928680482,2.5));
#13789=CARTESIAN_POINT('Origin',(7.10235987610885,-20.101928680482,2.5));
#13790=CARTESIAN_POINT('',(7.10235987610885,-20.101928680482,2.5));
#13791=CARTESIAN_POINT('',(7.24101190276214,-20.101928680482,2.5));
#13792=CARTESIAN_POINT('',(7.10235987610885,-20.101928680482,2.4));
#13793=CARTESIAN_POINT('',(7.24101190276214,-20.101928680482,2.4));
#13794=CARTESIAN_POINT('',(7.10235987610885,-20.101928680482,2.5));
#13795=CARTESIAN_POINT('Ctrl Pts',(7.1494025439746,-20.1477333598758,2.5));
#13796=CARTESIAN_POINT('Ctrl Pts',(7.1494025439746,-20.1477333598758,2.4));
#13797=CARTESIAN_POINT('Ctrl Pts',(7.13268999762603,-20.101928680482,2.5));
#13798=CARTESIAN_POINT('Ctrl Pts',(7.13268999762603,-20.101928680482,2.4));
#13799=CARTESIAN_POINT('Ctrl Pts',(7.10235987610885,-20.101928680482,2.5));
#13800=CARTESIAN_POINT('Ctrl Pts',(7.10235987610885,-20.101928680482,2.4));
#13801=CARTESIAN_POINT('Ctrl Pts',(7.10235987610885,-20.101928680482,2.5));
#13802=CARTESIAN_POINT('Ctrl Pts',(7.13268999762603,-20.101928680482,2.5));
#13803=CARTESIAN_POINT('Ctrl Pts',(7.1494025439746,-20.1477333598758,2.5));
#13804=CARTESIAN_POINT('Ctrl Pts',(7.1494025439746,-20.1477333598758,2.4));
#13805=CARTESIAN_POINT('Ctrl Pts',(7.13268999762603,-20.101928680482,2.4));
#13806=CARTESIAN_POINT('Ctrl Pts',(7.10235987610885,-20.101928680482,2.4));
#13807=CARTESIAN_POINT('Ctrl Pts',(7.19836549896603,-20.101928680482,2.5));
#13808=CARTESIAN_POINT('Ctrl Pts',(7.19836549896603,-20.101928680482,2.4));
#13809=CARTESIAN_POINT('Ctrl Pts',(7.21087780701053,-20.1174652783795,2.5));
#13810=CARTESIAN_POINT('Ctrl Pts',(7.21087780701053,-20.1174652783795,2.4));
#13811=CARTESIAN_POINT('Ctrl Pts',(7.22089496262141,-20.1381390982295,2.5));
#13812=CARTESIAN_POINT('Ctrl Pts',(7.22089496262141,-20.1381390982295,2.4));
#13813=CARTESIAN_POINT('',(7.19836549896603,-20.101928680482,2.5));
#13814=CARTESIAN_POINT('',(7.22089496262141,-20.1381390982295,2.5));
#13815=CARTESIAN_POINT('Ctrl Pts',(7.19836549896603,-20.101928680482,2.5));
#13816=CARTESIAN_POINT('Ctrl Pts',(7.21087780701052,-20.1174652783795,2.5));
#13817=CARTESIAN_POINT('Ctrl Pts',(7.22089496262141,-20.1381390982295,2.5));
#13818=CARTESIAN_POINT('',(7.22089496262141,-20.1381390982295,2.4));
#13819=CARTESIAN_POINT('',(7.22089496262141,-20.1381390982295,2.5));
#13820=CARTESIAN_POINT('',(7.19836549896603,-20.101928680482,2.4));
#13821=CARTESIAN_POINT('Ctrl Pts',(7.19836549896603,-20.101928680482,2.4));
#13822=CARTESIAN_POINT('Ctrl Pts',(7.21087780701053,-20.1174652783795,2.4));
#13823=CARTESIAN_POINT('Ctrl Pts',(7.22089496262141,-20.1381390982295,2.4));
#13824=CARTESIAN_POINT('',(7.19836549896603,-20.101928680482,2.5));
#13825=CARTESIAN_POINT('Origin',(7.24101190276214,-20.101928680482,2.5));
#13826=CARTESIAN_POINT('',(7.24101190276214,-20.101928680482,2.5));
#13827=CARTESIAN_POINT('',(7.24101190276214,-20.101928680482,2.5));
#13828=CARTESIAN_POINT('',(7.24101190276214,-20.101928680482,2.4));
#13829=CARTESIAN_POINT('',(7.24101190276214,-20.101928680482,2.4));
#13830=CARTESIAN_POINT('',(7.24101190276214,-20.101928680482,2.5));
#13831=CARTESIAN_POINT('Origin',(7.24101190276214,-20.0127952986385,2.5));
#13832=CARTESIAN_POINT('',(7.24101190276214,-20.0127952986385,2.5));
#13833=CARTESIAN_POINT('',(7.24101190276214,-20.0127952986385,2.5));
#13834=CARTESIAN_POINT('',(7.24101190276214,-20.0127952986385,2.4));
#13835=CARTESIAN_POINT('',(7.24101190276214,-20.0127952986385,2.4));
#13836=CARTESIAN_POINT('',(7.24101190276214,-20.0127952986385,2.5));
#13837=CARTESIAN_POINT('Origin',(6.82815079398223,-20.0127952986385,2.5));
#13838=CARTESIAN_POINT('',(6.82815079398223,-20.0127952986385,2.5));
#13839=CARTESIAN_POINT('',(6.82815079398223,-20.0127952986385,2.5));
#13840=CARTESIAN_POINT('',(6.82815079398223,-20.0127952986385,2.4));
#13841=CARTESIAN_POINT('',(6.82815079398223,-20.0127952986385,2.4));
#13842=CARTESIAN_POINT('',(6.82815079398223,-20.0127952986385,2.5));
#13843=CARTESIAN_POINT('Ctrl Pts',(6.69909302897521,-20.0425064259197,2.5));
#13844=CARTESIAN_POINT('Ctrl Pts',(6.69909302897521,-20.0425064259197,2.4));
#13845=CARTESIAN_POINT('Ctrl Pts',(6.75263498730727,-20.0127952986385,2.5));
#13846=CARTESIAN_POINT('Ctrl Pts',(6.75263498730727,-20.0127952986385,2.4));
#13847=CARTESIAN_POINT('Ctrl Pts',(6.82815079398223,-20.0127952986385,2.5));
#13848=CARTESIAN_POINT('Ctrl Pts',(6.82815079398223,-20.0127952986385,2.4));
#13849=CARTESIAN_POINT('',(6.69909302897521,-20.0425064259197,2.5));
#13850=CARTESIAN_POINT('Ctrl Pts',(6.69909302897521,-20.0425064259197,2.5));
#13851=CARTESIAN_POINT('Ctrl Pts',(6.75263498730727,-20.0127952986385,2.5));
#13852=CARTESIAN_POINT('Ctrl Pts',(6.82815079398223,-20.0127952986385,2.5));
#13853=CARTESIAN_POINT('',(6.69909302897521,-20.0425064259197,2.4));
#13854=CARTESIAN_POINT('Ctrl Pts',(6.69909302897521,-20.0425064259197,2.4));
#13855=CARTESIAN_POINT('Ctrl Pts',(6.75263498730727,-20.0127952986385,2.4));
#13856=CARTESIAN_POINT('Ctrl Pts',(6.82815079398223,-20.0127952986385,2.4));
#13857=CARTESIAN_POINT('',(6.69909302897521,-20.0425064259197,2.5));
#13858=CARTESIAN_POINT('Ctrl Pts',(6.61738742895194,-20.1291638308193,2.5));
#13859=CARTESIAN_POINT('Ctrl Pts',(6.61738742895194,-20.1291638308193,2.4));
#13860=CARTESIAN_POINT('Ctrl Pts',(6.64555107064315,-20.0722175532009,2.5));
#13861=CARTESIAN_POINT('Ctrl Pts',(6.64555107064315,-20.0722175532009,2.4));
#13862=CARTESIAN_POINT('Ctrl Pts',(6.69909302897521,-20.0425064259197,2.5));
#13863=CARTESIAN_POINT('Ctrl Pts',(6.69909302897521,-20.0425064259197,2.4));
#13864=CARTESIAN_POINT('',(6.61738742895194,-20.1291638308193,2.5));
#13865=CARTESIAN_POINT('Ctrl Pts',(6.61738742895194,-20.1291638308193,2.5));
#13866=CARTESIAN_POINT('Ctrl Pts',(6.64555107064315,-20.0722175532009,2.5));
#13867=CARTESIAN_POINT('Ctrl Pts',(6.69909302897521,-20.0425064259197,2.5));
#13868=CARTESIAN_POINT('',(6.61738742895194,-20.1291638308193,2.4));
#13869=CARTESIAN_POINT('Ctrl Pts',(6.61738742895194,-20.1291638308193,2.4));
#13870=CARTESIAN_POINT('Ctrl Pts',(6.64555107064315,-20.0722175532009,2.4));
#13871=CARTESIAN_POINT('Ctrl Pts',(6.69909302897521,-20.0425064259197,2.4));
#13872=CARTESIAN_POINT('',(6.61738742895194,-20.1291638308193,2.5));
#13873=CARTESIAN_POINT('Ctrl Pts',(6.58922371275493,-20.2659588747646,2.5));
#13874=CARTESIAN_POINT('Ctrl Pts',(6.58922371275493,-20.2659588747646,2.4));
#13875=CARTESIAN_POINT('Ctrl Pts',(6.58922371275493,-20.1861101084377,2.5));
#13876=CARTESIAN_POINT('Ctrl Pts',(6.58922371275493,-20.1861101084377,2.4));
#13877=CARTESIAN_POINT('Ctrl Pts',(6.61738742895194,-20.1291638308193,2.5));
#13878=CARTESIAN_POINT('Ctrl Pts',(6.61738742895194,-20.1291638308193,2.4));
#13879=CARTESIAN_POINT('',(6.58922371275493,-20.2659588747646,2.5));
#13880=CARTESIAN_POINT('Ctrl Pts',(6.58922371275493,-20.2659588747646,2.5));
#13881=CARTESIAN_POINT('Ctrl Pts',(6.58922371275493,-20.1861101084377,2.5));
#13882=CARTESIAN_POINT('Ctrl Pts',(6.61738742895194,-20.1291638308193,2.5));
#13883=CARTESIAN_POINT('',(6.58922371275493,-20.2659588747646,2.4));
#13884=CARTESIAN_POINT('Ctrl Pts',(6.58922371275493,-20.2659588747646,2.4));
#13885=CARTESIAN_POINT('Ctrl Pts',(6.58922371275493,-20.1861101084377,2.4));
#13886=CARTESIAN_POINT('Ctrl Pts',(6.61738742895194,-20.1291638308193,2.4));
#13887=CARTESIAN_POINT('',(6.58922371275493,-20.2659588747646,2.5));
#13888=CARTESIAN_POINT('Ctrl Pts',(6.61367353804179,-20.3987306051875,2.5));
#13889=CARTESIAN_POINT('Ctrl Pts',(6.61367353804179,-20.3987306051875,2.4));
#13890=CARTESIAN_POINT('Ctrl Pts',(6.58922371275493,-20.3389987044956,2.5));
#13891=CARTESIAN_POINT('Ctrl Pts',(6.58922371275493,-20.3389987044956,2.4));
#13892=CARTESIAN_POINT('Ctrl Pts',(6.58922371275493,-20.2659588747646,2.5));
#13893=CARTESIAN_POINT('Ctrl Pts',(6.58922371275493,-20.2659588747646,2.4));
#13894=CARTESIAN_POINT('',(6.61367353804179,-20.3987306051875,2.5));
#13895=CARTESIAN_POINT('Ctrl Pts',(6.61367353804179,-20.3987306051875,2.5));
#13896=CARTESIAN_POINT('Ctrl Pts',(6.58922371275493,-20.3389987044956,2.5));
#13897=CARTESIAN_POINT('Ctrl Pts',(6.58922371275493,-20.2659588747646,2.5));
#13898=CARTESIAN_POINT('',(6.61367353804179,-20.3987306051875,2.4));
#13899=CARTESIAN_POINT('Ctrl Pts',(6.61367353804179,-20.3987306051875,2.4));
#13900=CARTESIAN_POINT('Ctrl Pts',(6.58922371275493,-20.3389987044956,2.4));
#13901=CARTESIAN_POINT('Ctrl Pts',(6.58922371275493,-20.2659588747646,2.4));
#13902=CARTESIAN_POINT('',(6.61367353804179,-20.3987306051875,2.5));
#13903=CARTESIAN_POINT('Ctrl Pts',(6.68207098550864,-20.4949822717334,2.5));
#13904=CARTESIAN_POINT('Ctrl Pts',(6.68207098550864,-20.4949822717334,2.4));
#13905=CARTESIAN_POINT('Ctrl Pts',(6.63812328882285,-20.4584622078563,2.5));
#13906=CARTESIAN_POINT('Ctrl Pts',(6.63812328882285,-20.4584622078563,2.4));
#13907=CARTESIAN_POINT('Ctrl Pts',(6.61367353804179,-20.3987306051875,2.5));
#13908=CARTESIAN_POINT('Ctrl Pts',(6.61367353804179,-20.3987306051875,2.4));
#13909=CARTESIAN_POINT('',(6.68207098550864,-20.4949822717334,2.5));
#13910=CARTESIAN_POINT('Ctrl Pts',(6.68207098550864,-20.4949822717334,2.5));
#13911=CARTESIAN_POINT('Ctrl Pts',(6.63812328882285,-20.4584622078563,2.5));
#13912=CARTESIAN_POINT('Ctrl Pts',(6.61367353804179,-20.3987306051875,2.5));
#13913=CARTESIAN_POINT('',(6.68207098550864,-20.4949822717334,2.4));
#13914=CARTESIAN_POINT('Ctrl Pts',(6.68207098550864,-20.4949822717334,2.4));
#13915=CARTESIAN_POINT('Ctrl Pts',(6.63812328882285,-20.4584622078563,2.4));
#13916=CARTESIAN_POINT('Ctrl Pts',(6.61367353804179,-20.3987306051875,2.4));
#13917=CARTESIAN_POINT('',(6.68207098550864,-20.4949822717334,2.5));
#13918=CARTESIAN_POINT('Origin',(6.72663767643042,-20.4299890690471,2.5));
#13919=CARTESIAN_POINT('',(6.72663767643042,-20.4299890690471,2.5));
#13920=CARTESIAN_POINT('',(6.72663767643042,-20.4299890690471,2.5));
#13921=CARTESIAN_POINT('',(6.72663767643042,-20.4299890690471,2.4));
#13922=CARTESIAN_POINT('',(6.72663767643042,-20.4299890690471,2.4));
#13923=CARTESIAN_POINT('',(6.72663767643042,-20.4299890690471,2.5));
#13924=CARTESIAN_POINT('Ctrl Pts',(6.68454696245261,-20.3519972854282,2.5));
#13925=CARTESIAN_POINT('Ctrl Pts',(6.68454696245261,-20.3519972854282,2.4));
#13926=CARTESIAN_POINT('Ctrl Pts',(6.69940252609321,-20.3959452801372,2.5));
#13927=CARTESIAN_POINT('Ctrl Pts',(6.69940252609321,-20.3959452801372,2.4));
#13928=CARTESIAN_POINT('Ctrl Pts',(6.72663767643042,-20.4299890690471,2.5));
#13929=CARTESIAN_POINT('Ctrl Pts',(6.72663767643042,-20.4299890690471,2.4));
#13930=CARTESIAN_POINT('',(6.68454696245261,-20.3519972854282,2.5));
#13931=CARTESIAN_POINT('Ctrl Pts',(6.68454696245261,-20.3519972854282,2.5));
#13932=CARTESIAN_POINT('Ctrl Pts',(6.69940252609321,-20.3959452801372,2.5));
#13933=CARTESIAN_POINT('Ctrl Pts',(6.72663767643042,-20.4299890690471,2.5));
#13934=CARTESIAN_POINT('',(6.68454696245261,-20.3519972854282,2.4));
#13935=CARTESIAN_POINT('Ctrl Pts',(6.68454696245261,-20.3519972854282,2.4));
#13936=CARTESIAN_POINT('Ctrl Pts',(6.69940252609321,-20.3959452801372,2.4));
#13937=CARTESIAN_POINT('Ctrl Pts',(6.72663767643042,-20.4299890690471,2.4));
#13938=CARTESIAN_POINT('',(6.68454696245261,-20.3519972854282,2.5));
#13939=CARTESIAN_POINT('Ctrl Pts',(6.66969139881202,-20.2622449093486,2.5));
#13940=CARTESIAN_POINT('Ctrl Pts',(6.66969139881202,-20.2622449093486,2.4));
#13941=CARTESIAN_POINT('Ctrl Pts',(6.66969139881202,-20.3080495887424,2.5));
#13942=CARTESIAN_POINT('Ctrl Pts',(6.66969139881202,-20.3080495887424,2.4));
#13943=CARTESIAN_POINT('Ctrl Pts',(6.68454696245261,-20.3519972854282,2.5));
#13944=CARTESIAN_POINT('Ctrl Pts',(6.68454696245261,-20.3519972854282,2.4));
#13945=CARTESIAN_POINT('',(6.66969139881202,-20.2622449093486,2.5));
#13946=CARTESIAN_POINT('Ctrl Pts',(6.66969139881202,-20.2622449093486,2.5));
#13947=CARTESIAN_POINT('Ctrl Pts',(6.66969139881202,-20.3080495887424,2.5));
#13948=CARTESIAN_POINT('Ctrl Pts',(6.68454696245261,-20.3519972854282,2.5));
#13949=CARTESIAN_POINT('',(6.66969139881202,-20.2622449093486,2.4));
#13950=CARTESIAN_POINT('Ctrl Pts',(6.66969139881202,-20.2622449093486,2.4));
#13951=CARTESIAN_POINT('Ctrl Pts',(6.66969139881202,-20.3080495887424,2.4));
#13952=CARTESIAN_POINT('Ctrl Pts',(6.68454696245261,-20.3519972854282,2.4));
#13953=CARTESIAN_POINT('',(6.66969139881202,-20.2622449093486,2.5));
#13954=CARTESIAN_POINT('Ctrl Pts',(6.71271060414382,-20.1437100463535,2.5));
#13955=CARTESIAN_POINT('Ctrl Pts',(6.71271060414382,-20.1437100463535,2.4));
#13956=CARTESIAN_POINT('Ctrl Pts',(6.66969139881202,-20.1854911142017,2.5));
#13957=CARTESIAN_POINT('Ctrl Pts',(6.66969139881202,-20.1854911142017,2.4));
#13958=CARTESIAN_POINT('Ctrl Pts',(6.66969139881202,-20.2622449093486,2.5));
#13959=CARTESIAN_POINT('Ctrl Pts',(6.66969139881202,-20.2622449093486,2.4));
#13960=CARTESIAN_POINT('',(6.71271060414382,-20.1437100463535,2.5));
#13961=CARTESIAN_POINT('Ctrl Pts',(6.71271060414382,-20.1437100463535,2.5));
#13962=CARTESIAN_POINT('Ctrl Pts',(6.66969139881202,-20.1854911142017,2.5));
#13963=CARTESIAN_POINT('Ctrl Pts',(6.66969139881202,-20.2622449093486,2.5));
#13964=CARTESIAN_POINT('',(6.71271060414382,-20.1437100463535,2.4));
#13965=CARTESIAN_POINT('Ctrl Pts',(6.71271060414382,-20.1437100463535,2.4));
#13966=CARTESIAN_POINT('Ctrl Pts',(6.66969139881202,-20.1854911142017,2.4));
#13967=CARTESIAN_POINT('Ctrl Pts',(6.66969139881202,-20.2622449093486,2.4));
#13968=CARTESIAN_POINT('',(6.71271060414382,-20.1437100463535,2.5));
#13969=CARTESIAN_POINT('Ctrl Pts',(6.83372159309455,-20.101928680482,2.5));
#13970=CARTESIAN_POINT('Ctrl Pts',(6.83372159309455,-20.101928680482,2.4));
#13971=CARTESIAN_POINT('Ctrl Pts',(6.75572988398143,-20.101928680482,2.5));
#13972=CARTESIAN_POINT('Ctrl Pts',(6.75572988398143,-20.101928680482,2.4));
#13973=CARTESIAN_POINT('Ctrl Pts',(6.71271060414382,-20.1437100463535,2.5));
#13974=CARTESIAN_POINT('Ctrl Pts',(6.71271060414382,-20.1437100463535,2.4));
#13975=CARTESIAN_POINT('',(6.83372159309455,-20.101928680482,2.5));
#13976=CARTESIAN_POINT('Ctrl Pts',(6.83372159309455,-20.101928680482,2.5));
#13977=CARTESIAN_POINT('Ctrl Pts',(6.75572988398143,-20.101928680482,2.5));
#13978=CARTESIAN_POINT('Ctrl Pts',(6.71271060414382,-20.1437100463535,2.5));
#13979=CARTESIAN_POINT('',(6.83372159309455,-20.101928680482,2.4));
#13980=CARTESIAN_POINT('Ctrl Pts',(6.83372159309455,-20.101928680482,2.4));
#13981=CARTESIAN_POINT('Ctrl Pts',(6.75572988398143,-20.101928680482,2.4));
#13982=CARTESIAN_POINT('Ctrl Pts',(6.71271060414382,-20.1437100463535,2.4));
#13983=CARTESIAN_POINT('',(6.83372159309455,-20.101928680482,2.5));
#13984=CARTESIAN_POINT('Origin',(6.86095689244338,-20.101928680482,2.5));
#13985=CARTESIAN_POINT('',(6.86095689244338,-20.101928680482,2.5));
#13986=CARTESIAN_POINT('',(7.24101190276214,-20.101928680482,2.5));
#13987=CARTESIAN_POINT('',(6.86095689244338,-20.101928680482,2.4));
#13988=CARTESIAN_POINT('',(7.24101190276214,-20.101928680482,2.4));
#13989=CARTESIAN_POINT('',(6.86095689244338,-20.101928680482,2.5));
#13990=CARTESIAN_POINT('Origin',(6.86095689244338,-20.3099065714504,2.5));
#13991=CARTESIAN_POINT('',(6.86095689244338,-20.3099065714504,2.5));
#13992=CARTESIAN_POINT('',(6.86095689244338,-20.3099065714504,2.5));
#13993=CARTESIAN_POINT('',(6.86095689244338,-20.3099065714504,2.4));
#13994=CARTESIAN_POINT('',(6.86095689244338,-20.3099065714504,2.4));
#13995=CARTESIAN_POINT('',(6.86095689244338,-20.3099065714504,2.5));
#13996=CARTESIAN_POINT('Ctrl Pts',(6.91078488535949,-20.4699134522106,2.5));
#13997=CARTESIAN_POINT('Ctrl Pts',(6.91078488535949,-20.4699134522106,2.4));
#13998=CARTESIAN_POINT('Ctrl Pts',(6.86095689244338,-20.4132765226985,2.5));
#13999=CARTESIAN_POINT('Ctrl Pts',(6.86095689244338,-20.4132765226985,2.4));
#14000=CARTESIAN_POINT('Ctrl Pts',(6.86095689244338,-20.3099065714504,2.5));
#14001=CARTESIAN_POINT('Ctrl Pts',(6.86095689244338,-20.3099065714504,2.4));
#14002=CARTESIAN_POINT('',(6.91078488535949,-20.4699134522106,2.5));
#14003=CARTESIAN_POINT('Ctrl Pts',(6.91078488535949,-20.4699134522106,2.5));
#14004=CARTESIAN_POINT('Ctrl Pts',(6.86095689244338,-20.4132765226985,2.5));
#14005=CARTESIAN_POINT('Ctrl Pts',(6.86095689244338,-20.3099065714504,2.5));
#14006=CARTESIAN_POINT('',(6.91078488535949,-20.4699134522106,2.4));
#14007=CARTESIAN_POINT('Ctrl Pts',(6.91078488535949,-20.4699134522106,2.4));
#14008=CARTESIAN_POINT('Ctrl Pts',(6.86095689244338,-20.4132765226985,2.4));
#14009=CARTESIAN_POINT('Ctrl Pts',(6.86095689244338,-20.3099065714504,2.4));
#14010=CARTESIAN_POINT('',(6.91078488535949,-20.4699134522106,2.5));
#14011=CARTESIAN_POINT('Ctrl Pts',(7.05160339183875,-20.5265503817226,2.5));
#14012=CARTESIAN_POINT('Ctrl Pts',(7.05160339183875,-20.5265503817226,2.4));
#14013=CARTESIAN_POINT('Ctrl Pts',(6.9606129527814,-20.5265503817226,2.5));
#14014=CARTESIAN_POINT('Ctrl Pts',(6.9606129527814,-20.5265503817226,2.4));
#14015=CARTESIAN_POINT('Ctrl Pts',(6.91078488535949,-20.4699134522106,2.5));
#14016=CARTESIAN_POINT('Ctrl Pts',(6.91078488535949,-20.4699134522106,2.4));
#14017=CARTESIAN_POINT('',(7.05160339183875,-20.5265503817226,2.5));
#14018=CARTESIAN_POINT('Ctrl Pts',(7.05160339183875,-20.5265503817226,2.5));
#14019=CARTESIAN_POINT('Ctrl Pts',(6.9606129527814,-20.5265503817226,2.5));
#14020=CARTESIAN_POINT('Ctrl Pts',(6.91078488535949,-20.4699134522106,2.5));
#14021=CARTESIAN_POINT('',(7.05160339183875,-20.5265503817226,2.4));
#14022=CARTESIAN_POINT('Ctrl Pts',(7.05160339183875,-20.5265503817226,2.4));
#14023=CARTESIAN_POINT('Ctrl Pts',(6.9606129527814,-20.5265503817226,2.4));
#14024=CARTESIAN_POINT('Ctrl Pts',(6.91078488535949,-20.4699134522106,2.4));
#14025=CARTESIAN_POINT('',(7.05160339183875,-20.5265503817226,2.5));
#14026=CARTESIAN_POINT('Ctrl Pts',(7.19830212004252,-20.4646521502162,2.5));
#14027=CARTESIAN_POINT('Ctrl Pts',(7.19830212004252,-20.4646521502162,2.4));
#14028=CARTESIAN_POINT('Ctrl Pts',(7.14630764730044,-20.5265503817226,2.5));
#14029=CARTESIAN_POINT('Ctrl Pts',(7.14630764730044,-20.5265503817226,2.4));
#14030=CARTESIAN_POINT('Ctrl Pts',(7.05160339183875,-20.5265503817226,2.5));
#14031=CARTESIAN_POINT('Ctrl Pts',(7.05160339183875,-20.5265503817226,2.4));
#14032=CARTESIAN_POINT('',(7.19830212004252,-20.4646521502162,2.5));
#14033=CARTESIAN_POINT('Ctrl Pts',(7.19830212004252,-20.4646521502162,2.5));
#14034=CARTESIAN_POINT('Ctrl Pts',(7.14630764730044,-20.5265503817226,2.5));
#14035=CARTESIAN_POINT('Ctrl Pts',(7.05160339183875,-20.5265503817226,2.5));
#14036=CARTESIAN_POINT('',(7.19830212004252,-20.4646521502162,2.4));
#14037=CARTESIAN_POINT('Ctrl Pts',(7.19830212004252,-20.4646521502162,2.4));
#14038=CARTESIAN_POINT('Ctrl Pts',(7.14630764730044,-20.5265503817226,2.4));
#14039=CARTESIAN_POINT('Ctrl Pts',(7.05160339183875,-20.5265503817226,2.4));
#14040=CARTESIAN_POINT('',(7.19830212004252,-20.4646521502162,2.5));
#14041=CARTESIAN_POINT('Ctrl Pts',(7.25029666729041,-20.2900990539218,2.5));
#14042=CARTESIAN_POINT('Ctrl Pts',(7.25029666729041,-20.2900990539218,2.4));
#14043=CARTESIAN_POINT('Ctrl Pts',(7.25029666729041,-20.4027539187099,2.5));
#14044=CARTESIAN_POINT('Ctrl Pts',(7.25029666729041,-20.4027539187099,2.4));
#14045=CARTESIAN_POINT('Ctrl Pts',(7.19830212004252,-20.4646521502162,2.5));
#14046=CARTESIAN_POINT('Ctrl Pts',(7.19830212004252,-20.4646521502162,2.4));
#14047=CARTESIAN_POINT('',(7.25029666729041,-20.2900990539218,2.5));
#14048=CARTESIAN_POINT('Ctrl Pts',(7.25029666729041,-20.2900990539218,2.5));
#14049=CARTESIAN_POINT('Ctrl Pts',(7.25029666729041,-20.4027539187099,2.5));
#14050=CARTESIAN_POINT('Ctrl Pts',(7.19830212004252,-20.4646521502162,2.5));
#14051=CARTESIAN_POINT('',(7.25029666729041,-20.2900990539218,2.4));
#14052=CARTESIAN_POINT('Ctrl Pts',(7.25029666729041,-20.2900990539218,2.4));
#14053=CARTESIAN_POINT('Ctrl Pts',(7.25029666729041,-20.4027539187099,2.4));
#14054=CARTESIAN_POINT('Ctrl Pts',(7.19830212004252,-20.4646521502162,2.4));
#14055=CARTESIAN_POINT('',(7.25029666729041,-20.2900990539218,2.5));
#14056=CARTESIAN_POINT('Ctrl Pts',(7.24286888547011,-20.2068459683086,2.5));
#14057=CARTESIAN_POINT('Ctrl Pts',(7.24286888547011,-20.2068459683086,2.4));
#14058=CARTESIAN_POINT('Ctrl Pts',(7.25029666729041,-20.245532363,2.5));
#14059=CARTESIAN_POINT('Ctrl Pts',(7.25029666729041,-20.245532363,2.4));
#14060=CARTESIAN_POINT('Ctrl Pts',(7.25029666729041,-20.2900990539218,2.5));
#14061=CARTESIAN_POINT('Ctrl Pts',(7.25029666729041,-20.2900990539218,2.4));
#14062=CARTESIAN_POINT('',(7.24286888547011,-20.2068459683086,2.5));
#14063=CARTESIAN_POINT('Ctrl Pts',(7.24286888547011,-20.2068459683086,2.5));
#14064=CARTESIAN_POINT('Ctrl Pts',(7.25029666729041,-20.245532363,2.5));
#14065=CARTESIAN_POINT('Ctrl Pts',(7.25029666729041,-20.2900990539218,2.5));
#14066=CARTESIAN_POINT('',(7.24286888547011,-20.2068459683086,2.4));
#14067=CARTESIAN_POINT('Ctrl Pts',(7.24286888547011,-20.2068459683086,2.4));
#14068=CARTESIAN_POINT('Ctrl Pts',(7.25029666729041,-20.245532363,2.4));
#14069=CARTESIAN_POINT('Ctrl Pts',(7.25029666729041,-20.2900990539218,2.4));
#14070=CARTESIAN_POINT('',(7.24286888547011,-20.2068459683086,2.5));
#14071=CARTESIAN_POINT('Ctrl Pts',(7.22089496262141,-20.1381390982295,2.5));
#14072=CARTESIAN_POINT('Ctrl Pts',(7.22089496262141,-20.1381390982295,2.4));
#14073=CARTESIAN_POINT('Ctrl Pts',(7.23544110364982,-20.1681598716403,2.5));
#14074=CARTESIAN_POINT('Ctrl Pts',(7.23544110364982,-20.1681598716403,2.4));
#14075=CARTESIAN_POINT('Ctrl Pts',(7.24286888547011,-20.2068459683086,2.5));
#14076=CARTESIAN_POINT('Ctrl Pts',(7.24286888547011,-20.2068459683086,2.4));
#14077=CARTESIAN_POINT('Ctrl Pts',(7.22089496262141,-20.1381390982295,2.5));
#14078=CARTESIAN_POINT('Ctrl Pts',(7.23544110364982,-20.1681598716403,2.5));
#14079=CARTESIAN_POINT('Ctrl Pts',(7.24286888547011,-20.2068459683086,2.5));
#14080=CARTESIAN_POINT('Ctrl Pts',(7.22089496262141,-20.1381390982295,2.4));
#14081=CARTESIAN_POINT('Ctrl Pts',(7.23544110364982,-20.1681598716403,2.4));
#14082=CARTESIAN_POINT('Ctrl Pts',(7.24286888547011,-20.2068459683086,2.4));
#14083=CARTESIAN_POINT('Origin',(6.91976019002267,-20.2696728401805,2.5));
#14084=CARTESIAN_POINT('Origin',(6.91976019002267,-20.2696728401805,2.4));
#14085=CARTESIAN_POINT('Ctrl Pts',(6.97237361974784,-23.4543363445426,2.5));
#14086=CARTESIAN_POINT('Ctrl Pts',(6.97237361974784,-23.4543363445426,2.4));
#14087=CARTESIAN_POINT('Ctrl Pts',(7.06522096700736,-23.4543363445426,2.5));
#14088=CARTESIAN_POINT('Ctrl Pts',(7.06522096700736,-23.4543363445426,2.4));
#14089=CARTESIAN_POINT('Ctrl Pts',(7.11628702290126,-23.4085316651489,2.5));
#14090=CARTESIAN_POINT('Ctrl Pts',(7.11628702290126,-23.4085316651489,2.4));
#14091=CARTESIAN_POINT('',(7.11628702290126,-23.4085316651489,2.5));
#14092=CARTESIAN_POINT('',(6.97237361974784,-23.4543363445426,2.5));
#14093=CARTESIAN_POINT('Ctrl Pts',(7.11628702290126,-23.4085316651489,2.5));
#14094=CARTESIAN_POINT('Ctrl Pts',(7.06522096700736,-23.4543363445426,2.5));
#14095=CARTESIAN_POINT('Ctrl Pts',(6.97237361974784,-23.4543363445426,2.5));
#14096=CARTESIAN_POINT('',(7.11628702290126,-23.4085316651489,2.4));
#14097=CARTESIAN_POINT('',(7.11628702290126,-23.4085316651489,2.5));
#14098=CARTESIAN_POINT('',(6.97237361974784,-23.4543363445426,2.4));
#14099=CARTESIAN_POINT('Ctrl Pts',(6.97237361974784,-23.4543363445426,2.4));
#14100=CARTESIAN_POINT('Ctrl Pts',(7.06522096700736,-23.4543363445426,2.4));
#14101=CARTESIAN_POINT('Ctrl Pts',(7.11628702290126,-23.4085316651489,2.4));
#14102=CARTESIAN_POINT('',(6.97237361974784,-23.4543363445426,2.5));
#14103=CARTESIAN_POINT('Origin',(6.86590869731971,-23.4543363445426,2.5));
#14104=CARTESIAN_POINT('',(6.86590869731971,-23.4543363445426,2.5));
#14105=CARTESIAN_POINT('',(6.86590869731971,-23.4543363445426,2.5));
#14106=CARTESIAN_POINT('',(6.86590869731971,-23.4543363445426,2.4));
#14107=CARTESIAN_POINT('',(6.86590869731971,-23.4543363445426,2.4));
#14108=CARTESIAN_POINT('',(6.86590869731971,-23.4543363445426,2.5));
#14109=CARTESIAN_POINT('Ctrl Pts',(6.72292386002608,-23.4085316651489,2.5));
#14110=CARTESIAN_POINT('Ctrl Pts',(6.72292386002608,-23.4085316651489,2.4));
#14111=CARTESIAN_POINT('Ctrl Pts',(6.77368034429618,-23.4543363445426,2.5));
#14112=CARTESIAN_POINT('Ctrl Pts',(6.77368034429618,-23.4543363445426,2.4));
#14113=CARTESIAN_POINT('Ctrl Pts',(6.86590869731971,-23.4543363445426,2.5));
#14114=CARTESIAN_POINT('Ctrl Pts',(6.86590869731971,-23.4543363445426,2.4));
#14115=CARTESIAN_POINT('',(6.72292386002608,-23.4085316651489,2.5));
#14116=CARTESIAN_POINT('Ctrl Pts',(6.86590869731971,-23.4543363445426,2.5));
#14117=CARTESIAN_POINT('Ctrl Pts',(6.77368034429618,-23.4543363445426,2.5));
#14118=CARTESIAN_POINT('Ctrl Pts',(6.72292386002608,-23.4085316651489,2.5));
#14119=CARTESIAN_POINT('',(6.72292386002608,-23.4085316651489,2.4));
#14120=CARTESIAN_POINT('Ctrl Pts',(6.72292386002608,-23.4085316651489,2.4));
#14121=CARTESIAN_POINT('Ctrl Pts',(6.77368034429618,-23.4543363445426,2.4));
#14122=CARTESIAN_POINT('Ctrl Pts',(6.86590869731971,-23.4543363445426,2.4));
#14123=CARTESIAN_POINT('',(6.72292386002608,-23.4085316651489,2.5));
#14124=CARTESIAN_POINT('Ctrl Pts',(6.67216730125018,-23.2791644030239,2.5));
#14125=CARTESIAN_POINT('Ctrl Pts',(6.67216730125018,-23.2791644030239,2.4));
#14126=CARTESIAN_POINT('Ctrl Pts',(6.67216730125018,-23.3627269857551,2.5));
#14127=CARTESIAN_POINT('Ctrl Pts',(6.67216730125018,-23.3627269857551,2.4));
#14128=CARTESIAN_POINT('Ctrl Pts',(6.72292386002608,-23.4085316651489,2.5));
#14129=CARTESIAN_POINT('Ctrl Pts',(6.72292386002608,-23.4085316651489,2.4));
#14130=CARTESIAN_POINT('',(6.67216730125018,-23.2791644030239,2.5));
#14131=CARTESIAN_POINT('Ctrl Pts',(6.72292386002608,-23.4085316651489,2.5));
#14132=CARTESIAN_POINT('Ctrl Pts',(6.67216730125018,-23.3627269857551,2.5));
#14133=CARTESIAN_POINT('Ctrl Pts',(6.67216730125018,-23.2791644030239,2.5));
#14134=CARTESIAN_POINT('',(6.67216730125018,-23.2791644030239,2.4));
#14135=CARTESIAN_POINT('Ctrl Pts',(6.67216730125018,-23.2791644030239,2.4));
#14136=CARTESIAN_POINT('Ctrl Pts',(6.67216730125018,-23.3627269857551,2.4));
#14137=CARTESIAN_POINT('Ctrl Pts',(6.72292386002608,-23.4085316651489,2.4));
#14138=CARTESIAN_POINT('',(6.67216730125018,-23.2791644030239,2.5));
#14139=CARTESIAN_POINT('Ctrl Pts',(6.72292386002608,-23.1488686495448,2.5));
#14140=CARTESIAN_POINT('Ctrl Pts',(6.72292386002608,-23.1488686495448,2.4));
#14141=CARTESIAN_POINT('Ctrl Pts',(6.67216730125018,-23.1949828260566,2.5));
#14142=CARTESIAN_POINT('Ctrl Pts',(6.67216730125018,-23.1949828260566,2.4));
#14143=CARTESIAN_POINT('Ctrl Pts',(6.67216730125018,-23.2791644030239,2.5));
#14144=CARTESIAN_POINT('Ctrl Pts',(6.67216730125018,-23.2791644030239,2.4));
#14145=CARTESIAN_POINT('',(6.72292386002608,-23.1488686495448,2.5));
#14146=CARTESIAN_POINT('Ctrl Pts',(6.67216730125018,-23.2791644030239,2.5));
#14147=CARTESIAN_POINT('Ctrl Pts',(6.67216730125018,-23.1949828260566,2.5));
#14148=CARTESIAN_POINT('Ctrl Pts',(6.72292386002608,-23.1488686495448,2.5));
#14149=CARTESIAN_POINT('',(6.72292386002608,-23.1488686495448,2.4));
#14150=CARTESIAN_POINT('Ctrl Pts',(6.72292386002608,-23.1488686495448,2.4));
#14151=CARTESIAN_POINT('Ctrl Pts',(6.67216730125018,-23.1949828260566,2.4));
#14152=CARTESIAN_POINT('Ctrl Pts',(6.67216730125018,-23.2791644030239,2.4));
#14153=CARTESIAN_POINT('',(6.72292386002608,-23.1488686495448,2.5));
#14154=CARTESIAN_POINT('Ctrl Pts',(6.86590869731971,-23.1027544730331,2.5));
#14155=CARTESIAN_POINT('Ctrl Pts',(6.86590869731971,-23.1027544730331,2.4));
#14156=CARTESIAN_POINT('Ctrl Pts',(6.77368034429618,-23.1027544730331,2.5));
#14157=CARTESIAN_POINT('Ctrl Pts',(6.77368034429618,-23.1027544730331,2.4));
#14158=CARTESIAN_POINT('Ctrl Pts',(6.72292386002608,-23.1488686495448,2.5));
#14159=CARTESIAN_POINT('Ctrl Pts',(6.72292386002608,-23.1488686495448,2.4));
#14160=CARTESIAN_POINT('',(6.86590869731971,-23.1027544730331,2.5));
#14161=CARTESIAN_POINT('Ctrl Pts',(6.72292386002608,-23.1488686495448,2.5));
#14162=CARTESIAN_POINT('Ctrl Pts',(6.77368034429618,-23.1027544730331,2.5));
#14163=CARTESIAN_POINT('Ctrl Pts',(6.86590869731971,-23.1027544730331,2.5));
#14164=CARTESIAN_POINT('',(6.86590869731971,-23.1027544730331,2.4));
#14165=CARTESIAN_POINT('Ctrl Pts',(6.86590869731971,-23.1027544730331,2.4));
#14166=CARTESIAN_POINT('Ctrl Pts',(6.77368034429618,-23.1027544730331,2.4));
#14167=CARTESIAN_POINT('Ctrl Pts',(6.72292386002608,-23.1488686495448,2.4));
#14168=CARTESIAN_POINT('',(6.86590869731971,-23.1027544730331,2.5));
#14169=CARTESIAN_POINT('Origin',(6.97237361974784,-23.1027544730331,2.5));
#14170=CARTESIAN_POINT('',(6.97237361974784,-23.1027544730331,2.5));
#14171=CARTESIAN_POINT('',(6.97237361974784,-23.1027544730331,2.5));
#14172=CARTESIAN_POINT('',(6.97237361974784,-23.1027544730331,2.4));
#14173=CARTESIAN_POINT('',(6.97237361974784,-23.1027544730331,2.4));
#14174=CARTESIAN_POINT('',(6.97237361974784,-23.1027544730331,2.5));
#14175=CARTESIAN_POINT('Ctrl Pts',(7.11628702290126,-23.1488686495448,2.5));
#14176=CARTESIAN_POINT('Ctrl Pts',(7.11628702290126,-23.1488686495448,2.4));
#14177=CARTESIAN_POINT('Ctrl Pts',(7.06522096700736,-23.1027544730331,2.5));
#14178=CARTESIAN_POINT('Ctrl Pts',(7.06522096700736,-23.1027544730331,2.4));
#14179=CARTESIAN_POINT('Ctrl Pts',(6.97237361974784,-23.1027544730331,2.5));
#14180=CARTESIAN_POINT('Ctrl Pts',(6.97237361974784,-23.1027544730331,2.4));
#14181=CARTESIAN_POINT('',(7.11628702290126,-23.1488686495448,2.5));
#14182=CARTESIAN_POINT('Ctrl Pts',(6.97237361974784,-23.1027544730331,2.5));
#14183=CARTESIAN_POINT('Ctrl Pts',(7.06522096700736,-23.1027544730331,2.5));
#14184=CARTESIAN_POINT('Ctrl Pts',(7.11628702290126,-23.1488686495448,2.5));
#14185=CARTESIAN_POINT('',(7.11628702290126,-23.1488686495448,2.4));
#14186=CARTESIAN_POINT('Ctrl Pts',(7.11628702290126,-23.1488686495448,2.4));
#14187=CARTESIAN_POINT('Ctrl Pts',(7.06522096700736,-23.1027544730331,2.4));
#14188=CARTESIAN_POINT('Ctrl Pts',(6.97237361974784,-23.1027544730331,2.4));
#14189=CARTESIAN_POINT('',(7.11628702290126,-23.1488686495448,2.5));
#14190=CARTESIAN_POINT('Ctrl Pts',(7.16735300428935,-23.2791644030239,2.5));
#14191=CARTESIAN_POINT('Ctrl Pts',(7.16735300428935,-23.2791644030239,2.4));
#14192=CARTESIAN_POINT('Ctrl Pts',(7.16735300428935,-23.1949828260566,2.5));
#14193=CARTESIAN_POINT('Ctrl Pts',(7.16735300428935,-23.1949828260566,2.4));
#14194=CARTESIAN_POINT('Ctrl Pts',(7.11628702290126,-23.1488686495448,2.5));
#14195=CARTESIAN_POINT('Ctrl Pts',(7.11628702290126,-23.1488686495448,2.4));
#14196=CARTESIAN_POINT('',(7.16735300428935,-23.2791644030239,2.5));
#14197=CARTESIAN_POINT('Ctrl Pts',(7.11628702290126,-23.1488686495448,2.5));
#14198=CARTESIAN_POINT('Ctrl Pts',(7.16735300428935,-23.1949828260566,2.5));
#14199=CARTESIAN_POINT('Ctrl Pts',(7.16735300428935,-23.2791644030239,2.5));
#14200=CARTESIAN_POINT('',(7.16735300428935,-23.2791644030239,2.4));
#14201=CARTESIAN_POINT('Ctrl Pts',(7.16735300428935,-23.2791644030239,2.4));
#14202=CARTESIAN_POINT('Ctrl Pts',(7.16735300428935,-23.1949828260566,2.4));
#14203=CARTESIAN_POINT('Ctrl Pts',(7.11628702290126,-23.1488686495448,2.4));
#14204=CARTESIAN_POINT('',(7.16735300428935,-23.2791644030239,2.5));
#14205=CARTESIAN_POINT('Ctrl Pts',(7.11628702290126,-23.4085316651489,2.5));
#14206=CARTESIAN_POINT('Ctrl Pts',(7.11628702290126,-23.4085316651489,2.4));
#14207=CARTESIAN_POINT('Ctrl Pts',(7.16735300428935,-23.3627269857551,2.5));
#14208=CARTESIAN_POINT('Ctrl Pts',(7.16735300428935,-23.3627269857551,2.4));
#14209=CARTESIAN_POINT('Ctrl Pts',(7.16735300428935,-23.2791644030239,2.5));
#14210=CARTESIAN_POINT('Ctrl Pts',(7.16735300428935,-23.2791644030239,2.4));
#14211=CARTESIAN_POINT('Ctrl Pts',(7.16735300428935,-23.2791644030239,2.5));
#14212=CARTESIAN_POINT('Ctrl Pts',(7.16735300428935,-23.3627269857551,2.5));
#14213=CARTESIAN_POINT('Ctrl Pts',(7.11628702290126,-23.4085316651489,2.5));
#14214=CARTESIAN_POINT('Ctrl Pts',(7.11628702290126,-23.4085316651489,2.4));
#14215=CARTESIAN_POINT('Ctrl Pts',(7.16735300428935,-23.3627269857551,2.4));
#14216=CARTESIAN_POINT('Ctrl Pts',(7.16735300428935,-23.2791644030239,2.4));
#14217=CARTESIAN_POINT('Ctrl Pts',(6.97237361974784,-23.0136209421779,2.5));
#14218=CARTESIAN_POINT('Ctrl Pts',(6.97237361974784,-23.0136209421779,2.4));
#14219=CARTESIAN_POINT('Ctrl Pts',(7.06026908762523,-23.0136209421779,2.5));
#14220=CARTESIAN_POINT('Ctrl Pts',(7.06026908762523,-23.0136209421779,2.4));
#14221=CARTESIAN_POINT('Ctrl Pts',(7.12247681624957,-23.0448795550491,2.5));
#14222=CARTESIAN_POINT('Ctrl Pts',(7.12247681624957,-23.0448795550491,2.4));
#14223=CARTESIAN_POINT('',(6.97237361974784,-23.0136209421779,2.5));
#14224=CARTESIAN_POINT('',(7.12247681624957,-23.0448795550491,2.5));
#14225=CARTESIAN_POINT('Ctrl Pts',(6.97237361974784,-23.0136209421779,2.5));
#14226=CARTESIAN_POINT('Ctrl Pts',(7.06026908762523,-23.0136209421779,2.5));
#14227=CARTESIAN_POINT('Ctrl Pts',(7.12247681624957,-23.0448795550491,2.5));
#14228=CARTESIAN_POINT('',(7.12247681624957,-23.0448795550491,2.4));
#14229=CARTESIAN_POINT('',(7.12247681624957,-23.0448795550491,2.5));
#14230=CARTESIAN_POINT('',(6.97237361974784,-23.0136209421779,2.4));
#14231=CARTESIAN_POINT('Ctrl Pts',(6.97237361974784,-23.0136209421779,2.4));
#14232=CARTESIAN_POINT('Ctrl Pts',(7.06026908762523,-23.0136209421779,2.4));
#14233=CARTESIAN_POINT('Ctrl Pts',(7.12247681624957,-23.0448795550491,2.4));
#14234=CARTESIAN_POINT('',(6.97237361974784,-23.0136209421779,2.5));
#14235=CARTESIAN_POINT('Origin',(6.86590869731971,-23.0136209421779,2.5));
#14236=CARTESIAN_POINT('',(6.86590869731971,-23.0136209421779,2.5));
#14237=CARTESIAN_POINT('',(6.86590869731971,-23.0136209421779,2.5));
#14238=CARTESIAN_POINT('',(6.86590869731971,-23.0136209421779,2.4));
#14239=CARTESIAN_POINT('',(6.86590869731971,-23.0136209421779,2.4));
#14240=CARTESIAN_POINT('',(6.86590869731971,-23.0136209421779,2.5));
#14241=CARTESIAN_POINT('Ctrl Pts',(6.71642456955977,-23.0448795550491,2.5));
#14242=CARTESIAN_POINT('Ctrl Pts',(6.71642456955977,-23.0448795550491,2.4));
#14243=CARTESIAN_POINT('Ctrl Pts',(6.77863222367831,-23.0136209421779,2.5));
#14244=CARTESIAN_POINT('Ctrl Pts',(6.77863222367831,-23.0136209421779,2.4));
#14245=CARTESIAN_POINT('Ctrl Pts',(6.86590869731971,-23.0136209421779,2.5));
#14246=CARTESIAN_POINT('Ctrl Pts',(6.86590869731971,-23.0136209421779,2.4));
#14247=CARTESIAN_POINT('',(6.71642456955977,-23.0448795550491,2.5));
#14248=CARTESIAN_POINT('Ctrl Pts',(6.71642456955977,-23.0448795550491,2.5));
#14249=CARTESIAN_POINT('Ctrl Pts',(6.77863222367831,-23.0136209421779,2.5));
#14250=CARTESIAN_POINT('Ctrl Pts',(6.86590869731971,-23.0136209421779,2.5));
#14251=CARTESIAN_POINT('',(6.71642456955977,-23.0448795550491,2.4));
#14252=CARTESIAN_POINT('Ctrl Pts',(6.71642456955977,-23.0448795550491,2.4));
#14253=CARTESIAN_POINT('Ctrl Pts',(6.77863222367831,-23.0136209421779,2.4));
#14254=CARTESIAN_POINT('Ctrl Pts',(6.86590869731971,-23.0136209421779,2.4));
#14255=CARTESIAN_POINT('',(6.71642456955977,-23.0448795550491,2.5));
#14256=CARTESIAN_POINT('Ctrl Pts',(6.62172023959227,-23.1355604224826,2.5));
#14257=CARTESIAN_POINT('Ctrl Pts',(6.62172023959227,-23.1355604224826,2.4));
#14258=CARTESIAN_POINT('Ctrl Pts',(6.65421684093543,-23.0761381679202,2.5));
#14259=CARTESIAN_POINT('Ctrl Pts',(6.65421684093543,-23.0761381679202,2.4));
#14260=CARTESIAN_POINT('Ctrl Pts',(6.71642456955977,-23.0448795550491,2.5));
#14261=CARTESIAN_POINT('Ctrl Pts',(6.71642456955977,-23.0448795550491,2.4));
#14262=CARTESIAN_POINT('',(6.62172023959227,-23.1355604224826,2.5));
#14263=CARTESIAN_POINT('Ctrl Pts',(6.62172023959227,-23.1355604224826,2.5));
#14264=CARTESIAN_POINT('Ctrl Pts',(6.65421684093543,-23.0761381679202,2.5));
#14265=CARTESIAN_POINT('Ctrl Pts',(6.71642456955977,-23.0448795550491,2.5));
#14266=CARTESIAN_POINT('',(6.62172023959227,-23.1355604224826,2.4));
#14267=CARTESIAN_POINT('Ctrl Pts',(6.62172023959227,-23.1355604224826,2.4));
#14268=CARTESIAN_POINT('Ctrl Pts',(6.65421684093543,-23.0761381679202,2.4));
#14269=CARTESIAN_POINT('Ctrl Pts',(6.71642456955977,-23.0448795550491,2.4));
#14270=CARTESIAN_POINT('',(6.62172023959227,-23.1355604224826,2.5));
#14271=CARTESIAN_POINT('Ctrl Pts',(6.58922371275493,-23.2785454087879,2.5));
#14272=CARTESIAN_POINT('Ctrl Pts',(6.58922371275493,-23.2785454087879,2.4));
#14273=CARTESIAN_POINT('Ctrl Pts',(6.58922371275493,-23.1949828260566,2.5));
#14274=CARTESIAN_POINT('Ctrl Pts',(6.58922371275493,-23.1949828260566,2.4));
#14275=CARTESIAN_POINT('Ctrl Pts',(6.62172023959227,-23.1355604224826,2.5));
#14276=CARTESIAN_POINT('Ctrl Pts',(6.62172023959227,-23.1355604224826,2.4));
#14277=CARTESIAN_POINT('',(6.58922371275493,-23.2785454087879,2.5));
#14278=CARTESIAN_POINT('Ctrl Pts',(6.58922371275493,-23.2785454087879,2.5));
#14279=CARTESIAN_POINT('Ctrl Pts',(6.58922371275493,-23.1949828260566,2.5));
#14280=CARTESIAN_POINT('Ctrl Pts',(6.62172023959227,-23.1355604224826,2.5));
#14281=CARTESIAN_POINT('',(6.58922371275493,-23.2785454087879,2.4));
#14282=CARTESIAN_POINT('Ctrl Pts',(6.58922371275493,-23.2785454087879,2.4));
#14283=CARTESIAN_POINT('Ctrl Pts',(6.58922371275493,-23.1949828260566,2.4));
#14284=CARTESIAN_POINT('Ctrl Pts',(6.62172023959227,-23.1355604224826,2.4));
#14285=CARTESIAN_POINT('',(6.58922371275493,-23.2785454087879,2.5));
#14286=CARTESIAN_POINT('Ctrl Pts',(6.62172023959227,-23.4215302460815,2.5));
#14287=CARTESIAN_POINT('Ctrl Pts',(6.62172023959227,-23.4215302460815,2.4));
#14288=CARTESIAN_POINT('Ctrl Pts',(6.58922371275493,-23.3621079915191,2.5));
#14289=CARTESIAN_POINT('Ctrl Pts',(6.58922371275493,-23.3621079915191,2.4));
#14290=CARTESIAN_POINT('Ctrl Pts',(6.58922371275493,-23.2785454087879,2.5));
#14291=CARTESIAN_POINT('Ctrl Pts',(6.58922371275493,-23.2785454087879,2.4));
#14292=CARTESIAN_POINT('',(6.62172023959227,-23.4215302460815,2.5));
#14293=CARTESIAN_POINT('Ctrl Pts',(6.62172023959227,-23.4215302460815,2.5));
#14294=CARTESIAN_POINT('Ctrl Pts',(6.58922371275493,-23.3621079915191,2.5));
#14295=CARTESIAN_POINT('Ctrl Pts',(6.58922371275493,-23.2785454087879,2.5));
#14296=CARTESIAN_POINT('',(6.62172023959227,-23.4215302460815,2.4));
#14297=CARTESIAN_POINT('Ctrl Pts',(6.62172023959227,-23.4215302460815,2.4));
#14298=CARTESIAN_POINT('Ctrl Pts',(6.58922371275493,-23.3621079915191,2.4));
#14299=CARTESIAN_POINT('Ctrl Pts',(6.58922371275493,-23.2785454087879,2.4));
#14300=CARTESIAN_POINT('',(6.62172023959227,-23.4215302460815,2.5));
#14301=CARTESIAN_POINT('Ctrl Pts',(6.71642456955977,-23.512211113515,2.5));
#14302=CARTESIAN_POINT('Ctrl Pts',(6.71642456955977,-23.512211113515,2.4));
#14303=CARTESIAN_POINT('Ctrl Pts',(6.65421684093543,-23.4809525006439,2.5));
#14304=CARTESIAN_POINT('Ctrl Pts',(6.65421684093543,-23.4809525006439,2.4));
#14305=CARTESIAN_POINT('Ctrl Pts',(6.62172023959227,-23.4215302460815,2.5));
#14306=CARTESIAN_POINT('Ctrl Pts',(6.62172023959227,-23.4215302460815,2.4));
#14307=CARTESIAN_POINT('',(6.71642456955977,-23.512211113515,2.5));
#14308=CARTESIAN_POINT('Ctrl Pts',(6.71642456955977,-23.512211113515,2.5));
#14309=CARTESIAN_POINT('Ctrl Pts',(6.65421684093543,-23.4809525006439,2.5));
#14310=CARTESIAN_POINT('Ctrl Pts',(6.62172023959227,-23.4215302460815,2.5));
#14311=CARTESIAN_POINT('',(6.71642456955977,-23.512211113515,2.4));
#14312=CARTESIAN_POINT('Ctrl Pts',(6.71642456955977,-23.512211113515,2.4));
#14313=CARTESIAN_POINT('Ctrl Pts',(6.65421684093543,-23.4809525006439,2.4));
#14314=CARTESIAN_POINT('Ctrl Pts',(6.62172023959227,-23.4215302460815,2.4));
#14315=CARTESIAN_POINT('',(6.71642456955977,-23.512211113515,2.5));
#14316=CARTESIAN_POINT('Ctrl Pts',(6.86590869731971,-23.5434697263862,2.5));
#14317=CARTESIAN_POINT('Ctrl Pts',(6.86590869731971,-23.5434697263862,2.4));
#14318=CARTESIAN_POINT('Ctrl Pts',(6.77863222367831,-23.5434697263862,2.5));
#14319=CARTESIAN_POINT('Ctrl Pts',(6.77863222367831,-23.5434697263862,2.4));
#14320=CARTESIAN_POINT('Ctrl Pts',(6.71642456955977,-23.512211113515,2.5));
#14321=CARTESIAN_POINT('Ctrl Pts',(6.71642456955977,-23.512211113515,2.4));
#14322=CARTESIAN_POINT('',(6.86590869731971,-23.5434697263862,2.5));
#14323=CARTESIAN_POINT('Ctrl Pts',(6.86590869731971,-23.5434697263862,2.5));
#14324=CARTESIAN_POINT('Ctrl Pts',(6.77863222367831,-23.5434697263862,2.5));
#14325=CARTESIAN_POINT('Ctrl Pts',(6.71642456955977,-23.512211113515,2.5));
#14326=CARTESIAN_POINT('',(6.86590869731971,-23.5434697263862,2.4));
#14327=CARTESIAN_POINT('Ctrl Pts',(6.86590869731971,-23.5434697263862,2.4));
#14328=CARTESIAN_POINT('Ctrl Pts',(6.77863222367831,-23.5434697263862,2.4));
#14329=CARTESIAN_POINT('Ctrl Pts',(6.71642456955977,-23.512211113515,2.4));
#14330=CARTESIAN_POINT('',(6.86590869731971,-23.5434697263862,2.5));
#14331=CARTESIAN_POINT('Origin',(6.97051671154567,-23.5434697263862,2.5));
#14332=CARTESIAN_POINT('',(6.97051671154567,-23.5434697263862,2.5));
#14333=CARTESIAN_POINT('',(6.97051671154567,-23.5434697263862,2.5));
#14334=CARTESIAN_POINT('',(6.97051671154567,-23.5434697263862,2.4));
#14335=CARTESIAN_POINT('',(6.97051671154567,-23.5434697263862,2.4));
#14336=CARTESIAN_POINT('',(6.97051671154567,-23.5434697263862,2.5));
#14337=CARTESIAN_POINT('Ctrl Pts',(7.12185782201358,-23.512211113515,2.5));
#14338=CARTESIAN_POINT('Ctrl Pts',(7.12185782201358,-23.512211113515,2.4));
#14339=CARTESIAN_POINT('Ctrl Pts',(7.05903117365905,-23.5434697263862,2.5));
#14340=CARTESIAN_POINT('Ctrl Pts',(7.05903117365905,-23.5434697263862,2.4));
#14341=CARTESIAN_POINT('Ctrl Pts',(6.97051671154567,-23.5434697263862,2.5));
#14342=CARTESIAN_POINT('Ctrl Pts',(6.97051671154567,-23.5434697263862,2.4));
#14343=CARTESIAN_POINT('',(7.12185782201358,-23.512211113515,2.5));
#14344=CARTESIAN_POINT('Ctrl Pts',(7.12185782201358,-23.512211113515,2.5));
#14345=CARTESIAN_POINT('Ctrl Pts',(7.05903117365905,-23.5434697263862,2.5));
#14346=CARTESIAN_POINT('Ctrl Pts',(6.97051671154567,-23.5434697263862,2.5));
#14347=CARTESIAN_POINT('',(7.12185782201358,-23.512211113515,2.4));
#14348=CARTESIAN_POINT('Ctrl Pts',(7.12185782201358,-23.512211113515,2.4));
#14349=CARTESIAN_POINT('Ctrl Pts',(7.05903117365905,-23.5434697263862,2.4));
#14350=CARTESIAN_POINT('Ctrl Pts',(6.97051671154567,-23.5434697263862,2.4));
#14351=CARTESIAN_POINT('',(7.12185782201358,-23.512211113515,2.5));
#14352=CARTESIAN_POINT('Ctrl Pts',(7.21749056882926,-23.4215302460815,2.5));
#14353=CARTESIAN_POINT('Ctrl Pts',(7.21749056882926,-23.4215302460815,2.4));
#14354=CARTESIAN_POINT('Ctrl Pts',(7.18468454487391,-23.4809525006439,2.5));
#14355=CARTESIAN_POINT('Ctrl Pts',(7.18468454487391,-23.4809525006439,2.4));
#14356=CARTESIAN_POINT('Ctrl Pts',(7.12185782201358,-23.512211113515,2.5));
#14357=CARTESIAN_POINT('Ctrl Pts',(7.12185782201358,-23.512211113515,2.4));
#14358=CARTESIAN_POINT('',(7.21749056882926,-23.4215302460815,2.5));
#14359=CARTESIAN_POINT('Ctrl Pts',(7.21749056882926,-23.4215302460815,2.5));
#14360=CARTESIAN_POINT('Ctrl Pts',(7.18468454487391,-23.4809525006439,2.5));
#14361=CARTESIAN_POINT('Ctrl Pts',(7.12185782201358,-23.512211113515,2.5));
#14362=CARTESIAN_POINT('',(7.21749056882926,-23.4215302460815,2.4));
#14363=CARTESIAN_POINT('Ctrl Pts',(7.21749056882926,-23.4215302460815,2.4));
#14364=CARTESIAN_POINT('Ctrl Pts',(7.18468454487391,-23.4809525006439,2.4));
#14365=CARTESIAN_POINT('Ctrl Pts',(7.12185782201358,-23.512211113515,2.4));
#14366=CARTESIAN_POINT('',(7.21749056882926,-23.4215302460815,2.5));
#14367=CARTESIAN_POINT('Ctrl Pts',(7.25029666729041,-23.2785454087879,2.5));
#14368=CARTESIAN_POINT('Ctrl Pts',(7.25029666729041,-23.2785454087879,2.4));
#14369=CARTESIAN_POINT('Ctrl Pts',(7.25029666729041,-23.3621079915191,2.5));
#14370=CARTESIAN_POINT('Ctrl Pts',(7.25029666729041,-23.3621079915191,2.4));
#14371=CARTESIAN_POINT('Ctrl Pts',(7.21749056882926,-23.4215302460815,2.5));
#14372=CARTESIAN_POINT('Ctrl Pts',(7.21749056882926,-23.4215302460815,2.4));
#14373=CARTESIAN_POINT('',(7.25029666729041,-23.2785454087879,2.5));
#14374=CARTESIAN_POINT('Ctrl Pts',(7.25029666729041,-23.2785454087879,2.5));
#14375=CARTESIAN_POINT('Ctrl Pts',(7.25029666729041,-23.3621079915191,2.5));
#14376=CARTESIAN_POINT('Ctrl Pts',(7.21749056882926,-23.4215302460815,2.5));
#14377=CARTESIAN_POINT('',(7.25029666729041,-23.2785454087879,2.4));
#14378=CARTESIAN_POINT('Ctrl Pts',(7.25029666729041,-23.2785454087879,2.4));
#14379=CARTESIAN_POINT('Ctrl Pts',(7.25029666729041,-23.3621079915191,2.4));
#14380=CARTESIAN_POINT('Ctrl Pts',(7.21749056882926,-23.4215302460815,2.4));
#14381=CARTESIAN_POINT('',(7.25029666729041,-23.2785454087879,2.5));
#14382=CARTESIAN_POINT('Ctrl Pts',(7.21749056882926,-23.1355604224826,2.5));
#14383=CARTESIAN_POINT('Ctrl Pts',(7.21749056882926,-23.1355604224826,2.4));
#14384=CARTESIAN_POINT('Ctrl Pts',(7.25029666729041,-23.1949828260566,2.5));
#14385=CARTESIAN_POINT('Ctrl Pts',(7.25029666729041,-23.1949828260566,2.4));
#14386=CARTESIAN_POINT('Ctrl Pts',(7.25029666729041,-23.2785454087879,2.5));
#14387=CARTESIAN_POINT('Ctrl Pts',(7.25029666729041,-23.2785454087879,2.4));
#14388=CARTESIAN_POINT('',(7.21749056882926,-23.1355604224826,2.5));
#14389=CARTESIAN_POINT('Ctrl Pts',(7.21749056882926,-23.1355604224826,2.5));
#14390=CARTESIAN_POINT('Ctrl Pts',(7.25029666729041,-23.1949828260566,2.5));
#14391=CARTESIAN_POINT('Ctrl Pts',(7.25029666729041,-23.2785454087879,2.5));
#14392=CARTESIAN_POINT('',(7.21749056882926,-23.1355604224826,2.4));
#14393=CARTESIAN_POINT('Ctrl Pts',(7.21749056882926,-23.1355604224826,2.4));
#14394=CARTESIAN_POINT('Ctrl Pts',(7.25029666729041,-23.1949828260566,2.4));
#14395=CARTESIAN_POINT('Ctrl Pts',(7.25029666729041,-23.2785454087879,2.4));
#14396=CARTESIAN_POINT('',(7.21749056882926,-23.1355604224826,2.5));
#14397=CARTESIAN_POINT('Ctrl Pts',(7.12247681624957,-23.0448795550491,2.5));
#14398=CARTESIAN_POINT('Ctrl Pts',(7.12247681624957,-23.0448795550491,2.4));
#14399=CARTESIAN_POINT('Ctrl Pts',(7.18468454487391,-23.0761381679202,2.5));
#14400=CARTESIAN_POINT('Ctrl Pts',(7.18468454487391,-23.0761381679202,2.4));
#14401=CARTESIAN_POINT('Ctrl Pts',(7.21749056882926,-23.1355604224826,2.5));
#14402=CARTESIAN_POINT('Ctrl Pts',(7.21749056882926,-23.1355604224826,2.4));
#14403=CARTESIAN_POINT('Ctrl Pts',(7.12247681624957,-23.0448795550491,2.5));
#14404=CARTESIAN_POINT('Ctrl Pts',(7.18468454487391,-23.0761381679202,2.5));
#14405=CARTESIAN_POINT('Ctrl Pts',(7.21749056882926,-23.1355604224826,2.5));
#14406=CARTESIAN_POINT('Ctrl Pts',(7.12247681624957,-23.0448795550491,2.4));
#14407=CARTESIAN_POINT('Ctrl Pts',(7.18468454487391,-23.0761381679202,2.4));
#14408=CARTESIAN_POINT('Ctrl Pts',(7.21749056882926,-23.1355604224826,2.4));
#14409=CARTESIAN_POINT('Origin',(6.91976019002267,-23.2785453342821,2.5));
#14410=CARTESIAN_POINT('Origin',(6.91976019002267,-23.2785453342821,2.4));
#14411=CARTESIAN_POINT('Ctrl Pts',(6.58922371275493,-23.7718740546132,2.5));
#14412=CARTESIAN_POINT('Ctrl Pts',(6.58922371275493,-23.7718740546132,2.4));
#14413=CARTESIAN_POINT('Ctrl Pts',(6.58922371275493,-23.7279262834216,2.5));
#14414=CARTESIAN_POINT('Ctrl Pts',(6.58922371275493,-23.7279262834216,2.4));
#14415=CARTESIAN_POINT('Ctrl Pts',(6.60191279656955,-23.6923348599101,2.5));
#14416=CARTESIAN_POINT('Ctrl Pts',(6.60191279656955,-23.6923348599101,2.4));
#14417=CARTESIAN_POINT('',(6.58922371275493,-23.7718740546132,2.5));
#14418=CARTESIAN_POINT('',(6.60191279656955,-23.6923348599101,2.5));
#14419=CARTESIAN_POINT('Ctrl Pts',(6.58922371275493,-23.7718740546132,2.5));
#14420=CARTESIAN_POINT('Ctrl Pts',(6.58922371275493,-23.7279262834216,2.5));
#14421=CARTESIAN_POINT('Ctrl Pts',(6.60191279656955,-23.6923348599101,2.5));
#14422=CARTESIAN_POINT('',(6.60191279656955,-23.6923348599101,2.4));
#14423=CARTESIAN_POINT('',(6.60191279656955,-23.6923348599101,2.5));
#14424=CARTESIAN_POINT('',(6.58922371275493,-23.7718740546132,2.4));
#14425=CARTESIAN_POINT('Ctrl Pts',(6.58922371275493,-23.7718740546132,2.4));
#14426=CARTESIAN_POINT('Ctrl Pts',(6.58922371275493,-23.7279262834216,2.4));
#14427=CARTESIAN_POINT('Ctrl Pts',(6.60191279656955,-23.6923348599101,2.4));
#14428=CARTESIAN_POINT('',(6.58922371275493,-23.7718740546132,2.5));
#14429=CARTESIAN_POINT('Ctrl Pts',(6.62110124535628,-23.8972179287101,2.5));
#14430=CARTESIAN_POINT('Ctrl Pts',(6.62110124535628,-23.8972179287101,2.4));
#14431=CARTESIAN_POINT('Ctrl Pts',(6.58922371275493,-23.8399620794679,2.5));
#14432=CARTESIAN_POINT('Ctrl Pts',(6.58922371275493,-23.8399620794679,2.4));
#14433=CARTESIAN_POINT('Ctrl Pts',(6.58922371275493,-23.7718740546132,2.5));
#14434=CARTESIAN_POINT('Ctrl Pts',(6.58922371275493,-23.7718740546132,2.4));
#14435=CARTESIAN_POINT('',(6.62110124535628,-23.8972179287101,2.5));
#14436=CARTESIAN_POINT('Ctrl Pts',(6.62110124535628,-23.8972179287101,2.5));
#14437=CARTESIAN_POINT('Ctrl Pts',(6.58922371275493,-23.8399620794679,2.5));
#14438=CARTESIAN_POINT('Ctrl Pts',(6.58922371275493,-23.7718740546132,2.5));
#14439=CARTESIAN_POINT('',(6.62110124535628,-23.8972179287101,2.4));
#14440=CARTESIAN_POINT('Ctrl Pts',(6.62110124535628,-23.8972179287101,2.4));
#14441=CARTESIAN_POINT('Ctrl Pts',(6.58922371275493,-23.8399620794679,2.4));
#14442=CARTESIAN_POINT('Ctrl Pts',(6.58922371275493,-23.7718740546132,2.4));
#14443=CARTESIAN_POINT('',(6.62110124535628,-23.8972179287101,2.5));
#14444=CARTESIAN_POINT('Ctrl Pts',(6.69121420700333,-23.9767571234132,2.5));
#14445=CARTESIAN_POINT('Ctrl Pts',(6.69121420700333,-23.9767571234132,2.4));
#14446=CARTESIAN_POINT('Ctrl Pts',(6.64740963873644,-23.9444708294726,2.5));
#14447=CARTESIAN_POINT('Ctrl Pts',(6.64740963873644,-23.9444708294726,2.4));
#14448=CARTESIAN_POINT('Ctrl Pts',(6.62110124535628,-23.8972179287101,2.5));
#14449=CARTESIAN_POINT('Ctrl Pts',(6.62110124535628,-23.8972179287101,2.4));
#14450=CARTESIAN_POINT('',(6.69121420700336,-23.9767571234132,2.5));
#14451=CARTESIAN_POINT('Ctrl Pts',(6.69121420700336,-23.9767571234132,2.5));
#14452=CARTESIAN_POINT('Ctrl Pts',(6.64740963873645,-23.9444708294726,2.5));
#14453=CARTESIAN_POINT('Ctrl Pts',(6.62110124535628,-23.8972179287101,2.5));
#14454=CARTESIAN_POINT('',(6.69121420700336,-23.9767571234132,2.4));
#14455=CARTESIAN_POINT('Ctrl Pts',(6.69121420700333,-23.9767571234132,2.4));
#14456=CARTESIAN_POINT('Ctrl Pts',(6.64740963873644,-23.9444708294726,2.4));
#14457=CARTESIAN_POINT('Ctrl Pts',(6.62110124535628,-23.8972179287101,2.4));
#14458=CARTESIAN_POINT('',(6.69121420700336,-23.9767571234132,2.5));
#14459=CARTESIAN_POINT('Origin',(6.59850840277739,-23.9767571234132,2.5));
#14460=CARTESIAN_POINT('',(6.59850840277739,-23.9767571234132,2.5));
#14461=CARTESIAN_POINT('',(6.59850840277739,-23.9767571234132,2.5));
#14462=CARTESIAN_POINT('',(6.59850840277739,-23.9767571234132,2.4));
#14463=CARTESIAN_POINT('',(6.59850840277739,-23.9767571234132,2.4));
#14464=CARTESIAN_POINT('',(6.59850840277739,-23.9767571234132,2.5));
#14465=CARTESIAN_POINT('Origin',(6.59850840277739,-24.0658905797626,2.5));
#14466=CARTESIAN_POINT('',(6.59850840277739,-24.0658905797626,2.5));
#14467=CARTESIAN_POINT('',(6.59850840277739,-24.0658905797626,2.5));
#14468=CARTESIAN_POINT('',(6.59850840277739,-24.0658905797626,2.4));
#14469=CARTESIAN_POINT('',(6.59850840277739,-24.0658905797626,2.4));
#14470=CARTESIAN_POINT('',(6.59850840277739,-24.0658905797626,2.5));
#14471=CARTESIAN_POINT('Origin',(7.24101190276214,-24.0658905797626,2.5));
#14472=CARTESIAN_POINT('',(7.24101190276214,-24.0658905797626,2.5));
#14473=CARTESIAN_POINT('',(7.24101190276214,-24.0658905797626,2.5));
#14474=CARTESIAN_POINT('',(7.24101190276214,-24.0658905797626,2.4));
#14475=CARTESIAN_POINT('',(7.24101190276214,-24.0658905797626,2.4));
#14476=CARTESIAN_POINT('',(7.24101190276214,-24.0658905797626,2.5));
#14477=CARTESIAN_POINT('Origin',(7.24101190276214,-23.9767571234132,2.5));
#14478=CARTESIAN_POINT('',(7.24101190276214,-23.9767571234132,2.5));
#14479=CARTESIAN_POINT('',(7.24101190276214,-23.9767571234132,2.5));
#14480=CARTESIAN_POINT('',(7.24101190276214,-23.9767571234132,2.4));
#14481=CARTESIAN_POINT('',(7.24101190276214,-23.9767571234132,2.4));
#14482=CARTESIAN_POINT('',(7.24101190276214,-23.9767571234132,2.5));
#14483=CARTESIAN_POINT('Origin',(6.83434058733054,-23.9767571234132,2.5));
#14484=CARTESIAN_POINT('',(6.83434058733054,-23.9767571234132,2.5));
#14485=CARTESIAN_POINT('',(6.59850840277739,-23.9767571234132,2.5));
#14486=CARTESIAN_POINT('',(6.83434058733054,-23.9767571234132,2.4));
#14487=CARTESIAN_POINT('',(6.59850840277739,-23.9767571234132,2.4));
#14488=CARTESIAN_POINT('',(6.83434058733054,-23.9767571234132,2.5));
#14489=CARTESIAN_POINT('Ctrl Pts',(6.71518658108779,-23.9321904324914,2.5));
#14490=CARTESIAN_POINT('Ctrl Pts',(6.71518658108779,-23.9321904324914,2.4));
#14491=CARTESIAN_POINT('Ctrl Pts',(6.75820578641959,-23.9767571234132,2.5));
#14492=CARTESIAN_POINT('Ctrl Pts',(6.75820578641959,-23.9767571234132,2.4));
#14493=CARTESIAN_POINT('Ctrl Pts',(6.83434058733054,-23.9767571234132,2.5));
#14494=CARTESIAN_POINT('Ctrl Pts',(6.83434058733054,-23.9767571234132,2.4));
#14495=CARTESIAN_POINT('',(6.71518658108779,-23.9321904324914,2.5));
#14496=CARTESIAN_POINT('Ctrl Pts',(6.71518658108779,-23.9321904324914,2.5));
#14497=CARTESIAN_POINT('Ctrl Pts',(6.75820578641959,-23.9767571234132,2.5));
#14498=CARTESIAN_POINT('Ctrl Pts',(6.83434058733054,-23.9767571234132,2.5));
#14499=CARTESIAN_POINT('',(6.71518658108779,-23.9321904324914,2.4));
#14500=CARTESIAN_POINT('Ctrl Pts',(6.71518658108779,-23.9321904324914,2.4));
#14501=CARTESIAN_POINT('Ctrl Pts',(6.75820578641959,-23.9767571234132,2.4));
#14502=CARTESIAN_POINT('Ctrl Pts',(6.83434058733054,-23.9767571234132,2.4));
#14503=CARTESIAN_POINT('',(6.71518658108779,-23.9321904324914,2.5));
#14504=CARTESIAN_POINT('Ctrl Pts',(6.67216730125018,-23.8071560555126,2.5));
#14505=CARTESIAN_POINT('Ctrl Pts',(6.67216730125018,-23.8071560555126,2.4));
#14506=CARTESIAN_POINT('Ctrl Pts',(6.67216730125018,-23.8876237415697,2.5));
#14507=CARTESIAN_POINT('Ctrl Pts',(6.67216730125018,-23.8876237415697,2.4));
#14508=CARTESIAN_POINT('Ctrl Pts',(6.71518658108779,-23.9321904324914,2.5));
#14509=CARTESIAN_POINT('Ctrl Pts',(6.71518658108779,-23.9321904324914,2.4));
#14510=CARTESIAN_POINT('',(6.67216730125018,-23.8071560555126,2.5));
#14511=CARTESIAN_POINT('Ctrl Pts',(6.67216730125018,-23.8071560555126,2.5));
#14512=CARTESIAN_POINT('Ctrl Pts',(6.67216730125018,-23.8876237415697,2.5));
#14513=CARTESIAN_POINT('Ctrl Pts',(6.71518658108779,-23.9321904324914,2.5));
#14514=CARTESIAN_POINT('',(6.67216730125018,-23.8071560555126,2.4));
#14515=CARTESIAN_POINT('Ctrl Pts',(6.67216730125018,-23.8071560555126,2.4));
#14516=CARTESIAN_POINT('Ctrl Pts',(6.67216730125018,-23.8876237415697,2.4));
#14517=CARTESIAN_POINT('Ctrl Pts',(6.71518658108779,-23.9321904324914,2.4));
#14518=CARTESIAN_POINT('',(6.67216730125018,-23.8071560555126,2.5));
#14519=CARTESIAN_POINT('Ctrl Pts',(6.68268997974463,-23.7375205450679,2.5));
#14520=CARTESIAN_POINT('Ctrl Pts',(6.68268997974463,-23.7375205450679,2.4));
#14521=CARTESIAN_POINT('Ctrl Pts',(6.67216730125018,-23.7675411694671,2.5));
#14522=CARTESIAN_POINT('Ctrl Pts',(6.67216730125018,-23.7675411694671,2.4));
#14523=CARTESIAN_POINT('Ctrl Pts',(6.67216730125018,-23.8071560555126,2.5));
#14524=CARTESIAN_POINT('Ctrl Pts',(6.67216730125018,-23.8071560555126,2.4));
#14525=CARTESIAN_POINT('',(6.68268997974463,-23.7375205450679,2.5));
#14526=CARTESIAN_POINT('Ctrl Pts',(6.68268997974463,-23.7375205450679,2.5));
#14527=CARTESIAN_POINT('Ctrl Pts',(6.67216730125018,-23.7675411694671,2.5));
#14528=CARTESIAN_POINT('Ctrl Pts',(6.67216730125018,-23.8071560555126,2.5));
#14529=CARTESIAN_POINT('',(6.68268997974463,-23.7375205450679,2.4));
#14530=CARTESIAN_POINT('Ctrl Pts',(6.68268997974463,-23.7375205450679,2.4));
#14531=CARTESIAN_POINT('Ctrl Pts',(6.67216730125018,-23.7675411694671,2.4));
#14532=CARTESIAN_POINT('Ctrl Pts',(6.67216730125018,-23.8071560555126,2.4));
#14533=CARTESIAN_POINT('',(6.68268997974463,-23.7375205450679,2.5));
#14534=CARTESIAN_POINT('Ctrl Pts',(6.71363909549781,-23.6876925521518,2.5));
#14535=CARTESIAN_POINT('Ctrl Pts',(6.71363909549781,-23.6876925521518,2.4));
#14536=CARTESIAN_POINT('Ctrl Pts',(6.69321273274489,-23.7074999206687,2.5));
#14537=CARTESIAN_POINT('Ctrl Pts',(6.69321273274489,-23.7074999206687,2.4));
#14538=CARTESIAN_POINT('Ctrl Pts',(6.68268997974463,-23.7375205450679,2.5));
#14539=CARTESIAN_POINT('Ctrl Pts',(6.68268997974463,-23.7375205450679,2.4));
#14540=CARTESIAN_POINT('',(6.71363909549781,-23.6876925521518,2.5));
#14541=CARTESIAN_POINT('Ctrl Pts',(6.71363909549781,-23.6876925521518,2.5));
#14542=CARTESIAN_POINT('Ctrl Pts',(6.69321273274489,-23.7074999206687,2.5));
#14543=CARTESIAN_POINT('Ctrl Pts',(6.68268997974463,-23.7375205450679,2.5));
#14544=CARTESIAN_POINT('',(6.71363909549781,-23.6876925521518,2.4));
#14545=CARTESIAN_POINT('Ctrl Pts',(6.71363909549781,-23.6876925521518,2.4));
#14546=CARTESIAN_POINT('Ctrl Pts',(6.69321273274489,-23.7074999206687,2.4));
#14547=CARTESIAN_POINT('Ctrl Pts',(6.68268997974463,-23.7375205450679,2.4));
#14548=CARTESIAN_POINT('',(6.71363909549781,-23.6876925521518,2.5));
#14549=CARTESIAN_POINT('Origin',(6.63936127729483,-23.6301271312858,2.5));
#14550=CARTESIAN_POINT('',(6.63936127729483,-23.6301271312858,2.5));
#14551=CARTESIAN_POINT('',(6.63936127729483,-23.6301271312858,2.5));
#14552=CARTESIAN_POINT('',(6.63936127729483,-23.6301271312858,2.4));
#14553=CARTESIAN_POINT('',(6.63936127729483,-23.6301271312858,2.4));
#14554=CARTESIAN_POINT('',(6.63936127729483,-23.6301271312858,2.5));
#14555=CARTESIAN_POINT('Ctrl Pts',(6.60191279656955,-23.6923348599101,2.5));
#14556=CARTESIAN_POINT('Ctrl Pts',(6.60191279656955,-23.6923348599101,2.4));
#14557=CARTESIAN_POINT('Ctrl Pts',(6.61460195488997,-23.6567434363986,2.5));
#14558=CARTESIAN_POINT('Ctrl Pts',(6.61460195488997,-23.6567434363986,2.4));
#14559=CARTESIAN_POINT('Ctrl Pts',(6.63936127729484,-23.6301271312858,2.5));
#14560=CARTESIAN_POINT('Ctrl Pts',(6.63936127729484,-23.6301271312858,2.4));
#14561=CARTESIAN_POINT('Ctrl Pts',(6.60191279656955,-23.6923348599101,2.5));
#14562=CARTESIAN_POINT('Ctrl Pts',(6.61460195488997,-23.6567434363986,2.5));
#14563=CARTESIAN_POINT('Ctrl Pts',(6.63936127729484,-23.6301271312858,2.5));
#14564=CARTESIAN_POINT('Ctrl Pts',(6.60191279656955,-23.6923348599101,2.4));
#14565=CARTESIAN_POINT('Ctrl Pts',(6.61460195488997,-23.6567434363986,2.4));
#14566=CARTESIAN_POINT('Ctrl Pts',(6.63936127729484,-23.6301271312858,2.4));
#14567=CARTESIAN_POINT('Origin',(6.91511780775853,-23.8480088555242,2.5));
#14568=CARTESIAN_POINT('Origin',(6.91511780775853,-23.8480088555242,2.4));
#14569=CARTESIAN_POINT('Origin',(6.76006276912757,-21.0817774825717,2.5));
#14570=CARTESIAN_POINT('',(6.76006276912757,-21.0817774825717,2.5));
#14571=CARTESIAN_POINT('',(7.24101190276214,-21.2507596307422,2.5));
#14572=CARTESIAN_POINT('',(6.76006276912757,-21.0817774825717,2.5));
#14573=CARTESIAN_POINT('',(7.24101190276214,-21.2507596307422,2.4));
#14574=CARTESIAN_POINT('',(7.24101190276214,-21.2507596307422,2.5));
#14575=CARTESIAN_POINT('',(6.76006276912757,-21.0817774825717,2.4));
#14576=CARTESIAN_POINT('',(6.76006276912757,-21.0817774825717,2.4));
#14577=CARTESIAN_POINT('',(6.76006276912757,-21.0817774825717,2.5));
#14578=CARTESIAN_POINT('Origin',(7.24101190276214,-20.9127953344013,2.5));
#14579=CARTESIAN_POINT('',(7.24101190276214,-20.9127953344013,2.5));
#14580=CARTESIAN_POINT('',(7.24101190276214,-20.9127953344013,2.5));
#14581=CARTESIAN_POINT('',(7.24101190276214,-20.9127953344013,2.4));
#14582=CARTESIAN_POINT('',(7.24101190276214,-20.9127953344013,2.4));
#14583=CARTESIAN_POINT('',(7.24101190276214,-20.9127953344013,2.5));
#14584=CARTESIAN_POINT('Origin',(7.24101190276214,-20.8360418372775,2.5));
#14585=CARTESIAN_POINT('',(7.24101190276214,-20.8360418372775,2.5));
#14586=CARTESIAN_POINT('',(7.24101190276214,-20.8360418372775,2.5));
#14587=CARTESIAN_POINT('',(7.24101190276214,-20.8360418372775,2.4));
#14588=CARTESIAN_POINT('',(7.24101190276214,-20.8360418372775,2.4));
#14589=CARTESIAN_POINT('',(7.24101190276214,-20.8360418372775,2.5));
#14590=CARTESIAN_POINT('Origin',(6.59850840277739,-20.631777613702,2.5));
#14591=CARTESIAN_POINT('',(6.59850840277739,-20.631777613702,2.5));
#14592=CARTESIAN_POINT('',(6.59850840277739,-20.631777613702,2.5));
#14593=CARTESIAN_POINT('',(6.59850840277739,-20.631777613702,2.4));
#14594=CARTESIAN_POINT('',(6.59850840277739,-20.631777613702,2.4));
#14595=CARTESIAN_POINT('',(6.59850840277739,-20.631777613702,2.5));
#14596=CARTESIAN_POINT('Origin',(6.59850840277739,-20.7264819436695,2.5));
#14597=CARTESIAN_POINT('',(6.59850840277739,-20.7264819436695,2.5));
#14598=CARTESIAN_POINT('',(6.59850840277739,-20.7264819436695,2.5));
#14599=CARTESIAN_POINT('',(6.59850840277739,-20.7264819436695,2.4));
#14600=CARTESIAN_POINT('',(6.59850840277739,-20.7264819436695,2.4));
#14601=CARTESIAN_POINT('',(6.59850840277739,-20.7264819436695,2.5));
#14602=CARTESIAN_POINT('Origin',(7.11907242245742,-20.8775135570194,2.5));
#14603=CARTESIAN_POINT('',(7.11907242245742,-20.8775135570194,2.5));
#14604=CARTESIAN_POINT('',(7.11907242245742,-20.8775135570194,2.5));
#14605=CARTESIAN_POINT('',(7.11907242245742,-20.8775135570194,2.4));
#14606=CARTESIAN_POINT('',(7.11907242245742,-20.8775135570194,2.4));
#14607=CARTESIAN_POINT('',(7.11907242245742,-20.8775135570194,2.5));
#14608=CARTESIAN_POINT('Origin',(6.59850840277739,-21.0563993149425,2.5));
#14609=CARTESIAN_POINT('',(6.59850840277739,-21.0563993149425,2.5));
#14610=CARTESIAN_POINT('',(6.59850840277739,-21.0563993149425,2.5));
#14611=CARTESIAN_POINT('',(6.59850840277739,-21.0563993149425,2.4));
#14612=CARTESIAN_POINT('',(6.59850840277739,-21.0563993149425,2.4));
#14613=CARTESIAN_POINT('',(6.59850840277739,-21.0563993149425,2.5));
#14614=CARTESIAN_POINT('Origin',(6.59850840277739,-21.1071559482242,2.5));
#14615=CARTESIAN_POINT('',(6.59850840277739,-21.1071559482242,2.5));
#14616=CARTESIAN_POINT('',(6.59850840277739,-21.1071559482242,2.5));
#14617=CARTESIAN_POINT('',(6.59850840277739,-21.1071559482242,2.4));
#14618=CARTESIAN_POINT('',(6.59850840277739,-21.1071559482242,2.4));
#14619=CARTESIAN_POINT('',(6.59850840277739,-21.1071559482242,2.5));
#14620=CARTESIAN_POINT('Origin',(7.11907242245742,-21.2860417061473,2.5));
#14621=CARTESIAN_POINT('',(7.11907242245742,-21.2860417061473,2.5));
#14622=CARTESIAN_POINT('',(7.11907242245742,-21.2860417061473,2.5));
#14623=CARTESIAN_POINT('',(7.11907242245742,-21.2860417061473,2.4));
#14624=CARTESIAN_POINT('',(7.11907242245742,-21.2860417061473,2.4));
#14625=CARTESIAN_POINT('',(7.11907242245742,-21.2860417061473,2.5));
#14626=CARTESIAN_POINT('Origin',(6.59850840277739,-21.4370733194972,2.5));
#14627=CARTESIAN_POINT('',(6.59850840277739,-21.4370733194972,2.5));
#14628=CARTESIAN_POINT('',(6.59850840277739,-21.4370733194972,2.5));
#14629=CARTESIAN_POINT('',(6.59850840277739,-21.4370733194972,2.4));
#14630=CARTESIAN_POINT('',(6.59850840277739,-21.4370733194972,2.4));
#14631=CARTESIAN_POINT('',(6.59850840277739,-21.4370733194972,2.5));
#14632=CARTESIAN_POINT('Origin',(6.59850840277739,-21.5317776494647,2.5));
#14633=CARTESIAN_POINT('',(6.59850840277739,-21.5317776494647,2.5));
#14634=CARTESIAN_POINT('',(6.59850840277739,-21.5317776494647,2.5));
#14635=CARTESIAN_POINT('',(6.59850840277739,-21.5317776494647,2.4));
#14636=CARTESIAN_POINT('',(6.59850840277739,-21.5317776494647,2.4));
#14637=CARTESIAN_POINT('',(6.59850840277739,-21.5317776494647,2.5));
#14638=CARTESIAN_POINT('Origin',(7.24101190276214,-21.3275134258891,2.5));
#14639=CARTESIAN_POINT('',(7.24101190276214,-21.3275134258891,2.5));
#14640=CARTESIAN_POINT('',(7.24101190276214,-21.3275134258891,2.5));
#14641=CARTESIAN_POINT('',(7.24101190276214,-21.3275134258891,2.4));
#14642=CARTESIAN_POINT('',(7.24101190276214,-21.3275134258891,2.4));
#14643=CARTESIAN_POINT('',(7.24101190276214,-21.3275134258891,2.5));
#14644=CARTESIAN_POINT('Origin',(7.24101190276214,-21.2507596307422,2.5));
#14645=CARTESIAN_POINT('',(7.24101190276214,-21.2507596307422,2.5));
#14646=CARTESIAN_POINT('',(7.24101190276214,-21.2507596307422,2.4));
#14647=CARTESIAN_POINT('Origin',(6.91976015276976,-21.0817776315833,2.5));
#14648=CARTESIAN_POINT('Origin',(6.91976015276976,-21.0817776315833,2.4));
#14649=CARTESIAN_POINT('Origin',(6.42643135793277,-18.6442258649494,2.5));
#14650=CARTESIAN_POINT('',(6.42643135793277,-18.6442258649494,2.5));
#14651=CARTESIAN_POINT('',(6.34101186699935,-18.5160967403079,2.5));
#14652=CARTESIAN_POINT('',(6.42643135793277,-18.6442258649494,2.5));
#14653=CARTESIAN_POINT('',(6.34101186699935,-18.5160967403079,2.4));
#14654=CARTESIAN_POINT('',(6.34101186699935,-18.5160967403079,2.5));
#14655=CARTESIAN_POINT('',(6.42643135793277,-18.6442258649494,2.4));
#14656=CARTESIAN_POINT('',(6.42643135793277,-18.6442258649494,2.4));
#14657=CARTESIAN_POINT('',(6.42643135793277,-18.6442258649494,2.5));
#14658=CARTESIAN_POINT('Origin',(6.51989769942828,-18.6442258649494,2.5));
#14659=CARTESIAN_POINT('',(6.51989769942828,-18.6442258649494,2.5));
#14660=CARTESIAN_POINT('',(6.51989769942828,-18.6442258649494,2.5));
#14661=CARTESIAN_POINT('',(6.51989769942828,-18.6442258649494,2.4));
#14662=CARTESIAN_POINT('',(6.51989769942828,-18.6442258649494,2.4));
#14663=CARTESIAN_POINT('',(6.51989769942828,-18.6442258649494,2.5));
#14664=CARTESIAN_POINT('Origin',(6.41652767367431,-18.4789576821948,2.5));
#14665=CARTESIAN_POINT('',(6.41652767367431,-18.4789576821948,2.5));
#14666=CARTESIAN_POINT('',(6.41652767367431,-18.4789576821948,2.5));
#14667=CARTESIAN_POINT('',(6.41652767367431,-18.4789576821948,2.4));
#14668=CARTESIAN_POINT('',(6.41652767367431,-18.4789576821948,2.4));
#14669=CARTESIAN_POINT('',(6.41652767367431,-18.4789576821948,2.5));
#14670=CARTESIAN_POINT('Origin',(7.24101190276214,-18.4789576821948,2.5));
#14671=CARTESIAN_POINT('',(7.24101190276214,-18.4789576821948,2.5));
#14672=CARTESIAN_POINT('',(7.24101190276214,-18.4789576821948,2.5));
#14673=CARTESIAN_POINT('',(7.24101190276214,-18.4789576821948,2.4));
#14674=CARTESIAN_POINT('',(7.24101190276214,-18.4789576821948,2.4));
#14675=CARTESIAN_POINT('',(7.24101190276214,-18.4789576821948,2.5));
#14676=CARTESIAN_POINT('Origin',(7.24101190276214,-18.3898243003513,2.5));
#14677=CARTESIAN_POINT('',(7.24101190276214,-18.3898243003513,2.5));
#14678=CARTESIAN_POINT('',(7.24101190276214,-18.3898243003513,2.5));
#14679=CARTESIAN_POINT('',(7.24101190276214,-18.3898243003513,2.4));
#14680=CARTESIAN_POINT('',(7.24101190276214,-18.3898243003513,2.4));
#14681=CARTESIAN_POINT('',(7.24101190276214,-18.3898243003513,2.5));
#14682=CARTESIAN_POINT('Origin',(6.34101186699935,-18.3898243003513,2.5));
#14683=CARTESIAN_POINT('',(6.34101186699935,-18.3898243003513,2.5));
#14684=CARTESIAN_POINT('',(6.34101186699935,-18.3898243003513,2.5));
#14685=CARTESIAN_POINT('',(6.34101186699935,-18.3898243003513,2.4));
#14686=CARTESIAN_POINT('',(6.34101186699935,-18.3898243003513,2.4));
#14687=CARTESIAN_POINT('',(6.34101186699935,-18.3898243003513,2.5));
#14688=CARTESIAN_POINT('Origin',(6.34101186699935,-18.5160967403079,2.5));
#14689=CARTESIAN_POINT('',(6.34101186699935,-18.5160967403079,2.5));
#14690=CARTESIAN_POINT('',(6.34101186699935,-18.5160967403079,2.4));
#14691=CARTESIAN_POINT('Origin',(6.79101188488074,-18.5170250826503,2.5));
#14692=CARTESIAN_POINT('Origin',(6.79101188488074,-18.5170250826503,2.4));
#14693=UNCERTAINTY_MEASURE_WITH_UNIT(LENGTH_MEASURE(0.01),#14697,
'DISTANCE_ACCURACY_VALUE',
'Maximum model space distance between geometric entities at asserted c
onnectivities');
#14694=UNCERTAINTY_MEASURE_WITH_UNIT(LENGTH_MEASURE(0.01),#14697,
'DISTANCE_ACCURACY_VALUE',
'Maximum model space distance between geometric entities at asserted c
onnectivities');
#14695=(
GEOMETRIC_REPRESENTATION_CONTEXT(3)
GLOBAL_UNCERTAINTY_ASSIGNED_CONTEXT((#14693))
GLOBAL_UNIT_ASSIGNED_CONTEXT((#14697,#14699,#14700))
REPRESENTATION_CONTEXT('','3D')
);
#14696=(
GEOMETRIC_REPRESENTATION_CONTEXT(3)
GLOBAL_UNCERTAINTY_ASSIGNED_CONTEXT((#14694))
GLOBAL_UNIT_ASSIGNED_CONTEXT((#14697,#14699,#14700))
REPRESENTATION_CONTEXT('','3D')
);
#14697=(
LENGTH_UNIT()
NAMED_UNIT(*)
SI_UNIT(.MILLI.,.METRE.)
);
#14698=(
LENGTH_UNIT()
NAMED_UNIT(*)
SI_UNIT($,.METRE.)
);
#14699=(
NAMED_UNIT(*)
PLANE_ANGLE_UNIT()
SI_UNIT($,.RADIAN.)
);
#14700=(
NAMED_UNIT(*)
SI_UNIT($,.STERADIAN.)
SOLID_ANGLE_UNIT()
);
#14701=SHAPE_DEFINITION_REPRESENTATION(#14702,#14703);
#14702=PRODUCT_DEFINITION_SHAPE('',$,#14705);
#14703=SHAPE_REPRESENTATION('',(#8529),#14695);
#14704=PRODUCT_DEFINITION_CONTEXT('part definition',#14709,'design');
#14705=PRODUCT_DEFINITION('Hollywood-1 & Broadway-1',
'Hollywood-1 & Broadway-1 v1',#14706,#14704);
#14706=PRODUCT_DEFINITION_FORMATION('',$,#14711);
#14707=PRODUCT_RELATED_PRODUCT_CATEGORY('Hollywood-1 & Broadway-1 v1',
'Hollywood-1 & Broadway-1 v1',(#14711));
#14708=APPLICATION_PROTOCOL_DEFINITION('international standard',
'automotive_design',2009,#14709);
#14709=APPLICATION_CONTEXT(
'Core Data for Automotive Mechanical Design Process');
#14710=PRODUCT_CONTEXT('part definition',#14709,'mechanical');
#14711=PRODUCT('Hollywood-1 & Broadway-1','Hollywood-1 & Broadway-1 v1',
$,(#14710));
#14712=PRESENTATION_STYLE_ASSIGNMENT((#14715));
#14713=PRESENTATION_STYLE_ASSIGNMENT((#14716));
#14714=PRESENTATION_STYLE_ASSIGNMENT((#14717));
#14715=SURFACE_STYLE_USAGE(.BOTH.,#14718);
#14716=SURFACE_STYLE_USAGE(.BOTH.,#14719);
#14717=SURFACE_STYLE_USAGE(.BOTH.,#14720);
#14718=SURFACE_SIDE_STYLE('',(#14721));
#14719=SURFACE_SIDE_STYLE('',(#14722));
#14720=SURFACE_SIDE_STYLE('',(#14723));
#14721=SURFACE_STYLE_FILL_AREA(#14724);
#14722=SURFACE_STYLE_FILL_AREA(#14725);
#14723=SURFACE_STYLE_FILL_AREA(#14726);
#14724=FILL_AREA_STYLE('Aluminum - Satin',(#14727));
#14725=FILL_AREA_STYLE('FR4',(#14728));
#14726=FILL_AREA_STYLE('Steel - Satin',(#14729));
#14727=FILL_AREA_STYLE_COLOUR('Aluminum - Satin',#14730);
#14728=FILL_AREA_STYLE_COLOUR('FR4',#14731);
#14729=FILL_AREA_STYLE_COLOUR('Steel - Satin',#14732);
#14730=COLOUR_RGB('Aluminum - Satin',0.96078431372549,0.96078431372549,
0.964705882352941);
#14731=COLOUR_RGB('FR4',0.266666666666667,0.466666666666667,0.4);
#14732=COLOUR_RGB('Steel - Satin',0.627450980392157,0.627450980392157,0.627450980392157);
ENDSEC;
END-ISO-10303-21;
