ISO-10303-21;
HEADER;
/* Generated by software containing ST-Developer
 * from STEP Tools, Inc. (www.steptools.com) 
 */

FILE_DESCRIPTION(
/* description */ (''),
/* implementation_level */ '2;1');

FILE_NAME(
/* name */ 'Hollywood-1.step',
/* time_stamp */ '2025-12-02T21:17:57-06:00',
/* author */ (''),
/* organization */ (''),
/* preprocessor_version */ 'ST-DEVELOPER v20.1',
/* originating_system */ 'Autodesk Translation Framework v14.21.0.0',
/* authorisation */ '');

FILE_SCHEMA (('AUTOMOTIVE_DESIGN { 1 0 10303 214 3 1 1 }'));
ENDSEC;

DATA;
#10=MECHANICAL_DESIGN_GEOMETRIC_PRESENTATION_REPRESENTATION('',(#575,#576,
#577,#578,#579,#580,#581,#582,#583,#584,#585,#586,#587,#588,#589,#590),
#12582);
#11=SHAPE_REPRESENTATION_RELATIONSHIP('SRR','None',#12589,#12);
#12=ADVANCED_BREP_SHAPE_REPRESENTATION('',(#591,#592,#593,#594,#595,#596,
#597,#598,#599,#600,#601,#602,#603,#604,#605,#606),#12581);
#13=TOROIDAL_SURFACE('',#7463,2.91651513899117,1.);
#14=TOROIDAL_SURFACE('',#7467,2.91651513899117,1.);
#15=TOROIDAL_SURFACE('',#7475,2.91651513899117,1.);
#16=TOROIDAL_SURFACE('',#7479,2.91651513899117,1.);
#17=B_SPLINE_SURFACE_WITH_KNOTS('',2,1,((#8905,#8906),(#8907,#8908),(#8909,
#8910)),.UNSPECIFIED.,.F.,.F.,.F.,(3,3),(2,2),(0.,1.),(-0.01,0.),
 .UNSPECIFIED.);
#18=B_SPLINE_SURFACE_WITH_KNOTS('',2,1,((#8918,#8919),(#8920,#8921),(#8922,
#8923)),.UNSPECIFIED.,.F.,.F.,.F.,(3,3),(2,2),(0.,1.),(-0.01,0.),
 .UNSPECIFIED.);
#19=B_SPLINE_SURFACE_WITH_KNOTS('',2,1,((#8929,#8930),(#8931,#8932),(#8933,
#8934)),.UNSPECIFIED.,.F.,.F.,.F.,(3,3),(2,2),(0.,1.),(-0.01,0.),
 .UNSPECIFIED.);
#20=B_SPLINE_SURFACE_WITH_KNOTS('',2,1,((#8940,#8941),(#8942,#8943),(#8944,
#8945)),.UNSPECIFIED.,.F.,.F.,.F.,(3,3),(2,2),(0.,1.),(-0.01,0.),
 .UNSPECIFIED.);
#21=B_SPLINE_SURFACE_WITH_KNOTS('',2,1,((#8951,#8952),(#8953,#8954),(#8955,
#8956)),.UNSPECIFIED.,.F.,.F.,.F.,(3,3),(2,2),(0.,1.),(-0.01,0.),
 .UNSPECIFIED.);
#22=B_SPLINE_SURFACE_WITH_KNOTS('',2,1,((#8962,#8963),(#8964,#8965),(#8966,
#8967)),.UNSPECIFIED.,.F.,.F.,.F.,(3,3),(2,2),(0.,1.),(-0.01,0.),
 .UNSPECIFIED.);
#23=B_SPLINE_SURFACE_WITH_KNOTS('',2,1,((#8973,#8974),(#8975,#8976),(#8977,
#8978)),.UNSPECIFIED.,.F.,.F.,.F.,(3,3),(2,2),(0.,1.),(-0.01,0.),
 .UNSPECIFIED.);
#24=B_SPLINE_SURFACE_WITH_KNOTS('',2,1,((#8984,#8985),(#8986,#8987),(#8988,
#8989)),.UNSPECIFIED.,.F.,.F.,.F.,(3,3),(2,2),(0.,1.),(-0.01,0.),
 .UNSPECIFIED.);
#25=B_SPLINE_SURFACE_WITH_KNOTS('',2,1,((#8993,#8994),(#8995,#8996),(#8997,
#8998)),.UNSPECIFIED.,.F.,.F.,.F.,(3,3),(2,2),(-1.,0.),(-0.01,0.),
 .UNSPECIFIED.);
#26=B_SPLINE_SURFACE_WITH_KNOTS('',2,1,((#9006,#9007),(#9008,#9009),(#9010,
#9011)),.UNSPECIFIED.,.F.,.F.,.F.,(3,3),(2,2),(-1.,0.),(-0.01,0.),
 .UNSPECIFIED.);
#27=B_SPLINE_SURFACE_WITH_KNOTS('',2,1,((#9017,#9018),(#9019,#9020),(#9021,
#9022)),.UNSPECIFIED.,.F.,.F.,.F.,(3,3),(2,2),(-1.,0.),(-0.01,0.),
 .UNSPECIFIED.);
#28=B_SPLINE_SURFACE_WITH_KNOTS('',2,1,((#9028,#9029),(#9030,#9031),(#9032,
#9033)),.UNSPECIFIED.,.F.,.F.,.F.,(3,3),(2,2),(-1.,0.),(-0.01,0.),
 .UNSPECIFIED.);
#29=B_SPLINE_SURFACE_WITH_KNOTS('',2,1,((#9039,#9040),(#9041,#9042),(#9043,
#9044)),.UNSPECIFIED.,.F.,.F.,.F.,(3,3),(2,2),(-1.,0.),(-0.01,0.),
 .UNSPECIFIED.);
#30=B_SPLINE_SURFACE_WITH_KNOTS('',2,1,((#9050,#9051),(#9052,#9053),(#9054,
#9055)),.UNSPECIFIED.,.F.,.F.,.F.,(3,3),(2,2),(-1.,0.),(-0.01,0.),
 .UNSPECIFIED.);
#31=B_SPLINE_SURFACE_WITH_KNOTS('',2,1,((#9061,#9062),(#9063,#9064),(#9065,
#9066)),.UNSPECIFIED.,.F.,.F.,.F.,(3,3),(2,2),(-1.,0.),(-0.01,0.),
 .UNSPECIFIED.);
#32=B_SPLINE_SURFACE_WITH_KNOTS('',2,1,((#9072,#9073),(#9074,#9075),(#9076,
#9077)),.UNSPECIFIED.,.F.,.F.,.F.,(3,3),(2,2),(-1.,0.),(-0.01,0.),
 .UNSPECIFIED.);
#33=B_SPLINE_SURFACE_WITH_KNOTS('',2,1,((#9126,#9127),(#9128,#9129),(#9130,
#9131)),.UNSPECIFIED.,.F.,.F.,.F.,(3,3),(2,2),(0.,1.),(-0.01,0.),
 .UNSPECIFIED.);
#34=B_SPLINE_SURFACE_WITH_KNOTS('',2,1,((#9139,#9140),(#9141,#9142),(#9143,
#9144)),.UNSPECIFIED.,.F.,.F.,.F.,(3,3),(2,2),(0.,1.),(-0.01,0.),
 .UNSPECIFIED.);
#35=B_SPLINE_SURFACE_WITH_KNOTS('',2,1,((#9150,#9151),(#9152,#9153),(#9154,
#9155)),.UNSPECIFIED.,.F.,.F.,.F.,(3,3),(2,2),(0.,1.),(-0.01,0.),
 .UNSPECIFIED.);
#36=B_SPLINE_SURFACE_WITH_KNOTS('',2,1,((#9165,#9166),(#9167,#9168),(#9169,
#9170)),.UNSPECIFIED.,.F.,.F.,.F.,(3,3),(2,2),(0.,1.),(-0.01,0.),
 .UNSPECIFIED.);
#37=B_SPLINE_SURFACE_WITH_KNOTS('',2,1,((#9176,#9177),(#9178,#9179),(#9180,
#9181)),.UNSPECIFIED.,.F.,.F.,.F.,(3,3),(2,2),(0.,1.),(-0.01,0.),
 .UNSPECIFIED.);
#38=B_SPLINE_SURFACE_WITH_KNOTS('',2,1,((#9187,#9188),(#9189,#9190),(#9191,
#9192)),.UNSPECIFIED.,.F.,.F.,.F.,(3,3),(2,2),(0.,1.),(-0.01,0.),
 .UNSPECIFIED.);
#39=B_SPLINE_SURFACE_WITH_KNOTS('',2,1,((#9198,#9199),(#9200,#9201),(#9202,
#9203)),.UNSPECIFIED.,.F.,.F.,.F.,(3,3),(2,2),(0.,1.),(-0.01,0.),
 .UNSPECIFIED.);
#40=B_SPLINE_SURFACE_WITH_KNOTS('',2,1,((#9229,#9230),(#9231,#9232),(#9233,
#9234)),.UNSPECIFIED.,.F.,.F.,.F.,(3,3),(2,2),(0.,1.),(-0.01,0.),
 .UNSPECIFIED.);
#41=B_SPLINE_SURFACE_WITH_KNOTS('',2,1,((#9303,#9304),(#9305,#9306),(#9307,
#9308)),.UNSPECIFIED.,.F.,.F.,.F.,(3,3),(2,2),(0.,1.),(-0.01,0.),
 .UNSPECIFIED.);
#42=B_SPLINE_SURFACE_WITH_KNOTS('',2,1,((#9316,#9317),(#9318,#9319),(#9320,
#9321)),.UNSPECIFIED.,.F.,.F.,.F.,(3,3),(2,2),(0.,1.),(-0.01,0.),
 .UNSPECIFIED.);
#43=B_SPLINE_SURFACE_WITH_KNOTS('',2,1,((#9327,#9328),(#9329,#9330),(#9331,
#9332)),.UNSPECIFIED.,.F.,.F.,.F.,(3,3),(2,2),(0.,1.),(-0.01,0.),
 .UNSPECIFIED.);
#44=B_SPLINE_SURFACE_WITH_KNOTS('',2,1,((#9338,#9339),(#9340,#9341),(#9342,
#9343)),.UNSPECIFIED.,.F.,.F.,.F.,(3,3),(2,2),(0.,1.),(-0.01,0.),
 .UNSPECIFIED.);
#45=B_SPLINE_SURFACE_WITH_KNOTS('',2,1,((#9349,#9350),(#9351,#9352),(#9353,
#9354)),.UNSPECIFIED.,.F.,.F.,.F.,(3,3),(2,2),(0.,1.),(-0.01,0.),
 .UNSPECIFIED.);
#46=B_SPLINE_SURFACE_WITH_KNOTS('',2,1,((#9360,#9361),(#9362,#9363),(#9364,
#9365)),.UNSPECIFIED.,.F.,.F.,.F.,(3,3),(2,2),(0.,1.),(-0.01,0.),
 .UNSPECIFIED.);
#47=B_SPLINE_SURFACE_WITH_KNOTS('',2,1,((#9371,#9372),(#9373,#9374),(#9375,
#9376)),.UNSPECIFIED.,.F.,.F.,.F.,(3,3),(2,2),(0.,1.),(-0.01,0.),
 .UNSPECIFIED.);
#48=B_SPLINE_SURFACE_WITH_KNOTS('',2,1,((#9382,#9383),(#9384,#9385),(#9386,
#9387)),.UNSPECIFIED.,.F.,.F.,.F.,(3,3),(2,2),(0.,1.),(-0.01,0.),
 .UNSPECIFIED.);
#49=B_SPLINE_SURFACE_WITH_KNOTS('',2,1,((#9391,#9392),(#9393,#9394),(#9395,
#9396)),.UNSPECIFIED.,.F.,.F.,.F.,(3,3),(2,2),(-1.,0.),(-0.01,0.),
 .UNSPECIFIED.);
#50=B_SPLINE_SURFACE_WITH_KNOTS('',2,1,((#9404,#9405),(#9406,#9407),(#9408,
#9409)),.UNSPECIFIED.,.F.,.F.,.F.,(3,3),(2,2),(-1.,0.),(-0.01,0.),
 .UNSPECIFIED.);
#51=B_SPLINE_SURFACE_WITH_KNOTS('',2,1,((#9415,#9416),(#9417,#9418),(#9419,
#9420)),.UNSPECIFIED.,.F.,.F.,.F.,(3,3),(2,2),(-1.,0.),(-0.01,0.),
 .UNSPECIFIED.);
#52=B_SPLINE_SURFACE_WITH_KNOTS('',2,1,((#9426,#9427),(#9428,#9429),(#9430,
#9431)),.UNSPECIFIED.,.F.,.F.,.F.,(3,3),(2,2),(-1.,0.),(-0.01,0.),
 .UNSPECIFIED.);
#53=B_SPLINE_SURFACE_WITH_KNOTS('',2,1,((#9437,#9438),(#9439,#9440),(#9441,
#9442)),.UNSPECIFIED.,.F.,.F.,.F.,(3,3),(2,2),(-1.,0.),(-0.01,0.),
 .UNSPECIFIED.);
#54=B_SPLINE_SURFACE_WITH_KNOTS('',2,1,((#9448,#9449),(#9450,#9451),(#9452,
#9453)),.UNSPECIFIED.,.F.,.F.,.F.,(3,3),(2,2),(-1.,0.),(-0.01,0.),
 .UNSPECIFIED.);
#55=B_SPLINE_SURFACE_WITH_KNOTS('',2,1,((#9459,#9460),(#9461,#9462),(#9463,
#9464)),.UNSPECIFIED.,.F.,.F.,.F.,(3,3),(2,2),(-1.,0.),(-0.01,0.),
 .UNSPECIFIED.);
#56=B_SPLINE_SURFACE_WITH_KNOTS('',2,1,((#9470,#9471),(#9472,#9473),(#9474,
#9475)),.UNSPECIFIED.,.F.,.F.,.F.,(3,3),(2,2),(-1.,0.),(-0.01,0.),
 .UNSPECIFIED.);
#57=B_SPLINE_SURFACE_WITH_KNOTS('',2,1,((#9733,#9734),(#9735,#9736),(#9737,
#9738)),.UNSPECIFIED.,.F.,.F.,.F.,(3,3),(2,2),(0.,1.),(-0.01,0.),
 .UNSPECIFIED.);
#58=B_SPLINE_SURFACE_WITH_KNOTS('',2,1,((#9746,#9747),(#9748,#9749),(#9750,
#9751)),.UNSPECIFIED.,.F.,.F.,.F.,(3,3),(2,2),(0.,1.),(-0.01,0.),
 .UNSPECIFIED.);
#59=B_SPLINE_SURFACE_WITH_KNOTS('',2,1,((#9757,#9758),(#9759,#9760),(#9761,
#9762)),.UNSPECIFIED.,.F.,.F.,.F.,(3,3),(2,2),(0.,1.),(-0.01,0.),
 .UNSPECIFIED.);
#60=B_SPLINE_SURFACE_WITH_KNOTS('',2,1,((#9768,#9769),(#9770,#9771),(#9772,
#9773)),.UNSPECIFIED.,.F.,.F.,.F.,(3,3),(2,2),(0.,1.),(-0.01,0.),
 .UNSPECIFIED.);
#61=B_SPLINE_SURFACE_WITH_KNOTS('',2,1,((#9779,#9780),(#9781,#9782),(#9783,
#9784)),.UNSPECIFIED.,.F.,.F.,.F.,(3,3),(2,2),(0.,1.),(-0.01,0.),
 .UNSPECIFIED.);
#62=B_SPLINE_SURFACE_WITH_KNOTS('',2,1,((#9790,#9791),(#9792,#9793),(#9794,
#9795)),.UNSPECIFIED.,.F.,.F.,.F.,(3,3),(2,2),(0.,1.),(-0.01,0.),
 .UNSPECIFIED.);
#63=B_SPLINE_SURFACE_WITH_KNOTS('',2,1,((#9801,#9802),(#9803,#9804),(#9805,
#9806)),.UNSPECIFIED.,.F.,.F.,.F.,(3,3),(2,2),(0.,1.),(-0.01,0.),
 .UNSPECIFIED.);
#64=B_SPLINE_SURFACE_WITH_KNOTS('',2,1,((#9812,#9813),(#9814,#9815),(#9816,
#9817)),.UNSPECIFIED.,.F.,.F.,.F.,(3,3),(2,2),(0.,1.),(-0.01,0.),
 .UNSPECIFIED.);
#65=B_SPLINE_SURFACE_WITH_KNOTS('',2,1,((#9821,#9822),(#9823,#9824),(#9825,
#9826)),.UNSPECIFIED.,.F.,.F.,.F.,(3,3),(2,2),(-1.,0.),(-0.01,0.),
 .UNSPECIFIED.);
#66=B_SPLINE_SURFACE_WITH_KNOTS('',2,1,((#9834,#9835),(#9836,#9837),(#9838,
#9839)),.UNSPECIFIED.,.F.,.F.,.F.,(3,3),(2,2),(-1.,0.),(-0.01,0.),
 .UNSPECIFIED.);
#67=B_SPLINE_SURFACE_WITH_KNOTS('',2,1,((#9845,#9846),(#9847,#9848),(#9849,
#9850)),.UNSPECIFIED.,.F.,.F.,.F.,(3,3),(2,2),(-1.,0.),(-0.01,0.),
 .UNSPECIFIED.);
#68=B_SPLINE_SURFACE_WITH_KNOTS('',2,1,((#9856,#9857),(#9858,#9859),(#9860,
#9861)),.UNSPECIFIED.,.F.,.F.,.F.,(3,3),(2,2),(-1.,0.),(-0.01,0.),
 .UNSPECIFIED.);
#69=B_SPLINE_SURFACE_WITH_KNOTS('',2,1,((#9867,#9868),(#9869,#9870),(#9871,
#9872)),.UNSPECIFIED.,.F.,.F.,.F.,(3,3),(2,2),(-1.,0.),(-0.01,0.),
 .UNSPECIFIED.);
#70=B_SPLINE_SURFACE_WITH_KNOTS('',2,1,((#9878,#9879),(#9880,#9881),(#9882,
#9883)),.UNSPECIFIED.,.F.,.F.,.F.,(3,3),(2,2),(-1.,0.),(-0.01,0.),
 .UNSPECIFIED.);
#71=B_SPLINE_SURFACE_WITH_KNOTS('',2,1,((#9889,#9890),(#9891,#9892),(#9893,
#9894)),.UNSPECIFIED.,.F.,.F.,.F.,(3,3),(2,2),(-1.,0.),(-0.01,0.),
 .UNSPECIFIED.);
#72=B_SPLINE_SURFACE_WITH_KNOTS('',2,1,((#9900,#9901),(#9902,#9903),(#9904,
#9905)),.UNSPECIFIED.,.F.,.F.,.F.,(3,3),(2,2),(-1.,0.),(-0.01,0.),
 .UNSPECIFIED.);
#73=B_SPLINE_SURFACE_WITH_KNOTS('',2,1,((#9954,#9955),(#9956,#9957),(#9958,
#9959)),.UNSPECIFIED.,.F.,.F.,.F.,(3,3),(2,2),(0.,1.),(-0.01,0.),
 .UNSPECIFIED.);
#74=B_SPLINE_SURFACE_WITH_KNOTS('',2,1,((#9967,#9968),(#9969,#9970),(#9971,
#9972)),.UNSPECIFIED.,.F.,.F.,.F.,(3,3),(2,2),(0.,1.),(-0.01,0.),
 .UNSPECIFIED.);
#75=B_SPLINE_SURFACE_WITH_KNOTS('',2,1,((#9978,#9979),(#9980,#9981),(#9982,
#9983)),.UNSPECIFIED.,.F.,.F.,.F.,(3,3),(2,2),(0.,1.),(-0.01,0.),
 .UNSPECIFIED.);
#76=B_SPLINE_SURFACE_WITH_KNOTS('',2,1,((#9993,#9994),(#9995,#9996),(#9997,
#9998)),.UNSPECIFIED.,.F.,.F.,.F.,(3,3),(2,2),(0.,1.),(-0.01,0.),
 .UNSPECIFIED.);
#77=B_SPLINE_SURFACE_WITH_KNOTS('',2,1,((#10004,#10005),(#10006,#10007),
(#10008,#10009)),.UNSPECIFIED.,.F.,.F.,.F.,(3,3),(2,2),(0.,1.),(-0.01,0.),
 .UNSPECIFIED.);
#78=B_SPLINE_SURFACE_WITH_KNOTS('',2,1,((#10015,#10016),(#10017,#10018),
(#10019,#10020)),.UNSPECIFIED.,.F.,.F.,.F.,(3,3),(2,2),(0.,1.),(-0.01,0.),
 .UNSPECIFIED.);
#79=B_SPLINE_SURFACE_WITH_KNOTS('',2,1,((#10026,#10027),(#10028,#10029),
(#10030,#10031)),.UNSPECIFIED.,.F.,.F.,.F.,(3,3),(2,2),(0.,1.),(-0.01,0.),
 .UNSPECIFIED.);
#80=B_SPLINE_SURFACE_WITH_KNOTS('',2,1,((#10057,#10058),(#10059,#10060),
(#10061,#10062)),.UNSPECIFIED.,.F.,.F.,.F.,(3,3),(2,2),(0.,1.),(-0.01,0.),
 .UNSPECIFIED.);
#81=B_SPLINE_SURFACE_WITH_KNOTS('',2,1,((#10192,#10193),(#10194,#10195),
(#10196,#10197)),.UNSPECIFIED.,.F.,.F.,.F.,(3,3),(2,2),(0.,0.609715495929334),
(-0.01,0.),.UNSPECIFIED.);
#82=B_SPLINE_SURFACE_WITH_KNOTS('',2,1,((#10203,#10204),(#10205,#10206),
(#10207,#10208)),.UNSPECIFIED.,.F.,.F.,.F.,(3,3),(2,2),(0.,1.),(-0.01,0.),
 .UNSPECIFIED.);
#83=B_SPLINE_SURFACE_WITH_KNOTS('',2,1,((#10214,#10215),(#10216,#10217),
(#10218,#10219)),.UNSPECIFIED.,.F.,.F.,.F.,(3,3),(2,2),(0.,1.),(-0.01,0.),
 .UNSPECIFIED.);
#84=B_SPLINE_SURFACE_WITH_KNOTS('',2,1,((#10237,#10238),(#10239,#10240),
(#10241,#10242)),.UNSPECIFIED.,.F.,.F.,.F.,(3,3),(2,2),(0.,1.),(-0.01,0.),
 .UNSPECIFIED.);
#85=B_SPLINE_SURFACE_WITH_KNOTS('',2,1,((#10248,#10249),(#10250,#10251),
(#10252,#10253)),.UNSPECIFIED.,.F.,.F.,.F.,(3,3),(2,2),(0.,1.),(-0.01,0.),
 .UNSPECIFIED.);
#86=B_SPLINE_SURFACE_WITH_KNOTS('',2,1,((#10259,#10260),(#10261,#10262),
(#10263,#10264)),.UNSPECIFIED.,.F.,.F.,.F.,(3,3),(2,2),(0.,1.),(-0.01,0.),
 .UNSPECIFIED.);
#87=B_SPLINE_SURFACE_WITH_KNOTS('',2,1,((#10282,#10283),(#10284,#10285),
(#10286,#10287)),.UNSPECIFIED.,.F.,.F.,.F.,(3,3),(2,2),(0.800919162327085,
1.),(-0.01,0.),.UNSPECIFIED.);
#88=B_SPLINE_SURFACE_WITH_KNOTS('',2,1,((#10393,#10394),(#10395,#10396),
(#10397,#10398)),.UNSPECIFIED.,.F.,.F.,.F.,(3,3),(2,2),(0.,0.604297657903864),
(-0.01,0.),.UNSPECIFIED.);
#89=B_SPLINE_SURFACE_WITH_KNOTS('',2,1,((#10404,#10405),(#10406,#10407),
(#10408,#10409)),.UNSPECIFIED.,.F.,.F.,.F.,(3,3),(2,2),(0.,1.),(-0.01,0.),
 .UNSPECIFIED.);
#90=B_SPLINE_SURFACE_WITH_KNOTS('',2,1,((#10415,#10416),(#10417,#10418),
(#10419,#10420)),.UNSPECIFIED.,.F.,.F.,.F.,(3,3),(2,2),(0.,1.),(-0.01,0.),
 .UNSPECIFIED.);
#91=B_SPLINE_SURFACE_WITH_KNOTS('',2,1,((#10426,#10427),(#10428,#10429),
(#10430,#10431)),.UNSPECIFIED.,.F.,.F.,.F.,(3,3),(2,2),(0.,1.),(-0.01,0.),
 .UNSPECIFIED.);
#92=B_SPLINE_SURFACE_WITH_KNOTS('',2,1,((#10437,#10438),(#10439,#10440),
(#10441,#10442)),.UNSPECIFIED.,.F.,.F.,.F.,(3,3),(2,2),(0.,1.),(-0.01,0.),
 .UNSPECIFIED.);
#93=B_SPLINE_SURFACE_WITH_KNOTS('',2,1,((#10448,#10449),(#10450,#10451),
(#10452,#10453)),.UNSPECIFIED.,.F.,.F.,.F.,(3,3),(2,2),(0.,1.),(-0.01,0.),
 .UNSPECIFIED.);
#94=B_SPLINE_SURFACE_WITH_KNOTS('',2,1,((#10459,#10460),(#10461,#10462),
(#10463,#10464)),.UNSPECIFIED.,.F.,.F.,.F.,(3,3),(2,2),(0.,1.),(-0.01,0.),
 .UNSPECIFIED.);
#95=B_SPLINE_SURFACE_WITH_KNOTS('',2,1,((#10470,#10471),(#10472,#10473),
(#10474,#10475)),.UNSPECIFIED.,.F.,.F.,.F.,(3,3),(2,2),(0.351698325875357,
1.),(-0.01,0.),.UNSPECIFIED.);
#96=B_SPLINE_SURFACE_WITH_KNOTS('',2,1,((#10497,#10498),(#10499,#10500),
(#10501,#10502)),.UNSPECIFIED.,.F.,.F.,.F.,(3,3),(2,2),(0.,0.0316556957912614),
(-0.01,0.),.UNSPECIFIED.);
#97=B_SPLINE_SURFACE_WITH_KNOTS('',2,1,((#10508,#10509),(#10510,#10511),
(#10512,#10513)),.UNSPECIFIED.,.F.,.F.,.F.,(3,3),(2,2),(-0.968230197736355,
0.),(-0.01,0.),.UNSPECIFIED.);
#98=B_SPLINE_SURFACE_WITH_KNOTS('',2,1,((#10520,#10521),(#10522,#10523),
(#10524,#10525)),.UNSPECIFIED.,.F.,.F.,.F.,(3,3),(2,2),(-1.,0.),(-0.01,
0.),.UNSPECIFIED.);
#99=B_SPLINE_SURFACE_WITH_KNOTS('',2,1,((#10531,#10532),(#10533,#10534),
(#10535,#10536)),.UNSPECIFIED.,.F.,.F.,.F.,(3,3),(2,2),(-1.,0.),(-0.01,
0.),.UNSPECIFIED.);
#100=B_SPLINE_SURFACE_WITH_KNOTS('',2,1,((#10542,#10543),(#10544,#10545),
(#10546,#10547)),.UNSPECIFIED.,.F.,.F.,.F.,(3,3),(2,2),(-1.,0.),(-0.01,
0.),.UNSPECIFIED.);
#101=B_SPLINE_SURFACE_WITH_KNOTS('',2,1,((#10553,#10554),(#10555,#10556),
(#10557,#10558)),.UNSPECIFIED.,.F.,.F.,.F.,(3,3),(2,2),(-1.,0.),(-0.01,
0.),.UNSPECIFIED.);
#102=B_SPLINE_SURFACE_WITH_KNOTS('',2,1,((#10564,#10565),(#10566,#10567),
(#10568,#10569)),.UNSPECIFIED.,.F.,.F.,.F.,(3,3),(2,2),(-1.,0.),(-0.01,
0.),.UNSPECIFIED.);
#103=B_SPLINE_SURFACE_WITH_KNOTS('',2,1,((#10575,#10576),(#10577,#10578),
(#10579,#10580)),.UNSPECIFIED.,.F.,.F.,.F.,(3,3),(2,2),(-1.,0.),(-0.01,
0.),.UNSPECIFIED.);
#104=B_SPLINE_SURFACE_WITH_KNOTS('',2,1,((#10586,#10587),(#10588,#10589),
(#10590,#10591)),.UNSPECIFIED.,.F.,.F.,.F.,(3,3),(2,2),(-1.,-0.031655695791324),
(-0.01,0.),.UNSPECIFIED.);
#105=B_SPLINE_SURFACE_WITH_KNOTS('',2,1,((#10595,#10596),(#10597,#10598),
(#10599,#10600)),.UNSPECIFIED.,.F.,.F.,.F.,(3,3),(2,2),(0.968230197736386,
1.),(-0.01,0.),.UNSPECIFIED.);
#106=B_SPLINE_SURFACE_WITH_KNOTS('',2,1,((#10804,#10805),(#10806,#10807),
(#10808,#10809)),.UNSPECIFIED.,.F.,.F.,.F.,(3,3),(2,2),(-1.,0.),(0.,0.01),
 .UNSPECIFIED.);
#107=B_SPLINE_SURFACE_WITH_KNOTS('',2,1,((#10822,#10823),(#10824,#10825),
(#10826,#10827)),.UNSPECIFIED.,.F.,.F.,.F.,(3,3),(2,2),(-1.,0.),(0.,0.01),
 .UNSPECIFIED.);
#108=B_SPLINE_SURFACE_WITH_KNOTS('',2,1,((#10837,#10838),(#10839,#10840),
(#10841,#10842)),.UNSPECIFIED.,.F.,.F.,.F.,(3,3),(2,2),(-1.,0.),(0.,0.01),
 .UNSPECIFIED.);
#109=B_SPLINE_SURFACE_WITH_KNOTS('',2,1,((#10852,#10853),(#10854,#10855),
(#10856,#10857)),.UNSPECIFIED.,.F.,.F.,.F.,(3,3),(2,2),(-1.,0.),(0.,0.01),
 .UNSPECIFIED.);
#110=B_SPLINE_SURFACE_WITH_KNOTS('',2,1,((#10867,#10868),(#10869,#10870),
(#10871,#10872)),.UNSPECIFIED.,.F.,.F.,.F.,(3,3),(2,2),(-1.,0.),(0.,0.01),
 .UNSPECIFIED.);
#111=B_SPLINE_SURFACE_WITH_KNOTS('',2,1,((#10882,#10883),(#10884,#10885),
(#10886,#10887)),.UNSPECIFIED.,.F.,.F.,.F.,(3,3),(2,2),(-0.968230197736355,
0.),(0.,0.01),.UNSPECIFIED.);
#112=B_SPLINE_SURFACE_WITH_KNOTS('',2,1,((#10897,#10898),(#10899,#10900),
(#10901,#10902)),.UNSPECIFIED.,.F.,.F.,.F.,(3,3),(2,2),(0.,0.0316556957912614),
(0.,0.01),.UNSPECIFIED.);
#113=B_SPLINE_SURFACE_WITH_KNOTS('',2,1,((#10918,#10919),(#10920,#10921),
(#10922,#10923)),.UNSPECIFIED.,.F.,.F.,.F.,(3,3),(2,2),(0.968230197736386,
1.),(0.,0.01),.UNSPECIFIED.);
#114=B_SPLINE_SURFACE_WITH_KNOTS('',2,1,((#10931,#10932),(#10933,#10934),
(#10935,#10936)),.UNSPECIFIED.,.F.,.F.,.F.,(3,3),(2,2),(-1.,-0.0316556957912922),
(0.,0.01),.UNSPECIFIED.);
#115=B_SPLINE_SURFACE_WITH_KNOTS('',2,1,((#10946,#10947),(#10948,#10949),
(#10950,#10951)),.UNSPECIFIED.,.F.,.F.,.F.,(3,3),(2,2),(-1.,0.),(0.,0.01),
 .UNSPECIFIED.);
#116=B_SPLINE_SURFACE_WITH_KNOTS('',2,1,((#10973,#10974),(#10975,#10976),
(#10977,#10978)),.UNSPECIFIED.,.F.,.F.,.F.,(3,3),(2,2),(-1.,-0.351698325875357),
(0.,0.01),.UNSPECIFIED.);
#117=B_SPLINE_SURFACE_WITH_KNOTS('',2,1,((#10988,#10989),(#10990,#10991),
(#10992,#10993)),.UNSPECIFIED.,.F.,.F.,.F.,(3,3),(2,2),(-1.,0.),(0.,0.01),
 .UNSPECIFIED.);
#118=B_SPLINE_SURFACE_WITH_KNOTS('',2,1,((#11003,#11004),(#11005,#11006),
(#11007,#11008)),.UNSPECIFIED.,.F.,.F.,.F.,(3,3),(2,2),(-1.,0.),(0.,0.01),
 .UNSPECIFIED.);
#119=B_SPLINE_SURFACE_WITH_KNOTS('',2,1,((#11018,#11019),(#11020,#11021),
(#11022,#11023)),.UNSPECIFIED.,.F.,.F.,.F.,(3,3),(2,2),(-1.,0.),(0.,0.01),
 .UNSPECIFIED.);
#120=B_SPLINE_SURFACE_WITH_KNOTS('',2,1,((#11033,#11034),(#11035,#11036),
(#11037,#11038)),.UNSPECIFIED.,.F.,.F.,.F.,(3,3),(2,2),(-1.,0.),(0.,0.01),
 .UNSPECIFIED.);
#121=B_SPLINE_SURFACE_WITH_KNOTS('',2,1,((#11048,#11049),(#11050,#11051),
(#11052,#11053)),.UNSPECIFIED.,.F.,.F.,.F.,(3,3),(2,2),(-1.,0.),(0.,0.01),
 .UNSPECIFIED.);
#122=B_SPLINE_SURFACE_WITH_KNOTS('',2,1,((#11063,#11064),(#11065,#11066),
(#11067,#11068)),.UNSPECIFIED.,.F.,.F.,.F.,(3,3),(2,2),(-1.,0.),(0.,0.01),
 .UNSPECIFIED.);
#123=B_SPLINE_SURFACE_WITH_KNOTS('',2,1,((#11078,#11079),(#11080,#11081),
(#11082,#11083)),.UNSPECIFIED.,.F.,.F.,.F.,(3,3),(2,2),(-0.604297657903864,
0.),(0.,0.01),.UNSPECIFIED.);
#124=B_SPLINE_SURFACE_WITH_KNOTS('',2,1,((#11119,#11120),(#11121,#11122),
(#11123,#11124)),.UNSPECIFIED.,.F.,.F.,.F.,(3,3),(2,2),(-1.,-0.800919162327085),
(0.,0.01),.UNSPECIFIED.);
#125=B_SPLINE_SURFACE_WITH_KNOTS('',2,1,((#11152,#11153),(#11154,#11155),
(#11156,#11157)),.UNSPECIFIED.,.F.,.F.,.F.,(3,3),(2,2),(-1.,0.),(0.,0.01),
 .UNSPECIFIED.);
#126=B_SPLINE_SURFACE_WITH_KNOTS('',2,1,((#11167,#11168),(#11169,#11170),
(#11171,#11172)),.UNSPECIFIED.,.F.,.F.,.F.,(3,3),(2,2),(-1.,0.),(0.,0.01),
 .UNSPECIFIED.);
#127=B_SPLINE_SURFACE_WITH_KNOTS('',2,1,((#11182,#11183),(#11184,#11185),
(#11186,#11187)),.UNSPECIFIED.,.F.,.F.,.F.,(3,3),(2,2),(-1.,0.),(0.,0.01),
 .UNSPECIFIED.);
#128=B_SPLINE_SURFACE_WITH_KNOTS('',2,1,((#11215,#11216),(#11217,#11218),
(#11219,#11220)),.UNSPECIFIED.,.F.,.F.,.F.,(3,3),(2,2),(-1.,0.),(0.,0.01),
 .UNSPECIFIED.);
#129=B_SPLINE_SURFACE_WITH_KNOTS('',2,1,((#11230,#11231),(#11232,#11233),
(#11234,#11235)),.UNSPECIFIED.,.F.,.F.,.F.,(3,3),(2,2),(-1.,0.),(0.,0.01),
 .UNSPECIFIED.);
#130=B_SPLINE_SURFACE_WITH_KNOTS('',2,1,((#11245,#11246),(#11247,#11248),
(#11249,#11250)),.UNSPECIFIED.,.F.,.F.,.F.,(3,3),(2,2),(-0.609715495929389,
0.),(0.,0.01),.UNSPECIFIED.);
#131=B_SPLINE_SURFACE_WITH_KNOTS('',2,1,((#11378,#11379),(#11380,#11381),
(#11382,#11383)),.UNSPECIFIED.,.F.,.F.,.F.,(3,3),(2,2),(-1.,0.),(0.,0.01),
 .UNSPECIFIED.);
#132=B_SPLINE_SURFACE_WITH_KNOTS('',2,1,((#11393,#11394),(#11395,#11396),
(#11397,#11398)),.UNSPECIFIED.,.F.,.F.,.F.,(3,3),(2,2),(-1.,0.),(0.,0.01),
 .UNSPECIFIED.);
#133=B_SPLINE_SURFACE_WITH_KNOTS('',2,1,((#11408,#11409),(#11410,#11411),
(#11412,#11413)),.UNSPECIFIED.,.F.,.F.,.F.,(3,3),(2,2),(-1.,0.),(0.,0.01),
 .UNSPECIFIED.);
#134=B_SPLINE_SURFACE_WITH_KNOTS('',2,1,((#11423,#11424),(#11425,#11426),
(#11427,#11428)),.UNSPECIFIED.,.F.,.F.,.F.,(3,3),(2,2),(-1.,0.),(0.,0.01),
 .UNSPECIFIED.);
#135=B_SPLINE_SURFACE_WITH_KNOTS('',2,1,((#11444,#11445),(#11446,#11447),
(#11448,#11449)),.UNSPECIFIED.,.F.,.F.,.F.,(3,3),(2,2),(-1.,0.),(0.,0.01),
 .UNSPECIFIED.);
#136=B_SPLINE_SURFACE_WITH_KNOTS('',2,1,((#11459,#11460),(#11461,#11462),
(#11463,#11464)),.UNSPECIFIED.,.F.,.F.,.F.,(3,3),(2,2),(-1.,0.),(0.,0.01),
 .UNSPECIFIED.);
#137=B_SPLINE_SURFACE_WITH_KNOTS('',2,1,((#11474,#11475),(#11476,#11477),
(#11478,#11479)),.UNSPECIFIED.,.F.,.F.,.F.,(3,3),(2,2),(-1.,0.),(0.,0.01),
 .UNSPECIFIED.);
#138=B_SPLINE_SURFACE_WITH_KNOTS('',2,1,((#11489,#11490),(#11491,#11492),
(#11493,#11494)),.UNSPECIFIED.,.F.,.F.,.F.,(3,3),(2,2),(-1.,0.),(0.,0.01),
 .UNSPECIFIED.);
#139=B_SPLINE_SURFACE_WITH_KNOTS('',2,1,((#11503,#11504),(#11505,#11506),
(#11507,#11508)),.UNSPECIFIED.,.F.,.F.,.F.,(3,3),(2,2),(-1.,0.),(0.,0.01),
 .UNSPECIFIED.);
#140=B_SPLINE_SURFACE_WITH_KNOTS('',2,1,((#11521,#11522),(#11523,#11524),
(#11525,#11526)),.UNSPECIFIED.,.F.,.F.,.F.,(3,3),(2,2),(-1.,0.),(0.,0.01),
 .UNSPECIFIED.);
#141=B_SPLINE_SURFACE_WITH_KNOTS('',2,1,((#11536,#11537),(#11538,#11539),
(#11540,#11541)),.UNSPECIFIED.,.F.,.F.,.F.,(3,3),(2,2),(-1.,0.),(0.,0.01),
 .UNSPECIFIED.);
#142=B_SPLINE_SURFACE_WITH_KNOTS('',2,1,((#11551,#11552),(#11553,#11554),
(#11555,#11556)),.UNSPECIFIED.,.F.,.F.,.F.,(3,3),(2,2),(-1.,0.),(0.,0.01),
 .UNSPECIFIED.);
#143=B_SPLINE_SURFACE_WITH_KNOTS('',2,1,((#11566,#11567),(#11568,#11569),
(#11570,#11571)),.UNSPECIFIED.,.F.,.F.,.F.,(3,3),(2,2),(-1.,0.),(0.,0.01),
 .UNSPECIFIED.);
#144=B_SPLINE_SURFACE_WITH_KNOTS('',2,1,((#11581,#11582),(#11583,#11584),
(#11585,#11586)),.UNSPECIFIED.,.F.,.F.,.F.,(3,3),(2,2),(-1.,0.),(0.,0.01),
 .UNSPECIFIED.);
#145=B_SPLINE_SURFACE_WITH_KNOTS('',2,1,((#11596,#11597),(#11598,#11599),
(#11600,#11601)),.UNSPECIFIED.,.F.,.F.,.F.,(3,3),(2,2),(-1.,0.),(0.,0.01),
 .UNSPECIFIED.);
#146=B_SPLINE_SURFACE_WITH_KNOTS('',2,1,((#11611,#11612),(#11613,#11614),
(#11615,#11616)),.UNSPECIFIED.,.F.,.F.,.F.,(3,3),(2,2),(-1.,0.),(0.,0.01),
 .UNSPECIFIED.);
#147=B_SPLINE_SURFACE_WITH_KNOTS('',2,1,((#11623,#11624),(#11625,#11626),
(#11627,#11628)),.UNSPECIFIED.,.F.,.F.,.F.,(3,3),(2,2),(-1.,0.),(0.,0.01),
 .UNSPECIFIED.);
#148=B_SPLINE_SURFACE_WITH_KNOTS('',2,1,((#11641,#11642),(#11643,#11644),
(#11645,#11646)),.UNSPECIFIED.,.F.,.F.,.F.,(3,3),(2,2),(-1.,0.),(0.,0.01),
 .UNSPECIFIED.);
#149=B_SPLINE_SURFACE_WITH_KNOTS('',2,1,((#11656,#11657),(#11658,#11659),
(#11660,#11661)),.UNSPECIFIED.,.F.,.F.,.F.,(3,3),(2,2),(-1.,0.),(0.,0.01),
 .UNSPECIFIED.);
#150=B_SPLINE_SURFACE_WITH_KNOTS('',2,1,((#11671,#11672),(#11673,#11674),
(#11675,#11676)),.UNSPECIFIED.,.F.,.F.,.F.,(3,3),(2,2),(-1.,0.),(0.,0.01),
 .UNSPECIFIED.);
#151=B_SPLINE_SURFACE_WITH_KNOTS('',2,1,((#11686,#11687),(#11688,#11689),
(#11690,#11691)),.UNSPECIFIED.,.F.,.F.,.F.,(3,3),(2,2),(-1.,0.),(0.,0.01),
 .UNSPECIFIED.);
#152=B_SPLINE_SURFACE_WITH_KNOTS('',2,1,((#11701,#11702),(#11703,#11704),
(#11705,#11706)),.UNSPECIFIED.,.F.,.F.,.F.,(3,3),(2,2),(-1.,0.),(0.,0.01),
 .UNSPECIFIED.);
#153=B_SPLINE_SURFACE_WITH_KNOTS('',2,1,((#11716,#11717),(#11718,#11719),
(#11720,#11721)),.UNSPECIFIED.,.F.,.F.,.F.,(3,3),(2,2),(-1.,0.),(0.,0.01),
 .UNSPECIFIED.);
#154=B_SPLINE_SURFACE_WITH_KNOTS('',2,1,((#11731,#11732),(#11733,#11734),
(#11735,#11736)),.UNSPECIFIED.,.F.,.F.,.F.,(3,3),(2,2),(-1.,0.),(0.,0.01),
 .UNSPECIFIED.);
#155=B_SPLINE_SURFACE_WITH_KNOTS('',2,1,((#11851,#11852),(#11853,#11854),
(#11855,#11856)),.UNSPECIFIED.,.F.,.F.,.F.,(3,3),(2,2),(-1.,0.),(0.,0.01),
 .UNSPECIFIED.);
#156=B_SPLINE_SURFACE_WITH_KNOTS('',2,1,((#11869,#11870),(#11871,#11872),
(#11873,#11874)),.UNSPECIFIED.,.F.,.F.,.F.,(3,3),(2,2),(-1.,0.),(0.,0.01),
 .UNSPECIFIED.);
#157=B_SPLINE_SURFACE_WITH_KNOTS('',2,1,((#11884,#11885),(#11886,#11887),
(#11888,#11889)),.UNSPECIFIED.,.F.,.F.,.F.,(3,3),(2,2),(-1.,0.),(0.,0.01),
 .UNSPECIFIED.);
#158=B_SPLINE_SURFACE_WITH_KNOTS('',2,1,((#11899,#11900),(#11901,#11902),
(#11903,#11904)),.UNSPECIFIED.,.F.,.F.,.F.,(3,3),(2,2),(-1.,0.),(0.,0.01),
 .UNSPECIFIED.);
#159=B_SPLINE_SURFACE_WITH_KNOTS('',2,1,((#11914,#11915),(#11916,#11917),
(#11918,#11919)),.UNSPECIFIED.,.F.,.F.,.F.,(3,3),(2,2),(-1.,0.),(0.,0.01),
 .UNSPECIFIED.);
#160=B_SPLINE_SURFACE_WITH_KNOTS('',2,1,((#11929,#11930),(#11931,#11932),
(#11933,#11934)),.UNSPECIFIED.,.F.,.F.,.F.,(3,3),(2,2),(-1.,0.),(0.,0.01),
 .UNSPECIFIED.);
#161=B_SPLINE_SURFACE_WITH_KNOTS('',2,1,((#11944,#11945),(#11946,#11947),
(#11948,#11949)),.UNSPECIFIED.,.F.,.F.,.F.,(3,3),(2,2),(-1.,0.),(0.,0.01),
 .UNSPECIFIED.);
#162=B_SPLINE_SURFACE_WITH_KNOTS('',2,1,((#11959,#11960),(#11961,#11962),
(#11963,#11964)),.UNSPECIFIED.,.F.,.F.,.F.,(3,3),(2,2),(-1.,0.),(0.,0.01),
 .UNSPECIFIED.);
#163=B_SPLINE_SURFACE_WITH_KNOTS('',2,1,((#11971,#11972),(#11973,#11974),
(#11975,#11976)),.UNSPECIFIED.,.F.,.F.,.F.,(3,3),(2,2),(-1.,0.),(0.,0.01),
 .UNSPECIFIED.);
#164=B_SPLINE_SURFACE_WITH_KNOTS('',2,1,((#11989,#11990),(#11991,#11992),
(#11993,#11994)),.UNSPECIFIED.,.F.,.F.,.F.,(3,3),(2,2),(-1.,0.),(0.,0.01),
 .UNSPECIFIED.);
#165=B_SPLINE_SURFACE_WITH_KNOTS('',2,1,((#12004,#12005),(#12006,#12007),
(#12008,#12009)),.UNSPECIFIED.,.F.,.F.,.F.,(3,3),(2,2),(-1.,0.),(0.,0.01),
 .UNSPECIFIED.);
#166=B_SPLINE_SURFACE_WITH_KNOTS('',2,1,((#12019,#12020),(#12021,#12022),
(#12023,#12024)),.UNSPECIFIED.,.F.,.F.,.F.,(3,3),(2,2),(-1.,0.),(0.,0.01),
 .UNSPECIFIED.);
#167=B_SPLINE_SURFACE_WITH_KNOTS('',2,1,((#12034,#12035),(#12036,#12037),
(#12038,#12039)),.UNSPECIFIED.,.F.,.F.,.F.,(3,3),(2,2),(-1.,0.),(0.,0.01),
 .UNSPECIFIED.);
#168=B_SPLINE_SURFACE_WITH_KNOTS('',2,1,((#12049,#12050),(#12051,#12052),
(#12053,#12054)),.UNSPECIFIED.,.F.,.F.,.F.,(3,3),(2,2),(-1.,0.),(0.,0.01),
 .UNSPECIFIED.);
#169=B_SPLINE_SURFACE_WITH_KNOTS('',2,1,((#12064,#12065),(#12066,#12067),
(#12068,#12069)),.UNSPECIFIED.,.F.,.F.,.F.,(3,3),(2,2),(-1.,0.),(0.,0.01),
 .UNSPECIFIED.);
#170=B_SPLINE_SURFACE_WITH_KNOTS('',2,1,((#12079,#12080),(#12081,#12082),
(#12083,#12084)),.UNSPECIFIED.,.F.,.F.,.F.,(3,3),(2,2),(-1.,0.),(0.,0.01),
 .UNSPECIFIED.);
#171=B_SPLINE_SURFACE_WITH_KNOTS('',2,1,((#12126,#12127),(#12128,#12129),
(#12130,#12131)),.UNSPECIFIED.,.F.,.F.,.F.,(3,3),(2,2),(-1.,0.),(0.,0.01),
 .UNSPECIFIED.);
#172=B_SPLINE_SURFACE_WITH_KNOTS('',2,1,((#12141,#12142),(#12143,#12144),
(#12145,#12146)),.UNSPECIFIED.,.F.,.F.,.F.,(3,3),(2,2),(-1.,0.),(0.,0.01),
 .UNSPECIFIED.);
#173=B_SPLINE_SURFACE_WITH_KNOTS('',2,1,((#12156,#12157),(#12158,#12159),
(#12160,#12161)),.UNSPECIFIED.,.F.,.F.,.F.,(3,3),(2,2),(-1.,0.),(0.,0.01),
 .UNSPECIFIED.);
#174=B_SPLINE_SURFACE_WITH_KNOTS('',2,1,((#12171,#12172),(#12173,#12174),
(#12175,#12176)),.UNSPECIFIED.,.F.,.F.,.F.,(3,3),(2,2),(-1.,0.),(0.,0.01),
 .UNSPECIFIED.);
#175=B_SPLINE_SURFACE_WITH_KNOTS('',2,1,((#12192,#12193),(#12194,#12195),
(#12196,#12197)),.UNSPECIFIED.,.F.,.F.,.F.,(3,3),(2,2),(-1.,0.),(0.,0.01),
 .UNSPECIFIED.);
#176=B_SPLINE_SURFACE_WITH_KNOTS('',2,1,((#12207,#12208),(#12209,#12210),
(#12211,#12212)),.UNSPECIFIED.,.F.,.F.,.F.,(3,3),(2,2),(-1.,0.),(0.,0.01),
 .UNSPECIFIED.);
#177=B_SPLINE_SURFACE_WITH_KNOTS('',2,1,((#12222,#12223),(#12224,#12225),
(#12226,#12227)),.UNSPECIFIED.,.F.,.F.,.F.,(3,3),(2,2),(-1.,0.),(0.,0.01),
 .UNSPECIFIED.);
#178=B_SPLINE_SURFACE_WITH_KNOTS('',2,1,((#12237,#12238),(#12239,#12240),
(#12241,#12242)),.UNSPECIFIED.,.F.,.F.,.F.,(3,3),(2,2),(-1.,0.),(0.,0.01),
 .UNSPECIFIED.);
#179=B_SPLINE_SURFACE_WITH_KNOTS('',2,1,((#12251,#12252),(#12253,#12254),
(#12255,#12256)),.UNSPECIFIED.,.F.,.F.,.F.,(3,3),(2,2),(-1.,0.),(0.,0.01),
 .UNSPECIFIED.);
#180=B_SPLINE_SURFACE_WITH_KNOTS('',2,1,((#12269,#12270),(#12271,#12272),
(#12273,#12274)),.UNSPECIFIED.,.F.,.F.,.F.,(3,3),(2,2),(-1.,0.),(0.,0.01),
 .UNSPECIFIED.);
#181=B_SPLINE_SURFACE_WITH_KNOTS('',2,1,((#12284,#12285),(#12286,#12287),
(#12288,#12289)),.UNSPECIFIED.,.F.,.F.,.F.,(3,3),(2,2),(-1.,0.),(0.,0.01),
 .UNSPECIFIED.);
#182=B_SPLINE_SURFACE_WITH_KNOTS('',2,1,((#12299,#12300),(#12301,#12302),
(#12303,#12304)),.UNSPECIFIED.,.F.,.F.,.F.,(3,3),(2,2),(-1.,0.),(0.,0.01),
 .UNSPECIFIED.);
#183=B_SPLINE_SURFACE_WITH_KNOTS('',2,1,((#12314,#12315),(#12316,#12317),
(#12318,#12319)),.UNSPECIFIED.,.F.,.F.,.F.,(3,3),(2,2),(-1.,0.),(0.,0.01),
 .UNSPECIFIED.);
#184=B_SPLINE_SURFACE_WITH_KNOTS('',2,1,((#12329,#12330),(#12331,#12332),
(#12333,#12334)),.UNSPECIFIED.,.F.,.F.,.F.,(3,3),(2,2),(-1.,0.),(0.,0.01),
 .UNSPECIFIED.);
#185=B_SPLINE_SURFACE_WITH_KNOTS('',2,1,((#12344,#12345),(#12346,#12347),
(#12348,#12349)),.UNSPECIFIED.,.F.,.F.,.F.,(3,3),(2,2),(-1.,0.),(0.,0.01),
 .UNSPECIFIED.);
#186=B_SPLINE_SURFACE_WITH_KNOTS('',2,1,((#12359,#12360),(#12361,#12362),
(#12363,#12364)),.UNSPECIFIED.,.F.,.F.,.F.,(3,3),(2,2),(-1.,0.),(0.,0.01),
 .UNSPECIFIED.);
#187=B_SPLINE_SURFACE_WITH_KNOTS('',2,1,((#12371,#12372),(#12373,#12374),
(#12375,#12376)),.UNSPECIFIED.,.F.,.F.,.F.,(3,3),(2,2),(-1.,0.),(0.,0.01),
 .UNSPECIFIED.);
#188=B_SPLINE_SURFACE_WITH_KNOTS('',2,1,((#12389,#12390),(#12391,#12392),
(#12393,#12394)),.UNSPECIFIED.,.F.,.F.,.F.,(3,3),(2,2),(-1.,0.),(0.,0.01),
 .UNSPECIFIED.);
#189=B_SPLINE_SURFACE_WITH_KNOTS('',2,1,((#12404,#12405),(#12406,#12407),
(#12408,#12409)),.UNSPECIFIED.,.F.,.F.,.F.,(3,3),(2,2),(-1.,0.),(0.,0.01),
 .UNSPECIFIED.);
#190=B_SPLINE_SURFACE_WITH_KNOTS('',2,1,((#12419,#12420),(#12421,#12422),
(#12423,#12424)),.UNSPECIFIED.,.F.,.F.,.F.,(3,3),(2,2),(-1.,0.),(0.,0.01),
 .UNSPECIFIED.);
#191=B_SPLINE_SURFACE_WITH_KNOTS('',2,1,((#12434,#12435),(#12436,#12437),
(#12438,#12439)),.UNSPECIFIED.,.F.,.F.,.F.,(3,3),(2,2),(-1.,0.),(0.,0.01),
 .UNSPECIFIED.);
#192=B_SPLINE_SURFACE_WITH_KNOTS('',2,1,((#12449,#12450),(#12451,#12452),
(#12453,#12454)),.UNSPECIFIED.,.F.,.F.,.F.,(3,3),(2,2),(-1.,0.),(0.,0.01),
 .UNSPECIFIED.);
#193=B_SPLINE_SURFACE_WITH_KNOTS('',2,1,((#12464,#12465),(#12466,#12467),
(#12468,#12469)),.UNSPECIFIED.,.F.,.F.,.F.,(3,3),(2,2),(-1.,0.),(0.,0.01),
 .UNSPECIFIED.);
#194=B_SPLINE_SURFACE_WITH_KNOTS('',2,1,((#12479,#12480),(#12481,#12482),
(#12483,#12484)),.UNSPECIFIED.,.F.,.F.,.F.,(3,3),(2,2),(-1.,0.),(0.,0.01),
 .UNSPECIFIED.);
#195=FACE_BOUND('',#1062,.T.);
#196=FACE_BOUND('',#1095,.T.);
#197=FACE_BOUND('',#1147,.T.);
#198=FACE_BOUND('',#1210,.T.);
#199=FACE_BOUND('',#1250,.T.);
#200=FACE_BOUND('',#1252,.T.);
#201=FACE_BOUND('',#1253,.T.);
#202=FACE_BOUND('',#1254,.T.);
#203=FACE_BOUND('',#1255,.T.);
#204=FACE_BOUND('',#1256,.T.);
#205=FACE_BOUND('',#1257,.T.);
#206=FACE_BOUND('',#1258,.T.);
#207=FACE_BOUND('',#1259,.T.);
#208=FACE_BOUND('',#1260,.T.);
#209=FACE_BOUND('',#1261,.T.);
#210=FACE_BOUND('',#1262,.T.);
#211=FACE_BOUND('',#1317,.T.);
#212=FACE_BOUND('',#1319,.T.);
#213=FACE_BOUND('',#1385,.T.);
#214=FACE_BOUND('',#1387,.T.);
#215=FACE_BOUND('',#1426,.T.);
#216=FACE_BOUND('',#1428,.T.);
#217=FACE_BOUND('',#1462,.T.);
#218=FACE_BOUND('',#1464,.T.);
#219=B_SPLINE_CURVE_WITH_KNOTS('',2,(#8843,#8844,#8845),.UNSPECIFIED.,.F.,
 .F.,(3,3),(0.,1.),.UNSPECIFIED.);
#220=B_SPLINE_CURVE_WITH_KNOTS('',2,(#8847,#8848,#8849),.UNSPECIFIED.,.F.,
 .F.,(3,3),(0.,1.),.UNSPECIFIED.);
#221=B_SPLINE_CURVE_WITH_KNOTS('',2,(#8851,#8852,#8853),.UNSPECIFIED.,.F.,
 .F.,(3,3),(0.,1.),.UNSPECIFIED.);
#222=B_SPLINE_CURVE_WITH_KNOTS('',2,(#8855,#8856,#8857),.UNSPECIFIED.,.F.,
 .F.,(3,3),(0.,1.),.UNSPECIFIED.);
#223=B_SPLINE_CURVE_WITH_KNOTS('',2,(#8859,#8860,#8861),.UNSPECIFIED.,.F.,
 .F.,(3,3),(0.,1.),.UNSPECIFIED.);
#224=B_SPLINE_CURVE_WITH_KNOTS('',2,(#8863,#8864,#8865),.UNSPECIFIED.,.F.,
 .F.,(3,3),(0.,1.),.UNSPECIFIED.);
#225=B_SPLINE_CURVE_WITH_KNOTS('',2,(#8867,#8868,#8869),.UNSPECIFIED.,.F.,
 .F.,(3,3),(0.,1.),.UNSPECIFIED.);
#226=B_SPLINE_CURVE_WITH_KNOTS('',2,(#8870,#8871,#8872),.UNSPECIFIED.,.F.,
 .F.,(3,3),(0.,1.),.UNSPECIFIED.);
#227=B_SPLINE_CURVE_WITH_KNOTS('',2,(#8875,#8876,#8877),.UNSPECIFIED.,.F.,
 .F.,(3,3),(-1.,0.),.UNSPECIFIED.);
#228=B_SPLINE_CURVE_WITH_KNOTS('',2,(#8879,#8880,#8881),.UNSPECIFIED.,.F.,
 .F.,(3,3),(-1.,0.),.UNSPECIFIED.);
#229=B_SPLINE_CURVE_WITH_KNOTS('',2,(#8883,#8884,#8885),.UNSPECIFIED.,.F.,
 .F.,(3,3),(-1.,0.),.UNSPECIFIED.);
#230=B_SPLINE_CURVE_WITH_KNOTS('',2,(#8887,#8888,#8889),.UNSPECIFIED.,.F.,
 .F.,(3,3),(-1.,0.),.UNSPECIFIED.);
#231=B_SPLINE_CURVE_WITH_KNOTS('',2,(#8891,#8892,#8893),.UNSPECIFIED.,.F.,
 .F.,(3,3),(-1.,0.),.UNSPECIFIED.);
#232=B_SPLINE_CURVE_WITH_KNOTS('',2,(#8895,#8896,#8897),.UNSPECIFIED.,.F.,
 .F.,(3,3),(-1.,0.),.UNSPECIFIED.);
#233=B_SPLINE_CURVE_WITH_KNOTS('',2,(#8899,#8900,#8901),.UNSPECIFIED.,.F.,
 .F.,(3,3),(-1.,0.),.UNSPECIFIED.);
#234=B_SPLINE_CURVE_WITH_KNOTS('',2,(#8902,#8903,#8904),.UNSPECIFIED.,.F.,
 .F.,(3,3),(-1.,0.),.UNSPECIFIED.);
#235=B_SPLINE_CURVE_WITH_KNOTS('',2,(#8914,#8915,#8916),.UNSPECIFIED.,.F.,
 .F.,(3,3),(0.,1.),.UNSPECIFIED.);
#236=B_SPLINE_CURVE_WITH_KNOTS('',2,(#8925,#8926,#8927),.UNSPECIFIED.,.F.,
 .F.,(3,3),(0.,1.),.UNSPECIFIED.);
#237=B_SPLINE_CURVE_WITH_KNOTS('',2,(#8936,#8937,#8938),.UNSPECIFIED.,.F.,
 .F.,(3,3),(0.,1.),.UNSPECIFIED.);
#238=B_SPLINE_CURVE_WITH_KNOTS('',2,(#8947,#8948,#8949),.UNSPECIFIED.,.F.,
 .F.,(3,3),(0.,1.),.UNSPECIFIED.);
#239=B_SPLINE_CURVE_WITH_KNOTS('',2,(#8958,#8959,#8960),.UNSPECIFIED.,.F.,
 .F.,(3,3),(0.,1.),.UNSPECIFIED.);
#240=B_SPLINE_CURVE_WITH_KNOTS('',2,(#8969,#8970,#8971),.UNSPECIFIED.,.F.,
 .F.,(3,3),(0.,1.),.UNSPECIFIED.);
#241=B_SPLINE_CURVE_WITH_KNOTS('',2,(#8980,#8981,#8982),.UNSPECIFIED.,.F.,
 .F.,(3,3),(0.,1.),.UNSPECIFIED.);
#242=B_SPLINE_CURVE_WITH_KNOTS('',2,(#8990,#8991,#8992),.UNSPECIFIED.,.F.,
 .F.,(3,3),(0.,1.),.UNSPECIFIED.);
#243=B_SPLINE_CURVE_WITH_KNOTS('',2,(#9002,#9003,#9004),.UNSPECIFIED.,.F.,
 .F.,(3,3),(0.,1.),.UNSPECIFIED.);
#244=B_SPLINE_CURVE_WITH_KNOTS('',2,(#9013,#9014,#9015),.UNSPECIFIED.,.F.,
 .F.,(3,3),(0.,1.),.UNSPECIFIED.);
#245=B_SPLINE_CURVE_WITH_KNOTS('',2,(#9024,#9025,#9026),.UNSPECIFIED.,.F.,
 .F.,(3,3),(0.,1.),.UNSPECIFIED.);
#246=B_SPLINE_CURVE_WITH_KNOTS('',2,(#9035,#9036,#9037),.UNSPECIFIED.,.F.,
 .F.,(3,3),(0.,1.),.UNSPECIFIED.);
#247=B_SPLINE_CURVE_WITH_KNOTS('',2,(#9046,#9047,#9048),.UNSPECIFIED.,.F.,
 .F.,(3,3),(0.,1.),.UNSPECIFIED.);
#248=B_SPLINE_CURVE_WITH_KNOTS('',2,(#9057,#9058,#9059),.UNSPECIFIED.,.F.,
 .F.,(3,3),(0.,1.),.UNSPECIFIED.);
#249=B_SPLINE_CURVE_WITH_KNOTS('',2,(#9068,#9069,#9070),.UNSPECIFIED.,.F.,
 .F.,(3,3),(0.,1.),.UNSPECIFIED.);
#250=B_SPLINE_CURVE_WITH_KNOTS('',2,(#9078,#9079,#9080),.UNSPECIFIED.,.F.,
 .F.,(3,3),(0.,1.),.UNSPECIFIED.);
#251=B_SPLINE_CURVE_WITH_KNOTS('',2,(#9084,#9085,#9086),.UNSPECIFIED.,.F.,
 .F.,(3,3),(0.,1.),.UNSPECIFIED.);
#252=B_SPLINE_CURVE_WITH_KNOTS('',2,(#9088,#9089,#9090),.UNSPECIFIED.,.F.,
 .F.,(3,3),(0.,1.),.UNSPECIFIED.);
#253=B_SPLINE_CURVE_WITH_KNOTS('',2,(#9092,#9093,#9094),.UNSPECIFIED.,.F.,
 .F.,(3,3),(0.,1.),.UNSPECIFIED.);
#254=B_SPLINE_CURVE_WITH_KNOTS('',2,(#9098,#9099,#9100),.UNSPECIFIED.,.F.,
 .F.,(3,3),(0.,1.),.UNSPECIFIED.);
#255=B_SPLINE_CURVE_WITH_KNOTS('',2,(#9102,#9103,#9104),.UNSPECIFIED.,.F.,
 .F.,(3,3),(0.,1.),.UNSPECIFIED.);
#256=B_SPLINE_CURVE_WITH_KNOTS('',2,(#9106,#9107,#9108),.UNSPECIFIED.,.F.,
 .F.,(3,3),(0.,1.),.UNSPECIFIED.);
#257=B_SPLINE_CURVE_WITH_KNOTS('',2,(#9110,#9111,#9112),.UNSPECIFIED.,.F.,
 .F.,(3,3),(0.,1.),.UNSPECIFIED.);
#258=B_SPLINE_CURVE_WITH_KNOTS('',2,(#9123,#9124,#9125),.UNSPECIFIED.,.F.,
 .F.,(3,3),(0.,1.),.UNSPECIFIED.);
#259=B_SPLINE_CURVE_WITH_KNOTS('',2,(#9135,#9136,#9137),.UNSPECIFIED.,.F.,
 .F.,(3,3),(0.,1.),.UNSPECIFIED.);
#260=B_SPLINE_CURVE_WITH_KNOTS('',2,(#9146,#9147,#9148),.UNSPECIFIED.,.F.,
 .F.,(3,3),(0.,1.),.UNSPECIFIED.);
#261=B_SPLINE_CURVE_WITH_KNOTS('',2,(#9157,#9158,#9159),.UNSPECIFIED.,.F.,
 .F.,(3,3),(0.,1.),.UNSPECIFIED.);
#262=B_SPLINE_CURVE_WITH_KNOTS('',2,(#9172,#9173,#9174),.UNSPECIFIED.,.F.,
 .F.,(3,3),(0.,1.),.UNSPECIFIED.);
#263=B_SPLINE_CURVE_WITH_KNOTS('',2,(#9183,#9184,#9185),.UNSPECIFIED.,.F.,
 .F.,(3,3),(0.,1.),.UNSPECIFIED.);
#264=B_SPLINE_CURVE_WITH_KNOTS('',2,(#9194,#9195,#9196),.UNSPECIFIED.,.F.,
 .F.,(3,3),(0.,1.),.UNSPECIFIED.);
#265=B_SPLINE_CURVE_WITH_KNOTS('',2,(#9205,#9206,#9207),.UNSPECIFIED.,.F.,
 .F.,(3,3),(0.,1.),.UNSPECIFIED.);
#266=B_SPLINE_CURVE_WITH_KNOTS('',2,(#9235,#9236,#9237),.UNSPECIFIED.,.F.,
 .F.,(3,3),(0.,1.),.UNSPECIFIED.);
#267=B_SPLINE_CURVE_WITH_KNOTS('',2,(#9241,#9242,#9243),.UNSPECIFIED.,.F.,
 .F.,(3,3),(0.,1.),.UNSPECIFIED.);
#268=B_SPLINE_CURVE_WITH_KNOTS('',2,(#9245,#9246,#9247),.UNSPECIFIED.,.F.,
 .F.,(3,3),(0.,1.),.UNSPECIFIED.);
#269=B_SPLINE_CURVE_WITH_KNOTS('',2,(#9249,#9250,#9251),.UNSPECIFIED.,.F.,
 .F.,(3,3),(0.,1.),.UNSPECIFIED.);
#270=B_SPLINE_CURVE_WITH_KNOTS('',2,(#9253,#9254,#9255),.UNSPECIFIED.,.F.,
 .F.,(3,3),(0.,1.),.UNSPECIFIED.);
#271=B_SPLINE_CURVE_WITH_KNOTS('',2,(#9257,#9258,#9259),.UNSPECIFIED.,.F.,
 .F.,(3,3),(0.,1.),.UNSPECIFIED.);
#272=B_SPLINE_CURVE_WITH_KNOTS('',2,(#9261,#9262,#9263),.UNSPECIFIED.,.F.,
 .F.,(3,3),(0.,1.),.UNSPECIFIED.);
#273=B_SPLINE_CURVE_WITH_KNOTS('',2,(#9265,#9266,#9267),.UNSPECIFIED.,.F.,
 .F.,(3,3),(0.,1.),.UNSPECIFIED.);
#274=B_SPLINE_CURVE_WITH_KNOTS('',2,(#9268,#9269,#9270),.UNSPECIFIED.,.F.,
 .F.,(3,3),(0.,1.),.UNSPECIFIED.);
#275=B_SPLINE_CURVE_WITH_KNOTS('',2,(#9273,#9274,#9275),.UNSPECIFIED.,.F.,
 .F.,(3,3),(-1.,0.),.UNSPECIFIED.);
#276=B_SPLINE_CURVE_WITH_KNOTS('',2,(#9277,#9278,#9279),.UNSPECIFIED.,.F.,
 .F.,(3,3),(-1.,0.),.UNSPECIFIED.);
#277=B_SPLINE_CURVE_WITH_KNOTS('',2,(#9281,#9282,#9283),.UNSPECIFIED.,.F.,
 .F.,(3,3),(-1.,0.),.UNSPECIFIED.);
#278=B_SPLINE_CURVE_WITH_KNOTS('',2,(#9285,#9286,#9287),.UNSPECIFIED.,.F.,
 .F.,(3,3),(-1.,0.),.UNSPECIFIED.);
#279=B_SPLINE_CURVE_WITH_KNOTS('',2,(#9289,#9290,#9291),.UNSPECIFIED.,.F.,
 .F.,(3,3),(-1.,0.),.UNSPECIFIED.);
#280=B_SPLINE_CURVE_WITH_KNOTS('',2,(#9293,#9294,#9295),.UNSPECIFIED.,.F.,
 .F.,(3,3),(-1.,0.),.UNSPECIFIED.);
#281=B_SPLINE_CURVE_WITH_KNOTS('',2,(#9297,#9298,#9299),.UNSPECIFIED.,.F.,
 .F.,(3,3),(-1.,0.),.UNSPECIFIED.);
#282=B_SPLINE_CURVE_WITH_KNOTS('',2,(#9300,#9301,#9302),.UNSPECIFIED.,.F.,
 .F.,(3,3),(-1.,0.),.UNSPECIFIED.);
#283=B_SPLINE_CURVE_WITH_KNOTS('',2,(#9312,#9313,#9314),.UNSPECIFIED.,.F.,
 .F.,(3,3),(0.,1.),.UNSPECIFIED.);
#284=B_SPLINE_CURVE_WITH_KNOTS('',2,(#9323,#9324,#9325),.UNSPECIFIED.,.F.,
 .F.,(3,3),(0.,1.),.UNSPECIFIED.);
#285=B_SPLINE_CURVE_WITH_KNOTS('',2,(#9334,#9335,#9336),.UNSPECIFIED.,.F.,
 .F.,(3,3),(0.,1.),.UNSPECIFIED.);
#286=B_SPLINE_CURVE_WITH_KNOTS('',2,(#9345,#9346,#9347),.UNSPECIFIED.,.F.,
 .F.,(3,3),(0.,1.),.UNSPECIFIED.);
#287=B_SPLINE_CURVE_WITH_KNOTS('',2,(#9356,#9357,#9358),.UNSPECIFIED.,.F.,
 .F.,(3,3),(0.,1.),.UNSPECIFIED.);
#288=B_SPLINE_CURVE_WITH_KNOTS('',2,(#9367,#9368,#9369),.UNSPECIFIED.,.F.,
 .F.,(3,3),(0.,1.),.UNSPECIFIED.);
#289=B_SPLINE_CURVE_WITH_KNOTS('',2,(#9378,#9379,#9380),.UNSPECIFIED.,.F.,
 .F.,(3,3),(0.,1.),.UNSPECIFIED.);
#290=B_SPLINE_CURVE_WITH_KNOTS('',2,(#9388,#9389,#9390),.UNSPECIFIED.,.F.,
 .F.,(3,3),(0.,1.),.UNSPECIFIED.);
#291=B_SPLINE_CURVE_WITH_KNOTS('',2,(#9400,#9401,#9402),.UNSPECIFIED.,.F.,
 .F.,(3,3),(0.,1.),.UNSPECIFIED.);
#292=B_SPLINE_CURVE_WITH_KNOTS('',2,(#9411,#9412,#9413),.UNSPECIFIED.,.F.,
 .F.,(3,3),(0.,1.),.UNSPECIFIED.);
#293=B_SPLINE_CURVE_WITH_KNOTS('',2,(#9422,#9423,#9424),.UNSPECIFIED.,.F.,
 .F.,(3,3),(0.,1.),.UNSPECIFIED.);
#294=B_SPLINE_CURVE_WITH_KNOTS('',2,(#9433,#9434,#9435),.UNSPECIFIED.,.F.,
 .F.,(3,3),(0.,1.),.UNSPECIFIED.);
#295=B_SPLINE_CURVE_WITH_KNOTS('',2,(#9444,#9445,#9446),.UNSPECIFIED.,.F.,
 .F.,(3,3),(0.,1.),.UNSPECIFIED.);
#296=B_SPLINE_CURVE_WITH_KNOTS('',2,(#9455,#9456,#9457),.UNSPECIFIED.,.F.,
 .F.,(3,3),(0.,1.),.UNSPECIFIED.);
#297=B_SPLINE_CURVE_WITH_KNOTS('',2,(#9466,#9467,#9468),.UNSPECIFIED.,.F.,
 .F.,(3,3),(0.,1.),.UNSPECIFIED.);
#298=B_SPLINE_CURVE_WITH_KNOTS('',2,(#9476,#9477,#9478),.UNSPECIFIED.,.F.,
 .F.,(3,3),(0.,1.),.UNSPECIFIED.);
#299=B_SPLINE_CURVE_WITH_KNOTS('',2,(#9671,#9672,#9673),.UNSPECIFIED.,.F.,
 .F.,(3,3),(0.,1.),.UNSPECIFIED.);
#300=B_SPLINE_CURVE_WITH_KNOTS('',2,(#9675,#9676,#9677),.UNSPECIFIED.,.F.,
 .F.,(3,3),(0.,1.),.UNSPECIFIED.);
#301=B_SPLINE_CURVE_WITH_KNOTS('',2,(#9679,#9680,#9681),.UNSPECIFIED.,.F.,
 .F.,(3,3),(0.,1.),.UNSPECIFIED.);
#302=B_SPLINE_CURVE_WITH_KNOTS('',2,(#9683,#9684,#9685),.UNSPECIFIED.,.F.,
 .F.,(3,3),(0.,1.),.UNSPECIFIED.);
#303=B_SPLINE_CURVE_WITH_KNOTS('',2,(#9687,#9688,#9689),.UNSPECIFIED.,.F.,
 .F.,(3,3),(0.,1.),.UNSPECIFIED.);
#304=B_SPLINE_CURVE_WITH_KNOTS('',2,(#9691,#9692,#9693),.UNSPECIFIED.,.F.,
 .F.,(3,3),(0.,1.),.UNSPECIFIED.);
#305=B_SPLINE_CURVE_WITH_KNOTS('',2,(#9695,#9696,#9697),.UNSPECIFIED.,.F.,
 .F.,(3,3),(0.,1.),.UNSPECIFIED.);
#306=B_SPLINE_CURVE_WITH_KNOTS('',2,(#9698,#9699,#9700),.UNSPECIFIED.,.F.,
 .F.,(3,3),(0.,1.),.UNSPECIFIED.);
#307=B_SPLINE_CURVE_WITH_KNOTS('',2,(#9703,#9704,#9705),.UNSPECIFIED.,.F.,
 .F.,(3,3),(-1.,0.),.UNSPECIFIED.);
#308=B_SPLINE_CURVE_WITH_KNOTS('',2,(#9707,#9708,#9709),.UNSPECIFIED.,.F.,
 .F.,(3,3),(-1.,0.),.UNSPECIFIED.);
#309=B_SPLINE_CURVE_WITH_KNOTS('',2,(#9711,#9712,#9713),.UNSPECIFIED.,.F.,
 .F.,(3,3),(-1.,0.),.UNSPECIFIED.);
#310=B_SPLINE_CURVE_WITH_KNOTS('',2,(#9715,#9716,#9717),.UNSPECIFIED.,.F.,
 .F.,(3,3),(-1.,0.),.UNSPECIFIED.);
#311=B_SPLINE_CURVE_WITH_KNOTS('',2,(#9719,#9720,#9721),.UNSPECIFIED.,.F.,
 .F.,(3,3),(-1.,0.),.UNSPECIFIED.);
#312=B_SPLINE_CURVE_WITH_KNOTS('',2,(#9723,#9724,#9725),.UNSPECIFIED.,.F.,
 .F.,(3,3),(-1.,0.),.UNSPECIFIED.);
#313=B_SPLINE_CURVE_WITH_KNOTS('',2,(#9727,#9728,#9729),.UNSPECIFIED.,.F.,
 .F.,(3,3),(-1.,0.),.UNSPECIFIED.);
#314=B_SPLINE_CURVE_WITH_KNOTS('',2,(#9730,#9731,#9732),.UNSPECIFIED.,.F.,
 .F.,(3,3),(-1.,0.),.UNSPECIFIED.);
#315=B_SPLINE_CURVE_WITH_KNOTS('',2,(#9742,#9743,#9744),.UNSPECIFIED.,.F.,
 .F.,(3,3),(0.,1.),.UNSPECIFIED.);
#316=B_SPLINE_CURVE_WITH_KNOTS('',2,(#9753,#9754,#9755),.UNSPECIFIED.,.F.,
 .F.,(3,3),(0.,1.),.UNSPECIFIED.);
#317=B_SPLINE_CURVE_WITH_KNOTS('',2,(#9764,#9765,#9766),.UNSPECIFIED.,.F.,
 .F.,(3,3),(0.,1.),.UNSPECIFIED.);
#318=B_SPLINE_CURVE_WITH_KNOTS('',2,(#9775,#9776,#9777),.UNSPECIFIED.,.F.,
 .F.,(3,3),(0.,1.),.UNSPECIFIED.);
#319=B_SPLINE_CURVE_WITH_KNOTS('',2,(#9786,#9787,#9788),.UNSPECIFIED.,.F.,
 .F.,(3,3),(0.,1.),.UNSPECIFIED.);
#320=B_SPLINE_CURVE_WITH_KNOTS('',2,(#9797,#9798,#9799),.UNSPECIFIED.,.F.,
 .F.,(3,3),(0.,1.),.UNSPECIFIED.);
#321=B_SPLINE_CURVE_WITH_KNOTS('',2,(#9808,#9809,#9810),.UNSPECIFIED.,.F.,
 .F.,(3,3),(0.,1.),.UNSPECIFIED.);
#322=B_SPLINE_CURVE_WITH_KNOTS('',2,(#9818,#9819,#9820),.UNSPECIFIED.,.F.,
 .F.,(3,3),(0.,1.),.UNSPECIFIED.);
#323=B_SPLINE_CURVE_WITH_KNOTS('',2,(#9830,#9831,#9832),.UNSPECIFIED.,.F.,
 .F.,(3,3),(0.,1.),.UNSPECIFIED.);
#324=B_SPLINE_CURVE_WITH_KNOTS('',2,(#9841,#9842,#9843),.UNSPECIFIED.,.F.,
 .F.,(3,3),(0.,1.),.UNSPECIFIED.);
#325=B_SPLINE_CURVE_WITH_KNOTS('',2,(#9852,#9853,#9854),.UNSPECIFIED.,.F.,
 .F.,(3,3),(0.,1.),.UNSPECIFIED.);
#326=B_SPLINE_CURVE_WITH_KNOTS('',2,(#9863,#9864,#9865),.UNSPECIFIED.,.F.,
 .F.,(3,3),(0.,1.),.UNSPECIFIED.);
#327=B_SPLINE_CURVE_WITH_KNOTS('',2,(#9874,#9875,#9876),.UNSPECIFIED.,.F.,
 .F.,(3,3),(0.,1.),.UNSPECIFIED.);
#328=B_SPLINE_CURVE_WITH_KNOTS('',2,(#9885,#9886,#9887),.UNSPECIFIED.,.F.,
 .F.,(3,3),(0.,1.),.UNSPECIFIED.);
#329=B_SPLINE_CURVE_WITH_KNOTS('',2,(#9896,#9897,#9898),.UNSPECIFIED.,.F.,
 .F.,(3,3),(0.,1.),.UNSPECIFIED.);
#330=B_SPLINE_CURVE_WITH_KNOTS('',2,(#9906,#9907,#9908),.UNSPECIFIED.,.F.,
 .F.,(3,3),(0.,1.),.UNSPECIFIED.);
#331=B_SPLINE_CURVE_WITH_KNOTS('',2,(#9912,#9913,#9914),.UNSPECIFIED.,.F.,
 .F.,(3,3),(0.,1.),.UNSPECIFIED.);
#332=B_SPLINE_CURVE_WITH_KNOTS('',2,(#9916,#9917,#9918),.UNSPECIFIED.,.F.,
 .F.,(3,3),(0.,1.),.UNSPECIFIED.);
#333=B_SPLINE_CURVE_WITH_KNOTS('',2,(#9920,#9921,#9922),.UNSPECIFIED.,.F.,
 .F.,(3,3),(0.,1.),.UNSPECIFIED.);
#334=B_SPLINE_CURVE_WITH_KNOTS('',2,(#9926,#9927,#9928),.UNSPECIFIED.,.F.,
 .F.,(3,3),(0.,1.),.UNSPECIFIED.);
#335=B_SPLINE_CURVE_WITH_KNOTS('',2,(#9930,#9931,#9932),.UNSPECIFIED.,.F.,
 .F.,(3,3),(0.,1.),.UNSPECIFIED.);
#336=B_SPLINE_CURVE_WITH_KNOTS('',2,(#9934,#9935,#9936),.UNSPECIFIED.,.F.,
 .F.,(3,3),(0.,1.),.UNSPECIFIED.);
#337=B_SPLINE_CURVE_WITH_KNOTS('',2,(#9938,#9939,#9940),.UNSPECIFIED.,.F.,
 .F.,(3,3),(0.,1.),.UNSPECIFIED.);
#338=B_SPLINE_CURVE_WITH_KNOTS('',2,(#9951,#9952,#9953),.UNSPECIFIED.,.F.,
 .F.,(3,3),(0.,1.),.UNSPECIFIED.);
#339=B_SPLINE_CURVE_WITH_KNOTS('',2,(#9963,#9964,#9965),.UNSPECIFIED.,.F.,
 .F.,(3,3),(0.,1.),.UNSPECIFIED.);
#340=B_SPLINE_CURVE_WITH_KNOTS('',2,(#9974,#9975,#9976),.UNSPECIFIED.,.F.,
 .F.,(3,3),(0.,1.),.UNSPECIFIED.);
#341=B_SPLINE_CURVE_WITH_KNOTS('',2,(#9985,#9986,#9987),.UNSPECIFIED.,.F.,
 .F.,(3,3),(0.,1.),.UNSPECIFIED.);
#342=B_SPLINE_CURVE_WITH_KNOTS('',2,(#10000,#10001,#10002),
 .UNSPECIFIED.,.F.,.F.,(3,3),(0.,1.),.UNSPECIFIED.);
#343=B_SPLINE_CURVE_WITH_KNOTS('',2,(#10011,#10012,#10013),
 .UNSPECIFIED.,.F.,.F.,(3,3),(0.,1.),.UNSPECIFIED.);
#344=B_SPLINE_CURVE_WITH_KNOTS('',2,(#10022,#10023,#10024),
 .UNSPECIFIED.,.F.,.F.,(3,3),(0.,1.),.UNSPECIFIED.);
#345=B_SPLINE_CURVE_WITH_KNOTS('',2,(#10033,#10034,#10035),
 .UNSPECIFIED.,.F.,.F.,(3,3),(0.,1.),.UNSPECIFIED.);
#346=B_SPLINE_CURVE_WITH_KNOTS('',2,(#10063,#10064,#10065),
 .UNSPECIFIED.,.F.,.F.,(3,3),(0.,1.),.UNSPECIFIED.);
#347=B_SPLINE_CURVE_WITH_KNOTS('',2,(#10144,#10145,#10146),
 .UNSPECIFIED.,.F.,.F.,(3,3),(0.,0.609715495929334),.UNSPECIFIED.);
#348=B_SPLINE_CURVE_WITH_KNOTS('',2,(#10148,#10149,#10150),
 .UNSPECIFIED.,.F.,.F.,(3,3),(0.,1.),.UNSPECIFIED.);
#349=B_SPLINE_CURVE_WITH_KNOTS('',2,(#10152,#10153,#10154),
 .UNSPECIFIED.,.F.,.F.,(3,3),(0.,1.),.UNSPECIFIED.);
#350=B_SPLINE_CURVE_WITH_KNOTS('',2,(#10162,#10163,#10164),
 .UNSPECIFIED.,.F.,.F.,(3,3),(0.,1.),.UNSPECIFIED.);
#351=B_SPLINE_CURVE_WITH_KNOTS('',2,(#10166,#10167,#10168),
 .UNSPECIFIED.,.F.,.F.,(3,3),(0.,1.),.UNSPECIFIED.);
#352=B_SPLINE_CURVE_WITH_KNOTS('',2,(#10170,#10171,#10172),
 .UNSPECIFIED.,.F.,.F.,(3,3),(0.,1.),.UNSPECIFIED.);
#353=B_SPLINE_CURVE_WITH_KNOTS('',2,(#10180,#10181,#10182),
 .UNSPECIFIED.,.F.,.F.,(3,3),(0.800919162327085,1.),.UNSPECIFIED.);
#354=B_SPLINE_CURVE_WITH_KNOTS('',2,(#10199,#10200,#10201),
 .UNSPECIFIED.,.F.,.F.,(3,3),(0.,0.609715495929334),.UNSPECIFIED.);
#355=B_SPLINE_CURVE_WITH_KNOTS('',2,(#10210,#10211,#10212),
 .UNSPECIFIED.,.F.,.F.,(3,3),(0.,1.),.UNSPECIFIED.);
#356=B_SPLINE_CURVE_WITH_KNOTS('',2,(#10221,#10222,#10223),
 .UNSPECIFIED.,.F.,.F.,(3,3),(0.,1.),.UNSPECIFIED.);
#357=B_SPLINE_CURVE_WITH_KNOTS('',2,(#10244,#10245,#10246),
 .UNSPECIFIED.,.F.,.F.,(3,3),(0.,1.),.UNSPECIFIED.);
#358=B_SPLINE_CURVE_WITH_KNOTS('',2,(#10255,#10256,#10257),
 .UNSPECIFIED.,.F.,.F.,(3,3),(0.,1.),.UNSPECIFIED.);
#359=B_SPLINE_CURVE_WITH_KNOTS('',2,(#10266,#10267,#10268),
 .UNSPECIFIED.,.F.,.F.,(3,3),(0.,1.),.UNSPECIFIED.);
#360=B_SPLINE_CURVE_WITH_KNOTS('',2,(#10289,#10290,#10291),
 .UNSPECIFIED.,.F.,.F.,(3,3),(0.800919162327085,1.),.UNSPECIFIED.);
#361=B_SPLINE_CURVE_WITH_KNOTS('',2,(#10306,#10307,#10308),
 .UNSPECIFIED.,.F.,.F.,(3,3),(0.,0.604297657903864),.UNSPECIFIED.);
#362=B_SPLINE_CURVE_WITH_KNOTS('',2,(#10310,#10311,#10312),
 .UNSPECIFIED.,.F.,.F.,(3,3),(0.,1.),.UNSPECIFIED.);
#363=B_SPLINE_CURVE_WITH_KNOTS('',2,(#10314,#10315,#10316),
 .UNSPECIFIED.,.F.,.F.,(3,3),(0.,1.),.UNSPECIFIED.);
#364=B_SPLINE_CURVE_WITH_KNOTS('',2,(#10318,#10319,#10320),
 .UNSPECIFIED.,.F.,.F.,(3,3),(0.,1.),.UNSPECIFIED.);
#365=B_SPLINE_CURVE_WITH_KNOTS('',2,(#10322,#10323,#10324),
 .UNSPECIFIED.,.F.,.F.,(3,3),(0.,1.),.UNSPECIFIED.);
#366=B_SPLINE_CURVE_WITH_KNOTS('',2,(#10326,#10327,#10328),
 .UNSPECIFIED.,.F.,.F.,(3,3),(0.,1.),.UNSPECIFIED.);
#367=B_SPLINE_CURVE_WITH_KNOTS('',2,(#10330,#10331,#10332),
 .UNSPECIFIED.,.F.,.F.,(3,3),(0.,1.),.UNSPECIFIED.);
#368=B_SPLINE_CURVE_WITH_KNOTS('',2,(#10334,#10335,#10336),
 .UNSPECIFIED.,.F.,.F.,(3,3),(0.351698325875357,1.),.UNSPECIFIED.);
#369=B_SPLINE_CURVE_WITH_KNOTS('',2,(#10346,#10347,#10348),
 .UNSPECIFIED.,.F.,.F.,(3,3),(0.,0.0316556957912614),.UNSPECIFIED.);
#370=B_SPLINE_CURVE_WITH_KNOTS('',2,(#10350,#10351,#10352),
 .UNSPECIFIED.,.F.,.F.,(3,3),(-0.968230197736355,0.),.UNSPECIFIED.);
#371=B_SPLINE_CURVE_WITH_KNOTS('',2,(#10354,#10355,#10356),
 .UNSPECIFIED.,.F.,.F.,(3,3),(-1.,0.),.UNSPECIFIED.);
#372=B_SPLINE_CURVE_WITH_KNOTS('',2,(#10358,#10359,#10360),
 .UNSPECIFIED.,.F.,.F.,(3,3),(-1.,0.),.UNSPECIFIED.);
#373=B_SPLINE_CURVE_WITH_KNOTS('',2,(#10362,#10363,#10364),
 .UNSPECIFIED.,.F.,.F.,(3,3),(-1.,0.),.UNSPECIFIED.);
#374=B_SPLINE_CURVE_WITH_KNOTS('',2,(#10366,#10367,#10368),
 .UNSPECIFIED.,.F.,.F.,(3,3),(-1.,0.),.UNSPECIFIED.);
#375=B_SPLINE_CURVE_WITH_KNOTS('',2,(#10370,#10371,#10372),
 .UNSPECIFIED.,.F.,.F.,(3,3),(-1.,0.),.UNSPECIFIED.);
#376=B_SPLINE_CURVE_WITH_KNOTS('',2,(#10374,#10375,#10376),
 .UNSPECIFIED.,.F.,.F.,(3,3),(-1.,0.),.UNSPECIFIED.);
#377=B_SPLINE_CURVE_WITH_KNOTS('',2,(#10377,#10378,#10379),
 .UNSPECIFIED.,.F.,.F.,(3,3),(-1.,-0.031655695791324),.UNSPECIFIED.);
#378=B_SPLINE_CURVE_WITH_KNOTS('',2,(#10380,#10381,#10382),
 .UNSPECIFIED.,.F.,.F.,(3,3),(0.968230197736386,1.),.UNSPECIFIED.);
#379=B_SPLINE_CURVE_WITH_KNOTS('',2,(#10400,#10401,#10402),
 .UNSPECIFIED.,.F.,.F.,(3,3),(0.,0.604297657903864),.UNSPECIFIED.);
#380=B_SPLINE_CURVE_WITH_KNOTS('',2,(#10411,#10412,#10413),
 .UNSPECIFIED.,.F.,.F.,(3,3),(0.,1.),.UNSPECIFIED.);
#381=B_SPLINE_CURVE_WITH_KNOTS('',2,(#10422,#10423,#10424),
 .UNSPECIFIED.,.F.,.F.,(3,3),(0.,1.),.UNSPECIFIED.);
#382=B_SPLINE_CURVE_WITH_KNOTS('',2,(#10433,#10434,#10435),
 .UNSPECIFIED.,.F.,.F.,(3,3),(0.,1.),.UNSPECIFIED.);
#383=B_SPLINE_CURVE_WITH_KNOTS('',2,(#10444,#10445,#10446),
 .UNSPECIFIED.,.F.,.F.,(3,3),(0.,1.),.UNSPECIFIED.);
#384=B_SPLINE_CURVE_WITH_KNOTS('',2,(#10455,#10456,#10457),
 .UNSPECIFIED.,.F.,.F.,(3,3),(0.,1.),.UNSPECIFIED.);
#385=B_SPLINE_CURVE_WITH_KNOTS('',2,(#10466,#10467,#10468),
 .UNSPECIFIED.,.F.,.F.,(3,3),(0.,1.),.UNSPECIFIED.);
#386=B_SPLINE_CURVE_WITH_KNOTS('',2,(#10477,#10478,#10479),
 .UNSPECIFIED.,.F.,.F.,(3,3),(0.351698325875357,1.),.UNSPECIFIED.);
#387=B_SPLINE_CURVE_WITH_KNOTS('',2,(#10504,#10505,#10506),
 .UNSPECIFIED.,.F.,.F.,(3,3),(-0.0316556957912614,0.),.UNSPECIFIED.);
#388=B_SPLINE_CURVE_WITH_KNOTS('',2,(#10516,#10517,#10518),
 .UNSPECIFIED.,.F.,.F.,(3,3),(0.,0.968230197736355),.UNSPECIFIED.);
#389=B_SPLINE_CURVE_WITH_KNOTS('',2,(#10527,#10528,#10529),
 .UNSPECIFIED.,.F.,.F.,(3,3),(0.,1.),.UNSPECIFIED.);
#390=B_SPLINE_CURVE_WITH_KNOTS('',2,(#10538,#10539,#10540),
 .UNSPECIFIED.,.F.,.F.,(3,3),(0.,1.),.UNSPECIFIED.);
#391=B_SPLINE_CURVE_WITH_KNOTS('',2,(#10549,#10550,#10551),
 .UNSPECIFIED.,.F.,.F.,(3,3),(0.,1.),.UNSPECIFIED.);
#392=B_SPLINE_CURVE_WITH_KNOTS('',2,(#10560,#10561,#10562),
 .UNSPECIFIED.,.F.,.F.,(3,3),(0.,1.),.UNSPECIFIED.);
#393=B_SPLINE_CURVE_WITH_KNOTS('',2,(#10571,#10572,#10573),
 .UNSPECIFIED.,.F.,.F.,(3,3),(0.,1.),.UNSPECIFIED.);
#394=B_SPLINE_CURVE_WITH_KNOTS('',2,(#10582,#10583,#10584),
 .UNSPECIFIED.,.F.,.F.,(3,3),(0.,1.),.UNSPECIFIED.);
#395=B_SPLINE_CURVE_WITH_KNOTS('',2,(#10592,#10593,#10594),
 .UNSPECIFIED.,.F.,.F.,(3,3),(0.031655695791324,1.),.UNSPECIFIED.);
#396=B_SPLINE_CURVE_WITH_KNOTS('',2,(#10601,#10602,#10603),
 .UNSPECIFIED.,.F.,.F.,(3,3),(-1.,-0.968230197736386),.UNSPECIFIED.);
#397=B_SPLINE_CURVE_WITH_KNOTS('',2,(#10812,#10813,#10814),
 .UNSPECIFIED.,.F.,.F.,(3,3),(-1.,0.),.UNSPECIFIED.);
#398=B_SPLINE_CURVE_WITH_KNOTS('',2,(#10818,#10819,#10820),
 .UNSPECIFIED.,.F.,.F.,(3,3),(-1.,0.),.UNSPECIFIED.);
#399=B_SPLINE_CURVE_WITH_KNOTS('',2,(#10829,#10830,#10831),
 .UNSPECIFIED.,.F.,.F.,(3,3),(-1.,0.),.UNSPECIFIED.);
#400=B_SPLINE_CURVE_WITH_KNOTS('',2,(#10833,#10834,#10835),
 .UNSPECIFIED.,.F.,.F.,(3,3),(-1.,0.),.UNSPECIFIED.);
#401=B_SPLINE_CURVE_WITH_KNOTS('',2,(#10844,#10845,#10846),
 .UNSPECIFIED.,.F.,.F.,(3,3),(-1.,0.),.UNSPECIFIED.);
#402=B_SPLINE_CURVE_WITH_KNOTS('',2,(#10848,#10849,#10850),
 .UNSPECIFIED.,.F.,.F.,(3,3),(-1.,0.),.UNSPECIFIED.);
#403=B_SPLINE_CURVE_WITH_KNOTS('',2,(#10859,#10860,#10861),
 .UNSPECIFIED.,.F.,.F.,(3,3),(-1.,0.),.UNSPECIFIED.);
#404=B_SPLINE_CURVE_WITH_KNOTS('',2,(#10863,#10864,#10865),
 .UNSPECIFIED.,.F.,.F.,(3,3),(-1.,0.),.UNSPECIFIED.);
#405=B_SPLINE_CURVE_WITH_KNOTS('',2,(#10874,#10875,#10876),
 .UNSPECIFIED.,.F.,.F.,(3,3),(-1.,0.),.UNSPECIFIED.);
#406=B_SPLINE_CURVE_WITH_KNOTS('',2,(#10878,#10879,#10880),
 .UNSPECIFIED.,.F.,.F.,(3,3),(-1.,0.),.UNSPECIFIED.);
#407=B_SPLINE_CURVE_WITH_KNOTS('',2,(#10889,#10890,#10891),
 .UNSPECIFIED.,.F.,.F.,(3,3),(-0.968230197736355,0.),.UNSPECIFIED.);
#408=B_SPLINE_CURVE_WITH_KNOTS('',2,(#10893,#10894,#10895),
 .UNSPECIFIED.,.F.,.F.,(3,3),(-0.968230197736355,0.),.UNSPECIFIED.);
#409=B_SPLINE_CURVE_WITH_KNOTS('',2,(#10904,#10905,#10906),
 .UNSPECIFIED.,.F.,.F.,(3,3),(0.,0.0316556957912614),.UNSPECIFIED.);
#410=B_SPLINE_CURVE_WITH_KNOTS('',2,(#10908,#10909,#10910),
 .UNSPECIFIED.,.F.,.F.,(3,3),(0.,0.0316556957912614),.UNSPECIFIED.);
#411=B_SPLINE_CURVE_WITH_KNOTS('',2,(#10924,#10925,#10926),
 .UNSPECIFIED.,.F.,.F.,(3,3),(0.968230197736386,1.),.UNSPECIFIED.);
#412=B_SPLINE_CURVE_WITH_KNOTS('',2,(#10927,#10928,#10929),
 .UNSPECIFIED.,.F.,.F.,(3,3),(0.968230197736386,1.),.UNSPECIFIED.);
#413=B_SPLINE_CURVE_WITH_KNOTS('',2,(#10938,#10939,#10940),
 .UNSPECIFIED.,.F.,.F.,(3,3),(-1.,-0.0316556957912922),.UNSPECIFIED.);
#414=B_SPLINE_CURVE_WITH_KNOTS('',2,(#10942,#10943,#10944),
 .UNSPECIFIED.,.F.,.F.,(3,3),(-1.,-0.0316556957912922),.UNSPECIFIED.);
#415=B_SPLINE_CURVE_WITH_KNOTS('',2,(#10952,#10953,#10954),
 .UNSPECIFIED.,.F.,.F.,(3,3),(-1.,0.),.UNSPECIFIED.);
#416=B_SPLINE_CURVE_WITH_KNOTS('',2,(#10955,#10956,#10957),
 .UNSPECIFIED.,.F.,.F.,(3,3),(-1.,0.),.UNSPECIFIED.);
#417=B_SPLINE_CURVE_WITH_KNOTS('',2,(#10980,#10981,#10982),
 .UNSPECIFIED.,.F.,.F.,(3,3),(0.351698325874744,1.),.UNSPECIFIED.);
#418=B_SPLINE_CURVE_WITH_KNOTS('',2,(#10984,#10985,#10986),
 .UNSPECIFIED.,.F.,.F.,(3,3),(-1.,-0.351698325875357),.UNSPECIFIED.);
#419=B_SPLINE_CURVE_WITH_KNOTS('',2,(#10995,#10996,#10997),
 .UNSPECIFIED.,.F.,.F.,(3,3),(0.,1.),.UNSPECIFIED.);
#420=B_SPLINE_CURVE_WITH_KNOTS('',2,(#10999,#11000,#11001),
 .UNSPECIFIED.,.F.,.F.,(3,3),(-1.,0.),.UNSPECIFIED.);
#421=B_SPLINE_CURVE_WITH_KNOTS('',2,(#11010,#11011,#11012),
 .UNSPECIFIED.,.F.,.F.,(3,3),(0.,1.),.UNSPECIFIED.);
#422=B_SPLINE_CURVE_WITH_KNOTS('',2,(#11014,#11015,#11016),
 .UNSPECIFIED.,.F.,.F.,(3,3),(-1.,0.),.UNSPECIFIED.);
#423=B_SPLINE_CURVE_WITH_KNOTS('',2,(#11025,#11026,#11027),
 .UNSPECIFIED.,.F.,.F.,(3,3),(0.,1.),.UNSPECIFIED.);
#424=B_SPLINE_CURVE_WITH_KNOTS('',2,(#11029,#11030,#11031),
 .UNSPECIFIED.,.F.,.F.,(3,3),(-1.,0.),.UNSPECIFIED.);
#425=B_SPLINE_CURVE_WITH_KNOTS('',2,(#11040,#11041,#11042),
 .UNSPECIFIED.,.F.,.F.,(3,3),(0.,1.),.UNSPECIFIED.);
#426=B_SPLINE_CURVE_WITH_KNOTS('',2,(#11044,#11045,#11046),
 .UNSPECIFIED.,.F.,.F.,(3,3),(-1.,0.),.UNSPECIFIED.);
#427=B_SPLINE_CURVE_WITH_KNOTS('',2,(#11055,#11056,#11057),
 .UNSPECIFIED.,.F.,.F.,(3,3),(0.,1.),.UNSPECIFIED.);
#428=B_SPLINE_CURVE_WITH_KNOTS('',2,(#11059,#11060,#11061),
 .UNSPECIFIED.,.F.,.F.,(3,3),(-1.,0.),.UNSPECIFIED.);
#429=B_SPLINE_CURVE_WITH_KNOTS('',2,(#11070,#11071,#11072),
 .UNSPECIFIED.,.F.,.F.,(3,3),(0.,1.),.UNSPECIFIED.);
#430=B_SPLINE_CURVE_WITH_KNOTS('',2,(#11074,#11075,#11076),
 .UNSPECIFIED.,.F.,.F.,(3,3),(-1.,0.),.UNSPECIFIED.);
#431=B_SPLINE_CURVE_WITH_KNOTS('',2,(#11085,#11086,#11087),
 .UNSPECIFIED.,.F.,.F.,(3,3),(0.,0.604297657903864),.UNSPECIFIED.);
#432=B_SPLINE_CURVE_WITH_KNOTS('',2,(#11089,#11090,#11091),
 .UNSPECIFIED.,.F.,.F.,(3,3),(-0.604297657903864,0.),.UNSPECIFIED.);
#433=B_SPLINE_CURVE_WITH_KNOTS('',2,(#11126,#11127,#11128),
 .UNSPECIFIED.,.F.,.F.,(3,3),(0.800919162327084,1.),.UNSPECIFIED.);
#434=B_SPLINE_CURVE_WITH_KNOTS('',2,(#11130,#11131,#11132),
 .UNSPECIFIED.,.F.,.F.,(3,3),(-1.,-0.800919162327085),.UNSPECIFIED.);
#435=B_SPLINE_CURVE_WITH_KNOTS('',2,(#11159,#11160,#11161),
 .UNSPECIFIED.,.F.,.F.,(3,3),(0.,1.),.UNSPECIFIED.);
#436=B_SPLINE_CURVE_WITH_KNOTS('',2,(#11163,#11164,#11165),
 .UNSPECIFIED.,.F.,.F.,(3,3),(-1.,0.),.UNSPECIFIED.);
#437=B_SPLINE_CURVE_WITH_KNOTS('',2,(#11174,#11175,#11176),
 .UNSPECIFIED.,.F.,.F.,(3,3),(0.,1.),.UNSPECIFIED.);
#438=B_SPLINE_CURVE_WITH_KNOTS('',2,(#11178,#11179,#11180),
 .UNSPECIFIED.,.F.,.F.,(3,3),(-1.,0.),.UNSPECIFIED.);
#439=B_SPLINE_CURVE_WITH_KNOTS('',2,(#11189,#11190,#11191),
 .UNSPECIFIED.,.F.,.F.,(3,3),(0.,1.),.UNSPECIFIED.);
#440=B_SPLINE_CURVE_WITH_KNOTS('',2,(#11193,#11194,#11195),
 .UNSPECIFIED.,.F.,.F.,(3,3),(-1.,0.),.UNSPECIFIED.);
#441=B_SPLINE_CURVE_WITH_KNOTS('',2,(#11222,#11223,#11224),
 .UNSPECIFIED.,.F.,.F.,(3,3),(0.,1.),.UNSPECIFIED.);
#442=B_SPLINE_CURVE_WITH_KNOTS('',2,(#11226,#11227,#11228),
 .UNSPECIFIED.,.F.,.F.,(3,3),(-1.,0.),.UNSPECIFIED.);
#443=B_SPLINE_CURVE_WITH_KNOTS('',2,(#11237,#11238,#11239),
 .UNSPECIFIED.,.F.,.F.,(3,3),(0.,1.),.UNSPECIFIED.);
#444=B_SPLINE_CURVE_WITH_KNOTS('',2,(#11241,#11242,#11243),
 .UNSPECIFIED.,.F.,.F.,(3,3),(-1.,0.),.UNSPECIFIED.);
#445=B_SPLINE_CURVE_WITH_KNOTS('',2,(#11252,#11253,#11254),
 .UNSPECIFIED.,.F.,.F.,(3,3),(0.,0.609715495929446),.UNSPECIFIED.);
#446=B_SPLINE_CURVE_WITH_KNOTS('',2,(#11256,#11257,#11258),
 .UNSPECIFIED.,.F.,.F.,(3,3),(-0.609715495929389,0.),.UNSPECIFIED.);
#447=B_SPLINE_CURVE_WITH_KNOTS('',2,(#11385,#11386,#11387),
 .UNSPECIFIED.,.F.,.F.,(3,3),(0.,1.),.UNSPECIFIED.);
#448=B_SPLINE_CURVE_WITH_KNOTS('',2,(#11389,#11390,#11391),
 .UNSPECIFIED.,.F.,.F.,(3,3),(-1.,0.),.UNSPECIFIED.);
#449=B_SPLINE_CURVE_WITH_KNOTS('',2,(#11400,#11401,#11402),
 .UNSPECIFIED.,.F.,.F.,(3,3),(0.,1.),.UNSPECIFIED.);
#450=B_SPLINE_CURVE_WITH_KNOTS('',2,(#11404,#11405,#11406),
 .UNSPECIFIED.,.F.,.F.,(3,3),(-1.,0.),.UNSPECIFIED.);
#451=B_SPLINE_CURVE_WITH_KNOTS('',2,(#11415,#11416,#11417),
 .UNSPECIFIED.,.F.,.F.,(3,3),(0.,1.),.UNSPECIFIED.);
#452=B_SPLINE_CURVE_WITH_KNOTS('',2,(#11419,#11420,#11421),
 .UNSPECIFIED.,.F.,.F.,(3,3),(-1.,0.),.UNSPECIFIED.);
#453=B_SPLINE_CURVE_WITH_KNOTS('',2,(#11430,#11431,#11432),
 .UNSPECIFIED.,.F.,.F.,(3,3),(0.,1.),.UNSPECIFIED.);
#454=B_SPLINE_CURVE_WITH_KNOTS('',2,(#11434,#11435,#11436),
 .UNSPECIFIED.,.F.,.F.,(3,3),(-1.,0.),.UNSPECIFIED.);
#455=B_SPLINE_CURVE_WITH_KNOTS('',2,(#11451,#11452,#11453),
 .UNSPECIFIED.,.F.,.F.,(3,3),(0.,1.),.UNSPECIFIED.);
#456=B_SPLINE_CURVE_WITH_KNOTS('',2,(#11455,#11456,#11457),
 .UNSPECIFIED.,.F.,.F.,(3,3),(-1.,0.),.UNSPECIFIED.);
#457=B_SPLINE_CURVE_WITH_KNOTS('',2,(#11466,#11467,#11468),
 .UNSPECIFIED.,.F.,.F.,(3,3),(0.,1.),.UNSPECIFIED.);
#458=B_SPLINE_CURVE_WITH_KNOTS('',2,(#11470,#11471,#11472),
 .UNSPECIFIED.,.F.,.F.,(3,3),(-1.,0.),.UNSPECIFIED.);
#459=B_SPLINE_CURVE_WITH_KNOTS('',2,(#11481,#11482,#11483),
 .UNSPECIFIED.,.F.,.F.,(3,3),(0.,1.),.UNSPECIFIED.);
#460=B_SPLINE_CURVE_WITH_KNOTS('',2,(#11485,#11486,#11487),
 .UNSPECIFIED.,.F.,.F.,(3,3),(-1.,0.),.UNSPECIFIED.);
#461=B_SPLINE_CURVE_WITH_KNOTS('',2,(#11495,#11496,#11497),
 .UNSPECIFIED.,.F.,.F.,(3,3),(0.,1.),.UNSPECIFIED.);
#462=B_SPLINE_CURVE_WITH_KNOTS('',2,(#11498,#11499,#11500),
 .UNSPECIFIED.,.F.,.F.,(3,3),(-1.,0.),.UNSPECIFIED.);
#463=B_SPLINE_CURVE_WITH_KNOTS('',2,(#11511,#11512,#11513),
 .UNSPECIFIED.,.F.,.F.,(3,3),(-1.,0.),.UNSPECIFIED.);
#464=B_SPLINE_CURVE_WITH_KNOTS('',2,(#11517,#11518,#11519),
 .UNSPECIFIED.,.F.,.F.,(3,3),(-1.,0.),.UNSPECIFIED.);
#465=B_SPLINE_CURVE_WITH_KNOTS('',2,(#11528,#11529,#11530),
 .UNSPECIFIED.,.F.,.F.,(3,3),(-1.,0.),.UNSPECIFIED.);
#466=B_SPLINE_CURVE_WITH_KNOTS('',2,(#11532,#11533,#11534),
 .UNSPECIFIED.,.F.,.F.,(3,3),(-1.,0.),.UNSPECIFIED.);
#467=B_SPLINE_CURVE_WITH_KNOTS('',2,(#11543,#11544,#11545),
 .UNSPECIFIED.,.F.,.F.,(3,3),(-1.,0.),.UNSPECIFIED.);
#468=B_SPLINE_CURVE_WITH_KNOTS('',2,(#11547,#11548,#11549),
 .UNSPECIFIED.,.F.,.F.,(3,3),(-1.,0.),.UNSPECIFIED.);
#469=B_SPLINE_CURVE_WITH_KNOTS('',2,(#11558,#11559,#11560),
 .UNSPECIFIED.,.F.,.F.,(3,3),(-1.,0.),.UNSPECIFIED.);
#470=B_SPLINE_CURVE_WITH_KNOTS('',2,(#11562,#11563,#11564),
 .UNSPECIFIED.,.F.,.F.,(3,3),(-1.,0.),.UNSPECIFIED.);
#471=B_SPLINE_CURVE_WITH_KNOTS('',2,(#11573,#11574,#11575),
 .UNSPECIFIED.,.F.,.F.,(3,3),(-1.,0.),.UNSPECIFIED.);
#472=B_SPLINE_CURVE_WITH_KNOTS('',2,(#11577,#11578,#11579),
 .UNSPECIFIED.,.F.,.F.,(3,3),(-1.,0.),.UNSPECIFIED.);
#473=B_SPLINE_CURVE_WITH_KNOTS('',2,(#11588,#11589,#11590),
 .UNSPECIFIED.,.F.,.F.,(3,3),(-1.,0.),.UNSPECIFIED.);
#474=B_SPLINE_CURVE_WITH_KNOTS('',2,(#11592,#11593,#11594),
 .UNSPECIFIED.,.F.,.F.,(3,3),(-1.,0.),.UNSPECIFIED.);
#475=B_SPLINE_CURVE_WITH_KNOTS('',2,(#11603,#11604,#11605),
 .UNSPECIFIED.,.F.,.F.,(3,3),(-1.,0.),.UNSPECIFIED.);
#476=B_SPLINE_CURVE_WITH_KNOTS('',2,(#11607,#11608,#11609),
 .UNSPECIFIED.,.F.,.F.,(3,3),(-1.,0.),.UNSPECIFIED.);
#477=B_SPLINE_CURVE_WITH_KNOTS('',2,(#11617,#11618,#11619),
 .UNSPECIFIED.,.F.,.F.,(3,3),(-1.,0.),.UNSPECIFIED.);
#478=B_SPLINE_CURVE_WITH_KNOTS('',2,(#11620,#11621,#11622),
 .UNSPECIFIED.,.F.,.F.,(3,3),(-1.,0.),.UNSPECIFIED.);
#479=B_SPLINE_CURVE_WITH_KNOTS('',2,(#11631,#11632,#11633),
 .UNSPECIFIED.,.F.,.F.,(3,3),(0.,1.),.UNSPECIFIED.);
#480=B_SPLINE_CURVE_WITH_KNOTS('',2,(#11637,#11638,#11639),
 .UNSPECIFIED.,.F.,.F.,(3,3),(-1.,0.),.UNSPECIFIED.);
#481=B_SPLINE_CURVE_WITH_KNOTS('',2,(#11648,#11649,#11650),
 .UNSPECIFIED.,.F.,.F.,(3,3),(0.,1.),.UNSPECIFIED.);
#482=B_SPLINE_CURVE_WITH_KNOTS('',2,(#11652,#11653,#11654),
 .UNSPECIFIED.,.F.,.F.,(3,3),(-1.,0.),.UNSPECIFIED.);
#483=B_SPLINE_CURVE_WITH_KNOTS('',2,(#11663,#11664,#11665),
 .UNSPECIFIED.,.F.,.F.,(3,3),(0.,1.),.UNSPECIFIED.);
#484=B_SPLINE_CURVE_WITH_KNOTS('',2,(#11667,#11668,#11669),
 .UNSPECIFIED.,.F.,.F.,(3,3),(-1.,0.),.UNSPECIFIED.);
#485=B_SPLINE_CURVE_WITH_KNOTS('',2,(#11678,#11679,#11680),
 .UNSPECIFIED.,.F.,.F.,(3,3),(0.,1.),.UNSPECIFIED.);
#486=B_SPLINE_CURVE_WITH_KNOTS('',2,(#11682,#11683,#11684),
 .UNSPECIFIED.,.F.,.F.,(3,3),(-1.,0.),.UNSPECIFIED.);
#487=B_SPLINE_CURVE_WITH_KNOTS('',2,(#11693,#11694,#11695),
 .UNSPECIFIED.,.F.,.F.,(3,3),(0.,1.),.UNSPECIFIED.);
#488=B_SPLINE_CURVE_WITH_KNOTS('',2,(#11697,#11698,#11699),
 .UNSPECIFIED.,.F.,.F.,(3,3),(-1.,0.),.UNSPECIFIED.);
#489=B_SPLINE_CURVE_WITH_KNOTS('',2,(#11708,#11709,#11710),
 .UNSPECIFIED.,.F.,.F.,(3,3),(0.,1.),.UNSPECIFIED.);
#490=B_SPLINE_CURVE_WITH_KNOTS('',2,(#11712,#11713,#11714),
 .UNSPECIFIED.,.F.,.F.,(3,3),(-1.,0.),.UNSPECIFIED.);
#491=B_SPLINE_CURVE_WITH_KNOTS('',2,(#11723,#11724,#11725),
 .UNSPECIFIED.,.F.,.F.,(3,3),(0.,1.),.UNSPECIFIED.);
#492=B_SPLINE_CURVE_WITH_KNOTS('',2,(#11727,#11728,#11729),
 .UNSPECIFIED.,.F.,.F.,(3,3),(-1.,0.),.UNSPECIFIED.);
#493=B_SPLINE_CURVE_WITH_KNOTS('',2,(#11737,#11738,#11739),
 .UNSPECIFIED.,.F.,.F.,(3,3),(0.,1.),.UNSPECIFIED.);
#494=B_SPLINE_CURVE_WITH_KNOTS('',2,(#11740,#11741,#11742),
 .UNSPECIFIED.,.F.,.F.,(3,3),(-1.,0.),.UNSPECIFIED.);
#495=B_SPLINE_CURVE_WITH_KNOTS('',2,(#11859,#11860,#11861),
 .UNSPECIFIED.,.F.,.F.,(3,3),(-1.,0.),.UNSPECIFIED.);
#496=B_SPLINE_CURVE_WITH_KNOTS('',2,(#11865,#11866,#11867),
 .UNSPECIFIED.,.F.,.F.,(3,3),(-1.,0.),.UNSPECIFIED.);
#497=B_SPLINE_CURVE_WITH_KNOTS('',2,(#11876,#11877,#11878),
 .UNSPECIFIED.,.F.,.F.,(3,3),(-1.,0.),.UNSPECIFIED.);
#498=B_SPLINE_CURVE_WITH_KNOTS('',2,(#11880,#11881,#11882),
 .UNSPECIFIED.,.F.,.F.,(3,3),(-1.,0.),.UNSPECIFIED.);
#499=B_SPLINE_CURVE_WITH_KNOTS('',2,(#11891,#11892,#11893),
 .UNSPECIFIED.,.F.,.F.,(3,3),(-1.,0.),.UNSPECIFIED.);
#500=B_SPLINE_CURVE_WITH_KNOTS('',2,(#11895,#11896,#11897),
 .UNSPECIFIED.,.F.,.F.,(3,3),(-1.,0.),.UNSPECIFIED.);
#501=B_SPLINE_CURVE_WITH_KNOTS('',2,(#11906,#11907,#11908),
 .UNSPECIFIED.,.F.,.F.,(3,3),(-1.,0.),.UNSPECIFIED.);
#502=B_SPLINE_CURVE_WITH_KNOTS('',2,(#11910,#11911,#11912),
 .UNSPECIFIED.,.F.,.F.,(3,3),(-1.,0.),.UNSPECIFIED.);
#503=B_SPLINE_CURVE_WITH_KNOTS('',2,(#11921,#11922,#11923),
 .UNSPECIFIED.,.F.,.F.,(3,3),(-1.,0.),.UNSPECIFIED.);
#504=B_SPLINE_CURVE_WITH_KNOTS('',2,(#11925,#11926,#11927),
 .UNSPECIFIED.,.F.,.F.,(3,3),(-1.,0.),.UNSPECIFIED.);
#505=B_SPLINE_CURVE_WITH_KNOTS('',2,(#11936,#11937,#11938),
 .UNSPECIFIED.,.F.,.F.,(3,3),(-1.,0.),.UNSPECIFIED.);
#506=B_SPLINE_CURVE_WITH_KNOTS('',2,(#11940,#11941,#11942),
 .UNSPECIFIED.,.F.,.F.,(3,3),(-1.,0.),.UNSPECIFIED.);
#507=B_SPLINE_CURVE_WITH_KNOTS('',2,(#11951,#11952,#11953),
 .UNSPECIFIED.,.F.,.F.,(3,3),(-1.,0.),.UNSPECIFIED.);
#508=B_SPLINE_CURVE_WITH_KNOTS('',2,(#11955,#11956,#11957),
 .UNSPECIFIED.,.F.,.F.,(3,3),(-1.,0.),.UNSPECIFIED.);
#509=B_SPLINE_CURVE_WITH_KNOTS('',2,(#11965,#11966,#11967),
 .UNSPECIFIED.,.F.,.F.,(3,3),(-1.,0.),.UNSPECIFIED.);
#510=B_SPLINE_CURVE_WITH_KNOTS('',2,(#11968,#11969,#11970),
 .UNSPECIFIED.,.F.,.F.,(3,3),(-1.,0.),.UNSPECIFIED.);
#511=B_SPLINE_CURVE_WITH_KNOTS('',2,(#11979,#11980,#11981),
 .UNSPECIFIED.,.F.,.F.,(3,3),(0.,1.),.UNSPECIFIED.);
#512=B_SPLINE_CURVE_WITH_KNOTS('',2,(#11985,#11986,#11987),
 .UNSPECIFIED.,.F.,.F.,(3,3),(-1.,0.),.UNSPECIFIED.);
#513=B_SPLINE_CURVE_WITH_KNOTS('',2,(#11996,#11997,#11998),
 .UNSPECIFIED.,.F.,.F.,(3,3),(0.,1.),.UNSPECIFIED.);
#514=B_SPLINE_CURVE_WITH_KNOTS('',2,(#12000,#12001,#12002),
 .UNSPECIFIED.,.F.,.F.,(3,3),(-1.,0.),.UNSPECIFIED.);
#515=B_SPLINE_CURVE_WITH_KNOTS('',2,(#12011,#12012,#12013),
 .UNSPECIFIED.,.F.,.F.,(3,3),(0.,1.),.UNSPECIFIED.);
#516=B_SPLINE_CURVE_WITH_KNOTS('',2,(#12015,#12016,#12017),
 .UNSPECIFIED.,.F.,.F.,(3,3),(-1.,0.),.UNSPECIFIED.);
#517=B_SPLINE_CURVE_WITH_KNOTS('',2,(#12026,#12027,#12028),
 .UNSPECIFIED.,.F.,.F.,(3,3),(0.,1.),.UNSPECIFIED.);
#518=B_SPLINE_CURVE_WITH_KNOTS('',2,(#12030,#12031,#12032),
 .UNSPECIFIED.,.F.,.F.,(3,3),(-1.,0.),.UNSPECIFIED.);
#519=B_SPLINE_CURVE_WITH_KNOTS('',2,(#12041,#12042,#12043),
 .UNSPECIFIED.,.F.,.F.,(3,3),(0.,1.),.UNSPECIFIED.);
#520=B_SPLINE_CURVE_WITH_KNOTS('',2,(#12045,#12046,#12047),
 .UNSPECIFIED.,.F.,.F.,(3,3),(-1.,0.),.UNSPECIFIED.);
#521=B_SPLINE_CURVE_WITH_KNOTS('',2,(#12056,#12057,#12058),
 .UNSPECIFIED.,.F.,.F.,(3,3),(0.,1.),.UNSPECIFIED.);
#522=B_SPLINE_CURVE_WITH_KNOTS('',2,(#12060,#12061,#12062),
 .UNSPECIFIED.,.F.,.F.,(3,3),(-1.,0.),.UNSPECIFIED.);
#523=B_SPLINE_CURVE_WITH_KNOTS('',2,(#12071,#12072,#12073),
 .UNSPECIFIED.,.F.,.F.,(3,3),(0.,1.),.UNSPECIFIED.);
#524=B_SPLINE_CURVE_WITH_KNOTS('',2,(#12075,#12076,#12077),
 .UNSPECIFIED.,.F.,.F.,(3,3),(-1.,0.),.UNSPECIFIED.);
#525=B_SPLINE_CURVE_WITH_KNOTS('',2,(#12085,#12086,#12087),
 .UNSPECIFIED.,.F.,.F.,(3,3),(0.,1.),.UNSPECIFIED.);
#526=B_SPLINE_CURVE_WITH_KNOTS('',2,(#12088,#12089,#12090),
 .UNSPECIFIED.,.F.,.F.,(3,3),(-1.,0.),.UNSPECIFIED.);
#527=B_SPLINE_CURVE_WITH_KNOTS('',2,(#12133,#12134,#12135),
 .UNSPECIFIED.,.F.,.F.,(3,3),(0.,1.),.UNSPECIFIED.);
#528=B_SPLINE_CURVE_WITH_KNOTS('',2,(#12137,#12138,#12139),
 .UNSPECIFIED.,.F.,.F.,(3,3),(-1.,0.),.UNSPECIFIED.);
#529=B_SPLINE_CURVE_WITH_KNOTS('',2,(#12148,#12149,#12150),
 .UNSPECIFIED.,.F.,.F.,(3,3),(0.,1.),.UNSPECIFIED.);
#530=B_SPLINE_CURVE_WITH_KNOTS('',2,(#12152,#12153,#12154),
 .UNSPECIFIED.,.F.,.F.,(3,3),(-1.,0.),.UNSPECIFIED.);
#531=B_SPLINE_CURVE_WITH_KNOTS('',2,(#12163,#12164,#12165),
 .UNSPECIFIED.,.F.,.F.,(3,3),(0.,1.),.UNSPECIFIED.);
#532=B_SPLINE_CURVE_WITH_KNOTS('',2,(#12167,#12168,#12169),
 .UNSPECIFIED.,.F.,.F.,(3,3),(-1.,0.),.UNSPECIFIED.);
#533=B_SPLINE_CURVE_WITH_KNOTS('',2,(#12178,#12179,#12180),
 .UNSPECIFIED.,.F.,.F.,(3,3),(0.,1.),.UNSPECIFIED.);
#534=B_SPLINE_CURVE_WITH_KNOTS('',2,(#12182,#12183,#12184),
 .UNSPECIFIED.,.F.,.F.,(3,3),(-1.,0.),.UNSPECIFIED.);
#535=B_SPLINE_CURVE_WITH_KNOTS('',2,(#12199,#12200,#12201),
 .UNSPECIFIED.,.F.,.F.,(3,3),(0.,1.),.UNSPECIFIED.);
#536=B_SPLINE_CURVE_WITH_KNOTS('',2,(#12203,#12204,#12205),
 .UNSPECIFIED.,.F.,.F.,(3,3),(-1.,0.),.UNSPECIFIED.);
#537=B_SPLINE_CURVE_WITH_KNOTS('',2,(#12214,#12215,#12216),
 .UNSPECIFIED.,.F.,.F.,(3,3),(0.,1.),.UNSPECIFIED.);
#538=B_SPLINE_CURVE_WITH_KNOTS('',2,(#12218,#12219,#12220),
 .UNSPECIFIED.,.F.,.F.,(3,3),(-1.,0.),.UNSPECIFIED.);
#539=B_SPLINE_CURVE_WITH_KNOTS('',2,(#12229,#12230,#12231),
 .UNSPECIFIED.,.F.,.F.,(3,3),(0.,1.),.UNSPECIFIED.);
#540=B_SPLINE_CURVE_WITH_KNOTS('',2,(#12233,#12234,#12235),
 .UNSPECIFIED.,.F.,.F.,(3,3),(-1.,0.),.UNSPECIFIED.);
#541=B_SPLINE_CURVE_WITH_KNOTS('',2,(#12243,#12244,#12245),
 .UNSPECIFIED.,.F.,.F.,(3,3),(0.,1.),.UNSPECIFIED.);
#542=B_SPLINE_CURVE_WITH_KNOTS('',2,(#12246,#12247,#12248),
 .UNSPECIFIED.,.F.,.F.,(3,3),(-1.,0.),.UNSPECIFIED.);
#543=B_SPLINE_CURVE_WITH_KNOTS('',2,(#12259,#12260,#12261),
 .UNSPECIFIED.,.F.,.F.,(3,3),(-1.,0.),.UNSPECIFIED.);
#544=B_SPLINE_CURVE_WITH_KNOTS('',2,(#12265,#12266,#12267),
 .UNSPECIFIED.,.F.,.F.,(3,3),(-1.,0.),.UNSPECIFIED.);
#545=B_SPLINE_CURVE_WITH_KNOTS('',2,(#12276,#12277,#12278),
 .UNSPECIFIED.,.F.,.F.,(3,3),(-1.,0.),.UNSPECIFIED.);
#546=B_SPLINE_CURVE_WITH_KNOTS('',2,(#12280,#12281,#12282),
 .UNSPECIFIED.,.F.,.F.,(3,3),(-1.,0.),.UNSPECIFIED.);
#547=B_SPLINE_CURVE_WITH_KNOTS('',2,(#12291,#12292,#12293),
 .UNSPECIFIED.,.F.,.F.,(3,3),(-1.,0.),.UNSPECIFIED.);
#548=B_SPLINE_CURVE_WITH_KNOTS('',2,(#12295,#12296,#12297),
 .UNSPECIFIED.,.F.,.F.,(3,3),(-1.,0.),.UNSPECIFIED.);
#549=B_SPLINE_CURVE_WITH_KNOTS('',2,(#12306,#12307,#12308),
 .UNSPECIFIED.,.F.,.F.,(3,3),(-1.,0.),.UNSPECIFIED.);
#550=B_SPLINE_CURVE_WITH_KNOTS('',2,(#12310,#12311,#12312),
 .UNSPECIFIED.,.F.,.F.,(3,3),(-1.,0.),.UNSPECIFIED.);
#551=B_SPLINE_CURVE_WITH_KNOTS('',2,(#12321,#12322,#12323),
 .UNSPECIFIED.,.F.,.F.,(3,3),(-1.,0.),.UNSPECIFIED.);
#552=B_SPLINE_CURVE_WITH_KNOTS('',2,(#12325,#12326,#12327),
 .UNSPECIFIED.,.F.,.F.,(3,3),(-1.,0.),.UNSPECIFIED.);
#553=B_SPLINE_CURVE_WITH_KNOTS('',2,(#12336,#12337,#12338),
 .UNSPECIFIED.,.F.,.F.,(3,3),(-1.,0.),.UNSPECIFIED.);
#554=B_SPLINE_CURVE_WITH_KNOTS('',2,(#12340,#12341,#12342),
 .UNSPECIFIED.,.F.,.F.,(3,3),(-1.,0.),.UNSPECIFIED.);
#555=B_SPLINE_CURVE_WITH_KNOTS('',2,(#12351,#12352,#12353),
 .UNSPECIFIED.,.F.,.F.,(3,3),(-1.,0.),.UNSPECIFIED.);
#556=B_SPLINE_CURVE_WITH_KNOTS('',2,(#12355,#12356,#12357),
 .UNSPECIFIED.,.F.,.F.,(3,3),(-1.,0.),.UNSPECIFIED.);
#557=B_SPLINE_CURVE_WITH_KNOTS('',2,(#12365,#12366,#12367),
 .UNSPECIFIED.,.F.,.F.,(3,3),(-1.,0.),.UNSPECIFIED.);
#558=B_SPLINE_CURVE_WITH_KNOTS('',2,(#12368,#12369,#12370),
 .UNSPECIFIED.,.F.,.F.,(3,3),(-1.,0.),.UNSPECIFIED.);
#559=B_SPLINE_CURVE_WITH_KNOTS('',2,(#12379,#12380,#12381),
 .UNSPECIFIED.,.F.,.F.,(3,3),(0.,1.),.UNSPECIFIED.);
#560=B_SPLINE_CURVE_WITH_KNOTS('',2,(#12385,#12386,#12387),
 .UNSPECIFIED.,.F.,.F.,(3,3),(-1.,0.),.UNSPECIFIED.);
#561=B_SPLINE_CURVE_WITH_KNOTS('',2,(#12396,#12397,#12398),
 .UNSPECIFIED.,.F.,.F.,(3,3),(0.,1.),.UNSPECIFIED.);
#562=B_SPLINE_CURVE_WITH_KNOTS('',2,(#12400,#12401,#12402),
 .UNSPECIFIED.,.F.,.F.,(3,3),(-1.,0.),.UNSPECIFIED.);
#563=B_SPLINE_CURVE_WITH_KNOTS('',2,(#12411,#12412,#12413),
 .UNSPECIFIED.,.F.,.F.,(3,3),(0.,1.),.UNSPECIFIED.);
#564=B_SPLINE_CURVE_WITH_KNOTS('',2,(#12415,#12416,#12417),
 .UNSPECIFIED.,.F.,.F.,(3,3),(-1.,0.),.UNSPECIFIED.);
#565=B_SPLINE_CURVE_WITH_KNOTS('',2,(#12426,#12427,#12428),
 .UNSPECIFIED.,.F.,.F.,(3,3),(0.,1.),.UNSPECIFIED.);
#566=B_SPLINE_CURVE_WITH_KNOTS('',2,(#12430,#12431,#12432),
 .UNSPECIFIED.,.F.,.F.,(3,3),(-1.,0.),.UNSPECIFIED.);
#567=B_SPLINE_CURVE_WITH_KNOTS('',2,(#12441,#12442,#12443),
 .UNSPECIFIED.,.F.,.F.,(3,3),(0.,1.),.UNSPECIFIED.);
#568=B_SPLINE_CURVE_WITH_KNOTS('',2,(#12445,#12446,#12447),
 .UNSPECIFIED.,.F.,.F.,(3,3),(-1.,0.),.UNSPECIFIED.);
#569=B_SPLINE_CURVE_WITH_KNOTS('',2,(#12456,#12457,#12458),
 .UNSPECIFIED.,.F.,.F.,(3,3),(0.,1.),.UNSPECIFIED.);
#570=B_SPLINE_CURVE_WITH_KNOTS('',2,(#12460,#12461,#12462),
 .UNSPECIFIED.,.F.,.F.,(3,3),(-1.,0.),.UNSPECIFIED.);
#571=B_SPLINE_CURVE_WITH_KNOTS('',2,(#12471,#12472,#12473),
 .UNSPECIFIED.,.F.,.F.,(3,3),(0.,1.),.UNSPECIFIED.);
#572=B_SPLINE_CURVE_WITH_KNOTS('',2,(#12475,#12476,#12477),
 .UNSPECIFIED.,.F.,.F.,(3,3),(-1.,0.),.UNSPECIFIED.);
#573=B_SPLINE_CURVE_WITH_KNOTS('',2,(#12485,#12486,#12487),
 .UNSPECIFIED.,.F.,.F.,(3,3),(0.,1.),.UNSPECIFIED.);
#574=B_SPLINE_CURVE_WITH_KNOTS('',2,(#12488,#12489,#12490),
 .UNSPECIFIED.,.F.,.F.,(3,3),(-1.,0.),.UNSPECIFIED.);
#575=STYLED_ITEM('',(#12599),#591);
#576=STYLED_ITEM('',(#12598),#592);
#577=STYLED_ITEM('',(#12599),#593);
#578=STYLED_ITEM('',(#12599),#594);
#579=STYLED_ITEM('',(#12600),#595);
#580=STYLED_ITEM('',(#12601),#596);
#581=STYLED_ITEM('',(#12601),#597);
#582=STYLED_ITEM('',(#12601),#598);
#583=STYLED_ITEM('',(#12601),#599);
#584=STYLED_ITEM('',(#12601),#600);
#585=STYLED_ITEM('',(#12601),#601);
#586=STYLED_ITEM('',(#12601),#602);
#587=STYLED_ITEM('',(#12601),#603);
#588=STYLED_ITEM('',(#12601),#604);
#589=STYLED_ITEM('',(#12601),#605);
#590=STYLED_ITEM('',(#12601),#606);
#591=MANIFOLD_SOLID_BREP('Body1',#7331);
#592=MANIFOLD_SOLID_BREP('Body2',#7332);
#593=MANIFOLD_SOLID_BREP('Body3',#7333);
#594=MANIFOLD_SOLID_BREP('Body4',#7334);
#595=MANIFOLD_SOLID_BREP('Body5',#7335);
#596=MANIFOLD_SOLID_BREP('Body6',#7336);
#597=MANIFOLD_SOLID_BREP('Body7',#7337);
#598=MANIFOLD_SOLID_BREP('Body8',#7338);
#599=MANIFOLD_SOLID_BREP('Body9',#7339);
#600=MANIFOLD_SOLID_BREP('Body10',#7340);
#601=MANIFOLD_SOLID_BREP('Body11',#7341);
#602=MANIFOLD_SOLID_BREP('Body12',#7342);
#603=MANIFOLD_SOLID_BREP('Body13',#7343);
#604=MANIFOLD_SOLID_BREP('Body14',#7344);
#605=MANIFOLD_SOLID_BREP('Body15',#7345);
#606=MANIFOLD_SOLID_BREP('Body16',#7346);
#607=CYLINDRICAL_SURFACE('',#7366,1.);
#608=CYLINDRICAL_SURFACE('',#7460,1.);
#609=CYLINDRICAL_SURFACE('',#7471,1.);
#610=CYLINDRICAL_SURFACE('',#7473,1.);
#611=CYLINDRICAL_SURFACE('',#7483,1.);
#612=CYLINDRICAL_SURFACE('',#7490,1.);
#613=CYLINDRICAL_SURFACE('',#7492,1.);
#614=CYLINDRICAL_SURFACE('',#7494,1.);
#615=CYLINDRICAL_SURFACE('',#7496,1.);
#616=CYLINDRICAL_SURFACE('',#7504,1.);
#617=CYLINDRICAL_SURFACE('',#7511,1.);
#618=CYLINDRICAL_SURFACE('',#7518,1.);
#619=CIRCLE('',#7362,1.);
#620=CIRCLE('',#7365,1.);
#621=CIRCLE('',#7456,1.);
#622=CIRCLE('',#7457,1.);
#623=CIRCLE('',#7458,1.);
#624=CIRCLE('',#7459,1.);
#625=CIRCLE('',#7461,1.);
#626=CIRCLE('',#7462,1.);
#627=CIRCLE('',#7464,1.);
#628=CIRCLE('',#7465,2.);
#629=CIRCLE('',#7466,2.91651513899117);
#630=CIRCLE('',#7468,1.);
#631=CIRCLE('',#7469,2.91651513899117);
#632=CIRCLE('',#7470,2.);
#633=CIRCLE('',#7472,1.);
#634=CIRCLE('',#7474,1.);
#635=CIRCLE('',#7476,1.);
#636=CIRCLE('',#7477,2.);
#637=CIRCLE('',#7478,2.91651513899117);
#638=CIRCLE('',#7480,1.);
#639=CIRCLE('',#7481,2.91651513899117);
#640=CIRCLE('',#7482,2.);
#641=CIRCLE('',#7485,1.);
#642=CIRCLE('',#7486,1.);
#643=CIRCLE('',#7487,1.);
#644=CIRCLE('',#7488,1.);
#645=CIRCLE('',#7500,1.);
#646=CIRCLE('',#7503,1.);
#647=CIRCLE('',#7509,1.);
#648=CIRCLE('',#7512,1.);
#649=CIRCLE('',#7519,1.);
#650=CIRCLE('',#7520,1.);
#651=FACE_OUTER_BOUND('',#1054,.T.);
#652=FACE_OUTER_BOUND('',#1055,.T.);
#653=FACE_OUTER_BOUND('',#1056,.T.);
#654=FACE_OUTER_BOUND('',#1057,.T.);
#655=FACE_OUTER_BOUND('',#1058,.T.);
#656=FACE_OUTER_BOUND('',#1059,.T.);
#657=FACE_OUTER_BOUND('',#1060,.T.);
#658=FACE_OUTER_BOUND('',#1061,.T.);
#659=FACE_OUTER_BOUND('',#1063,.T.);
#660=FACE_OUTER_BOUND('',#1064,.T.);
#661=FACE_OUTER_BOUND('',#1065,.T.);
#662=FACE_OUTER_BOUND('',#1066,.T.);
#663=FACE_OUTER_BOUND('',#1067,.T.);
#664=FACE_OUTER_BOUND('',#1068,.T.);
#665=FACE_OUTER_BOUND('',#1069,.T.);
#666=FACE_OUTER_BOUND('',#1070,.T.);
#667=FACE_OUTER_BOUND('',#1071,.T.);
#668=FACE_OUTER_BOUND('',#1072,.T.);
#669=FACE_OUTER_BOUND('',#1073,.T.);
#670=FACE_OUTER_BOUND('',#1074,.T.);
#671=FACE_OUTER_BOUND('',#1075,.T.);
#672=FACE_OUTER_BOUND('',#1076,.T.);
#673=FACE_OUTER_BOUND('',#1077,.T.);
#674=FACE_OUTER_BOUND('',#1078,.T.);
#675=FACE_OUTER_BOUND('',#1079,.T.);
#676=FACE_OUTER_BOUND('',#1080,.T.);
#677=FACE_OUTER_BOUND('',#1081,.T.);
#678=FACE_OUTER_BOUND('',#1082,.T.);
#679=FACE_OUTER_BOUND('',#1083,.T.);
#680=FACE_OUTER_BOUND('',#1084,.T.);
#681=FACE_OUTER_BOUND('',#1085,.T.);
#682=FACE_OUTER_BOUND('',#1086,.T.);
#683=FACE_OUTER_BOUND('',#1087,.T.);
#684=FACE_OUTER_BOUND('',#1088,.T.);
#685=FACE_OUTER_BOUND('',#1089,.T.);
#686=FACE_OUTER_BOUND('',#1090,.T.);
#687=FACE_OUTER_BOUND('',#1091,.T.);
#688=FACE_OUTER_BOUND('',#1092,.T.);
#689=FACE_OUTER_BOUND('',#1093,.T.);
#690=FACE_OUTER_BOUND('',#1094,.T.);
#691=FACE_OUTER_BOUND('',#1096,.T.);
#692=FACE_OUTER_BOUND('',#1097,.T.);
#693=FACE_OUTER_BOUND('',#1098,.T.);
#694=FACE_OUTER_BOUND('',#1099,.T.);
#695=FACE_OUTER_BOUND('',#1100,.T.);
#696=FACE_OUTER_BOUND('',#1101,.T.);
#697=FACE_OUTER_BOUND('',#1102,.T.);
#698=FACE_OUTER_BOUND('',#1103,.T.);
#699=FACE_OUTER_BOUND('',#1104,.T.);
#700=FACE_OUTER_BOUND('',#1105,.T.);
#701=FACE_OUTER_BOUND('',#1106,.T.);
#702=FACE_OUTER_BOUND('',#1107,.T.);
#703=FACE_OUTER_BOUND('',#1108,.T.);
#704=FACE_OUTER_BOUND('',#1109,.T.);
#705=FACE_OUTER_BOUND('',#1110,.T.);
#706=FACE_OUTER_BOUND('',#1111,.T.);
#707=FACE_OUTER_BOUND('',#1112,.T.);
#708=FACE_OUTER_BOUND('',#1113,.T.);
#709=FACE_OUTER_BOUND('',#1114,.T.);
#710=FACE_OUTER_BOUND('',#1115,.T.);
#711=FACE_OUTER_BOUND('',#1116,.T.);
#712=FACE_OUTER_BOUND('',#1117,.T.);
#713=FACE_OUTER_BOUND('',#1118,.T.);
#714=FACE_OUTER_BOUND('',#1119,.T.);
#715=FACE_OUTER_BOUND('',#1120,.T.);
#716=FACE_OUTER_BOUND('',#1121,.T.);
#717=FACE_OUTER_BOUND('',#1122,.T.);
#718=FACE_OUTER_BOUND('',#1123,.T.);
#719=FACE_OUTER_BOUND('',#1124,.T.);
#720=FACE_OUTER_BOUND('',#1125,.T.);
#721=FACE_OUTER_BOUND('',#1126,.T.);
#722=FACE_OUTER_BOUND('',#1127,.T.);
#723=FACE_OUTER_BOUND('',#1128,.T.);
#724=FACE_OUTER_BOUND('',#1129,.T.);
#725=FACE_OUTER_BOUND('',#1130,.T.);
#726=FACE_OUTER_BOUND('',#1131,.T.);
#727=FACE_OUTER_BOUND('',#1132,.T.);
#728=FACE_OUTER_BOUND('',#1133,.T.);
#729=FACE_OUTER_BOUND('',#1134,.T.);
#730=FACE_OUTER_BOUND('',#1135,.T.);
#731=FACE_OUTER_BOUND('',#1136,.T.);
#732=FACE_OUTER_BOUND('',#1137,.T.);
#733=FACE_OUTER_BOUND('',#1138,.T.);
#734=FACE_OUTER_BOUND('',#1139,.T.);
#735=FACE_OUTER_BOUND('',#1140,.T.);
#736=FACE_OUTER_BOUND('',#1141,.T.);
#737=FACE_OUTER_BOUND('',#1142,.T.);
#738=FACE_OUTER_BOUND('',#1143,.T.);
#739=FACE_OUTER_BOUND('',#1144,.T.);
#740=FACE_OUTER_BOUND('',#1145,.T.);
#741=FACE_OUTER_BOUND('',#1146,.T.);
#742=FACE_OUTER_BOUND('',#1148,.T.);
#743=FACE_OUTER_BOUND('',#1149,.T.);
#744=FACE_OUTER_BOUND('',#1150,.T.);
#745=FACE_OUTER_BOUND('',#1151,.T.);
#746=FACE_OUTER_BOUND('',#1152,.T.);
#747=FACE_OUTER_BOUND('',#1153,.T.);
#748=FACE_OUTER_BOUND('',#1154,.T.);
#749=FACE_OUTER_BOUND('',#1155,.T.);
#750=FACE_OUTER_BOUND('',#1156,.T.);
#751=FACE_OUTER_BOUND('',#1157,.T.);
#752=FACE_OUTER_BOUND('',#1158,.T.);
#753=FACE_OUTER_BOUND('',#1159,.T.);
#754=FACE_OUTER_BOUND('',#1160,.T.);
#755=FACE_OUTER_BOUND('',#1161,.T.);
#756=FACE_OUTER_BOUND('',#1162,.T.);
#757=FACE_OUTER_BOUND('',#1163,.T.);
#758=FACE_OUTER_BOUND('',#1164,.T.);
#759=FACE_OUTER_BOUND('',#1165,.T.);
#760=FACE_OUTER_BOUND('',#1166,.T.);
#761=FACE_OUTER_BOUND('',#1167,.T.);
#762=FACE_OUTER_BOUND('',#1168,.T.);
#763=FACE_OUTER_BOUND('',#1169,.T.);
#764=FACE_OUTER_BOUND('',#1170,.T.);
#765=FACE_OUTER_BOUND('',#1171,.T.);
#766=FACE_OUTER_BOUND('',#1172,.T.);
#767=FACE_OUTER_BOUND('',#1173,.T.);
#768=FACE_OUTER_BOUND('',#1174,.T.);
#769=FACE_OUTER_BOUND('',#1175,.T.);
#770=FACE_OUTER_BOUND('',#1176,.T.);
#771=FACE_OUTER_BOUND('',#1177,.T.);
#772=FACE_OUTER_BOUND('',#1178,.T.);
#773=FACE_OUTER_BOUND('',#1179,.T.);
#774=FACE_OUTER_BOUND('',#1180,.T.);
#775=FACE_OUTER_BOUND('',#1181,.T.);
#776=FACE_OUTER_BOUND('',#1182,.T.);
#777=FACE_OUTER_BOUND('',#1183,.T.);
#778=FACE_OUTER_BOUND('',#1184,.T.);
#779=FACE_OUTER_BOUND('',#1185,.T.);
#780=FACE_OUTER_BOUND('',#1186,.T.);
#781=FACE_OUTER_BOUND('',#1187,.T.);
#782=FACE_OUTER_BOUND('',#1188,.T.);
#783=FACE_OUTER_BOUND('',#1189,.T.);
#784=FACE_OUTER_BOUND('',#1190,.T.);
#785=FACE_OUTER_BOUND('',#1191,.T.);
#786=FACE_OUTER_BOUND('',#1192,.T.);
#787=FACE_OUTER_BOUND('',#1193,.T.);
#788=FACE_OUTER_BOUND('',#1194,.T.);
#789=FACE_OUTER_BOUND('',#1195,.T.);
#790=FACE_OUTER_BOUND('',#1196,.T.);
#791=FACE_OUTER_BOUND('',#1197,.T.);
#792=FACE_OUTER_BOUND('',#1198,.T.);
#793=FACE_OUTER_BOUND('',#1199,.T.);
#794=FACE_OUTER_BOUND('',#1200,.T.);
#795=FACE_OUTER_BOUND('',#1201,.T.);
#796=FACE_OUTER_BOUND('',#1202,.T.);
#797=FACE_OUTER_BOUND('',#1203,.T.);
#798=FACE_OUTER_BOUND('',#1204,.T.);
#799=FACE_OUTER_BOUND('',#1205,.T.);
#800=FACE_OUTER_BOUND('',#1206,.T.);
#801=FACE_OUTER_BOUND('',#1207,.T.);
#802=FACE_OUTER_BOUND('',#1208,.T.);
#803=FACE_OUTER_BOUND('',#1209,.T.);
#804=FACE_OUTER_BOUND('',#1211,.T.);
#805=FACE_OUTER_BOUND('',#1212,.T.);
#806=FACE_OUTER_BOUND('',#1213,.T.);
#807=FACE_OUTER_BOUND('',#1214,.T.);
#808=FACE_OUTER_BOUND('',#1215,.T.);
#809=FACE_OUTER_BOUND('',#1216,.T.);
#810=FACE_OUTER_BOUND('',#1217,.T.);
#811=FACE_OUTER_BOUND('',#1218,.T.);
#812=FACE_OUTER_BOUND('',#1219,.T.);
#813=FACE_OUTER_BOUND('',#1220,.T.);
#814=FACE_OUTER_BOUND('',#1221,.T.);
#815=FACE_OUTER_BOUND('',#1222,.T.);
#816=FACE_OUTER_BOUND('',#1223,.T.);
#817=FACE_OUTER_BOUND('',#1224,.T.);
#818=FACE_OUTER_BOUND('',#1225,.T.);
#819=FACE_OUTER_BOUND('',#1226,.T.);
#820=FACE_OUTER_BOUND('',#1227,.T.);
#821=FACE_OUTER_BOUND('',#1228,.T.);
#822=FACE_OUTER_BOUND('',#1229,.T.);
#823=FACE_OUTER_BOUND('',#1230,.T.);
#824=FACE_OUTER_BOUND('',#1231,.T.);
#825=FACE_OUTER_BOUND('',#1232,.T.);
#826=FACE_OUTER_BOUND('',#1233,.T.);
#827=FACE_OUTER_BOUND('',#1234,.T.);
#828=FACE_OUTER_BOUND('',#1235,.T.);
#829=FACE_OUTER_BOUND('',#1236,.T.);
#830=FACE_OUTER_BOUND('',#1237,.T.);
#831=FACE_OUTER_BOUND('',#1238,.T.);
#832=FACE_OUTER_BOUND('',#1239,.T.);
#833=FACE_OUTER_BOUND('',#1240,.T.);
#834=FACE_OUTER_BOUND('',#1241,.T.);
#835=FACE_OUTER_BOUND('',#1242,.T.);
#836=FACE_OUTER_BOUND('',#1243,.T.);
#837=FACE_OUTER_BOUND('',#1244,.T.);
#838=FACE_OUTER_BOUND('',#1245,.T.);
#839=FACE_OUTER_BOUND('',#1246,.T.);
#840=FACE_OUTER_BOUND('',#1247,.T.);
#841=FACE_OUTER_BOUND('',#1248,.T.);
#842=FACE_OUTER_BOUND('',#1249,.T.);
#843=FACE_OUTER_BOUND('',#1251,.T.);
#844=FACE_OUTER_BOUND('',#1263,.T.);
#845=FACE_OUTER_BOUND('',#1264,.T.);
#846=FACE_OUTER_BOUND('',#1265,.T.);
#847=FACE_OUTER_BOUND('',#1266,.T.);
#848=FACE_OUTER_BOUND('',#1267,.T.);
#849=FACE_OUTER_BOUND('',#1268,.T.);
#850=FACE_OUTER_BOUND('',#1269,.T.);
#851=FACE_OUTER_BOUND('',#1270,.T.);
#852=FACE_OUTER_BOUND('',#1271,.T.);
#853=FACE_OUTER_BOUND('',#1272,.T.);
#854=FACE_OUTER_BOUND('',#1273,.T.);
#855=FACE_OUTER_BOUND('',#1274,.T.);
#856=FACE_OUTER_BOUND('',#1275,.T.);
#857=FACE_OUTER_BOUND('',#1276,.T.);
#858=FACE_OUTER_BOUND('',#1277,.T.);
#859=FACE_OUTER_BOUND('',#1278,.T.);
#860=FACE_OUTER_BOUND('',#1279,.T.);
#861=FACE_OUTER_BOUND('',#1280,.T.);
#862=FACE_OUTER_BOUND('',#1281,.T.);
#863=FACE_OUTER_BOUND('',#1282,.T.);
#864=FACE_OUTER_BOUND('',#1283,.T.);
#865=FACE_OUTER_BOUND('',#1284,.T.);
#866=FACE_OUTER_BOUND('',#1285,.T.);
#867=FACE_OUTER_BOUND('',#1286,.T.);
#868=FACE_OUTER_BOUND('',#1287,.T.);
#869=FACE_OUTER_BOUND('',#1288,.T.);
#870=FACE_OUTER_BOUND('',#1289,.T.);
#871=FACE_OUTER_BOUND('',#1290,.T.);
#872=FACE_OUTER_BOUND('',#1291,.T.);
#873=FACE_OUTER_BOUND('',#1292,.T.);
#874=FACE_OUTER_BOUND('',#1293,.T.);
#875=FACE_OUTER_BOUND('',#1294,.T.);
#876=FACE_OUTER_BOUND('',#1295,.T.);
#877=FACE_OUTER_BOUND('',#1296,.T.);
#878=FACE_OUTER_BOUND('',#1297,.T.);
#879=FACE_OUTER_BOUND('',#1298,.T.);
#880=FACE_OUTER_BOUND('',#1299,.T.);
#881=FACE_OUTER_BOUND('',#1300,.T.);
#882=FACE_OUTER_BOUND('',#1301,.T.);
#883=FACE_OUTER_BOUND('',#1302,.T.);
#884=FACE_OUTER_BOUND('',#1303,.T.);
#885=FACE_OUTER_BOUND('',#1304,.T.);
#886=FACE_OUTER_BOUND('',#1305,.T.);
#887=FACE_OUTER_BOUND('',#1306,.T.);
#888=FACE_OUTER_BOUND('',#1307,.T.);
#889=FACE_OUTER_BOUND('',#1308,.T.);
#890=FACE_OUTER_BOUND('',#1309,.T.);
#891=FACE_OUTER_BOUND('',#1310,.T.);
#892=FACE_OUTER_BOUND('',#1311,.T.);
#893=FACE_OUTER_BOUND('',#1312,.T.);
#894=FACE_OUTER_BOUND('',#1313,.T.);
#895=FACE_OUTER_BOUND('',#1314,.T.);
#896=FACE_OUTER_BOUND('',#1315,.T.);
#897=FACE_OUTER_BOUND('',#1316,.T.);
#898=FACE_OUTER_BOUND('',#1318,.T.);
#899=FACE_OUTER_BOUND('',#1320,.T.);
#900=FACE_OUTER_BOUND('',#1321,.T.);
#901=FACE_OUTER_BOUND('',#1322,.T.);
#902=FACE_OUTER_BOUND('',#1323,.T.);
#903=FACE_OUTER_BOUND('',#1324,.T.);
#904=FACE_OUTER_BOUND('',#1325,.T.);
#905=FACE_OUTER_BOUND('',#1326,.T.);
#906=FACE_OUTER_BOUND('',#1327,.T.);
#907=FACE_OUTER_BOUND('',#1328,.T.);
#908=FACE_OUTER_BOUND('',#1329,.T.);
#909=FACE_OUTER_BOUND('',#1330,.T.);
#910=FACE_OUTER_BOUND('',#1331,.T.);
#911=FACE_OUTER_BOUND('',#1332,.T.);
#912=FACE_OUTER_BOUND('',#1333,.T.);
#913=FACE_OUTER_BOUND('',#1334,.T.);
#914=FACE_OUTER_BOUND('',#1335,.T.);
#915=FACE_OUTER_BOUND('',#1336,.T.);
#916=FACE_OUTER_BOUND('',#1337,.T.);
#917=FACE_OUTER_BOUND('',#1338,.T.);
#918=FACE_OUTER_BOUND('',#1339,.T.);
#919=FACE_OUTER_BOUND('',#1340,.T.);
#920=FACE_OUTER_BOUND('',#1341,.T.);
#921=FACE_OUTER_BOUND('',#1342,.T.);
#922=FACE_OUTER_BOUND('',#1343,.T.);
#923=FACE_OUTER_BOUND('',#1344,.T.);
#924=FACE_OUTER_BOUND('',#1345,.T.);
#925=FACE_OUTER_BOUND('',#1346,.T.);
#926=FACE_OUTER_BOUND('',#1347,.T.);
#927=FACE_OUTER_BOUND('',#1348,.T.);
#928=FACE_OUTER_BOUND('',#1349,.T.);
#929=FACE_OUTER_BOUND('',#1350,.T.);
#930=FACE_OUTER_BOUND('',#1351,.T.);
#931=FACE_OUTER_BOUND('',#1352,.T.);
#932=FACE_OUTER_BOUND('',#1353,.T.);
#933=FACE_OUTER_BOUND('',#1354,.T.);
#934=FACE_OUTER_BOUND('',#1355,.T.);
#935=FACE_OUTER_BOUND('',#1356,.T.);
#936=FACE_OUTER_BOUND('',#1357,.T.);
#937=FACE_OUTER_BOUND('',#1358,.T.);
#938=FACE_OUTER_BOUND('',#1359,.T.);
#939=FACE_OUTER_BOUND('',#1360,.T.);
#940=FACE_OUTER_BOUND('',#1361,.T.);
#941=FACE_OUTER_BOUND('',#1362,.T.);
#942=FACE_OUTER_BOUND('',#1363,.T.);
#943=FACE_OUTER_BOUND('',#1364,.T.);
#944=FACE_OUTER_BOUND('',#1365,.T.);
#945=FACE_OUTER_BOUND('',#1366,.T.);
#946=FACE_OUTER_BOUND('',#1367,.T.);
#947=FACE_OUTER_BOUND('',#1368,.T.);
#948=FACE_OUTER_BOUND('',#1369,.T.);
#949=FACE_OUTER_BOUND('',#1370,.T.);
#950=FACE_OUTER_BOUND('',#1371,.T.);
#951=FACE_OUTER_BOUND('',#1372,.T.);
#952=FACE_OUTER_BOUND('',#1373,.T.);
#953=FACE_OUTER_BOUND('',#1374,.T.);
#954=FACE_OUTER_BOUND('',#1375,.T.);
#955=FACE_OUTER_BOUND('',#1376,.T.);
#956=FACE_OUTER_BOUND('',#1377,.T.);
#957=FACE_OUTER_BOUND('',#1378,.T.);
#958=FACE_OUTER_BOUND('',#1379,.T.);
#959=FACE_OUTER_BOUND('',#1380,.T.);
#960=FACE_OUTER_BOUND('',#1381,.T.);
#961=FACE_OUTER_BOUND('',#1382,.T.);
#962=FACE_OUTER_BOUND('',#1383,.T.);
#963=FACE_OUTER_BOUND('',#1384,.T.);
#964=FACE_OUTER_BOUND('',#1386,.T.);
#965=FACE_OUTER_BOUND('',#1388,.T.);
#966=FACE_OUTER_BOUND('',#1389,.T.);
#967=FACE_OUTER_BOUND('',#1390,.T.);
#968=FACE_OUTER_BOUND('',#1391,.T.);
#969=FACE_OUTER_BOUND('',#1392,.T.);
#970=FACE_OUTER_BOUND('',#1393,.T.);
#971=FACE_OUTER_BOUND('',#1394,.T.);
#972=FACE_OUTER_BOUND('',#1395,.T.);
#973=FACE_OUTER_BOUND('',#1396,.T.);
#974=FACE_OUTER_BOUND('',#1397,.T.);
#975=FACE_OUTER_BOUND('',#1398,.T.);
#976=FACE_OUTER_BOUND('',#1399,.T.);
#977=FACE_OUTER_BOUND('',#1400,.T.);
#978=FACE_OUTER_BOUND('',#1401,.T.);
#979=FACE_OUTER_BOUND('',#1402,.T.);
#980=FACE_OUTER_BOUND('',#1403,.T.);
#981=FACE_OUTER_BOUND('',#1404,.T.);
#982=FACE_OUTER_BOUND('',#1405,.T.);
#983=FACE_OUTER_BOUND('',#1406,.T.);
#984=FACE_OUTER_BOUND('',#1407,.T.);
#985=FACE_OUTER_BOUND('',#1408,.T.);
#986=FACE_OUTER_BOUND('',#1409,.T.);
#987=FACE_OUTER_BOUND('',#1410,.T.);
#988=FACE_OUTER_BOUND('',#1411,.T.);
#989=FACE_OUTER_BOUND('',#1412,.T.);
#990=FACE_OUTER_BOUND('',#1413,.T.);
#991=FACE_OUTER_BOUND('',#1414,.T.);
#992=FACE_OUTER_BOUND('',#1415,.T.);
#993=FACE_OUTER_BOUND('',#1416,.T.);
#994=FACE_OUTER_BOUND('',#1417,.T.);
#995=FACE_OUTER_BOUND('',#1418,.T.);
#996=FACE_OUTER_BOUND('',#1419,.T.);
#997=FACE_OUTER_BOUND('',#1420,.T.);
#998=FACE_OUTER_BOUND('',#1421,.T.);
#999=FACE_OUTER_BOUND('',#1422,.T.);
#1000=FACE_OUTER_BOUND('',#1423,.T.);
#1001=FACE_OUTER_BOUND('',#1424,.T.);
#1002=FACE_OUTER_BOUND('',#1425,.T.);
#1003=FACE_OUTER_BOUND('',#1427,.T.);
#1004=FACE_OUTER_BOUND('',#1429,.T.);
#1005=FACE_OUTER_BOUND('',#1430,.T.);
#1006=FACE_OUTER_BOUND('',#1431,.T.);
#1007=FACE_OUTER_BOUND('',#1432,.T.);
#1008=FACE_OUTER_BOUND('',#1433,.T.);
#1009=FACE_OUTER_BOUND('',#1434,.T.);
#1010=FACE_OUTER_BOUND('',#1435,.T.);
#1011=FACE_OUTER_BOUND('',#1436,.T.);
#1012=FACE_OUTER_BOUND('',#1437,.T.);
#1013=FACE_OUTER_BOUND('',#1438,.T.);
#1014=FACE_OUTER_BOUND('',#1439,.T.);
#1015=FACE_OUTER_BOUND('',#1440,.T.);
#1016=FACE_OUTER_BOUND('',#1441,.T.);
#1017=FACE_OUTER_BOUND('',#1442,.T.);
#1018=FACE_OUTER_BOUND('',#1443,.T.);
#1019=FACE_OUTER_BOUND('',#1444,.T.);
#1020=FACE_OUTER_BOUND('',#1445,.T.);
#1021=FACE_OUTER_BOUND('',#1446,.T.);
#1022=FACE_OUTER_BOUND('',#1447,.T.);
#1023=FACE_OUTER_BOUND('',#1448,.T.);
#1024=FACE_OUTER_BOUND('',#1449,.T.);
#1025=FACE_OUTER_BOUND('',#1450,.T.);
#1026=FACE_OUTER_BOUND('',#1451,.T.);
#1027=FACE_OUTER_BOUND('',#1452,.T.);
#1028=FACE_OUTER_BOUND('',#1453,.T.);
#1029=FACE_OUTER_BOUND('',#1454,.T.);
#1030=FACE_OUTER_BOUND('',#1455,.T.);
#1031=FACE_OUTER_BOUND('',#1456,.T.);
#1032=FACE_OUTER_BOUND('',#1457,.T.);
#1033=FACE_OUTER_BOUND('',#1458,.T.);
#1034=FACE_OUTER_BOUND('',#1459,.T.);
#1035=FACE_OUTER_BOUND('',#1460,.T.);
#1036=FACE_OUTER_BOUND('',#1461,.T.);
#1037=FACE_OUTER_BOUND('',#1463,.T.);
#1038=FACE_OUTER_BOUND('',#1465,.T.);
#1039=FACE_OUTER_BOUND('',#1466,.T.);
#1040=FACE_OUTER_BOUND('',#1467,.T.);
#1041=FACE_OUTER_BOUND('',#1468,.T.);
#1042=FACE_OUTER_BOUND('',#1469,.T.);
#1043=FACE_OUTER_BOUND('',#1470,.T.);
#1044=FACE_OUTER_BOUND('',#1471,.T.);
#1045=FACE_OUTER_BOUND('',#1472,.T.);
#1046=FACE_OUTER_BOUND('',#1473,.T.);
#1047=FACE_OUTER_BOUND('',#1474,.T.);
#1048=FACE_OUTER_BOUND('',#1475,.T.);
#1049=FACE_OUTER_BOUND('',#1476,.T.);
#1050=FACE_OUTER_BOUND('',#1477,.T.);
#1051=FACE_OUTER_BOUND('',#1478,.T.);
#1052=FACE_OUTER_BOUND('',#1479,.T.);
#1053=FACE_OUTER_BOUND('',#1480,.T.);
#1054=EDGE_LOOP('',(#4595,#4596,#4597,#4598));
#1055=EDGE_LOOP('',(#4599,#4600,#4601,#4602,#4603));
#1056=EDGE_LOOP('',(#4604,#4605,#4606,#4607));
#1057=EDGE_LOOP('',(#4608,#4609,#4610,#4611,#4612));
#1058=EDGE_LOOP('',(#4613,#4614,#4615,#4616));
#1059=EDGE_LOOP('',(#4617,#4618,#4619,#4620));
#1060=EDGE_LOOP('',(#4621,#4622,#4623,#4624));
#1061=EDGE_LOOP('',(#4625,#4626,#4627,#4628,#4629,#4630,#4631,#4632));
#1062=EDGE_LOOP('',(#4633,#4634,#4635,#4636,#4637,#4638,#4639,#4640));
#1063=EDGE_LOOP('',(#4641,#4642,#4643,#4644));
#1064=EDGE_LOOP('',(#4645,#4646,#4647,#4648));
#1065=EDGE_LOOP('',(#4649,#4650,#4651,#4652));
#1066=EDGE_LOOP('',(#4653,#4654,#4655,#4656));
#1067=EDGE_LOOP('',(#4657,#4658,#4659,#4660));
#1068=EDGE_LOOP('',(#4661,#4662,#4663,#4664));
#1069=EDGE_LOOP('',(#4665,#4666,#4667,#4668));
#1070=EDGE_LOOP('',(#4669,#4670,#4671,#4672));
#1071=EDGE_LOOP('',(#4673,#4674,#4675,#4676));
#1072=EDGE_LOOP('',(#4677,#4678,#4679,#4680));
#1073=EDGE_LOOP('',(#4681,#4682,#4683,#4684));
#1074=EDGE_LOOP('',(#4685,#4686,#4687,#4688));
#1075=EDGE_LOOP('',(#4689,#4690,#4691,#4692));
#1076=EDGE_LOOP('',(#4693,#4694,#4695,#4696));
#1077=EDGE_LOOP('',(#4697,#4698,#4699,#4700));
#1078=EDGE_LOOP('',(#4701,#4702,#4703,#4704));
#1079=EDGE_LOOP('',(#4705,#4706,#4707,#4708,#4709,#4710,#4711,#4712,#4713,
#4714,#4715,#4716,#4717,#4718));
#1080=EDGE_LOOP('',(#4719,#4720,#4721,#4722));
#1081=EDGE_LOOP('',(#4723,#4724,#4725,#4726));
#1082=EDGE_LOOP('',(#4727,#4728,#4729,#4730));
#1083=EDGE_LOOP('',(#4731,#4732,#4733,#4734));
#1084=EDGE_LOOP('',(#4735,#4736,#4737,#4738));
#1085=EDGE_LOOP('',(#4739,#4740,#4741,#4742));
#1086=EDGE_LOOP('',(#4743,#4744,#4745,#4746));
#1087=EDGE_LOOP('',(#4747,#4748,#4749,#4750));
#1088=EDGE_LOOP('',(#4751,#4752,#4753,#4754));
#1089=EDGE_LOOP('',(#4755,#4756,#4757,#4758));
#1090=EDGE_LOOP('',(#4759,#4760,#4761,#4762));
#1091=EDGE_LOOP('',(#4763,#4764,#4765,#4766));
#1092=EDGE_LOOP('',(#4767,#4768,#4769,#4770));
#1093=EDGE_LOOP('',(#4771,#4772,#4773,#4774));
#1094=EDGE_LOOP('',(#4775,#4776,#4777,#4778,#4779,#4780,#4781,#4782));
#1095=EDGE_LOOP('',(#4783,#4784,#4785,#4786,#4787,#4788,#4789,#4790));
#1096=EDGE_LOOP('',(#4791,#4792,#4793,#4794));
#1097=EDGE_LOOP('',(#4795,#4796,#4797,#4798));
#1098=EDGE_LOOP('',(#4799,#4800,#4801,#4802));
#1099=EDGE_LOOP('',(#4803,#4804,#4805,#4806));
#1100=EDGE_LOOP('',(#4807,#4808,#4809,#4810));
#1101=EDGE_LOOP('',(#4811,#4812,#4813,#4814));
#1102=EDGE_LOOP('',(#4815,#4816,#4817,#4818));
#1103=EDGE_LOOP('',(#4819,#4820,#4821,#4822));
#1104=EDGE_LOOP('',(#4823,#4824,#4825,#4826));
#1105=EDGE_LOOP('',(#4827,#4828,#4829,#4830));
#1106=EDGE_LOOP('',(#4831,#4832,#4833,#4834));
#1107=EDGE_LOOP('',(#4835,#4836,#4837,#4838));
#1108=EDGE_LOOP('',(#4839,#4840,#4841,#4842));
#1109=EDGE_LOOP('',(#4843,#4844,#4845,#4846));
#1110=EDGE_LOOP('',(#4847,#4848,#4849,#4850));
#1111=EDGE_LOOP('',(#4851,#4852,#4853,#4854));
#1112=EDGE_LOOP('',(#4855,#4856,#4857,#4858,#4859,#4860,#4861,#4862,#4863,
#4864,#4865,#4866,#4867));
#1113=EDGE_LOOP('',(#4868,#4869,#4870,#4871));
#1114=EDGE_LOOP('',(#4872,#4873,#4874,#4875));
#1115=EDGE_LOOP('',(#4876,#4877,#4878,#4879));
#1116=EDGE_LOOP('',(#4880,#4881,#4882,#4883));
#1117=EDGE_LOOP('',(#4884,#4885,#4886,#4887));
#1118=EDGE_LOOP('',(#4888,#4889,#4890,#4891));
#1119=EDGE_LOOP('',(#4892,#4893,#4894,#4895));
#1120=EDGE_LOOP('',(#4896,#4897,#4898,#4899));
#1121=EDGE_LOOP('',(#4900,#4901,#4902,#4903));
#1122=EDGE_LOOP('',(#4904,#4905,#4906,#4907));
#1123=EDGE_LOOP('',(#4908,#4909,#4910,#4911));
#1124=EDGE_LOOP('',(#4912,#4913,#4914,#4915));
#1125=EDGE_LOOP('',(#4916,#4917,#4918,#4919));
#1126=EDGE_LOOP('',(#4920,#4921,#4922,#4923));
#1127=EDGE_LOOP('',(#4924,#4925,#4926,#4927));
#1128=EDGE_LOOP('',(#4928,#4929,#4930,#4931));
#1129=EDGE_LOOP('',(#4932,#4933,#4934,#4935));
#1130=EDGE_LOOP('',(#4936,#4937,#4938,#4939));
#1131=EDGE_LOOP('',(#4940,#4941,#4942,#4943,#4944,#4945,#4946,#4947,#4948,
#4949,#4950,#4951,#4952,#4953));
#1132=EDGE_LOOP('',(#4954,#4955,#4956,#4957));
#1133=EDGE_LOOP('',(#4958,#4959,#4960,#4961));
#1134=EDGE_LOOP('',(#4962,#4963,#4964,#4965));
#1135=EDGE_LOOP('',(#4966,#4967,#4968,#4969));
#1136=EDGE_LOOP('',(#4970,#4971,#4972,#4973));
#1137=EDGE_LOOP('',(#4974,#4975,#4976,#4977));
#1138=EDGE_LOOP('',(#4978,#4979,#4980,#4981));
#1139=EDGE_LOOP('',(#4982,#4983,#4984,#4985));
#1140=EDGE_LOOP('',(#4986,#4987,#4988,#4989));
#1141=EDGE_LOOP('',(#4990,#4991,#4992,#4993));
#1142=EDGE_LOOP('',(#4994,#4995,#4996,#4997));
#1143=EDGE_LOOP('',(#4998,#4999,#5000,#5001));
#1144=EDGE_LOOP('',(#5002,#5003,#5004,#5005));
#1145=EDGE_LOOP('',(#5006,#5007,#5008,#5009));
#1146=EDGE_LOOP('',(#5010,#5011,#5012,#5013,#5014,#5015,#5016,#5017));
#1147=EDGE_LOOP('',(#5018,#5019,#5020,#5021,#5022,#5023,#5024,#5025));
#1148=EDGE_LOOP('',(#5026,#5027,#5028,#5029));
#1149=EDGE_LOOP('',(#5030,#5031,#5032,#5033));
#1150=EDGE_LOOP('',(#5034,#5035,#5036,#5037));
#1151=EDGE_LOOP('',(#5038,#5039,#5040,#5041));
#1152=EDGE_LOOP('',(#5042,#5043,#5044,#5045));
#1153=EDGE_LOOP('',(#5046,#5047,#5048,#5049));
#1154=EDGE_LOOP('',(#5050,#5051,#5052,#5053));
#1155=EDGE_LOOP('',(#5054,#5055,#5056,#5057));
#1156=EDGE_LOOP('',(#5058,#5059,#5060,#5061));
#1157=EDGE_LOOP('',(#5062,#5063,#5064,#5065));
#1158=EDGE_LOOP('',(#5066,#5067,#5068,#5069));
#1159=EDGE_LOOP('',(#5070,#5071,#5072,#5073));
#1160=EDGE_LOOP('',(#5074,#5075,#5076,#5077));
#1161=EDGE_LOOP('',(#5078,#5079,#5080,#5081));
#1162=EDGE_LOOP('',(#5082,#5083,#5084,#5085));
#1163=EDGE_LOOP('',(#5086,#5087,#5088,#5089));
#1164=EDGE_LOOP('',(#5090,#5091,#5092,#5093,#5094,#5095,#5096,#5097,#5098,
#5099,#5100,#5101,#5102,#5103));
#1165=EDGE_LOOP('',(#5104,#5105,#5106,#5107));
#1166=EDGE_LOOP('',(#5108,#5109,#5110,#5111));
#1167=EDGE_LOOP('',(#5112,#5113,#5114,#5115));
#1168=EDGE_LOOP('',(#5116,#5117,#5118,#5119));
#1169=EDGE_LOOP('',(#5120,#5121,#5122,#5123));
#1170=EDGE_LOOP('',(#5124,#5125,#5126,#5127));
#1171=EDGE_LOOP('',(#5128,#5129,#5130,#5131));
#1172=EDGE_LOOP('',(#5132,#5133,#5134,#5135));
#1173=EDGE_LOOP('',(#5136,#5137,#5138,#5139));
#1174=EDGE_LOOP('',(#5140,#5141,#5142,#5143));
#1175=EDGE_LOOP('',(#5144,#5145,#5146,#5147));
#1176=EDGE_LOOP('',(#5148,#5149,#5150,#5151));
#1177=EDGE_LOOP('',(#5152,#5153,#5154,#5155));
#1178=EDGE_LOOP('',(#5156,#5157,#5158,#5159));
#1179=EDGE_LOOP('',(#5160,#5161,#5162,#5163,#5164,#5165,#5166,#5167,#5168,
#5169,#5170,#5171));
#1180=EDGE_LOOP('',(#5172,#5173,#5174,#5175));
#1181=EDGE_LOOP('',(#5176,#5177,#5178,#5179));
#1182=EDGE_LOOP('',(#5180,#5181,#5182,#5183));
#1183=EDGE_LOOP('',(#5184,#5185,#5186,#5187));
#1184=EDGE_LOOP('',(#5188,#5189,#5190,#5191));
#1185=EDGE_LOOP('',(#5192,#5193,#5194,#5195));
#1186=EDGE_LOOP('',(#5196,#5197,#5198,#5199));
#1187=EDGE_LOOP('',(#5200,#5201,#5202,#5203));
#1188=EDGE_LOOP('',(#5204,#5205,#5206,#5207));
#1189=EDGE_LOOP('',(#5208,#5209,#5210,#5211));
#1190=EDGE_LOOP('',(#5212,#5213,#5214,#5215));
#1191=EDGE_LOOP('',(#5216,#5217,#5218,#5219));
#1192=EDGE_LOOP('',(#5220,#5221,#5222,#5223,#5224,#5225,#5226,#5227,#5228,
#5229,#5230,#5231,#5232,#5233,#5234,#5235));
#1193=EDGE_LOOP('',(#5236,#5237,#5238,#5239));
#1194=EDGE_LOOP('',(#5240,#5241,#5242,#5243));
#1195=EDGE_LOOP('',(#5244,#5245,#5246,#5247));
#1196=EDGE_LOOP('',(#5248,#5249,#5250,#5251));
#1197=EDGE_LOOP('',(#5252,#5253,#5254,#5255));
#1198=EDGE_LOOP('',(#5256,#5257,#5258,#5259));
#1199=EDGE_LOOP('',(#5260,#5261,#5262,#5263));
#1200=EDGE_LOOP('',(#5264,#5265,#5266,#5267));
#1201=EDGE_LOOP('',(#5268,#5269,#5270,#5271));
#1202=EDGE_LOOP('',(#5272,#5273,#5274,#5275));
#1203=EDGE_LOOP('',(#5276,#5277,#5278,#5279));
#1204=EDGE_LOOP('',(#5280,#5281,#5282,#5283));
#1205=EDGE_LOOP('',(#5284,#5285,#5286,#5287));
#1206=EDGE_LOOP('',(#5288,#5289,#5290,#5291));
#1207=EDGE_LOOP('',(#5292,#5293,#5294,#5295));
#1208=EDGE_LOOP('',(#5296,#5297,#5298,#5299));
#1209=EDGE_LOOP('',(#5300,#5301,#5302,#5303,#5304,#5305,#5306,#5307,#5308,
#5309,#5310,#5311,#5312));
#1210=EDGE_LOOP('',(#5313,#5314,#5315,#5316,#5317,#5318,#5319,#5320,#5321,
#5322,#5323));
#1211=EDGE_LOOP('',(#5324,#5325,#5326,#5327));
#1212=EDGE_LOOP('',(#5328,#5329,#5330,#5331));
#1213=EDGE_LOOP('',(#5332,#5333,#5334,#5335));
#1214=EDGE_LOOP('',(#5336,#5337,#5338,#5339));
#1215=EDGE_LOOP('',(#5340,#5341,#5342,#5343));
#1216=EDGE_LOOP('',(#5344,#5345,#5346,#5347));
#1217=EDGE_LOOP('',(#5348,#5349,#5350,#5351));
#1218=EDGE_LOOP('',(#5352,#5353,#5354,#5355));
#1219=EDGE_LOOP('',(#5356,#5357,#5358,#5359));
#1220=EDGE_LOOP('',(#5360,#5361,#5362,#5363));
#1221=EDGE_LOOP('',(#5364,#5365,#5366,#5367));
#1222=EDGE_LOOP('',(#5368,#5369,#5370,#5371));
#1223=EDGE_LOOP('',(#5372,#5373,#5374,#5375));
#1224=EDGE_LOOP('',(#5376,#5377,#5378,#5379));
#1225=EDGE_LOOP('',(#5380,#5381,#5382,#5383));
#1226=EDGE_LOOP('',(#5384,#5385,#5386,#5387));
#1227=EDGE_LOOP('',(#5388,#5389,#5390,#5391));
#1228=EDGE_LOOP('',(#5392,#5393,#5394,#5395));
#1229=EDGE_LOOP('',(#5396,#5397,#5398,#5399));
#1230=EDGE_LOOP('',(#5400,#5401,#5402,#5403));
#1231=EDGE_LOOP('',(#5404,#5405,#5406,#5407));
#1232=EDGE_LOOP('',(#5408,#5409,#5410,#5411));
#1233=EDGE_LOOP('',(#5412,#5413,#5414,#5415));
#1234=EDGE_LOOP('',(#5416,#5417,#5418,#5419));
#1235=EDGE_LOOP('',(#5420,#5421,#5422,#5423,#5424,#5425,#5426,#5427));
#1236=EDGE_LOOP('',(#5428,#5429,#5430));
#1237=EDGE_LOOP('',(#5431,#5432,#5433,#5434,#5435,#5436,#5437,#5438));
#1238=EDGE_LOOP('',(#5439,#5440,#5441,#5442,#5443,#5444,#5445,#5446));
#1239=EDGE_LOOP('',(#5447,#5448,#5449,#5450,#5451,#5452,#5453,#5454));
#1240=EDGE_LOOP('',(#5455,#5456,#5457,#5458,#5459,#5460,#5461,#5462));
#1241=EDGE_LOOP('',(#5463,#5464,#5465,#5466));
#1242=EDGE_LOOP('',(#5467,#5468,#5469,#5470));
#1243=EDGE_LOOP('',(#5471,#5472,#5473,#5474));
#1244=EDGE_LOOP('',(#5475,#5476,#5477,#5478));
#1245=EDGE_LOOP('',(#5479,#5480,#5481,#5482));
#1246=EDGE_LOOP('',(#5483,#5484,#5485,#5486));
#1247=EDGE_LOOP('',(#5487,#5488,#5489,#5490));
#1248=EDGE_LOOP('',(#5491,#5492,#5493,#5494));
#1249=EDGE_LOOP('',(#5495,#5496,#5497,#5498,#5499,#5500,#5501,#5502));
#1250=EDGE_LOOP('',(#5503,#5504,#5505,#5506,#5507,#5508,#5509,#5510));
#1251=EDGE_LOOP('',(#5511,#5512,#5513,#5514,#5515,#5516,#5517,#5518));
#1252=EDGE_LOOP('',(#5519,#5520,#5521,#5522,#5523,#5524,#5525,#5526));
#1253=EDGE_LOOP('',(#5527,#5528,#5529,#5530,#5531,#5532,#5533,#5534,#5535,
#5536,#5537,#5538,#5539,#5540));
#1254=EDGE_LOOP('',(#5541,#5542,#5543,#5544,#5545,#5546,#5547,#5548));
#1255=EDGE_LOOP('',(#5549,#5550,#5551,#5552,#5553,#5554,#5555,#5556,#5557,
#5558,#5559,#5560,#5561));
#1256=EDGE_LOOP('',(#5562,#5563,#5564,#5565));
#1257=EDGE_LOOP('',(#5566,#5567,#5568,#5569,#5570,#5571,#5572,#5573,#5574,
#5575,#5576,#5577,#5578,#5579));
#1258=EDGE_LOOP('',(#5580,#5581,#5582,#5583,#5584,#5585,#5586,#5587));
#1259=EDGE_LOOP('',(#5588,#5589,#5590,#5591,#5592,#5593,#5594,#5595,#5596,
#5597,#5598,#5599,#5600,#5601));
#1260=EDGE_LOOP('',(#5602,#5603,#5604,#5605,#5606,#5607,#5608,#5609,#5610,
#5611,#5612,#5613));
#1261=EDGE_LOOP('',(#5614,#5615,#5616,#5617,#5618,#5619,#5620,#5621,#5622,
#5623,#5624,#5625,#5626,#5627,#5628,#5629));
#1262=EDGE_LOOP('',(#5630,#5631,#5632,#5633,#5634,#5635,#5636,#5637,#5638,
#5639,#5640,#5641,#5642));
#1263=EDGE_LOOP('',(#5643,#5644,#5645,#5646));
#1264=EDGE_LOOP('',(#5647,#5648,#5649,#5650));
#1265=EDGE_LOOP('',(#5651,#5652,#5653,#5654));
#1266=EDGE_LOOP('',(#5655,#5656,#5657,#5658));
#1267=EDGE_LOOP('',(#5659,#5660,#5661,#5662));
#1268=EDGE_LOOP('',(#5663,#5664,#5665,#5666));
#1269=EDGE_LOOP('',(#5667,#5668,#5669,#5670));
#1270=EDGE_LOOP('',(#5671,#5672,#5673,#5674));
#1271=EDGE_LOOP('',(#5675,#5676,#5677,#5678));
#1272=EDGE_LOOP('',(#5679,#5680,#5681,#5682,#5683));
#1273=EDGE_LOOP('',(#5684,#5685,#5686,#5687));
#1274=EDGE_LOOP('',(#5688,#5689,#5690,#5691,#5692));
#1275=EDGE_LOOP('',(#5693,#5694,#5695,#5696));
#1276=EDGE_LOOP('',(#5697,#5698,#5699,#5700));
#1277=EDGE_LOOP('',(#5701,#5702,#5703,#5704));
#1278=EDGE_LOOP('',(#5705,#5706,#5707,#5708));
#1279=EDGE_LOOP('',(#5709,#5710,#5711,#5712,#5713));
#1280=EDGE_LOOP('',(#5714,#5715,#5716,#5717));
#1281=EDGE_LOOP('',(#5718,#5719,#5720,#5721));
#1282=EDGE_LOOP('',(#5722,#5723,#5724,#5725,#5726));
#1283=EDGE_LOOP('',(#5727,#5728,#5729,#5730));
#1284=EDGE_LOOP('',(#5731,#5732,#5733,#5734));
#1285=EDGE_LOOP('',(#5735,#5736,#5737,#5738));
#1286=EDGE_LOOP('',(#5739,#5740,#5741,#5742));
#1287=EDGE_LOOP('',(#5743,#5744,#5745,#5746));
#1288=EDGE_LOOP('',(#5747,#5748,#5749,#5750));
#1289=EDGE_LOOP('',(#5751,#5752,#5753,#5754));
#1290=EDGE_LOOP('',(#5755,#5756,#5757,#5758,#5759));
#1291=EDGE_LOOP('',(#5760,#5761,#5762,#5763,#5764));
#1292=EDGE_LOOP('',(#5765,#5766,#5767,#5768));
#1293=EDGE_LOOP('',(#5769,#5770,#5771,#5772));
#1294=EDGE_LOOP('',(#5773,#5774,#5775,#5776));
#1295=EDGE_LOOP('',(#5777,#5778,#5779,#5780));
#1296=EDGE_LOOP('',(#5781,#5782,#5783,#5784));
#1297=EDGE_LOOP('',(#5785,#5786,#5787,#5788));
#1298=EDGE_LOOP('',(#5789,#5790,#5791,#5792));
#1299=EDGE_LOOP('',(#5793,#5794,#5795,#5796));
#1300=EDGE_LOOP('',(#5797,#5798,#5799,#5800));
#1301=EDGE_LOOP('',(#5801,#5802,#5803,#5804));
#1302=EDGE_LOOP('',(#5805,#5806,#5807,#5808));
#1303=EDGE_LOOP('',(#5809,#5810,#5811,#5812));
#1304=EDGE_LOOP('',(#5813,#5814,#5815,#5816));
#1305=EDGE_LOOP('',(#5817,#5818,#5819,#5820));
#1306=EDGE_LOOP('',(#5821,#5822,#5823,#5824));
#1307=EDGE_LOOP('',(#5825,#5826,#5827,#5828));
#1308=EDGE_LOOP('',(#5829,#5830,#5831,#5832));
#1309=EDGE_LOOP('',(#5833,#5834,#5835,#5836));
#1310=EDGE_LOOP('',(#5837,#5838,#5839,#5840));
#1311=EDGE_LOOP('',(#5841,#5842,#5843,#5844));
#1312=EDGE_LOOP('',(#5845,#5846,#5847,#5848));
#1313=EDGE_LOOP('',(#5849,#5850,#5851,#5852));
#1314=EDGE_LOOP('',(#5853,#5854,#5855,#5856));
#1315=EDGE_LOOP('',(#5857,#5858,#5859,#5860));
#1316=EDGE_LOOP('',(#5861,#5862,#5863,#5864,#5865,#5866,#5867,#5868,#5869,
#5870,#5871,#5872,#5873));
#1317=EDGE_LOOP('',(#5874,#5875,#5876,#5877,#5878,#5879,#5880,#5881,#5882,
#5883,#5884));
#1318=EDGE_LOOP('',(#5885,#5886,#5887,#5888,#5889,#5890,#5891,#5892,#5893,
#5894,#5895,#5896,#5897));
#1319=EDGE_LOOP('',(#5898,#5899,#5900,#5901,#5902,#5903,#5904,#5905,#5906,
#5907,#5908));
#1320=EDGE_LOOP('',(#5909,#5910,#5911,#5912));
#1321=EDGE_LOOP('',(#5913,#5914,#5915,#5916));
#1322=EDGE_LOOP('',(#5917,#5918,#5919,#5920));
#1323=EDGE_LOOP('',(#5921,#5922,#5923,#5924));
#1324=EDGE_LOOP('',(#5925,#5926,#5927,#5928));
#1325=EDGE_LOOP('',(#5929,#5930,#5931,#5932));
#1326=EDGE_LOOP('',(#5933,#5934,#5935,#5936));
#1327=EDGE_LOOP('',(#5937,#5938,#5939,#5940));
#1328=EDGE_LOOP('',(#5941,#5942,#5943,#5944));
#1329=EDGE_LOOP('',(#5945,#5946,#5947,#5948));
#1330=EDGE_LOOP('',(#5949,#5950,#5951,#5952));
#1331=EDGE_LOOP('',(#5953,#5954,#5955,#5956));
#1332=EDGE_LOOP('',(#5957,#5958,#5959,#5960));
#1333=EDGE_LOOP('',(#5961,#5962,#5963,#5964));
#1334=EDGE_LOOP('',(#5965,#5966,#5967,#5968));
#1335=EDGE_LOOP('',(#5969,#5970,#5971,#5972));
#1336=EDGE_LOOP('',(#5973,#5974,#5975,#5976,#5977,#5978,#5979,#5980,#5981,
#5982,#5983,#5984,#5985,#5986,#5987,#5988));
#1337=EDGE_LOOP('',(#5989,#5990,#5991,#5992,#5993,#5994,#5995,#5996,#5997,
#5998,#5999,#6000,#6001,#6002,#6003,#6004));
#1338=EDGE_LOOP('',(#6005,#6006,#6007,#6008));
#1339=EDGE_LOOP('',(#6009,#6010,#6011,#6012));
#1340=EDGE_LOOP('',(#6013,#6014,#6015,#6016));
#1341=EDGE_LOOP('',(#6017,#6018,#6019,#6020));
#1342=EDGE_LOOP('',(#6021,#6022,#6023,#6024));
#1343=EDGE_LOOP('',(#6025,#6026,#6027,#6028));
#1344=EDGE_LOOP('',(#6029,#6030,#6031,#6032));
#1345=EDGE_LOOP('',(#6033,#6034,#6035,#6036));
#1346=EDGE_LOOP('',(#6037,#6038,#6039,#6040));
#1347=EDGE_LOOP('',(#6041,#6042,#6043,#6044));
#1348=EDGE_LOOP('',(#6045,#6046,#6047,#6048));
#1349=EDGE_LOOP('',(#6049,#6050,#6051,#6052));
#1350=EDGE_LOOP('',(#6053,#6054,#6055,#6056,#6057,#6058,#6059,#6060,#6061,
#6062,#6063,#6064));
#1351=EDGE_LOOP('',(#6065,#6066,#6067,#6068,#6069,#6070,#6071,#6072,#6073,
#6074,#6075,#6076));
#1352=EDGE_LOOP('',(#6077,#6078,#6079,#6080));
#1353=EDGE_LOOP('',(#6081,#6082,#6083,#6084));
#1354=EDGE_LOOP('',(#6085,#6086,#6087,#6088));
#1355=EDGE_LOOP('',(#6089,#6090,#6091,#6092));
#1356=EDGE_LOOP('',(#6093,#6094,#6095,#6096));
#1357=EDGE_LOOP('',(#6097,#6098,#6099,#6100));
#1358=EDGE_LOOP('',(#6101,#6102,#6103,#6104));
#1359=EDGE_LOOP('',(#6105,#6106,#6107,#6108));
#1360=EDGE_LOOP('',(#6109,#6110,#6111,#6112));
#1361=EDGE_LOOP('',(#6113,#6114,#6115,#6116));
#1362=EDGE_LOOP('',(#6117,#6118,#6119,#6120));
#1363=EDGE_LOOP('',(#6121,#6122,#6123,#6124));
#1364=EDGE_LOOP('',(#6125,#6126,#6127,#6128));
#1365=EDGE_LOOP('',(#6129,#6130,#6131,#6132));
#1366=EDGE_LOOP('',(#6133,#6134,#6135,#6136,#6137,#6138,#6139,#6140,#6141,
#6142,#6143,#6144,#6145,#6146));
#1367=EDGE_LOOP('',(#6147,#6148,#6149,#6150,#6151,#6152,#6153,#6154,#6155,
#6156,#6157,#6158,#6159,#6160));
#1368=EDGE_LOOP('',(#6161,#6162,#6163,#6164));
#1369=EDGE_LOOP('',(#6165,#6166,#6167,#6168));
#1370=EDGE_LOOP('',(#6169,#6170,#6171,#6172));
#1371=EDGE_LOOP('',(#6173,#6174,#6175,#6176));
#1372=EDGE_LOOP('',(#6177,#6178,#6179,#6180));
#1373=EDGE_LOOP('',(#6181,#6182,#6183,#6184));
#1374=EDGE_LOOP('',(#6185,#6186,#6187,#6188));
#1375=EDGE_LOOP('',(#6189,#6190,#6191,#6192));
#1376=EDGE_LOOP('',(#6193,#6194,#6195,#6196));
#1377=EDGE_LOOP('',(#6197,#6198,#6199,#6200));
#1378=EDGE_LOOP('',(#6201,#6202,#6203,#6204));
#1379=EDGE_LOOP('',(#6205,#6206,#6207,#6208));
#1380=EDGE_LOOP('',(#6209,#6210,#6211,#6212));
#1381=EDGE_LOOP('',(#6213,#6214,#6215,#6216));
#1382=EDGE_LOOP('',(#6217,#6218,#6219,#6220));
#1383=EDGE_LOOP('',(#6221,#6222,#6223,#6224));
#1384=EDGE_LOOP('',(#6225,#6226,#6227,#6228,#6229,#6230,#6231,#6232));
#1385=EDGE_LOOP('',(#6233,#6234,#6235,#6236,#6237,#6238,#6239,#6240));
#1386=EDGE_LOOP('',(#6241,#6242,#6243,#6244,#6245,#6246,#6247,#6248));
#1387=EDGE_LOOP('',(#6249,#6250,#6251,#6252,#6253,#6254,#6255,#6256));
#1388=EDGE_LOOP('',(#6257,#6258,#6259,#6260));
#1389=EDGE_LOOP('',(#6261,#6262,#6263,#6264));
#1390=EDGE_LOOP('',(#6265,#6266,#6267,#6268));
#1391=EDGE_LOOP('',(#6269,#6270,#6271,#6272));
#1392=EDGE_LOOP('',(#6273,#6274,#6275,#6276));
#1393=EDGE_LOOP('',(#6277,#6278,#6279,#6280));
#1394=EDGE_LOOP('',(#6281,#6282,#6283,#6284));
#1395=EDGE_LOOP('',(#6285,#6286,#6287,#6288));
#1396=EDGE_LOOP('',(#6289,#6290,#6291,#6292));
#1397=EDGE_LOOP('',(#6293,#6294,#6295,#6296));
#1398=EDGE_LOOP('',(#6297,#6298,#6299,#6300));
#1399=EDGE_LOOP('',(#6301,#6302,#6303,#6304));
#1400=EDGE_LOOP('',(#6305,#6306,#6307,#6308));
#1401=EDGE_LOOP('',(#6309,#6310,#6311,#6312));
#1402=EDGE_LOOP('',(#6313,#6314,#6315,#6316));
#1403=EDGE_LOOP('',(#6317,#6318,#6319,#6320));
#1404=EDGE_LOOP('',(#6321,#6322,#6323,#6324));
#1405=EDGE_LOOP('',(#6325,#6326,#6327,#6328));
#1406=EDGE_LOOP('',(#6329,#6330,#6331,#6332));
#1407=EDGE_LOOP('',(#6333,#6334,#6335,#6336,#6337,#6338,#6339,#6340,#6341,
#6342,#6343,#6344,#6345));
#1408=EDGE_LOOP('',(#6346,#6347,#6348,#6349,#6350,#6351,#6352,#6353,#6354,
#6355,#6356,#6357,#6358));
#1409=EDGE_LOOP('',(#6359,#6360,#6361,#6362));
#1410=EDGE_LOOP('',(#6363,#6364,#6365,#6366));
#1411=EDGE_LOOP('',(#6367,#6368,#6369,#6370));
#1412=EDGE_LOOP('',(#6371,#6372,#6373,#6374));
#1413=EDGE_LOOP('',(#6375,#6376,#6377,#6378));
#1414=EDGE_LOOP('',(#6379,#6380,#6381,#6382));
#1415=EDGE_LOOP('',(#6383,#6384,#6385,#6386));
#1416=EDGE_LOOP('',(#6387,#6388,#6389,#6390));
#1417=EDGE_LOOP('',(#6391,#6392,#6393,#6394));
#1418=EDGE_LOOP('',(#6395,#6396,#6397,#6398));
#1419=EDGE_LOOP('',(#6399,#6400,#6401,#6402));
#1420=EDGE_LOOP('',(#6403,#6404,#6405,#6406));
#1421=EDGE_LOOP('',(#6407,#6408,#6409,#6410));
#1422=EDGE_LOOP('',(#6411,#6412,#6413,#6414));
#1423=EDGE_LOOP('',(#6415,#6416,#6417,#6418));
#1424=EDGE_LOOP('',(#6419,#6420,#6421,#6422));
#1425=EDGE_LOOP('',(#6423,#6424,#6425,#6426,#6427,#6428,#6429,#6430));
#1426=EDGE_LOOP('',(#6431,#6432,#6433,#6434,#6435,#6436,#6437,#6438));
#1427=EDGE_LOOP('',(#6439,#6440,#6441,#6442,#6443,#6444,#6445,#6446));
#1428=EDGE_LOOP('',(#6447,#6448,#6449,#6450,#6451,#6452,#6453,#6454));
#1429=EDGE_LOOP('',(#6455,#6456,#6457,#6458));
#1430=EDGE_LOOP('',(#6459,#6460,#6461,#6462));
#1431=EDGE_LOOP('',(#6463,#6464,#6465,#6466));
#1432=EDGE_LOOP('',(#6467,#6468,#6469,#6470));
#1433=EDGE_LOOP('',(#6471,#6472,#6473,#6474));
#1434=EDGE_LOOP('',(#6475,#6476,#6477,#6478));
#1435=EDGE_LOOP('',(#6479,#6480,#6481,#6482));
#1436=EDGE_LOOP('',(#6483,#6484,#6485,#6486));
#1437=EDGE_LOOP('',(#6487,#6488,#6489,#6490));
#1438=EDGE_LOOP('',(#6491,#6492,#6493,#6494));
#1439=EDGE_LOOP('',(#6495,#6496,#6497,#6498));
#1440=EDGE_LOOP('',(#6499,#6500,#6501,#6502));
#1441=EDGE_LOOP('',(#6503,#6504,#6505,#6506));
#1442=EDGE_LOOP('',(#6507,#6508,#6509,#6510));
#1443=EDGE_LOOP('',(#6511,#6512,#6513,#6514,#6515,#6516,#6517,#6518,#6519,
#6520,#6521,#6522,#6523,#6524));
#1444=EDGE_LOOP('',(#6525,#6526,#6527,#6528,#6529,#6530,#6531,#6532,#6533,
#6534,#6535,#6536,#6537,#6538));
#1445=EDGE_LOOP('',(#6539,#6540,#6541,#6542));
#1446=EDGE_LOOP('',(#6543,#6544,#6545,#6546));
#1447=EDGE_LOOP('',(#6547,#6548,#6549,#6550));
#1448=EDGE_LOOP('',(#6551,#6552,#6553,#6554));
#1449=EDGE_LOOP('',(#6555,#6556,#6557,#6558));
#1450=EDGE_LOOP('',(#6559,#6560,#6561,#6562));
#1451=EDGE_LOOP('',(#6563,#6564,#6565,#6566));
#1452=EDGE_LOOP('',(#6567,#6568,#6569,#6570));
#1453=EDGE_LOOP('',(#6571,#6572,#6573,#6574));
#1454=EDGE_LOOP('',(#6575,#6576,#6577,#6578));
#1455=EDGE_LOOP('',(#6579,#6580,#6581,#6582));
#1456=EDGE_LOOP('',(#6583,#6584,#6585,#6586));
#1457=EDGE_LOOP('',(#6587,#6588,#6589,#6590));
#1458=EDGE_LOOP('',(#6591,#6592,#6593,#6594));
#1459=EDGE_LOOP('',(#6595,#6596,#6597,#6598));
#1460=EDGE_LOOP('',(#6599,#6600,#6601,#6602));
#1461=EDGE_LOOP('',(#6603,#6604,#6605,#6606,#6607,#6608,#6609,#6610));
#1462=EDGE_LOOP('',(#6611,#6612,#6613,#6614,#6615,#6616,#6617,#6618));
#1463=EDGE_LOOP('',(#6619,#6620,#6621,#6622,#6623,#6624,#6625,#6626));
#1464=EDGE_LOOP('',(#6627,#6628,#6629,#6630,#6631,#6632,#6633,#6634));
#1465=EDGE_LOOP('',(#6635,#6636,#6637,#6638));
#1466=EDGE_LOOP('',(#6639,#6640,#6641,#6642));
#1467=EDGE_LOOP('',(#6643,#6644,#6645,#6646));
#1468=EDGE_LOOP('',(#6647,#6648,#6649,#6650));
#1469=EDGE_LOOP('',(#6651,#6652,#6653,#6654));
#1470=EDGE_LOOP('',(#6655,#6656,#6657,#6658));
#1471=EDGE_LOOP('',(#6659,#6660,#6661,#6662));
#1472=EDGE_LOOP('',(#6663,#6664,#6665,#6666));
#1473=EDGE_LOOP('',(#6667,#6668,#6669,#6670));
#1474=EDGE_LOOP('',(#6671,#6672,#6673,#6674));
#1475=EDGE_LOOP('',(#6675,#6676,#6677,#6678));
#1476=EDGE_LOOP('',(#6679,#6680,#6681,#6682));
#1477=EDGE_LOOP('',(#6683,#6684,#6685,#6686));
#1478=EDGE_LOOP('',(#6687,#6688,#6689,#6690));
#1479=EDGE_LOOP('',(#6691,#6692,#6693,#6694,#6695,#6696,#6697,#6698,#6699,
#6700,#6701,#6702,#6703,#6704));
#1480=EDGE_LOOP('',(#6705,#6706,#6707,#6708,#6709,#6710,#6711,#6712,#6713,
#6714,#6715,#6716,#6717,#6718));
#1481=LINE('',#8811,#2155);
#1482=LINE('',#8813,#2156);
#1483=LINE('',#8815,#2157);
#1484=LINE('',#8816,#2158);
#1485=LINE('',#8819,#2159);
#1486=LINE('',#8821,#2160);
#1487=LINE('',#8823,#2161);
#1488=LINE('',#8827,#2162);
#1489=LINE('',#8828,#2163);
#1490=LINE('',#8831,#2164);
#1491=LINE('',#8834,#2165);
#1492=LINE('',#8836,#2166);
#1493=LINE('',#8837,#2167);
#1494=LINE('',#8912,#2168);
#1495=LINE('',#8917,#2169);
#1496=LINE('',#8928,#2170);
#1497=LINE('',#8939,#2171);
#1498=LINE('',#8950,#2172);
#1499=LINE('',#8961,#2173);
#1500=LINE('',#8972,#2174);
#1501=LINE('',#8983,#2175);
#1502=LINE('',#9000,#2176);
#1503=LINE('',#9005,#2177);
#1504=LINE('',#9016,#2178);
#1505=LINE('',#9027,#2179);
#1506=LINE('',#9038,#2180);
#1507=LINE('',#9049,#2181);
#1508=LINE('',#9060,#2182);
#1509=LINE('',#9071,#2183);
#1510=LINE('',#9096,#2184);
#1511=LINE('',#9114,#2185);
#1512=LINE('',#9116,#2186);
#1513=LINE('',#9118,#2187);
#1514=LINE('',#9120,#2188);
#1515=LINE('',#9122,#2189);
#1516=LINE('',#9133,#2190);
#1517=LINE('',#9138,#2191);
#1518=LINE('',#9149,#2192);
#1519=LINE('',#9160,#2193);
#1520=LINE('',#9163,#2194);
#1521=LINE('',#9164,#2195);
#1522=LINE('',#9175,#2196);
#1523=LINE('',#9186,#2197);
#1524=LINE('',#9197,#2198);
#1525=LINE('',#9208,#2199);
#1526=LINE('',#9211,#2200);
#1527=LINE('',#9212,#2201);
#1528=LINE('',#9215,#2202);
#1529=LINE('',#9216,#2203);
#1530=LINE('',#9219,#2204);
#1531=LINE('',#9220,#2205);
#1532=LINE('',#9223,#2206);
#1533=LINE('',#9224,#2207);
#1534=LINE('',#9227,#2208);
#1535=LINE('',#9228,#2209);
#1536=LINE('',#9310,#2210);
#1537=LINE('',#9315,#2211);
#1538=LINE('',#9326,#2212);
#1539=LINE('',#9337,#2213);
#1540=LINE('',#9348,#2214);
#1541=LINE('',#9359,#2215);
#1542=LINE('',#9370,#2216);
#1543=LINE('',#9381,#2217);
#1544=LINE('',#9398,#2218);
#1545=LINE('',#9403,#2219);
#1546=LINE('',#9414,#2220);
#1547=LINE('',#9425,#2221);
#1548=LINE('',#9436,#2222);
#1549=LINE('',#9447,#2223);
#1550=LINE('',#9458,#2224);
#1551=LINE('',#9469,#2225);
#1552=LINE('',#9482,#2226);
#1553=LINE('',#9484,#2227);
#1554=LINE('',#9486,#2228);
#1555=LINE('',#9488,#2229);
#1556=LINE('',#9490,#2230);
#1557=LINE('',#9492,#2231);
#1558=LINE('',#9494,#2232);
#1559=LINE('',#9496,#2233);
#1560=LINE('',#9498,#2234);
#1561=LINE('',#9500,#2235);
#1562=LINE('',#9502,#2236);
#1563=LINE('',#9504,#2237);
#1564=LINE('',#9505,#2238);
#1565=LINE('',#9508,#2239);
#1566=LINE('',#9510,#2240);
#1567=LINE('',#9511,#2241);
#1568=LINE('',#9514,#2242);
#1569=LINE('',#9515,#2243);
#1570=LINE('',#9518,#2244);
#1571=LINE('',#9519,#2245);
#1572=LINE('',#9522,#2246);
#1573=LINE('',#9523,#2247);
#1574=LINE('',#9526,#2248);
#1575=LINE('',#9527,#2249);
#1576=LINE('',#9530,#2250);
#1577=LINE('',#9531,#2251);
#1578=LINE('',#9534,#2252);
#1579=LINE('',#9535,#2253);
#1580=LINE('',#9538,#2254);
#1581=LINE('',#9539,#2255);
#1582=LINE('',#9542,#2256);
#1583=LINE('',#9543,#2257);
#1584=LINE('',#9546,#2258);
#1585=LINE('',#9547,#2259);
#1586=LINE('',#9550,#2260);
#1587=LINE('',#9551,#2261);
#1588=LINE('',#9554,#2262);
#1589=LINE('',#9555,#2263);
#1590=LINE('',#9557,#2264);
#1591=LINE('',#9561,#2265);
#1592=LINE('',#9563,#2266);
#1593=LINE('',#9565,#2267);
#1594=LINE('',#9566,#2268);
#1595=LINE('',#9569,#2269);
#1596=LINE('',#9571,#2270);
#1597=LINE('',#9572,#2271);
#1598=LINE('',#9575,#2272);
#1599=LINE('',#9576,#2273);
#1600=LINE('',#9579,#2274);
#1601=LINE('',#9580,#2275);
#1602=LINE('',#9582,#2276);
#1603=LINE('',#9586,#2277);
#1604=LINE('',#9588,#2278);
#1605=LINE('',#9590,#2279);
#1606=LINE('',#9592,#2280);
#1607=LINE('',#9594,#2281);
#1608=LINE('',#9596,#2282);
#1609=LINE('',#9598,#2283);
#1610=LINE('',#9600,#2284);
#1611=LINE('',#9602,#2285);
#1612=LINE('',#9604,#2286);
#1613=LINE('',#9606,#2287);
#1614=LINE('',#9608,#2288);
#1615=LINE('',#9610,#2289);
#1616=LINE('',#9611,#2290);
#1617=LINE('',#9614,#2291);
#1618=LINE('',#9616,#2292);
#1619=LINE('',#9617,#2293);
#1620=LINE('',#9620,#2294);
#1621=LINE('',#9621,#2295);
#1622=LINE('',#9624,#2296);
#1623=LINE('',#9625,#2297);
#1624=LINE('',#9628,#2298);
#1625=LINE('',#9629,#2299);
#1626=LINE('',#9632,#2300);
#1627=LINE('',#9633,#2301);
#1628=LINE('',#9636,#2302);
#1629=LINE('',#9637,#2303);
#1630=LINE('',#9640,#2304);
#1631=LINE('',#9641,#2305);
#1632=LINE('',#9644,#2306);
#1633=LINE('',#9645,#2307);
#1634=LINE('',#9648,#2308);
#1635=LINE('',#9649,#2309);
#1636=LINE('',#9652,#2310);
#1637=LINE('',#9653,#2311);
#1638=LINE('',#9656,#2312);
#1639=LINE('',#9657,#2313);
#1640=LINE('',#9660,#2314);
#1641=LINE('',#9661,#2315);
#1642=LINE('',#9664,#2316);
#1643=LINE('',#9665,#2317);
#1644=LINE('',#9667,#2318);
#1645=LINE('',#9740,#2319);
#1646=LINE('',#9745,#2320);
#1647=LINE('',#9756,#2321);
#1648=LINE('',#9767,#2322);
#1649=LINE('',#9778,#2323);
#1650=LINE('',#9789,#2324);
#1651=LINE('',#9800,#2325);
#1652=LINE('',#9811,#2326);
#1653=LINE('',#9828,#2327);
#1654=LINE('',#9833,#2328);
#1655=LINE('',#9844,#2329);
#1656=LINE('',#9855,#2330);
#1657=LINE('',#9866,#2331);
#1658=LINE('',#9877,#2332);
#1659=LINE('',#9888,#2333);
#1660=LINE('',#9899,#2334);
#1661=LINE('',#9924,#2335);
#1662=LINE('',#9942,#2336);
#1663=LINE('',#9944,#2337);
#1664=LINE('',#9946,#2338);
#1665=LINE('',#9948,#2339);
#1666=LINE('',#9950,#2340);
#1667=LINE('',#9961,#2341);
#1668=LINE('',#9966,#2342);
#1669=LINE('',#9977,#2343);
#1670=LINE('',#9988,#2344);
#1671=LINE('',#9991,#2345);
#1672=LINE('',#9992,#2346);
#1673=LINE('',#10003,#2347);
#1674=LINE('',#10014,#2348);
#1675=LINE('',#10025,#2349);
#1676=LINE('',#10036,#2350);
#1677=LINE('',#10039,#2351);
#1678=LINE('',#10040,#2352);
#1679=LINE('',#10043,#2353);
#1680=LINE('',#10044,#2354);
#1681=LINE('',#10047,#2355);
#1682=LINE('',#10048,#2356);
#1683=LINE('',#10051,#2357);
#1684=LINE('',#10052,#2358);
#1685=LINE('',#10055,#2359);
#1686=LINE('',#10056,#2360);
#1687=LINE('',#10069,#2361);
#1688=LINE('',#10071,#2362);
#1689=LINE('',#10073,#2363);
#1690=LINE('',#10075,#2364);
#1691=LINE('',#10077,#2365);
#1692=LINE('',#10079,#2366);
#1693=LINE('',#10081,#2367);
#1694=LINE('',#10083,#2368);
#1695=LINE('',#10085,#2369);
#1696=LINE('',#10087,#2370);
#1697=LINE('',#10089,#2371);
#1698=LINE('',#10090,#2372);
#1699=LINE('',#10093,#2373);
#1700=LINE('',#10095,#2374);
#1701=LINE('',#10096,#2375);
#1702=LINE('',#10099,#2376);
#1703=LINE('',#10100,#2377);
#1704=LINE('',#10103,#2378);
#1705=LINE('',#10104,#2379);
#1706=LINE('',#10107,#2380);
#1707=LINE('',#10108,#2381);
#1708=LINE('',#10111,#2382);
#1709=LINE('',#10112,#2383);
#1710=LINE('',#10115,#2384);
#1711=LINE('',#10116,#2385);
#1712=LINE('',#10119,#2386);
#1713=LINE('',#10120,#2387);
#1714=LINE('',#10123,#2388);
#1715=LINE('',#10124,#2389);
#1716=LINE('',#10127,#2390);
#1717=LINE('',#10128,#2391);
#1718=LINE('',#10131,#2392);
#1719=LINE('',#10132,#2393);
#1720=LINE('',#10135,#2394);
#1721=LINE('',#10136,#2395);
#1722=LINE('',#10138,#2396);
#1723=LINE('',#10142,#2397);
#1724=LINE('',#10156,#2398);
#1725=LINE('',#10158,#2399);
#1726=LINE('',#10160,#2400);
#1727=LINE('',#10174,#2401);
#1728=LINE('',#10176,#2402);
#1729=LINE('',#10178,#2403);
#1730=LINE('',#10184,#2404);
#1731=LINE('',#10185,#2405);
#1732=LINE('',#10188,#2406);
#1733=LINE('',#10190,#2407);
#1734=LINE('',#10191,#2408);
#1735=LINE('',#10202,#2409);
#1736=LINE('',#10213,#2410);
#1737=LINE('',#10224,#2411);
#1738=LINE('',#10227,#2412);
#1739=LINE('',#10228,#2413);
#1740=LINE('',#10231,#2414);
#1741=LINE('',#10232,#2415);
#1742=LINE('',#10235,#2416);
#1743=LINE('',#10236,#2417);
#1744=LINE('',#10247,#2418);
#1745=LINE('',#10258,#2419);
#1746=LINE('',#10269,#2420);
#1747=LINE('',#10272,#2421);
#1748=LINE('',#10273,#2422);
#1749=LINE('',#10276,#2423);
#1750=LINE('',#10277,#2424);
#1751=LINE('',#10280,#2425);
#1752=LINE('',#10281,#2426);
#1753=LINE('',#10292,#2427);
#1754=LINE('',#10295,#2428);
#1755=LINE('',#10296,#2429);
#1756=LINE('',#10298,#2430);
#1757=LINE('',#10302,#2431);
#1758=LINE('',#10304,#2432);
#1759=LINE('',#10338,#2433);
#1760=LINE('',#10340,#2434);
#1761=LINE('',#10341,#2435);
#1762=LINE('',#10344,#2436);
#1763=LINE('',#10385,#2437);
#1764=LINE('',#10387,#2438);
#1765=LINE('',#10388,#2439);
#1766=LINE('',#10391,#2440);
#1767=LINE('',#10392,#2441);
#1768=LINE('',#10403,#2442);
#1769=LINE('',#10414,#2443);
#1770=LINE('',#10425,#2444);
#1771=LINE('',#10436,#2445);
#1772=LINE('',#10447,#2446);
#1773=LINE('',#10458,#2447);
#1774=LINE('',#10469,#2448);
#1775=LINE('',#10480,#2449);
#1776=LINE('',#10483,#2450);
#1777=LINE('',#10484,#2451);
#1778=LINE('',#10487,#2452);
#1779=LINE('',#10488,#2453);
#1780=LINE('',#10490,#2454);
#1781=LINE('',#10493,#2455);
#1782=LINE('',#10495,#2456);
#1783=LINE('',#10496,#2457);
#1784=LINE('',#10507,#2458);
#1785=LINE('',#10514,#2459);
#1786=LINE('',#10519,#2460);
#1787=LINE('',#10530,#2461);
#1788=LINE('',#10541,#2462);
#1789=LINE('',#10552,#2463);
#1790=LINE('',#10563,#2464);
#1791=LINE('',#10574,#2465);
#1792=LINE('',#10585,#2466);
#1793=LINE('',#10614,#2467);
#1794=LINE('',#10618,#2468);
#1795=LINE('',#10622,#2469);
#1796=LINE('',#10625,#2470);
#1797=LINE('',#10631,#2471);
#1798=LINE('',#10634,#2472);
#1799=LINE('',#10651,#2473);
#1800=LINE('',#10652,#2474);
#1801=LINE('',#10657,#2475);
#1802=LINE('',#10658,#2476);
#1803=LINE('',#10672,#2477);
#1804=LINE('',#10673,#2478);
#1805=LINE('',#10679,#2479);
#1806=LINE('',#10683,#2480);
#1807=LINE('',#10687,#2481);
#1808=LINE('',#10690,#2482);
#1809=LINE('',#10693,#2483);
#1810=LINE('',#10694,#2484);
#1811=LINE('',#10696,#2485);
#1812=LINE('',#10698,#2486);
#1813=LINE('',#10699,#2487);
#1814=LINE('',#10702,#2488);
#1815=LINE('',#10703,#2489);
#1816=LINE('',#10706,#2490);
#1817=LINE('',#10711,#2491);
#1818=LINE('',#10713,#2492);
#1819=LINE('',#10715,#2493);
#1820=LINE('',#10716,#2494);
#1821=LINE('',#10719,#2495);
#1822=LINE('',#10721,#2496);
#1823=LINE('',#10723,#2497);
#1824=LINE('',#10727,#2498);
#1825=LINE('',#10728,#2499);
#1826=LINE('',#10733,#2500);
#1827=LINE('',#10734,#2501);
#1828=LINE('',#10736,#2502);
#1829=LINE('',#10738,#2503);
#1830=LINE('',#10743,#2504);
#1831=LINE('',#10745,#2505);
#1832=LINE('',#10747,#2506);
#1833=LINE('',#10748,#2507);
#1834=LINE('',#10752,#2508);
#1835=LINE('',#10753,#2509);
#1836=LINE('',#10755,#2510);
#1837=LINE('',#10759,#2511);
#1838=LINE('',#10760,#2512);
#1839=LINE('',#10763,#2513);
#1840=LINE('',#10767,#2514);
#1841=LINE('',#10768,#2515);
#1842=LINE('',#10770,#2516);
#1843=LINE('',#10775,#2517);
#1844=LINE('',#10777,#2518);
#1845=LINE('',#10779,#2519);
#1846=LINE('',#10780,#2520);
#1847=LINE('',#10783,#2521);
#1848=LINE('',#10785,#2522);
#1849=LINE('',#10786,#2523);
#1850=LINE('',#10792,#2524);
#1851=LINE('',#10795,#2525);
#1852=LINE('',#10797,#2526);
#1853=LINE('',#10798,#2527);
#1854=LINE('',#10800,#2528);
#1855=LINE('',#10801,#2529);
#1856=LINE('',#10816,#2530);
#1857=LINE('',#10821,#2531);
#1858=LINE('',#10836,#2532);
#1859=LINE('',#10851,#2533);
#1860=LINE('',#10866,#2534);
#1861=LINE('',#10881,#2535);
#1862=LINE('',#10896,#2536);
#1863=LINE('',#10911,#2537);
#1864=LINE('',#10914,#2538);
#1865=LINE('',#10916,#2539);
#1866=LINE('',#10917,#2540);
#1867=LINE('',#10930,#2541);
#1868=LINE('',#10945,#2542);
#1869=LINE('',#10961,#2543);
#1870=LINE('',#10963,#2544);
#1871=LINE('',#10965,#2545);
#1872=LINE('',#10966,#2546);
#1873=LINE('',#10969,#2547);
#1874=LINE('',#10971,#2548);
#1875=LINE('',#10972,#2549);
#1876=LINE('',#10987,#2550);
#1877=LINE('',#11002,#2551);
#1878=LINE('',#11017,#2552);
#1879=LINE('',#11032,#2553);
#1880=LINE('',#11047,#2554);
#1881=LINE('',#11062,#2555);
#1882=LINE('',#11077,#2556);
#1883=LINE('',#11092,#2557);
#1884=LINE('',#11095,#2558);
#1885=LINE('',#11097,#2559);
#1886=LINE('',#11098,#2560);
#1887=LINE('',#11101,#2561);
#1888=LINE('',#11103,#2562);
#1889=LINE('',#11104,#2563);
#1890=LINE('',#11106,#2564);
#1891=LINE('',#11107,#2565);
#1892=LINE('',#11113,#2566);
#1893=LINE('',#11115,#2567);
#1894=LINE('',#11117,#2568);
#1895=LINE('',#11118,#2569);
#1896=LINE('',#11133,#2570);
#1897=LINE('',#11136,#2571);
#1898=LINE('',#11138,#2572);
#1899=LINE('',#11139,#2573);
#1900=LINE('',#11142,#2574);
#1901=LINE('',#11144,#2575);
#1902=LINE('',#11145,#2576);
#1903=LINE('',#11148,#2577);
#1904=LINE('',#11150,#2578);
#1905=LINE('',#11151,#2579);
#1906=LINE('',#11166,#2580);
#1907=LINE('',#11181,#2581);
#1908=LINE('',#11196,#2582);
#1909=LINE('',#11199,#2583);
#1910=LINE('',#11201,#2584);
#1911=LINE('',#11202,#2585);
#1912=LINE('',#11205,#2586);
#1913=LINE('',#11207,#2587);
#1914=LINE('',#11208,#2588);
#1915=LINE('',#11211,#2589);
#1916=LINE('',#11213,#2590);
#1917=LINE('',#11214,#2591);
#1918=LINE('',#11229,#2592);
#1919=LINE('',#11244,#2593);
#1920=LINE('',#11259,#2594);
#1921=LINE('',#11262,#2595);
#1922=LINE('',#11264,#2596);
#1923=LINE('',#11265,#2597);
#1924=LINE('',#11267,#2598);
#1925=LINE('',#11268,#2599);
#1926=LINE('',#11274,#2600);
#1927=LINE('',#11276,#2601);
#1928=LINE('',#11278,#2602);
#1929=LINE('',#11279,#2603);
#1930=LINE('',#11282,#2604);
#1931=LINE('',#11284,#2605);
#1932=LINE('',#11285,#2606);
#1933=LINE('',#11288,#2607);
#1934=LINE('',#11290,#2608);
#1935=LINE('',#11291,#2609);
#1936=LINE('',#11294,#2610);
#1937=LINE('',#11296,#2611);
#1938=LINE('',#11297,#2612);
#1939=LINE('',#11300,#2613);
#1940=LINE('',#11302,#2614);
#1941=LINE('',#11303,#2615);
#1942=LINE('',#11306,#2616);
#1943=LINE('',#11308,#2617);
#1944=LINE('',#11309,#2618);
#1945=LINE('',#11312,#2619);
#1946=LINE('',#11314,#2620);
#1947=LINE('',#11315,#2621);
#1948=LINE('',#11318,#2622);
#1949=LINE('',#11320,#2623);
#1950=LINE('',#11321,#2624);
#1951=LINE('',#11324,#2625);
#1952=LINE('',#11326,#2626);
#1953=LINE('',#11327,#2627);
#1954=LINE('',#11330,#2628);
#1955=LINE('',#11332,#2629);
#1956=LINE('',#11333,#2630);
#1957=LINE('',#11336,#2631);
#1958=LINE('',#11338,#2632);
#1959=LINE('',#11339,#2633);
#1960=LINE('',#11341,#2634);
#1961=LINE('',#11342,#2635);
#1962=LINE('',#11348,#2636);
#1963=LINE('',#11350,#2637);
#1964=LINE('',#11352,#2638);
#1965=LINE('',#11353,#2639);
#1966=LINE('',#11356,#2640);
#1967=LINE('',#11358,#2641);
#1968=LINE('',#11359,#2642);
#1969=LINE('',#11362,#2643);
#1970=LINE('',#11364,#2644);
#1971=LINE('',#11365,#2645);
#1972=LINE('',#11368,#2646);
#1973=LINE('',#11370,#2647);
#1974=LINE('',#11371,#2648);
#1975=LINE('',#11374,#2649);
#1976=LINE('',#11376,#2650);
#1977=LINE('',#11377,#2651);
#1978=LINE('',#11392,#2652);
#1979=LINE('',#11407,#2653);
#1980=LINE('',#11422,#2654);
#1981=LINE('',#11437,#2655);
#1982=LINE('',#11440,#2656);
#1983=LINE('',#11442,#2657);
#1984=LINE('',#11443,#2658);
#1985=LINE('',#11458,#2659);
#1986=LINE('',#11473,#2660);
#1987=LINE('',#11488,#2661);
#1988=LINE('',#11515,#2662);
#1989=LINE('',#11520,#2663);
#1990=LINE('',#11535,#2664);
#1991=LINE('',#11550,#2665);
#1992=LINE('',#11565,#2666);
#1993=LINE('',#11580,#2667);
#1994=LINE('',#11595,#2668);
#1995=LINE('',#11610,#2669);
#1996=LINE('',#11635,#2670);
#1997=LINE('',#11640,#2671);
#1998=LINE('',#11655,#2672);
#1999=LINE('',#11670,#2673);
#2000=LINE('',#11685,#2674);
#2001=LINE('',#11700,#2675);
#2002=LINE('',#11715,#2676);
#2003=LINE('',#11730,#2677);
#2004=LINE('',#11748,#2678);
#2005=LINE('',#11750,#2679);
#2006=LINE('',#11752,#2680);
#2007=LINE('',#11753,#2681);
#2008=LINE('',#11756,#2682);
#2009=LINE('',#11758,#2683);
#2010=LINE('',#11759,#2684);
#2011=LINE('',#11762,#2685);
#2012=LINE('',#11764,#2686);
#2013=LINE('',#11765,#2687);
#2014=LINE('',#11767,#2688);
#2015=LINE('',#11768,#2689);
#2016=LINE('',#11774,#2690);
#2017=LINE('',#11776,#2691);
#2018=LINE('',#11778,#2692);
#2019=LINE('',#11779,#2693);
#2020=LINE('',#11782,#2694);
#2021=LINE('',#11784,#2695);
#2022=LINE('',#11785,#2696);
#2023=LINE('',#11788,#2697);
#2024=LINE('',#11790,#2698);
#2025=LINE('',#11791,#2699);
#2026=LINE('',#11794,#2700);
#2027=LINE('',#11796,#2701);
#2028=LINE('',#11797,#2702);
#2029=LINE('',#11800,#2703);
#2030=LINE('',#11802,#2704);
#2031=LINE('',#11803,#2705);
#2032=LINE('',#11806,#2706);
#2033=LINE('',#11808,#2707);
#2034=LINE('',#11809,#2708);
#2035=LINE('',#11812,#2709);
#2036=LINE('',#11814,#2710);
#2037=LINE('',#11815,#2711);
#2038=LINE('',#11818,#2712);
#2039=LINE('',#11820,#2713);
#2040=LINE('',#11821,#2714);
#2041=LINE('',#11824,#2715);
#2042=LINE('',#11826,#2716);
#2043=LINE('',#11827,#2717);
#2044=LINE('',#11830,#2718);
#2045=LINE('',#11832,#2719);
#2046=LINE('',#11833,#2720);
#2047=LINE('',#11836,#2721);
#2048=LINE('',#11838,#2722);
#2049=LINE('',#11839,#2723);
#2050=LINE('',#11842,#2724);
#2051=LINE('',#11844,#2725);
#2052=LINE('',#11845,#2726);
#2053=LINE('',#11847,#2727);
#2054=LINE('',#11848,#2728);
#2055=LINE('',#11863,#2729);
#2056=LINE('',#11868,#2730);
#2057=LINE('',#11883,#2731);
#2058=LINE('',#11898,#2732);
#2059=LINE('',#11913,#2733);
#2060=LINE('',#11928,#2734);
#2061=LINE('',#11943,#2735);
#2062=LINE('',#11958,#2736);
#2063=LINE('',#11983,#2737);
#2064=LINE('',#11988,#2738);
#2065=LINE('',#12003,#2739);
#2066=LINE('',#12018,#2740);
#2067=LINE('',#12033,#2741);
#2068=LINE('',#12048,#2742);
#2069=LINE('',#12063,#2743);
#2070=LINE('',#12078,#2744);
#2071=LINE('',#12096,#2745);
#2072=LINE('',#12098,#2746);
#2073=LINE('',#12100,#2747);
#2074=LINE('',#12101,#2748);
#2075=LINE('',#12104,#2749);
#2076=LINE('',#12106,#2750);
#2077=LINE('',#12107,#2751);
#2078=LINE('',#12110,#2752);
#2079=LINE('',#12112,#2753);
#2080=LINE('',#12113,#2754);
#2081=LINE('',#12116,#2755);
#2082=LINE('',#12118,#2756);
#2083=LINE('',#12119,#2757);
#2084=LINE('',#12122,#2758);
#2085=LINE('',#12124,#2759);
#2086=LINE('',#12125,#2760);
#2087=LINE('',#12140,#2761);
#2088=LINE('',#12155,#2762);
#2089=LINE('',#12170,#2763);
#2090=LINE('',#12185,#2764);
#2091=LINE('',#12188,#2765);
#2092=LINE('',#12190,#2766);
#2093=LINE('',#12191,#2767);
#2094=LINE('',#12206,#2768);
#2095=LINE('',#12221,#2769);
#2096=LINE('',#12236,#2770);
#2097=LINE('',#12263,#2771);
#2098=LINE('',#12268,#2772);
#2099=LINE('',#12283,#2773);
#2100=LINE('',#12298,#2774);
#2101=LINE('',#12313,#2775);
#2102=LINE('',#12328,#2776);
#2103=LINE('',#12343,#2777);
#2104=LINE('',#12358,#2778);
#2105=LINE('',#12383,#2779);
#2106=LINE('',#12388,#2780);
#2107=LINE('',#12403,#2781);
#2108=LINE('',#12418,#2782);
#2109=LINE('',#12433,#2783);
#2110=LINE('',#12448,#2784);
#2111=LINE('',#12463,#2785);
#2112=LINE('',#12478,#2786);
#2113=LINE('',#12496,#2787);
#2114=LINE('',#12498,#2788);
#2115=LINE('',#12500,#2789);
#2116=LINE('',#12501,#2790);
#2117=LINE('',#12504,#2791);
#2118=LINE('',#12506,#2792);
#2119=LINE('',#12507,#2793);
#2120=LINE('',#12510,#2794);
#2121=LINE('',#12512,#2795);
#2122=LINE('',#12513,#2796);
#2123=LINE('',#12516,#2797);
#2124=LINE('',#12518,#2798);
#2125=LINE('',#12519,#2799);
#2126=LINE('',#12522,#2800);
#2127=LINE('',#12524,#2801);
#2128=LINE('',#12525,#2802);
#2129=LINE('',#12528,#2803);
#2130=LINE('',#12530,#2804);
#2131=LINE('',#12531,#2805);
#2132=LINE('',#12534,#2806);
#2133=LINE('',#12536,#2807);
#2134=LINE('',#12537,#2808);
#2135=LINE('',#12540,#2809);
#2136=LINE('',#12542,#2810);
#2137=LINE('',#12543,#2811);
#2138=LINE('',#12546,#2812);
#2139=LINE('',#12548,#2813);
#2140=LINE('',#12549,#2814);
#2141=LINE('',#12552,#2815);
#2142=LINE('',#12554,#2816);
#2143=LINE('',#12555,#2817);
#2144=LINE('',#12558,#2818);
#2145=LINE('',#12560,#2819);
#2146=LINE('',#12561,#2820);
#2147=LINE('',#12564,#2821);
#2148=LINE('',#12566,#2822);
#2149=LINE('',#12567,#2823);
#2150=LINE('',#12570,#2824);
#2151=LINE('',#12572,#2825);
#2152=LINE('',#12573,#2826);
#2153=LINE('',#12575,#2827);
#2154=LINE('',#12576,#2828);
#2155=VECTOR('',#7621,10.);
#2156=VECTOR('',#7622,10.);
#2157=VECTOR('',#7623,10.);
#2158=VECTOR('',#7624,10.);
#2159=VECTOR('',#7627,10.);
#2160=VECTOR('',#7628,10.);
#2161=VECTOR('',#7629,10.);
#2162=VECTOR('',#7634,10.);
#2163=VECTOR('',#7635,10.);
#2164=VECTOR('',#7638,10.);
#2165=VECTOR('',#7641,10.);
#2166=VECTOR('',#7644,10.);
#2167=VECTOR('',#7645,10.);
#2168=VECTOR('',#7652,10.);
#2169=VECTOR('',#7653,10.);
#2170=VECTOR('',#7654,10.);
#2171=VECTOR('',#7655,10.);
#2172=VECTOR('',#7656,10.);
#2173=VECTOR('',#7657,10.);
#2174=VECTOR('',#7658,10.);
#2175=VECTOR('',#7659,10.);
#2176=VECTOR('',#7660,10.);
#2177=VECTOR('',#7661,10.);
#2178=VECTOR('',#7662,10.);
#2179=VECTOR('',#7663,10.);
#2180=VECTOR('',#7664,10.);
#2181=VECTOR('',#7665,10.);
#2182=VECTOR('',#7666,10.);
#2183=VECTOR('',#7667,10.);
#2184=VECTOR('',#7670,10.);
#2185=VECTOR('',#7671,10.);
#2186=VECTOR('',#7672,10.);
#2187=VECTOR('',#7673,10.);
#2188=VECTOR('',#7674,10.);
#2189=VECTOR('',#7675,10.);
#2190=VECTOR('',#7676,10.);
#2191=VECTOR('',#7677,10.);
#2192=VECTOR('',#7678,10.);
#2193=VECTOR('',#7679,10.);
#2194=VECTOR('',#7682,10.);
#2195=VECTOR('',#7683,10.);
#2196=VECTOR('',#7684,10.);
#2197=VECTOR('',#7685,10.);
#2198=VECTOR('',#7686,10.);
#2199=VECTOR('',#7687,10.);
#2200=VECTOR('',#7690,10.);
#2201=VECTOR('',#7691,10.);
#2202=VECTOR('',#7694,10.);
#2203=VECTOR('',#7695,10.);
#2204=VECTOR('',#7698,10.);
#2205=VECTOR('',#7699,10.);
#2206=VECTOR('',#7702,10.);
#2207=VECTOR('',#7703,10.);
#2208=VECTOR('',#7706,10.);
#2209=VECTOR('',#7707,10.);
#2210=VECTOR('',#7710,10.);
#2211=VECTOR('',#7711,10.);
#2212=VECTOR('',#7712,10.);
#2213=VECTOR('',#7713,10.);
#2214=VECTOR('',#7714,10.);
#2215=VECTOR('',#7715,10.);
#2216=VECTOR('',#7716,10.);
#2217=VECTOR('',#7717,10.);
#2218=VECTOR('',#7718,10.);
#2219=VECTOR('',#7719,10.);
#2220=VECTOR('',#7720,10.);
#2221=VECTOR('',#7721,10.);
#2222=VECTOR('',#7722,10.);
#2223=VECTOR('',#7723,10.);
#2224=VECTOR('',#7724,10.);
#2225=VECTOR('',#7725,10.);
#2226=VECTOR('',#7728,10.);
#2227=VECTOR('',#7729,10.);
#2228=VECTOR('',#7730,10.);
#2229=VECTOR('',#7731,10.);
#2230=VECTOR('',#7732,10.);
#2231=VECTOR('',#7733,10.);
#2232=VECTOR('',#7734,10.);
#2233=VECTOR('',#7735,10.);
#2234=VECTOR('',#7736,10.);
#2235=VECTOR('',#7737,10.);
#2236=VECTOR('',#7738,10.);
#2237=VECTOR('',#7739,10.);
#2238=VECTOR('',#7740,10.);
#2239=VECTOR('',#7743,10.);
#2240=VECTOR('',#7744,10.);
#2241=VECTOR('',#7745,10.);
#2242=VECTOR('',#7748,10.);
#2243=VECTOR('',#7749,10.);
#2244=VECTOR('',#7752,10.);
#2245=VECTOR('',#7753,10.);
#2246=VECTOR('',#7756,10.);
#2247=VECTOR('',#7757,10.);
#2248=VECTOR('',#7760,10.);
#2249=VECTOR('',#7761,10.);
#2250=VECTOR('',#7764,10.);
#2251=VECTOR('',#7765,10.);
#2252=VECTOR('',#7768,10.);
#2253=VECTOR('',#7769,10.);
#2254=VECTOR('',#7772,10.);
#2255=VECTOR('',#7773,10.);
#2256=VECTOR('',#7776,10.);
#2257=VECTOR('',#7777,10.);
#2258=VECTOR('',#7780,10.);
#2259=VECTOR('',#7781,10.);
#2260=VECTOR('',#7784,10.);
#2261=VECTOR('',#7785,10.);
#2262=VECTOR('',#7788,10.);
#2263=VECTOR('',#7789,10.);
#2264=VECTOR('',#7792,10.);
#2265=VECTOR('',#7795,10.);
#2266=VECTOR('',#7796,10.);
#2267=VECTOR('',#7797,10.);
#2268=VECTOR('',#7798,10.);
#2269=VECTOR('',#7801,10.);
#2270=VECTOR('',#7802,10.);
#2271=VECTOR('',#7803,10.);
#2272=VECTOR('',#7806,10.);
#2273=VECTOR('',#7807,10.);
#2274=VECTOR('',#7810,10.);
#2275=VECTOR('',#7811,10.);
#2276=VECTOR('',#7814,10.);
#2277=VECTOR('',#7817,10.);
#2278=VECTOR('',#7818,10.);
#2279=VECTOR('',#7819,10.);
#2280=VECTOR('',#7820,10.);
#2281=VECTOR('',#7821,10.);
#2282=VECTOR('',#7822,10.);
#2283=VECTOR('',#7823,10.);
#2284=VECTOR('',#7824,10.);
#2285=VECTOR('',#7825,10.);
#2286=VECTOR('',#7826,10.);
#2287=VECTOR('',#7827,10.);
#2288=VECTOR('',#7828,10.);
#2289=VECTOR('',#7829,10.);
#2290=VECTOR('',#7830,10.);
#2291=VECTOR('',#7833,10.);
#2292=VECTOR('',#7834,10.);
#2293=VECTOR('',#7835,10.);
#2294=VECTOR('',#7838,10.);
#2295=VECTOR('',#7839,10.);
#2296=VECTOR('',#7842,10.);
#2297=VECTOR('',#7843,10.);
#2298=VECTOR('',#7846,10.);
#2299=VECTOR('',#7847,10.);
#2300=VECTOR('',#7850,10.);
#2301=VECTOR('',#7851,10.);
#2302=VECTOR('',#7854,10.);
#2303=VECTOR('',#7855,10.);
#2304=VECTOR('',#7858,10.);
#2305=VECTOR('',#7859,10.);
#2306=VECTOR('',#7862,10.);
#2307=VECTOR('',#7863,10.);
#2308=VECTOR('',#7866,10.);
#2309=VECTOR('',#7867,10.);
#2310=VECTOR('',#7870,10.);
#2311=VECTOR('',#7871,10.);
#2312=VECTOR('',#7874,10.);
#2313=VECTOR('',#7875,10.);
#2314=VECTOR('',#7878,10.);
#2315=VECTOR('',#7879,10.);
#2316=VECTOR('',#7882,10.);
#2317=VECTOR('',#7883,10.);
#2318=VECTOR('',#7886,10.);
#2319=VECTOR('',#7889,10.);
#2320=VECTOR('',#7890,10.);
#2321=VECTOR('',#7891,10.);
#2322=VECTOR('',#7892,10.);
#2323=VECTOR('',#7893,10.);
#2324=VECTOR('',#7894,10.);
#2325=VECTOR('',#7895,10.);
#2326=VECTOR('',#7896,10.);
#2327=VECTOR('',#7897,10.);
#2328=VECTOR('',#7898,10.);
#2329=VECTOR('',#7899,10.);
#2330=VECTOR('',#7900,10.);
#2331=VECTOR('',#7901,10.);
#2332=VECTOR('',#7902,10.);
#2333=VECTOR('',#7903,10.);
#2334=VECTOR('',#7904,10.);
#2335=VECTOR('',#7907,10.);
#2336=VECTOR('',#7908,10.);
#2337=VECTOR('',#7909,10.);
#2338=VECTOR('',#7910,10.);
#2339=VECTOR('',#7911,10.);
#2340=VECTOR('',#7912,10.);
#2341=VECTOR('',#7913,10.);
#2342=VECTOR('',#7914,10.);
#2343=VECTOR('',#7915,10.);
#2344=VECTOR('',#7916,10.);
#2345=VECTOR('',#7919,10.);
#2346=VECTOR('',#7920,10.);
#2347=VECTOR('',#7921,10.);
#2348=VECTOR('',#7922,10.);
#2349=VECTOR('',#7923,10.);
#2350=VECTOR('',#7924,10.);
#2351=VECTOR('',#7927,10.);
#2352=VECTOR('',#7928,10.);
#2353=VECTOR('',#7931,10.);
#2354=VECTOR('',#7932,10.);
#2355=VECTOR('',#7935,10.);
#2356=VECTOR('',#7936,10.);
#2357=VECTOR('',#7939,10.);
#2358=VECTOR('',#7940,10.);
#2359=VECTOR('',#7943,10.);
#2360=VECTOR('',#7944,10.);
#2361=VECTOR('',#7947,10.);
#2362=VECTOR('',#7948,10.);
#2363=VECTOR('',#7949,10.);
#2364=VECTOR('',#7950,10.);
#2365=VECTOR('',#7951,10.);
#2366=VECTOR('',#7952,10.);
#2367=VECTOR('',#7953,10.);
#2368=VECTOR('',#7954,10.);
#2369=VECTOR('',#7955,10.);
#2370=VECTOR('',#7956,10.);
#2371=VECTOR('',#7957,10.);
#2372=VECTOR('',#7958,10.);
#2373=VECTOR('',#7961,10.);
#2374=VECTOR('',#7962,10.);
#2375=VECTOR('',#7963,10.);
#2376=VECTOR('',#7966,10.);
#2377=VECTOR('',#7967,10.);
#2378=VECTOR('',#7970,10.);
#2379=VECTOR('',#7971,10.);
#2380=VECTOR('',#7974,10.);
#2381=VECTOR('',#7975,10.);
#2382=VECTOR('',#7978,10.);
#2383=VECTOR('',#7979,10.);
#2384=VECTOR('',#7982,10.);
#2385=VECTOR('',#7983,10.);
#2386=VECTOR('',#7986,10.);
#2387=VECTOR('',#7987,10.);
#2388=VECTOR('',#7990,10.);
#2389=VECTOR('',#7991,10.);
#2390=VECTOR('',#7994,10.);
#2391=VECTOR('',#7995,10.);
#2392=VECTOR('',#7998,10.);
#2393=VECTOR('',#7999,10.);
#2394=VECTOR('',#8002,10.);
#2395=VECTOR('',#8003,10.);
#2396=VECTOR('',#8006,10.);
#2397=VECTOR('',#8009,10.);
#2398=VECTOR('',#8010,10.);
#2399=VECTOR('',#8011,10.);
#2400=VECTOR('',#8012,10.);
#2401=VECTOR('',#8013,10.);
#2402=VECTOR('',#8014,10.);
#2403=VECTOR('',#8015,10.);
#2404=VECTOR('',#8016,10.);
#2405=VECTOR('',#8017,10.);
#2406=VECTOR('',#8020,10.);
#2407=VECTOR('',#8021,10.);
#2408=VECTOR('',#8022,10.);
#2409=VECTOR('',#8023,10.);
#2410=VECTOR('',#8024,10.);
#2411=VECTOR('',#8025,10.);
#2412=VECTOR('',#8028,10.);
#2413=VECTOR('',#8029,10.);
#2414=VECTOR('',#8032,10.);
#2415=VECTOR('',#8033,10.);
#2416=VECTOR('',#8036,10.);
#2417=VECTOR('',#8037,10.);
#2418=VECTOR('',#8038,10.);
#2419=VECTOR('',#8039,10.);
#2420=VECTOR('',#8040,10.);
#2421=VECTOR('',#8043,10.);
#2422=VECTOR('',#8044,10.);
#2423=VECTOR('',#8047,10.);
#2424=VECTOR('',#8048,10.);
#2425=VECTOR('',#8051,10.);
#2426=VECTOR('',#8052,10.);
#2427=VECTOR('',#8053,10.);
#2428=VECTOR('',#8056,10.);
#2429=VECTOR('',#8057,10.);
#2430=VECTOR('',#8060,10.);
#2431=VECTOR('',#8063,10.);
#2432=VECTOR('',#8064,10.);
#2433=VECTOR('',#8065,10.);
#2434=VECTOR('',#8066,10.);
#2435=VECTOR('',#8067,10.);
#2436=VECTOR('',#8068,10.);
#2437=VECTOR('',#8071,10.);
#2438=VECTOR('',#8072,10.);
#2439=VECTOR('',#8073,10.);
#2440=VECTOR('',#8076,10.);
#2441=VECTOR('',#8077,10.);
#2442=VECTOR('',#8078,10.);
#2443=VECTOR('',#8079,10.);
#2444=VECTOR('',#8080,10.);
#2445=VECTOR('',#8081,10.);
#2446=VECTOR('',#8082,10.);
#2447=VECTOR('',#8083,10.);
#2448=VECTOR('',#8084,10.);
#2449=VECTOR('',#8085,10.);
#2450=VECTOR('',#8088,10.);
#2451=VECTOR('',#8089,10.);
#2452=VECTOR('',#8092,10.);
#2453=VECTOR('',#8093,10.);
#2454=VECTOR('',#8096,10.);
#2455=VECTOR('',#8099,10.);
#2456=VECTOR('',#8100,10.);
#2457=VECTOR('',#8101,10.);
#2458=VECTOR('',#8102,10.);
#2459=VECTOR('',#8103,10.);
#2460=VECTOR('',#8104,10.);
#2461=VECTOR('',#8105,10.);
#2462=VECTOR('',#8106,10.);
#2463=VECTOR('',#8107,10.);
#2464=VECTOR('',#8108,10.);
#2465=VECTOR('',#8109,10.);
#2466=VECTOR('',#8110,10.);
#2467=VECTOR('',#8125,10.);
#2468=VECTOR('',#8128,10.);
#2469=VECTOR('',#8131,10.);
#2470=VECTOR('',#8134,10.);
#2471=VECTOR('',#8139,10.);
#2472=VECTOR('',#8142,1.);
#2473=VECTOR('',#8163,10.);
#2474=VECTOR('',#8164,1.);
#2475=VECTOR('',#8169,1.);
#2476=VECTOR('',#8170,10.);
#2477=VECTOR('',#8189,10.);
#2478=VECTOR('',#8190,1.);
#2479=VECTOR('',#8195,10.);
#2480=VECTOR('',#8198,10.);
#2481=VECTOR('',#8201,10.);
#2482=VECTOR('',#8204,10.);
#2483=VECTOR('',#8209,10.);
#2484=VECTOR('',#8210,10.);
#2485=VECTOR('',#8213,10.);
#2486=VECTOR('',#8216,10.);
#2487=VECTOR('',#8217,10.);
#2488=VECTOR('',#8222,10.);
#2489=VECTOR('',#8223,10.);
#2490=VECTOR('',#8228,10.);
#2491=VECTOR('',#8233,10.);
#2492=VECTOR('',#8234,10.);
#2493=VECTOR('',#8235,10.);
#2494=VECTOR('',#8236,10.);
#2495=VECTOR('',#8239,10.);
#2496=VECTOR('',#8240,10.);
#2497=VECTOR('',#8241,10.);
#2498=VECTOR('',#8246,10.);
#2499=VECTOR('',#8247,10.);
#2500=VECTOR('',#8252,10.);
#2501=VECTOR('',#8253,10.);
#2502=VECTOR('',#8256,10.);
#2503=VECTOR('',#8259,10.);
#2504=VECTOR('',#8264,10.);
#2505=VECTOR('',#8265,10.);
#2506=VECTOR('',#8266,10.);
#2507=VECTOR('',#8267,10.);
#2508=VECTOR('',#8270,10.);
#2509=VECTOR('',#8271,10.);
#2510=VECTOR('',#8272,10.);
#2511=VECTOR('',#8277,10.);
#2512=VECTOR('',#8278,10.);
#2513=VECTOR('',#8281,10.);
#2514=VECTOR('',#8286,10.);
#2515=VECTOR('',#8287,10.);
#2516=VECTOR('',#8290,10.);
#2517=VECTOR('',#8295,10.);
#2518=VECTOR('',#8296,10.);
#2519=VECTOR('',#8297,10.);
#2520=VECTOR('',#8298,10.);
#2521=VECTOR('',#8301,10.);
#2522=VECTOR('',#8302,10.);
#2523=VECTOR('',#8303,10.);
#2524=VECTOR('',#8310,10.);
#2525=VECTOR('',#8313,10.);
#2526=VECTOR('',#8314,10.);
#2527=VECTOR('',#8315,10.);
#2528=VECTOR('',#8318,10.);
#2529=VECTOR('',#8319,10.);
#2530=VECTOR('',#8324,10.);
#2531=VECTOR('',#8325,10.);
#2532=VECTOR('',#8326,10.);
#2533=VECTOR('',#8327,10.);
#2534=VECTOR('',#8328,10.);
#2535=VECTOR('',#8329,10.);
#2536=VECTOR('',#8330,10.);
#2537=VECTOR('',#8331,10.);
#2538=VECTOR('',#8334,10.);
#2539=VECTOR('',#8335,10.);
#2540=VECTOR('',#8336,10.);
#2541=VECTOR('',#8337,10.);
#2542=VECTOR('',#8338,10.);
#2543=VECTOR('',#8341,10.);
#2544=VECTOR('',#8342,10.);
#2545=VECTOR('',#8343,10.);
#2546=VECTOR('',#8344,10.);
#2547=VECTOR('',#8347,10.);
#2548=VECTOR('',#8348,10.);
#2549=VECTOR('',#8349,10.);
#2550=VECTOR('',#8350,10.);
#2551=VECTOR('',#8351,10.);
#2552=VECTOR('',#8352,10.);
#2553=VECTOR('',#8353,10.);
#2554=VECTOR('',#8354,10.);
#2555=VECTOR('',#8355,10.);
#2556=VECTOR('',#8356,10.);
#2557=VECTOR('',#8357,10.);
#2558=VECTOR('',#8360,10.);
#2559=VECTOR('',#8361,10.);
#2560=VECTOR('',#8362,10.);
#2561=VECTOR('',#8365,10.);
#2562=VECTOR('',#8366,10.);
#2563=VECTOR('',#8367,10.);
#2564=VECTOR('',#8370,10.);
#2565=VECTOR('',#8371,10.);
#2566=VECTOR('',#8378,10.);
#2567=VECTOR('',#8379,10.);
#2568=VECTOR('',#8380,10.);
#2569=VECTOR('',#8381,10.);
#2570=VECTOR('',#8382,10.);
#2571=VECTOR('',#8385,10.);
#2572=VECTOR('',#8386,10.);
#2573=VECTOR('',#8387,10.);
#2574=VECTOR('',#8390,10.);
#2575=VECTOR('',#8391,10.);
#2576=VECTOR('',#8392,10.);
#2577=VECTOR('',#8395,10.);
#2578=VECTOR('',#8396,10.);
#2579=VECTOR('',#8397,10.);
#2580=VECTOR('',#8398,10.);
#2581=VECTOR('',#8399,10.);
#2582=VECTOR('',#8400,10.);
#2583=VECTOR('',#8403,10.);
#2584=VECTOR('',#8404,10.);
#2585=VECTOR('',#8405,10.);
#2586=VECTOR('',#8408,10.);
#2587=VECTOR('',#8409,10.);
#2588=VECTOR('',#8410,10.);
#2589=VECTOR('',#8413,10.);
#2590=VECTOR('',#8414,10.);
#2591=VECTOR('',#8415,10.);
#2592=VECTOR('',#8416,10.);
#2593=VECTOR('',#8417,10.);
#2594=VECTOR('',#8418,10.);
#2595=VECTOR('',#8421,10.);
#2596=VECTOR('',#8422,10.);
#2597=VECTOR('',#8423,10.);
#2598=VECTOR('',#8426,10.);
#2599=VECTOR('',#8427,10.);
#2600=VECTOR('',#8434,10.);
#2601=VECTOR('',#8435,10.);
#2602=VECTOR('',#8436,10.);
#2603=VECTOR('',#8437,10.);
#2604=VECTOR('',#8440,10.);
#2605=VECTOR('',#8441,10.);
#2606=VECTOR('',#8442,10.);
#2607=VECTOR('',#8445,10.);
#2608=VECTOR('',#8446,10.);
#2609=VECTOR('',#8447,10.);
#2610=VECTOR('',#8450,10.);
#2611=VECTOR('',#8451,10.);
#2612=VECTOR('',#8452,10.);
#2613=VECTOR('',#8455,10.);
#2614=VECTOR('',#8456,10.);
#2615=VECTOR('',#8457,10.);
#2616=VECTOR('',#8460,10.);
#2617=VECTOR('',#8461,10.);
#2618=VECTOR('',#8462,10.);
#2619=VECTOR('',#8465,10.);
#2620=VECTOR('',#8466,10.);
#2621=VECTOR('',#8467,10.);
#2622=VECTOR('',#8470,10.);
#2623=VECTOR('',#8471,10.);
#2624=VECTOR('',#8472,10.);
#2625=VECTOR('',#8475,10.);
#2626=VECTOR('',#8476,10.);
#2627=VECTOR('',#8477,10.);
#2628=VECTOR('',#8480,10.);
#2629=VECTOR('',#8481,10.);
#2630=VECTOR('',#8482,10.);
#2631=VECTOR('',#8485,10.);
#2632=VECTOR('',#8486,10.);
#2633=VECTOR('',#8487,10.);
#2634=VECTOR('',#8490,10.);
#2635=VECTOR('',#8491,10.);
#2636=VECTOR('',#8498,10.);
#2637=VECTOR('',#8499,10.);
#2638=VECTOR('',#8500,10.);
#2639=VECTOR('',#8501,10.);
#2640=VECTOR('',#8504,10.);
#2641=VECTOR('',#8505,10.);
#2642=VECTOR('',#8506,10.);
#2643=VECTOR('',#8509,10.);
#2644=VECTOR('',#8510,10.);
#2645=VECTOR('',#8511,10.);
#2646=VECTOR('',#8514,10.);
#2647=VECTOR('',#8515,10.);
#2648=VECTOR('',#8516,10.);
#2649=VECTOR('',#8519,10.);
#2650=VECTOR('',#8520,10.);
#2651=VECTOR('',#8521,10.);
#2652=VECTOR('',#8522,10.);
#2653=VECTOR('',#8523,10.);
#2654=VECTOR('',#8524,10.);
#2655=VECTOR('',#8525,10.);
#2656=VECTOR('',#8528,10.);
#2657=VECTOR('',#8529,10.);
#2658=VECTOR('',#8530,10.);
#2659=VECTOR('',#8531,10.);
#2660=VECTOR('',#8532,10.);
#2661=VECTOR('',#8533,10.);
#2662=VECTOR('',#8538,10.);
#2663=VECTOR('',#8539,10.);
#2664=VECTOR('',#8540,10.);
#2665=VECTOR('',#8541,10.);
#2666=VECTOR('',#8542,10.);
#2667=VECTOR('',#8543,10.);
#2668=VECTOR('',#8544,10.);
#2669=VECTOR('',#8545,10.);
#2670=VECTOR('',#8546,10.);
#2671=VECTOR('',#8547,10.);
#2672=VECTOR('',#8548,10.);
#2673=VECTOR('',#8549,10.);
#2674=VECTOR('',#8550,10.);
#2675=VECTOR('',#8551,10.);
#2676=VECTOR('',#8552,10.);
#2677=VECTOR('',#8553,10.);
#2678=VECTOR('',#8560,10.);
#2679=VECTOR('',#8561,10.);
#2680=VECTOR('',#8562,10.);
#2681=VECTOR('',#8563,10.);
#2682=VECTOR('',#8566,10.);
#2683=VECTOR('',#8567,10.);
#2684=VECTOR('',#8568,10.);
#2685=VECTOR('',#8571,10.);
#2686=VECTOR('',#8572,10.);
#2687=VECTOR('',#8573,10.);
#2688=VECTOR('',#8576,10.);
#2689=VECTOR('',#8577,10.);
#2690=VECTOR('',#8584,10.);
#2691=VECTOR('',#8585,10.);
#2692=VECTOR('',#8586,10.);
#2693=VECTOR('',#8587,10.);
#2694=VECTOR('',#8590,10.);
#2695=VECTOR('',#8591,10.);
#2696=VECTOR('',#8592,10.);
#2697=VECTOR('',#8595,10.);
#2698=VECTOR('',#8596,10.);
#2699=VECTOR('',#8597,10.);
#2700=VECTOR('',#8600,10.);
#2701=VECTOR('',#8601,10.);
#2702=VECTOR('',#8602,10.);
#2703=VECTOR('',#8605,10.);
#2704=VECTOR('',#8606,10.);
#2705=VECTOR('',#8607,10.);
#2706=VECTOR('',#8610,10.);
#2707=VECTOR('',#8611,10.);
#2708=VECTOR('',#8612,10.);
#2709=VECTOR('',#8615,10.);
#2710=VECTOR('',#8616,10.);
#2711=VECTOR('',#8617,10.);
#2712=VECTOR('',#8620,10.);
#2713=VECTOR('',#8621,10.);
#2714=VECTOR('',#8622,10.);
#2715=VECTOR('',#8625,10.);
#2716=VECTOR('',#8626,10.);
#2717=VECTOR('',#8627,10.);
#2718=VECTOR('',#8630,10.);
#2719=VECTOR('',#8631,10.);
#2720=VECTOR('',#8632,10.);
#2721=VECTOR('',#8635,10.);
#2722=VECTOR('',#8636,10.);
#2723=VECTOR('',#8637,10.);
#2724=VECTOR('',#8640,10.);
#2725=VECTOR('',#8641,10.);
#2726=VECTOR('',#8642,10.);
#2727=VECTOR('',#8645,10.);
#2728=VECTOR('',#8646,10.);
#2729=VECTOR('',#8651,10.);
#2730=VECTOR('',#8652,10.);
#2731=VECTOR('',#8653,10.);
#2732=VECTOR('',#8654,10.);
#2733=VECTOR('',#8655,10.);
#2734=VECTOR('',#8656,10.);
#2735=VECTOR('',#8657,10.);
#2736=VECTOR('',#8658,10.);
#2737=VECTOR('',#8659,10.);
#2738=VECTOR('',#8660,10.);
#2739=VECTOR('',#8661,10.);
#2740=VECTOR('',#8662,10.);
#2741=VECTOR('',#8663,10.);
#2742=VECTOR('',#8664,10.);
#2743=VECTOR('',#8665,10.);
#2744=VECTOR('',#8666,10.);
#2745=VECTOR('',#8673,10.);
#2746=VECTOR('',#8674,10.);
#2747=VECTOR('',#8675,10.);
#2748=VECTOR('',#8676,10.);
#2749=VECTOR('',#8679,10.);
#2750=VECTOR('',#8680,10.);
#2751=VECTOR('',#8681,10.);
#2752=VECTOR('',#8684,10.);
#2753=VECTOR('',#8685,10.);
#2754=VECTOR('',#8686,10.);
#2755=VECTOR('',#8689,10.);
#2756=VECTOR('',#8690,10.);
#2757=VECTOR('',#8691,10.);
#2758=VECTOR('',#8694,10.);
#2759=VECTOR('',#8695,10.);
#2760=VECTOR('',#8696,10.);
#2761=VECTOR('',#8697,10.);
#2762=VECTOR('',#8698,10.);
#2763=VECTOR('',#8699,10.);
#2764=VECTOR('',#8700,10.);
#2765=VECTOR('',#8703,10.);
#2766=VECTOR('',#8704,10.);
#2767=VECTOR('',#8705,10.);
#2768=VECTOR('',#8706,10.);
#2769=VECTOR('',#8707,10.);
#2770=VECTOR('',#8708,10.);
#2771=VECTOR('',#8713,10.);
#2772=VECTOR('',#8714,10.);
#2773=VECTOR('',#8715,10.);
#2774=VECTOR('',#8716,10.);
#2775=VECTOR('',#8717,10.);
#2776=VECTOR('',#8718,10.);
#2777=VECTOR('',#8719,10.);
#2778=VECTOR('',#8720,10.);
#2779=VECTOR('',#8721,10.);
#2780=VECTOR('',#8722,10.);
#2781=VECTOR('',#8723,10.);
#2782=VECTOR('',#8724,10.);
#2783=VECTOR('',#8725,10.);
#2784=VECTOR('',#8726,10.);
#2785=VECTOR('',#8727,10.);
#2786=VECTOR('',#8728,10.);
#2787=VECTOR('',#8735,10.);
#2788=VECTOR('',#8736,10.);
#2789=VECTOR('',#8737,10.);
#2790=VECTOR('',#8738,10.);
#2791=VECTOR('',#8741,10.);
#2792=VECTOR('',#8742,10.);
#2793=VECTOR('',#8743,10.);
#2794=VECTOR('',#8746,10.);
#2795=VECTOR('',#8747,10.);
#2796=VECTOR('',#8748,10.);
#2797=VECTOR('',#8751,10.);
#2798=VECTOR('',#8752,10.);
#2799=VECTOR('',#8753,10.);
#2800=VECTOR('',#8756,10.);
#2801=VECTOR('',#8757,10.);
#2802=VECTOR('',#8758,10.);
#2803=VECTOR('',#8761,10.);
#2804=VECTOR('',#8762,10.);
#2805=VECTOR('',#8763,10.);
#2806=VECTOR('',#8766,10.);
#2807=VECTOR('',#8767,10.);
#2808=VECTOR('',#8768,10.);
#2809=VECTOR('',#8771,10.);
#2810=VECTOR('',#8772,10.);
#2811=VECTOR('',#8773,10.);
#2812=VECTOR('',#8776,10.);
#2813=VECTOR('',#8777,10.);
#2814=VECTOR('',#8778,10.);
#2815=VECTOR('',#8781,10.);
#2816=VECTOR('',#8782,10.);
#2817=VECTOR('',#8783,10.);
#2818=VECTOR('',#8786,10.);
#2819=VECTOR('',#8787,10.);
#2820=VECTOR('',#8788,10.);
#2821=VECTOR('',#8791,10.);
#2822=VECTOR('',#8792,10.);
#2823=VECTOR('',#8793,10.);
#2824=VECTOR('',#8796,10.);
#2825=VECTOR('',#8797,10.);
#2826=VECTOR('',#8798,10.);
#2827=VECTOR('',#8801,10.);
#2828=VECTOR('',#8802,10.);
#2829=VERTEX_POINT('',#8809);
#2830=VERTEX_POINT('',#8810);
#2831=VERTEX_POINT('',#8812);
#2832=VERTEX_POINT('',#8814);
#2833=VERTEX_POINT('',#8818);
#2834=VERTEX_POINT('',#8820);
#2835=VERTEX_POINT('',#8822);
#2836=VERTEX_POINT('',#8826);
#2837=VERTEX_POINT('',#8830);
#2838=VERTEX_POINT('',#8832);
#2839=VERTEX_POINT('',#8841);
#2840=VERTEX_POINT('',#8842);
#2841=VERTEX_POINT('',#8846);
#2842=VERTEX_POINT('',#8850);
#2843=VERTEX_POINT('',#8854);
#2844=VERTEX_POINT('',#8858);
#2845=VERTEX_POINT('',#8862);
#2846=VERTEX_POINT('',#8866);
#2847=VERTEX_POINT('',#8873);
#2848=VERTEX_POINT('',#8874);
#2849=VERTEX_POINT('',#8878);
#2850=VERTEX_POINT('',#8882);
#2851=VERTEX_POINT('',#8886);
#2852=VERTEX_POINT('',#8890);
#2853=VERTEX_POINT('',#8894);
#2854=VERTEX_POINT('',#8898);
#2855=VERTEX_POINT('',#8911);
#2856=VERTEX_POINT('',#8913);
#2857=VERTEX_POINT('',#8924);
#2858=VERTEX_POINT('',#8935);
#2859=VERTEX_POINT('',#8946);
#2860=VERTEX_POINT('',#8957);
#2861=VERTEX_POINT('',#8968);
#2862=VERTEX_POINT('',#8979);
#2863=VERTEX_POINT('',#8999);
#2864=VERTEX_POINT('',#9001);
#2865=VERTEX_POINT('',#9012);
#2866=VERTEX_POINT('',#9023);
#2867=VERTEX_POINT('',#9034);
#2868=VERTEX_POINT('',#9045);
#2869=VERTEX_POINT('',#9056);
#2870=VERTEX_POINT('',#9067);
#2871=VERTEX_POINT('',#9082);
#2872=VERTEX_POINT('',#9083);
#2873=VERTEX_POINT('',#9087);
#2874=VERTEX_POINT('',#9091);
#2875=VERTEX_POINT('',#9095);
#2876=VERTEX_POINT('',#9097);
#2877=VERTEX_POINT('',#9101);
#2878=VERTEX_POINT('',#9105);
#2879=VERTEX_POINT('',#9109);
#2880=VERTEX_POINT('',#9113);
#2881=VERTEX_POINT('',#9115);
#2882=VERTEX_POINT('',#9117);
#2883=VERTEX_POINT('',#9119);
#2884=VERTEX_POINT('',#9121);
#2885=VERTEX_POINT('',#9132);
#2886=VERTEX_POINT('',#9134);
#2887=VERTEX_POINT('',#9145);
#2888=VERTEX_POINT('',#9156);
#2889=VERTEX_POINT('',#9162);
#2890=VERTEX_POINT('',#9171);
#2891=VERTEX_POINT('',#9182);
#2892=VERTEX_POINT('',#9193);
#2893=VERTEX_POINT('',#9204);
#2894=VERTEX_POINT('',#9210);
#2895=VERTEX_POINT('',#9214);
#2896=VERTEX_POINT('',#9218);
#2897=VERTEX_POINT('',#9222);
#2898=VERTEX_POINT('',#9226);
#2899=VERTEX_POINT('',#9239);
#2900=VERTEX_POINT('',#9240);
#2901=VERTEX_POINT('',#9244);
#2902=VERTEX_POINT('',#9248);
#2903=VERTEX_POINT('',#9252);
#2904=VERTEX_POINT('',#9256);
#2905=VERTEX_POINT('',#9260);
#2906=VERTEX_POINT('',#9264);
#2907=VERTEX_POINT('',#9271);
#2908=VERTEX_POINT('',#9272);
#2909=VERTEX_POINT('',#9276);
#2910=VERTEX_POINT('',#9280);
#2911=VERTEX_POINT('',#9284);
#2912=VERTEX_POINT('',#9288);
#2913=VERTEX_POINT('',#9292);
#2914=VERTEX_POINT('',#9296);
#2915=VERTEX_POINT('',#9309);
#2916=VERTEX_POINT('',#9311);
#2917=VERTEX_POINT('',#9322);
#2918=VERTEX_POINT('',#9333);
#2919=VERTEX_POINT('',#9344);
#2920=VERTEX_POINT('',#9355);
#2921=VERTEX_POINT('',#9366);
#2922=VERTEX_POINT('',#9377);
#2923=VERTEX_POINT('',#9397);
#2924=VERTEX_POINT('',#9399);
#2925=VERTEX_POINT('',#9410);
#2926=VERTEX_POINT('',#9421);
#2927=VERTEX_POINT('',#9432);
#2928=VERTEX_POINT('',#9443);
#2929=VERTEX_POINT('',#9454);
#2930=VERTEX_POINT('',#9465);
#2931=VERTEX_POINT('',#9480);
#2932=VERTEX_POINT('',#9481);
#2933=VERTEX_POINT('',#9483);
#2934=VERTEX_POINT('',#9485);
#2935=VERTEX_POINT('',#9487);
#2936=VERTEX_POINT('',#9489);
#2937=VERTEX_POINT('',#9491);
#2938=VERTEX_POINT('',#9493);
#2939=VERTEX_POINT('',#9495);
#2940=VERTEX_POINT('',#9497);
#2941=VERTEX_POINT('',#9499);
#2942=VERTEX_POINT('',#9501);
#2943=VERTEX_POINT('',#9503);
#2944=VERTEX_POINT('',#9507);
#2945=VERTEX_POINT('',#9509);
#2946=VERTEX_POINT('',#9513);
#2947=VERTEX_POINT('',#9517);
#2948=VERTEX_POINT('',#9521);
#2949=VERTEX_POINT('',#9525);
#2950=VERTEX_POINT('',#9529);
#2951=VERTEX_POINT('',#9533);
#2952=VERTEX_POINT('',#9537);
#2953=VERTEX_POINT('',#9541);
#2954=VERTEX_POINT('',#9545);
#2955=VERTEX_POINT('',#9549);
#2956=VERTEX_POINT('',#9553);
#2957=VERTEX_POINT('',#9559);
#2958=VERTEX_POINT('',#9560);
#2959=VERTEX_POINT('',#9562);
#2960=VERTEX_POINT('',#9564);
#2961=VERTEX_POINT('',#9568);
#2962=VERTEX_POINT('',#9570);
#2963=VERTEX_POINT('',#9574);
#2964=VERTEX_POINT('',#9578);
#2965=VERTEX_POINT('',#9584);
#2966=VERTEX_POINT('',#9585);
#2967=VERTEX_POINT('',#9587);
#2968=VERTEX_POINT('',#9589);
#2969=VERTEX_POINT('',#9591);
#2970=VERTEX_POINT('',#9593);
#2971=VERTEX_POINT('',#9595);
#2972=VERTEX_POINT('',#9597);
#2973=VERTEX_POINT('',#9599);
#2974=VERTEX_POINT('',#9601);
#2975=VERTEX_POINT('',#9603);
#2976=VERTEX_POINT('',#9605);
#2977=VERTEX_POINT('',#9607);
#2978=VERTEX_POINT('',#9609);
#2979=VERTEX_POINT('',#9613);
#2980=VERTEX_POINT('',#9615);
#2981=VERTEX_POINT('',#9619);
#2982=VERTEX_POINT('',#9623);
#2983=VERTEX_POINT('',#9627);
#2984=VERTEX_POINT('',#9631);
#2985=VERTEX_POINT('',#9635);
#2986=VERTEX_POINT('',#9639);
#2987=VERTEX_POINT('',#9643);
#2988=VERTEX_POINT('',#9647);
#2989=VERTEX_POINT('',#9651);
#2990=VERTEX_POINT('',#9655);
#2991=VERTEX_POINT('',#9659);
#2992=VERTEX_POINT('',#9663);
#2993=VERTEX_POINT('',#9669);
#2994=VERTEX_POINT('',#9670);
#2995=VERTEX_POINT('',#9674);
#2996=VERTEX_POINT('',#9678);
#2997=VERTEX_POINT('',#9682);
#2998=VERTEX_POINT('',#9686);
#2999=VERTEX_POINT('',#9690);
#3000=VERTEX_POINT('',#9694);
#3001=VERTEX_POINT('',#9701);
#3002=VERTEX_POINT('',#9702);
#3003=VERTEX_POINT('',#9706);
#3004=VERTEX_POINT('',#9710);
#3005=VERTEX_POINT('',#9714);
#3006=VERTEX_POINT('',#9718);
#3007=VERTEX_POINT('',#9722);
#3008=VERTEX_POINT('',#9726);
#3009=VERTEX_POINT('',#9739);
#3010=VERTEX_POINT('',#9741);
#3011=VERTEX_POINT('',#9752);
#3012=VERTEX_POINT('',#9763);
#3013=VERTEX_POINT('',#9774);
#3014=VERTEX_POINT('',#9785);
#3015=VERTEX_POINT('',#9796);
#3016=VERTEX_POINT('',#9807);
#3017=VERTEX_POINT('',#9827);
#3018=VERTEX_POINT('',#9829);
#3019=VERTEX_POINT('',#9840);
#3020=VERTEX_POINT('',#9851);
#3021=VERTEX_POINT('',#9862);
#3022=VERTEX_POINT('',#9873);
#3023=VERTEX_POINT('',#9884);
#3024=VERTEX_POINT('',#9895);
#3025=VERTEX_POINT('',#9910);
#3026=VERTEX_POINT('',#9911);
#3027=VERTEX_POINT('',#9915);
#3028=VERTEX_POINT('',#9919);
#3029=VERTEX_POINT('',#9923);
#3030=VERTEX_POINT('',#9925);
#3031=VERTEX_POINT('',#9929);
#3032=VERTEX_POINT('',#9933);
#3033=VERTEX_POINT('',#9937);
#3034=VERTEX_POINT('',#9941);
#3035=VERTEX_POINT('',#9943);
#3036=VERTEX_POINT('',#9945);
#3037=VERTEX_POINT('',#9947);
#3038=VERTEX_POINT('',#9949);
#3039=VERTEX_POINT('',#9960);
#3040=VERTEX_POINT('',#9962);
#3041=VERTEX_POINT('',#9973);
#3042=VERTEX_POINT('',#9984);
#3043=VERTEX_POINT('',#9990);
#3044=VERTEX_POINT('',#9999);
#3045=VERTEX_POINT('',#10010);
#3046=VERTEX_POINT('',#10021);
#3047=VERTEX_POINT('',#10032);
#3048=VERTEX_POINT('',#10038);
#3049=VERTEX_POINT('',#10042);
#3050=VERTEX_POINT('',#10046);
#3051=VERTEX_POINT('',#10050);
#3052=VERTEX_POINT('',#10054);
#3053=VERTEX_POINT('',#10067);
#3054=VERTEX_POINT('',#10068);
#3055=VERTEX_POINT('',#10070);
#3056=VERTEX_POINT('',#10072);
#3057=VERTEX_POINT('',#10074);
#3058=VERTEX_POINT('',#10076);
#3059=VERTEX_POINT('',#10078);
#3060=VERTEX_POINT('',#10080);
#3061=VERTEX_POINT('',#10082);
#3062=VERTEX_POINT('',#10084);
#3063=VERTEX_POINT('',#10086);
#3064=VERTEX_POINT('',#10088);
#3065=VERTEX_POINT('',#10092);
#3066=VERTEX_POINT('',#10094);
#3067=VERTEX_POINT('',#10098);
#3068=VERTEX_POINT('',#10102);
#3069=VERTEX_POINT('',#10106);
#3070=VERTEX_POINT('',#10110);
#3071=VERTEX_POINT('',#10114);
#3072=VERTEX_POINT('',#10118);
#3073=VERTEX_POINT('',#10122);
#3074=VERTEX_POINT('',#10126);
#3075=VERTEX_POINT('',#10130);
#3076=VERTEX_POINT('',#10134);
#3077=VERTEX_POINT('',#10140);
#3078=VERTEX_POINT('',#10141);
#3079=VERTEX_POINT('',#10143);
#3080=VERTEX_POINT('',#10147);
#3081=VERTEX_POINT('',#10151);
#3082=VERTEX_POINT('',#10155);
#3083=VERTEX_POINT('',#10157);
#3084=VERTEX_POINT('',#10159);
#3085=VERTEX_POINT('',#10161);
#3086=VERTEX_POINT('',#10165);
#3087=VERTEX_POINT('',#10169);
#3088=VERTEX_POINT('',#10173);
#3089=VERTEX_POINT('',#10175);
#3090=VERTEX_POINT('',#10177);
#3091=VERTEX_POINT('',#10179);
#3092=VERTEX_POINT('',#10183);
#3093=VERTEX_POINT('',#10187);
#3094=VERTEX_POINT('',#10189);
#3095=VERTEX_POINT('',#10198);
#3096=VERTEX_POINT('',#10209);
#3097=VERTEX_POINT('',#10220);
#3098=VERTEX_POINT('',#10226);
#3099=VERTEX_POINT('',#10230);
#3100=VERTEX_POINT('',#10234);
#3101=VERTEX_POINT('',#10243);
#3102=VERTEX_POINT('',#10254);
#3103=VERTEX_POINT('',#10265);
#3104=VERTEX_POINT('',#10271);
#3105=VERTEX_POINT('',#10275);
#3106=VERTEX_POINT('',#10279);
#3107=VERTEX_POINT('',#10288);
#3108=VERTEX_POINT('',#10294);
#3109=VERTEX_POINT('',#10300);
#3110=VERTEX_POINT('',#10301);
#3111=VERTEX_POINT('',#10303);
#3112=VERTEX_POINT('',#10305);
#3113=VERTEX_POINT('',#10309);
#3114=VERTEX_POINT('',#10313);
#3115=VERTEX_POINT('',#10317);
#3116=VERTEX_POINT('',#10321);
#3117=VERTEX_POINT('',#10325);
#3118=VERTEX_POINT('',#10329);
#3119=VERTEX_POINT('',#10333);
#3120=VERTEX_POINT('',#10337);
#3121=VERTEX_POINT('',#10339);
#3122=VERTEX_POINT('',#10342);
#3123=VERTEX_POINT('',#10343);
#3124=VERTEX_POINT('',#10345);
#3125=VERTEX_POINT('',#10349);
#3126=VERTEX_POINT('',#10353);
#3127=VERTEX_POINT('',#10357);
#3128=VERTEX_POINT('',#10361);
#3129=VERTEX_POINT('',#10365);
#3130=VERTEX_POINT('',#10369);
#3131=VERTEX_POINT('',#10373);
#3132=VERTEX_POINT('',#10384);
#3133=VERTEX_POINT('',#10386);
#3134=VERTEX_POINT('',#10390);
#3135=VERTEX_POINT('',#10399);
#3136=VERTEX_POINT('',#10410);
#3137=VERTEX_POINT('',#10421);
#3138=VERTEX_POINT('',#10432);
#3139=VERTEX_POINT('',#10443);
#3140=VERTEX_POINT('',#10454);
#3141=VERTEX_POINT('',#10465);
#3142=VERTEX_POINT('',#10476);
#3143=VERTEX_POINT('',#10482);
#3144=VERTEX_POINT('',#10486);
#3145=VERTEX_POINT('',#10492);
#3146=VERTEX_POINT('',#10494);
#3147=VERTEX_POINT('',#10503);
#3148=VERTEX_POINT('',#10515);
#3149=VERTEX_POINT('',#10526);
#3150=VERTEX_POINT('',#10537);
#3151=VERTEX_POINT('',#10548);
#3152=VERTEX_POINT('',#10559);
#3153=VERTEX_POINT('',#10570);
#3154=VERTEX_POINT('',#10581);
#3155=VERTEX_POINT('',#10610);
#3156=VERTEX_POINT('',#10611);
#3157=VERTEX_POINT('',#10613);
#3158=VERTEX_POINT('',#10615);
#3159=VERTEX_POINT('',#10617);
#3160=VERTEX_POINT('',#10619);
#3161=VERTEX_POINT('',#10621);
#3162=VERTEX_POINT('',#10623);
#3163=VERTEX_POINT('',#10627);
#3164=VERTEX_POINT('',#10628);
#3165=VERTEX_POINT('',#10630);
#3166=VERTEX_POINT('',#10632);
#3167=VERTEX_POINT('',#10636);
#3168=VERTEX_POINT('',#10637);
#3169=VERTEX_POINT('',#10642);
#3170=VERTEX_POINT('',#10643);
#3171=VERTEX_POINT('',#10648);
#3172=VERTEX_POINT('',#10649);
#3173=VERTEX_POINT('',#10654);
#3174=VERTEX_POINT('',#10655);
#3175=VERTEX_POINT('',#10660);
#3176=VERTEX_POINT('',#10661);
#3177=VERTEX_POINT('',#10666);
#3178=VERTEX_POINT('',#10667);
#3179=VERTEX_POINT('',#10675);
#3180=VERTEX_POINT('',#10676);
#3181=VERTEX_POINT('',#10678);
#3182=VERTEX_POINT('',#10680);
#3183=VERTEX_POINT('',#10682);
#3184=VERTEX_POINT('',#10684);
#3185=VERTEX_POINT('',#10686);
#3186=VERTEX_POINT('',#10688);
#3187=VERTEX_POINT('',#10709);
#3188=VERTEX_POINT('',#10710);
#3189=VERTEX_POINT('',#10712);
#3190=VERTEX_POINT('',#10714);
#3191=VERTEX_POINT('',#10718);
#3192=VERTEX_POINT('',#10720);
#3193=VERTEX_POINT('',#10722);
#3194=VERTEX_POINT('',#10726);
#3195=VERTEX_POINT('',#10730);
#3196=VERTEX_POINT('',#10732);
#3197=VERTEX_POINT('',#10741);
#3198=VERTEX_POINT('',#10742);
#3199=VERTEX_POINT('',#10744);
#3200=VERTEX_POINT('',#10746);
#3201=VERTEX_POINT('',#10750);
#3202=VERTEX_POINT('',#10751);
#3203=VERTEX_POINT('',#10754);
#3204=VERTEX_POINT('',#10758);
#3205=VERTEX_POINT('',#10762);
#3206=VERTEX_POINT('',#10766);
#3207=VERTEX_POINT('',#10773);
#3208=VERTEX_POINT('',#10774);
#3209=VERTEX_POINT('',#10776);
#3210=VERTEX_POINT('',#10778);
#3211=VERTEX_POINT('',#10782);
#3212=VERTEX_POINT('',#10784);
#3213=VERTEX_POINT('',#10788);
#3214=VERTEX_POINT('',#10790);
#3215=VERTEX_POINT('',#10794);
#3216=VERTEX_POINT('',#10796);
#3217=VERTEX_POINT('',#10810);
#3218=VERTEX_POINT('',#10811);
#3219=VERTEX_POINT('',#10815);
#3220=VERTEX_POINT('',#10817);
#3221=VERTEX_POINT('',#10828);
#3222=VERTEX_POINT('',#10832);
#3223=VERTEX_POINT('',#10843);
#3224=VERTEX_POINT('',#10847);
#3225=VERTEX_POINT('',#10858);
#3226=VERTEX_POINT('',#10862);
#3227=VERTEX_POINT('',#10873);
#3228=VERTEX_POINT('',#10877);
#3229=VERTEX_POINT('',#10888);
#3230=VERTEX_POINT('',#10892);
#3231=VERTEX_POINT('',#10903);
#3232=VERTEX_POINT('',#10907);
#3233=VERTEX_POINT('',#10913);
#3234=VERTEX_POINT('',#10915);
#3235=VERTEX_POINT('',#10937);
#3236=VERTEX_POINT('',#10941);
#3237=VERTEX_POINT('',#10959);
#3238=VERTEX_POINT('',#10960);
#3239=VERTEX_POINT('',#10962);
#3240=VERTEX_POINT('',#10964);
#3241=VERTEX_POINT('',#10968);
#3242=VERTEX_POINT('',#10970);
#3243=VERTEX_POINT('',#10979);
#3244=VERTEX_POINT('',#10983);
#3245=VERTEX_POINT('',#10994);
#3246=VERTEX_POINT('',#10998);
#3247=VERTEX_POINT('',#11009);
#3248=VERTEX_POINT('',#11013);
#3249=VERTEX_POINT('',#11024);
#3250=VERTEX_POINT('',#11028);
#3251=VERTEX_POINT('',#11039);
#3252=VERTEX_POINT('',#11043);
#3253=VERTEX_POINT('',#11054);
#3254=VERTEX_POINT('',#11058);
#3255=VERTEX_POINT('',#11069);
#3256=VERTEX_POINT('',#11073);
#3257=VERTEX_POINT('',#11084);
#3258=VERTEX_POINT('',#11088);
#3259=VERTEX_POINT('',#11094);
#3260=VERTEX_POINT('',#11096);
#3261=VERTEX_POINT('',#11100);
#3262=VERTEX_POINT('',#11102);
#3263=VERTEX_POINT('',#11111);
#3264=VERTEX_POINT('',#11112);
#3265=VERTEX_POINT('',#11114);
#3266=VERTEX_POINT('',#11116);
#3267=VERTEX_POINT('',#11125);
#3268=VERTEX_POINT('',#11129);
#3269=VERTEX_POINT('',#11135);
#3270=VERTEX_POINT('',#11137);
#3271=VERTEX_POINT('',#11141);
#3272=VERTEX_POINT('',#11143);
#3273=VERTEX_POINT('',#11147);
#3274=VERTEX_POINT('',#11149);
#3275=VERTEX_POINT('',#11158);
#3276=VERTEX_POINT('',#11162);
#3277=VERTEX_POINT('',#11173);
#3278=VERTEX_POINT('',#11177);
#3279=VERTEX_POINT('',#11188);
#3280=VERTEX_POINT('',#11192);
#3281=VERTEX_POINT('',#11198);
#3282=VERTEX_POINT('',#11200);
#3283=VERTEX_POINT('',#11204);
#3284=VERTEX_POINT('',#11206);
#3285=VERTEX_POINT('',#11210);
#3286=VERTEX_POINT('',#11212);
#3287=VERTEX_POINT('',#11221);
#3288=VERTEX_POINT('',#11225);
#3289=VERTEX_POINT('',#11236);
#3290=VERTEX_POINT('',#11240);
#3291=VERTEX_POINT('',#11251);
#3292=VERTEX_POINT('',#11255);
#3293=VERTEX_POINT('',#11261);
#3294=VERTEX_POINT('',#11263);
#3295=VERTEX_POINT('',#11272);
#3296=VERTEX_POINT('',#11273);
#3297=VERTEX_POINT('',#11275);
#3298=VERTEX_POINT('',#11277);
#3299=VERTEX_POINT('',#11281);
#3300=VERTEX_POINT('',#11283);
#3301=VERTEX_POINT('',#11287);
#3302=VERTEX_POINT('',#11289);
#3303=VERTEX_POINT('',#11293);
#3304=VERTEX_POINT('',#11295);
#3305=VERTEX_POINT('',#11299);
#3306=VERTEX_POINT('',#11301);
#3307=VERTEX_POINT('',#11305);
#3308=VERTEX_POINT('',#11307);
#3309=VERTEX_POINT('',#11311);
#3310=VERTEX_POINT('',#11313);
#3311=VERTEX_POINT('',#11317);
#3312=VERTEX_POINT('',#11319);
#3313=VERTEX_POINT('',#11323);
#3314=VERTEX_POINT('',#11325);
#3315=VERTEX_POINT('',#11329);
#3316=VERTEX_POINT('',#11331);
#3317=VERTEX_POINT('',#11335);
#3318=VERTEX_POINT('',#11337);
#3319=VERTEX_POINT('',#11346);
#3320=VERTEX_POINT('',#11347);
#3321=VERTEX_POINT('',#11349);
#3322=VERTEX_POINT('',#11351);
#3323=VERTEX_POINT('',#11355);
#3324=VERTEX_POINT('',#11357);
#3325=VERTEX_POINT('',#11361);
#3326=VERTEX_POINT('',#11363);
#3327=VERTEX_POINT('',#11367);
#3328=VERTEX_POINT('',#11369);
#3329=VERTEX_POINT('',#11373);
#3330=VERTEX_POINT('',#11375);
#3331=VERTEX_POINT('',#11384);
#3332=VERTEX_POINT('',#11388);
#3333=VERTEX_POINT('',#11399);
#3334=VERTEX_POINT('',#11403);
#3335=VERTEX_POINT('',#11414);
#3336=VERTEX_POINT('',#11418);
#3337=VERTEX_POINT('',#11429);
#3338=VERTEX_POINT('',#11433);
#3339=VERTEX_POINT('',#11439);
#3340=VERTEX_POINT('',#11441);
#3341=VERTEX_POINT('',#11450);
#3342=VERTEX_POINT('',#11454);
#3343=VERTEX_POINT('',#11465);
#3344=VERTEX_POINT('',#11469);
#3345=VERTEX_POINT('',#11480);
#3346=VERTEX_POINT('',#11484);
#3347=VERTEX_POINT('',#11509);
#3348=VERTEX_POINT('',#11510);
#3349=VERTEX_POINT('',#11514);
#3350=VERTEX_POINT('',#11516);
#3351=VERTEX_POINT('',#11527);
#3352=VERTEX_POINT('',#11531);
#3353=VERTEX_POINT('',#11542);
#3354=VERTEX_POINT('',#11546);
#3355=VERTEX_POINT('',#11557);
#3356=VERTEX_POINT('',#11561);
#3357=VERTEX_POINT('',#11572);
#3358=VERTEX_POINT('',#11576);
#3359=VERTEX_POINT('',#11587);
#3360=VERTEX_POINT('',#11591);
#3361=VERTEX_POINT('',#11602);
#3362=VERTEX_POINT('',#11606);
#3363=VERTEX_POINT('',#11629);
#3364=VERTEX_POINT('',#11630);
#3365=VERTEX_POINT('',#11634);
#3366=VERTEX_POINT('',#11636);
#3367=VERTEX_POINT('',#11647);
#3368=VERTEX_POINT('',#11651);
#3369=VERTEX_POINT('',#11662);
#3370=VERTEX_POINT('',#11666);
#3371=VERTEX_POINT('',#11677);
#3372=VERTEX_POINT('',#11681);
#3373=VERTEX_POINT('',#11692);
#3374=VERTEX_POINT('',#11696);
#3375=VERTEX_POINT('',#11707);
#3376=VERTEX_POINT('',#11711);
#3377=VERTEX_POINT('',#11722);
#3378=VERTEX_POINT('',#11726);
#3379=VERTEX_POINT('',#11746);
#3380=VERTEX_POINT('',#11747);
#3381=VERTEX_POINT('',#11749);
#3382=VERTEX_POINT('',#11751);
#3383=VERTEX_POINT('',#11755);
#3384=VERTEX_POINT('',#11757);
#3385=VERTEX_POINT('',#11761);
#3386=VERTEX_POINT('',#11763);
#3387=VERTEX_POINT('',#11772);
#3388=VERTEX_POINT('',#11773);
#3389=VERTEX_POINT('',#11775);
#3390=VERTEX_POINT('',#11777);
#3391=VERTEX_POINT('',#11781);
#3392=VERTEX_POINT('',#11783);
#3393=VERTEX_POINT('',#11787);
#3394=VERTEX_POINT('',#11789);
#3395=VERTEX_POINT('',#11793);
#3396=VERTEX_POINT('',#11795);
#3397=VERTEX_POINT('',#11799);
#3398=VERTEX_POINT('',#11801);
#3399=VERTEX_POINT('',#11805);
#3400=VERTEX_POINT('',#11807);
#3401=VERTEX_POINT('',#11811);
#3402=VERTEX_POINT('',#11813);
#3403=VERTEX_POINT('',#11817);
#3404=VERTEX_POINT('',#11819);
#3405=VERTEX_POINT('',#11823);
#3406=VERTEX_POINT('',#11825);
#3407=VERTEX_POINT('',#11829);
#3408=VERTEX_POINT('',#11831);
#3409=VERTEX_POINT('',#11835);
#3410=VERTEX_POINT('',#11837);
#3411=VERTEX_POINT('',#11841);
#3412=VERTEX_POINT('',#11843);
#3413=VERTEX_POINT('',#11857);
#3414=VERTEX_POINT('',#11858);
#3415=VERTEX_POINT('',#11862);
#3416=VERTEX_POINT('',#11864);
#3417=VERTEX_POINT('',#11875);
#3418=VERTEX_POINT('',#11879);
#3419=VERTEX_POINT('',#11890);
#3420=VERTEX_POINT('',#11894);
#3421=VERTEX_POINT('',#11905);
#3422=VERTEX_POINT('',#11909);
#3423=VERTEX_POINT('',#11920);
#3424=VERTEX_POINT('',#11924);
#3425=VERTEX_POINT('',#11935);
#3426=VERTEX_POINT('',#11939);
#3427=VERTEX_POINT('',#11950);
#3428=VERTEX_POINT('',#11954);
#3429=VERTEX_POINT('',#11977);
#3430=VERTEX_POINT('',#11978);
#3431=VERTEX_POINT('',#11982);
#3432=VERTEX_POINT('',#11984);
#3433=VERTEX_POINT('',#11995);
#3434=VERTEX_POINT('',#11999);
#3435=VERTEX_POINT('',#12010);
#3436=VERTEX_POINT('',#12014);
#3437=VERTEX_POINT('',#12025);
#3438=VERTEX_POINT('',#12029);
#3439=VERTEX_POINT('',#12040);
#3440=VERTEX_POINT('',#12044);
#3441=VERTEX_POINT('',#12055);
#3442=VERTEX_POINT('',#12059);
#3443=VERTEX_POINT('',#12070);
#3444=VERTEX_POINT('',#12074);
#3445=VERTEX_POINT('',#12094);
#3446=VERTEX_POINT('',#12095);
#3447=VERTEX_POINT('',#12097);
#3448=VERTEX_POINT('',#12099);
#3449=VERTEX_POINT('',#12103);
#3450=VERTEX_POINT('',#12105);
#3451=VERTEX_POINT('',#12109);
#3452=VERTEX_POINT('',#12111);
#3453=VERTEX_POINT('',#12115);
#3454=VERTEX_POINT('',#12117);
#3455=VERTEX_POINT('',#12121);
#3456=VERTEX_POINT('',#12123);
#3457=VERTEX_POINT('',#12132);
#3458=VERTEX_POINT('',#12136);
#3459=VERTEX_POINT('',#12147);
#3460=VERTEX_POINT('',#12151);
#3461=VERTEX_POINT('',#12162);
#3462=VERTEX_POINT('',#12166);
#3463=VERTEX_POINT('',#12177);
#3464=VERTEX_POINT('',#12181);
#3465=VERTEX_POINT('',#12187);
#3466=VERTEX_POINT('',#12189);
#3467=VERTEX_POINT('',#12198);
#3468=VERTEX_POINT('',#12202);
#3469=VERTEX_POINT('',#12213);
#3470=VERTEX_POINT('',#12217);
#3471=VERTEX_POINT('',#12228);
#3472=VERTEX_POINT('',#12232);
#3473=VERTEX_POINT('',#12257);
#3474=VERTEX_POINT('',#12258);
#3475=VERTEX_POINT('',#12262);
#3476=VERTEX_POINT('',#12264);
#3477=VERTEX_POINT('',#12275);
#3478=VERTEX_POINT('',#12279);
#3479=VERTEX_POINT('',#12290);
#3480=VERTEX_POINT('',#12294);
#3481=VERTEX_POINT('',#12305);
#3482=VERTEX_POINT('',#12309);
#3483=VERTEX_POINT('',#12320);
#3484=VERTEX_POINT('',#12324);
#3485=VERTEX_POINT('',#12335);
#3486=VERTEX_POINT('',#12339);
#3487=VERTEX_POINT('',#12350);
#3488=VERTEX_POINT('',#12354);
#3489=VERTEX_POINT('',#12377);
#3490=VERTEX_POINT('',#12378);
#3491=VERTEX_POINT('',#12382);
#3492=VERTEX_POINT('',#12384);
#3493=VERTEX_POINT('',#12395);
#3494=VERTEX_POINT('',#12399);
#3495=VERTEX_POINT('',#12410);
#3496=VERTEX_POINT('',#12414);
#3497=VERTEX_POINT('',#12425);
#3498=VERTEX_POINT('',#12429);
#3499=VERTEX_POINT('',#12440);
#3500=VERTEX_POINT('',#12444);
#3501=VERTEX_POINT('',#12455);
#3502=VERTEX_POINT('',#12459);
#3503=VERTEX_POINT('',#12470);
#3504=VERTEX_POINT('',#12474);
#3505=VERTEX_POINT('',#12494);
#3506=VERTEX_POINT('',#12495);
#3507=VERTEX_POINT('',#12497);
#3508=VERTEX_POINT('',#12499);
#3509=VERTEX_POINT('',#12503);
#3510=VERTEX_POINT('',#12505);
#3511=VERTEX_POINT('',#12509);
#3512=VERTEX_POINT('',#12511);
#3513=VERTEX_POINT('',#12515);
#3514=VERTEX_POINT('',#12517);
#3515=VERTEX_POINT('',#12521);
#3516=VERTEX_POINT('',#12523);
#3517=VERTEX_POINT('',#12527);
#3518=VERTEX_POINT('',#12529);
#3519=VERTEX_POINT('',#12533);
#3520=VERTEX_POINT('',#12535);
#3521=VERTEX_POINT('',#12539);
#3522=VERTEX_POINT('',#12541);
#3523=VERTEX_POINT('',#12545);
#3524=VERTEX_POINT('',#12547);
#3525=VERTEX_POINT('',#12551);
#3526=VERTEX_POINT('',#12553);
#3527=VERTEX_POINT('',#12557);
#3528=VERTEX_POINT('',#12559);
#3529=VERTEX_POINT('',#12563);
#3530=VERTEX_POINT('',#12565);
#3531=VERTEX_POINT('',#12569);
#3532=VERTEX_POINT('',#12571);
#3533=EDGE_CURVE('',#2829,#2830,#1481,.T.);
#3534=EDGE_CURVE('',#2829,#2831,#1482,.T.);
#3535=EDGE_CURVE('',#2831,#2832,#1483,.T.);
#3536=EDGE_CURVE('',#2830,#2832,#1484,.T.);
#3537=EDGE_CURVE('',#2830,#2833,#1485,.T.);
#3538=EDGE_CURVE('',#2832,#2834,#1486,.T.);
#3539=EDGE_CURVE('',#2835,#2834,#1487,.T.);
#3540=EDGE_CURVE('',#2833,#2835,#619,.T.);
#3541=EDGE_CURVE('',#2834,#2836,#1488,.T.);
#3542=EDGE_CURVE('',#2831,#2836,#1489,.T.);
#3543=EDGE_CURVE('',#2837,#2829,#1490,.T.);
#3544=EDGE_CURVE('',#2838,#2837,#620,.T.);
#3545=EDGE_CURVE('',#2836,#2838,#1491,.T.);
#3546=EDGE_CURVE('',#2837,#2833,#1492,.T.);
#3547=EDGE_CURVE('',#2835,#2838,#1493,.T.);
#3548=EDGE_CURVE('',#2839,#2840,#219,.T.);
#3549=EDGE_CURVE('',#2841,#2839,#220,.T.);
#3550=EDGE_CURVE('',#2842,#2841,#221,.T.);
#3551=EDGE_CURVE('',#2843,#2842,#222,.T.);
#3552=EDGE_CURVE('',#2844,#2843,#223,.T.);
#3553=EDGE_CURVE('',#2845,#2844,#224,.T.);
#3554=EDGE_CURVE('',#2846,#2845,#225,.T.);
#3555=EDGE_CURVE('',#2840,#2846,#226,.T.);
#3556=EDGE_CURVE('',#2847,#2848,#227,.T.);
#3557=EDGE_CURVE('',#2848,#2849,#228,.T.);
#3558=EDGE_CURVE('',#2849,#2850,#229,.T.);
#3559=EDGE_CURVE('',#2850,#2851,#230,.T.);
#3560=EDGE_CURVE('',#2851,#2852,#231,.T.);
#3561=EDGE_CURVE('',#2852,#2853,#232,.T.);
#3562=EDGE_CURVE('',#2853,#2854,#233,.T.);
#3563=EDGE_CURVE('',#2854,#2847,#234,.T.);
#3564=EDGE_CURVE('',#2840,#2855,#1494,.T.);
#3565=EDGE_CURVE('',#2856,#2855,#235,.T.);
#3566=EDGE_CURVE('',#2839,#2856,#1495,.T.);
#3567=EDGE_CURVE('',#2857,#2856,#236,.T.);
#3568=EDGE_CURVE('',#2841,#2857,#1496,.T.);
#3569=EDGE_CURVE('',#2858,#2857,#237,.T.);
#3570=EDGE_CURVE('',#2842,#2858,#1497,.T.);
#3571=EDGE_CURVE('',#2859,#2858,#238,.T.);
#3572=EDGE_CURVE('',#2843,#2859,#1498,.T.);
#3573=EDGE_CURVE('',#2860,#2859,#239,.T.);
#3574=EDGE_CURVE('',#2844,#2860,#1499,.T.);
#3575=EDGE_CURVE('',#2861,#2860,#240,.T.);
#3576=EDGE_CURVE('',#2845,#2861,#1500,.T.);
#3577=EDGE_CURVE('',#2862,#2861,#241,.T.);
#3578=EDGE_CURVE('',#2846,#2862,#1501,.T.);
#3579=EDGE_CURVE('',#2855,#2862,#242,.T.);
#3580=EDGE_CURVE('',#2847,#2863,#1502,.T.);
#3581=EDGE_CURVE('',#2864,#2863,#243,.T.);
#3582=EDGE_CURVE('',#2848,#2864,#1503,.T.);
#3583=EDGE_CURVE('',#2865,#2864,#244,.T.);
#3584=EDGE_CURVE('',#2849,#2865,#1504,.T.);
#3585=EDGE_CURVE('',#2866,#2865,#245,.T.);
#3586=EDGE_CURVE('',#2850,#2866,#1505,.T.);
#3587=EDGE_CURVE('',#2867,#2866,#246,.T.);
#3588=EDGE_CURVE('',#2851,#2867,#1506,.T.);
#3589=EDGE_CURVE('',#2868,#2867,#247,.T.);
#3590=EDGE_CURVE('',#2852,#2868,#1507,.T.);
#3591=EDGE_CURVE('',#2869,#2868,#248,.T.);
#3592=EDGE_CURVE('',#2853,#2869,#1508,.T.);
#3593=EDGE_CURVE('',#2870,#2869,#249,.T.);
#3594=EDGE_CURVE('',#2854,#2870,#1509,.T.);
#3595=EDGE_CURVE('',#2863,#2870,#250,.T.);
#3596=EDGE_CURVE('',#2871,#2872,#251,.T.);
#3597=EDGE_CURVE('',#2873,#2871,#252,.T.);
#3598=EDGE_CURVE('',#2874,#2873,#253,.T.);
#3599=EDGE_CURVE('',#2875,#2874,#1510,.T.);
#3600=EDGE_CURVE('',#2876,#2875,#254,.T.);
#3601=EDGE_CURVE('',#2877,#2876,#255,.T.);
#3602=EDGE_CURVE('',#2878,#2877,#256,.T.);
#3603=EDGE_CURVE('',#2879,#2878,#257,.T.);
#3604=EDGE_CURVE('',#2880,#2879,#1511,.T.);
#3605=EDGE_CURVE('',#2881,#2880,#1512,.T.);
#3606=EDGE_CURVE('',#2882,#2881,#1513,.T.);
#3607=EDGE_CURVE('',#2883,#2882,#1514,.T.);
#3608=EDGE_CURVE('',#2884,#2883,#1515,.T.);
#3609=EDGE_CURVE('',#2872,#2884,#258,.T.);
#3610=EDGE_CURVE('',#2872,#2885,#1516,.T.);
#3611=EDGE_CURVE('',#2886,#2885,#259,.T.);
#3612=EDGE_CURVE('',#2871,#2886,#1517,.T.);
#3613=EDGE_CURVE('',#2887,#2886,#260,.T.);
#3614=EDGE_CURVE('',#2873,#2887,#1518,.T.);
#3615=EDGE_CURVE('',#2888,#2887,#261,.T.);
#3616=EDGE_CURVE('',#2874,#2888,#1519,.T.);
#3617=EDGE_CURVE('',#2889,#2888,#1520,.T.);
#3618=EDGE_CURVE('',#2875,#2889,#1521,.T.);
#3619=EDGE_CURVE('',#2890,#2889,#262,.T.);
#3620=EDGE_CURVE('',#2876,#2890,#1522,.T.);
#3621=EDGE_CURVE('',#2891,#2890,#263,.T.);
#3622=EDGE_CURVE('',#2877,#2891,#1523,.T.);
#3623=EDGE_CURVE('',#2892,#2891,#264,.T.);
#3624=EDGE_CURVE('',#2878,#2892,#1524,.T.);
#3625=EDGE_CURVE('',#2893,#2892,#265,.T.);
#3626=EDGE_CURVE('',#2879,#2893,#1525,.T.);
#3627=EDGE_CURVE('',#2894,#2893,#1526,.T.);
#3628=EDGE_CURVE('',#2880,#2894,#1527,.T.);
#3629=EDGE_CURVE('',#2895,#2894,#1528,.T.);
#3630=EDGE_CURVE('',#2881,#2895,#1529,.T.);
#3631=EDGE_CURVE('',#2896,#2895,#1530,.T.);
#3632=EDGE_CURVE('',#2882,#2896,#1531,.T.);
#3633=EDGE_CURVE('',#2897,#2896,#1532,.T.);
#3634=EDGE_CURVE('',#2883,#2897,#1533,.T.);
#3635=EDGE_CURVE('',#2898,#2897,#1534,.T.);
#3636=EDGE_CURVE('',#2884,#2898,#1535,.T.);
#3637=EDGE_CURVE('',#2885,#2898,#266,.T.);
#3638=EDGE_CURVE('',#2899,#2900,#267,.T.);
#3639=EDGE_CURVE('',#2901,#2899,#268,.T.);
#3640=EDGE_CURVE('',#2902,#2901,#269,.T.);
#3641=EDGE_CURVE('',#2903,#2902,#270,.T.);
#3642=EDGE_CURVE('',#2904,#2903,#271,.T.);
#3643=EDGE_CURVE('',#2905,#2904,#272,.T.);
#3644=EDGE_CURVE('',#2906,#2905,#273,.T.);
#3645=EDGE_CURVE('',#2900,#2906,#274,.T.);
#3646=EDGE_CURVE('',#2907,#2908,#275,.T.);
#3647=EDGE_CURVE('',#2908,#2909,#276,.T.);
#3648=EDGE_CURVE('',#2909,#2910,#277,.T.);
#3649=EDGE_CURVE('',#2910,#2911,#278,.T.);
#3650=EDGE_CURVE('',#2911,#2912,#279,.T.);
#3651=EDGE_CURVE('',#2912,#2913,#280,.T.);
#3652=EDGE_CURVE('',#2913,#2914,#281,.T.);
#3653=EDGE_CURVE('',#2914,#2907,#282,.T.);
#3654=EDGE_CURVE('',#2900,#2915,#1536,.T.);
#3655=EDGE_CURVE('',#2916,#2915,#283,.T.);
#3656=EDGE_CURVE('',#2899,#2916,#1537,.T.);
#3657=EDGE_CURVE('',#2917,#2916,#284,.T.);
#3658=EDGE_CURVE('',#2901,#2917,#1538,.T.);
#3659=EDGE_CURVE('',#2918,#2917,#285,.T.);
#3660=EDGE_CURVE('',#2902,#2918,#1539,.T.);
#3661=EDGE_CURVE('',#2919,#2918,#286,.T.);
#3662=EDGE_CURVE('',#2903,#2919,#1540,.T.);
#3663=EDGE_CURVE('',#2920,#2919,#287,.T.);
#3664=EDGE_CURVE('',#2904,#2920,#1541,.T.);
#3665=EDGE_CURVE('',#2921,#2920,#288,.T.);
#3666=EDGE_CURVE('',#2905,#2921,#1542,.T.);
#3667=EDGE_CURVE('',#2922,#2921,#289,.T.);
#3668=EDGE_CURVE('',#2906,#2922,#1543,.T.);
#3669=EDGE_CURVE('',#2915,#2922,#290,.T.);
#3670=EDGE_CURVE('',#2907,#2923,#1544,.T.);
#3671=EDGE_CURVE('',#2924,#2923,#291,.T.);
#3672=EDGE_CURVE('',#2908,#2924,#1545,.T.);
#3673=EDGE_CURVE('',#2925,#2924,#292,.T.);
#3674=EDGE_CURVE('',#2909,#2925,#1546,.T.);
#3675=EDGE_CURVE('',#2926,#2925,#293,.T.);
#3676=EDGE_CURVE('',#2910,#2926,#1547,.T.);
#3677=EDGE_CURVE('',#2927,#2926,#294,.T.);
#3678=EDGE_CURVE('',#2911,#2927,#1548,.T.);
#3679=EDGE_CURVE('',#2928,#2927,#295,.T.);
#3680=EDGE_CURVE('',#2912,#2928,#1549,.T.);
#3681=EDGE_CURVE('',#2929,#2928,#296,.T.);
#3682=EDGE_CURVE('',#2913,#2929,#1550,.T.);
#3683=EDGE_CURVE('',#2930,#2929,#297,.T.);
#3684=EDGE_CURVE('',#2914,#2930,#1551,.T.);
#3685=EDGE_CURVE('',#2923,#2930,#298,.T.);
#3686=EDGE_CURVE('',#2931,#2932,#1552,.T.);
#3687=EDGE_CURVE('',#2933,#2931,#1553,.T.);
#3688=EDGE_CURVE('',#2934,#2933,#1554,.T.);
#3689=EDGE_CURVE('',#2935,#2934,#1555,.T.);
#3690=EDGE_CURVE('',#2936,#2935,#1556,.T.);
#3691=EDGE_CURVE('',#2937,#2936,#1557,.T.);
#3692=EDGE_CURVE('',#2938,#2937,#1558,.T.);
#3693=EDGE_CURVE('',#2939,#2938,#1559,.T.);
#3694=EDGE_CURVE('',#2940,#2939,#1560,.T.);
#3695=EDGE_CURVE('',#2941,#2940,#1561,.T.);
#3696=EDGE_CURVE('',#2942,#2941,#1562,.T.);
#3697=EDGE_CURVE('',#2943,#2942,#1563,.T.);
#3698=EDGE_CURVE('',#2932,#2943,#1564,.T.);
#3699=EDGE_CURVE('',#2932,#2944,#1565,.T.);
#3700=EDGE_CURVE('',#2945,#2944,#1566,.T.);
#3701=EDGE_CURVE('',#2931,#2945,#1567,.T.);
#3702=EDGE_CURVE('',#2946,#2945,#1568,.T.);
#3703=EDGE_CURVE('',#2933,#2946,#1569,.T.);
#3704=EDGE_CURVE('',#2947,#2946,#1570,.T.);
#3705=EDGE_CURVE('',#2934,#2947,#1571,.T.);
#3706=EDGE_CURVE('',#2948,#2947,#1572,.T.);
#3707=EDGE_CURVE('',#2935,#2948,#1573,.T.);
#3708=EDGE_CURVE('',#2949,#2948,#1574,.T.);
#3709=EDGE_CURVE('',#2936,#2949,#1575,.T.);
#3710=EDGE_CURVE('',#2950,#2949,#1576,.T.);
#3711=EDGE_CURVE('',#2937,#2950,#1577,.T.);
#3712=EDGE_CURVE('',#2951,#2950,#1578,.T.);
#3713=EDGE_CURVE('',#2938,#2951,#1579,.T.);
#3714=EDGE_CURVE('',#2952,#2951,#1580,.T.);
#3715=EDGE_CURVE('',#2939,#2952,#1581,.T.);
#3716=EDGE_CURVE('',#2953,#2952,#1582,.T.);
#3717=EDGE_CURVE('',#2940,#2953,#1583,.T.);
#3718=EDGE_CURVE('',#2954,#2953,#1584,.T.);
#3719=EDGE_CURVE('',#2941,#2954,#1585,.T.);
#3720=EDGE_CURVE('',#2955,#2954,#1586,.T.);
#3721=EDGE_CURVE('',#2942,#2955,#1587,.T.);
#3722=EDGE_CURVE('',#2956,#2955,#1588,.T.);
#3723=EDGE_CURVE('',#2943,#2956,#1589,.T.);
#3724=EDGE_CURVE('',#2944,#2956,#1590,.T.);
#3725=EDGE_CURVE('',#2957,#2958,#1591,.T.);
#3726=EDGE_CURVE('',#2959,#2957,#1592,.T.);
#3727=EDGE_CURVE('',#2960,#2959,#1593,.T.);
#3728=EDGE_CURVE('',#2958,#2960,#1594,.T.);
#3729=EDGE_CURVE('',#2958,#2961,#1595,.T.);
#3730=EDGE_CURVE('',#2962,#2961,#1596,.T.);
#3731=EDGE_CURVE('',#2957,#2962,#1597,.T.);
#3732=EDGE_CURVE('',#2963,#2962,#1598,.T.);
#3733=EDGE_CURVE('',#2959,#2963,#1599,.T.);
#3734=EDGE_CURVE('',#2964,#2963,#1600,.T.);
#3735=EDGE_CURVE('',#2960,#2964,#1601,.T.);
#3736=EDGE_CURVE('',#2961,#2964,#1602,.T.);
#3737=EDGE_CURVE('',#2965,#2966,#1603,.T.);
#3738=EDGE_CURVE('',#2967,#2965,#1604,.T.);
#3739=EDGE_CURVE('',#2968,#2967,#1605,.T.);
#3740=EDGE_CURVE('',#2969,#2968,#1606,.T.);
#3741=EDGE_CURVE('',#2970,#2969,#1607,.T.);
#3742=EDGE_CURVE('',#2971,#2970,#1608,.T.);
#3743=EDGE_CURVE('',#2972,#2971,#1609,.T.);
#3744=EDGE_CURVE('',#2973,#2972,#1610,.T.);
#3745=EDGE_CURVE('',#2974,#2973,#1611,.T.);
#3746=EDGE_CURVE('',#2975,#2974,#1612,.T.);
#3747=EDGE_CURVE('',#2976,#2975,#1613,.T.);
#3748=EDGE_CURVE('',#2977,#2976,#1614,.T.);
#3749=EDGE_CURVE('',#2978,#2977,#1615,.T.);
#3750=EDGE_CURVE('',#2966,#2978,#1616,.T.);
#3751=EDGE_CURVE('',#2966,#2979,#1617,.T.);
#3752=EDGE_CURVE('',#2980,#2979,#1618,.T.);
#3753=EDGE_CURVE('',#2965,#2980,#1619,.T.);
#3754=EDGE_CURVE('',#2981,#2980,#1620,.T.);
#3755=EDGE_CURVE('',#2967,#2981,#1621,.T.);
#3756=EDGE_CURVE('',#2982,#2981,#1622,.T.);
#3757=EDGE_CURVE('',#2968,#2982,#1623,.T.);
#3758=EDGE_CURVE('',#2983,#2982,#1624,.T.);
#3759=EDGE_CURVE('',#2969,#2983,#1625,.T.);
#3760=EDGE_CURVE('',#2984,#2983,#1626,.T.);
#3761=EDGE_CURVE('',#2970,#2984,#1627,.T.);
#3762=EDGE_CURVE('',#2985,#2984,#1628,.T.);
#3763=EDGE_CURVE('',#2971,#2985,#1629,.T.);
#3764=EDGE_CURVE('',#2986,#2985,#1630,.T.);
#3765=EDGE_CURVE('',#2972,#2986,#1631,.T.);
#3766=EDGE_CURVE('',#2987,#2986,#1632,.T.);
#3767=EDGE_CURVE('',#2973,#2987,#1633,.T.);
#3768=EDGE_CURVE('',#2988,#2987,#1634,.T.);
#3769=EDGE_CURVE('',#2974,#2988,#1635,.T.);
#3770=EDGE_CURVE('',#2989,#2988,#1636,.T.);
#3771=EDGE_CURVE('',#2975,#2989,#1637,.T.);
#3772=EDGE_CURVE('',#2990,#2989,#1638,.T.);
#3773=EDGE_CURVE('',#2976,#2990,#1639,.T.);
#3774=EDGE_CURVE('',#2991,#2990,#1640,.T.);
#3775=EDGE_CURVE('',#2977,#2991,#1641,.T.);
#3776=EDGE_CURVE('',#2992,#2991,#1642,.T.);
#3777=EDGE_CURVE('',#2978,#2992,#1643,.T.);
#3778=EDGE_CURVE('',#2979,#2992,#1644,.T.);
#3779=EDGE_CURVE('',#2993,#2994,#299,.T.);
#3780=EDGE_CURVE('',#2995,#2993,#300,.T.);
#3781=EDGE_CURVE('',#2996,#2995,#301,.T.);
#3782=EDGE_CURVE('',#2997,#2996,#302,.T.);
#3783=EDGE_CURVE('',#2998,#2997,#303,.T.);
#3784=EDGE_CURVE('',#2999,#2998,#304,.T.);
#3785=EDGE_CURVE('',#3000,#2999,#305,.T.);
#3786=EDGE_CURVE('',#2994,#3000,#306,.T.);
#3787=EDGE_CURVE('',#3001,#3002,#307,.T.);
#3788=EDGE_CURVE('',#3002,#3003,#308,.T.);
#3789=EDGE_CURVE('',#3003,#3004,#309,.T.);
#3790=EDGE_CURVE('',#3004,#3005,#310,.T.);
#3791=EDGE_CURVE('',#3005,#3006,#311,.T.);
#3792=EDGE_CURVE('',#3006,#3007,#312,.T.);
#3793=EDGE_CURVE('',#3007,#3008,#313,.T.);
#3794=EDGE_CURVE('',#3008,#3001,#314,.T.);
#3795=EDGE_CURVE('',#2994,#3009,#1645,.T.);
#3796=EDGE_CURVE('',#3010,#3009,#315,.T.);
#3797=EDGE_CURVE('',#2993,#3010,#1646,.T.);
#3798=EDGE_CURVE('',#3011,#3010,#316,.T.);
#3799=EDGE_CURVE('',#2995,#3011,#1647,.T.);
#3800=EDGE_CURVE('',#3012,#3011,#317,.T.);
#3801=EDGE_CURVE('',#2996,#3012,#1648,.T.);
#3802=EDGE_CURVE('',#3013,#3012,#318,.T.);
#3803=EDGE_CURVE('',#2997,#3013,#1649,.T.);
#3804=EDGE_CURVE('',#3014,#3013,#319,.T.);
#3805=EDGE_CURVE('',#2998,#3014,#1650,.T.);
#3806=EDGE_CURVE('',#3015,#3014,#320,.T.);
#3807=EDGE_CURVE('',#2999,#3015,#1651,.T.);
#3808=EDGE_CURVE('',#3016,#3015,#321,.T.);
#3809=EDGE_CURVE('',#3000,#3016,#1652,.T.);
#3810=EDGE_CURVE('',#3009,#3016,#322,.T.);
#3811=EDGE_CURVE('',#3001,#3017,#1653,.T.);
#3812=EDGE_CURVE('',#3018,#3017,#323,.T.);
#3813=EDGE_CURVE('',#3002,#3018,#1654,.T.);
#3814=EDGE_CURVE('',#3019,#3018,#324,.T.);
#3815=EDGE_CURVE('',#3003,#3019,#1655,.T.);
#3816=EDGE_CURVE('',#3020,#3019,#325,.T.);
#3817=EDGE_CURVE('',#3004,#3020,#1656,.T.);
#3818=EDGE_CURVE('',#3021,#3020,#326,.T.);
#3819=EDGE_CURVE('',#3005,#3021,#1657,.T.);
#3820=EDGE_CURVE('',#3022,#3021,#327,.T.);
#3821=EDGE_CURVE('',#3006,#3022,#1658,.T.);
#3822=EDGE_CURVE('',#3023,#3022,#328,.T.);
#3823=EDGE_CURVE('',#3007,#3023,#1659,.T.);
#3824=EDGE_CURVE('',#3024,#3023,#329,.T.);
#3825=EDGE_CURVE('',#3008,#3024,#1660,.T.);
#3826=EDGE_CURVE('',#3017,#3024,#330,.T.);
#3827=EDGE_CURVE('',#3025,#3026,#331,.T.);
#3828=EDGE_CURVE('',#3027,#3025,#332,.T.);
#3829=EDGE_CURVE('',#3028,#3027,#333,.T.);
#3830=EDGE_CURVE('',#3029,#3028,#1661,.T.);
#3831=EDGE_CURVE('',#3030,#3029,#334,.T.);
#3832=EDGE_CURVE('',#3031,#3030,#335,.T.);
#3833=EDGE_CURVE('',#3032,#3031,#336,.T.);
#3834=EDGE_CURVE('',#3033,#3032,#337,.T.);
#3835=EDGE_CURVE('',#3034,#3033,#1662,.T.);
#3836=EDGE_CURVE('',#3035,#3034,#1663,.T.);
#3837=EDGE_CURVE('',#3036,#3035,#1664,.T.);
#3838=EDGE_CURVE('',#3037,#3036,#1665,.T.);
#3839=EDGE_CURVE('',#3038,#3037,#1666,.T.);
#3840=EDGE_CURVE('',#3026,#3038,#338,.T.);
#3841=EDGE_CURVE('',#3026,#3039,#1667,.T.);
#3842=EDGE_CURVE('',#3040,#3039,#339,.T.);
#3843=EDGE_CURVE('',#3025,#3040,#1668,.T.);
#3844=EDGE_CURVE('',#3041,#3040,#340,.T.);
#3845=EDGE_CURVE('',#3027,#3041,#1669,.T.);
#3846=EDGE_CURVE('',#3042,#3041,#341,.T.);
#3847=EDGE_CURVE('',#3028,#3042,#1670,.T.);
#3848=EDGE_CURVE('',#3043,#3042,#1671,.T.);
#3849=EDGE_CURVE('',#3029,#3043,#1672,.T.);
#3850=EDGE_CURVE('',#3044,#3043,#342,.T.);
#3851=EDGE_CURVE('',#3030,#3044,#1673,.T.);
#3852=EDGE_CURVE('',#3045,#3044,#343,.T.);
#3853=EDGE_CURVE('',#3031,#3045,#1674,.T.);
#3854=EDGE_CURVE('',#3046,#3045,#344,.T.);
#3855=EDGE_CURVE('',#3032,#3046,#1675,.T.);
#3856=EDGE_CURVE('',#3047,#3046,#345,.T.);
#3857=EDGE_CURVE('',#3033,#3047,#1676,.T.);
#3858=EDGE_CURVE('',#3048,#3047,#1677,.T.);
#3859=EDGE_CURVE('',#3034,#3048,#1678,.T.);
#3860=EDGE_CURVE('',#3049,#3048,#1679,.T.);
#3861=EDGE_CURVE('',#3035,#3049,#1680,.T.);
#3862=EDGE_CURVE('',#3050,#3049,#1681,.T.);
#3863=EDGE_CURVE('',#3036,#3050,#1682,.T.);
#3864=EDGE_CURVE('',#3051,#3050,#1683,.T.);
#3865=EDGE_CURVE('',#3037,#3051,#1684,.T.);
#3866=EDGE_CURVE('',#3052,#3051,#1685,.T.);
#3867=EDGE_CURVE('',#3038,#3052,#1686,.T.);
#3868=EDGE_CURVE('',#3039,#3052,#346,.T.);
#3869=EDGE_CURVE('',#3053,#3054,#1687,.T.);
#3870=EDGE_CURVE('',#3055,#3053,#1688,.T.);
#3871=EDGE_CURVE('',#3056,#3055,#1689,.T.);
#3872=EDGE_CURVE('',#3057,#3056,#1690,.T.);
#3873=EDGE_CURVE('',#3058,#3057,#1691,.T.);
#3874=EDGE_CURVE('',#3059,#3058,#1692,.T.);
#3875=EDGE_CURVE('',#3060,#3059,#1693,.T.);
#3876=EDGE_CURVE('',#3061,#3060,#1694,.T.);
#3877=EDGE_CURVE('',#3062,#3061,#1695,.T.);
#3878=EDGE_CURVE('',#3063,#3062,#1696,.T.);
#3879=EDGE_CURVE('',#3064,#3063,#1697,.T.);
#3880=EDGE_CURVE('',#3054,#3064,#1698,.T.);
#3881=EDGE_CURVE('',#3054,#3065,#1699,.T.);
#3882=EDGE_CURVE('',#3066,#3065,#1700,.T.);
#3883=EDGE_CURVE('',#3053,#3066,#1701,.T.);
#3884=EDGE_CURVE('',#3067,#3066,#1702,.T.);
#3885=EDGE_CURVE('',#3055,#3067,#1703,.T.);
#3886=EDGE_CURVE('',#3068,#3067,#1704,.T.);
#3887=EDGE_CURVE('',#3056,#3068,#1705,.T.);
#3888=EDGE_CURVE('',#3069,#3068,#1706,.T.);
#3889=EDGE_CURVE('',#3057,#3069,#1707,.T.);
#3890=EDGE_CURVE('',#3070,#3069,#1708,.T.);
#3891=EDGE_CURVE('',#3058,#3070,#1709,.T.);
#3892=EDGE_CURVE('',#3071,#3070,#1710,.T.);
#3893=EDGE_CURVE('',#3059,#3071,#1711,.T.);
#3894=EDGE_CURVE('',#3072,#3071,#1712,.T.);
#3895=EDGE_CURVE('',#3060,#3072,#1713,.T.);
#3896=EDGE_CURVE('',#3073,#3072,#1714,.T.);
#3897=EDGE_CURVE('',#3061,#3073,#1715,.T.);
#3898=EDGE_CURVE('',#3074,#3073,#1716,.T.);
#3899=EDGE_CURVE('',#3062,#3074,#1717,.T.);
#3900=EDGE_CURVE('',#3075,#3074,#1718,.T.);
#3901=EDGE_CURVE('',#3063,#3075,#1719,.T.);
#3902=EDGE_CURVE('',#3076,#3075,#1720,.T.);
#3903=EDGE_CURVE('',#3064,#3076,#1721,.T.);
#3904=EDGE_CURVE('',#3065,#3076,#1722,.T.);
#3905=EDGE_CURVE('',#3077,#3078,#1723,.T.);
#3906=EDGE_CURVE('',#3079,#3077,#347,.T.);
#3907=EDGE_CURVE('',#3080,#3079,#348,.T.);
#3908=EDGE_CURVE('',#3081,#3080,#349,.T.);
#3909=EDGE_CURVE('',#3082,#3081,#1724,.T.);
#3910=EDGE_CURVE('',#3083,#3082,#1725,.T.);
#3911=EDGE_CURVE('',#3084,#3083,#1726,.T.);
#3912=EDGE_CURVE('',#3085,#3084,#350,.T.);
#3913=EDGE_CURVE('',#3086,#3085,#351,.T.);
#3914=EDGE_CURVE('',#3087,#3086,#352,.T.);
#3915=EDGE_CURVE('',#3088,#3087,#1727,.T.);
#3916=EDGE_CURVE('',#3089,#3088,#1728,.T.);
#3917=EDGE_CURVE('',#3090,#3089,#1729,.T.);
#3918=EDGE_CURVE('',#3091,#3090,#353,.T.);
#3919=EDGE_CURVE('',#3092,#3091,#1730,.T.);
#3920=EDGE_CURVE('',#3078,#3092,#1731,.T.);
#3921=EDGE_CURVE('',#3078,#3093,#1732,.T.);
#3922=EDGE_CURVE('',#3094,#3093,#1733,.T.);
#3923=EDGE_CURVE('',#3077,#3094,#1734,.T.);
#3924=EDGE_CURVE('',#3095,#3094,#354,.T.);
#3925=EDGE_CURVE('',#3079,#3095,#1735,.T.);
#3926=EDGE_CURVE('',#3096,#3095,#355,.T.);
#3927=EDGE_CURVE('',#3080,#3096,#1736,.T.);
#3928=EDGE_CURVE('',#3097,#3096,#356,.T.);
#3929=EDGE_CURVE('',#3081,#3097,#1737,.T.);
#3930=EDGE_CURVE('',#3098,#3097,#1738,.T.);
#3931=EDGE_CURVE('',#3082,#3098,#1739,.T.);
#3932=EDGE_CURVE('',#3099,#3098,#1740,.T.);
#3933=EDGE_CURVE('',#3083,#3099,#1741,.T.);
#3934=EDGE_CURVE('',#3100,#3099,#1742,.T.);
#3935=EDGE_CURVE('',#3084,#3100,#1743,.T.);
#3936=EDGE_CURVE('',#3101,#3100,#357,.T.);
#3937=EDGE_CURVE('',#3085,#3101,#1744,.T.);
#3938=EDGE_CURVE('',#3102,#3101,#358,.T.);
#3939=EDGE_CURVE('',#3086,#3102,#1745,.T.);
#3940=EDGE_CURVE('',#3103,#3102,#359,.T.);
#3941=EDGE_CURVE('',#3087,#3103,#1746,.T.);
#3942=EDGE_CURVE('',#3104,#3103,#1747,.T.);
#3943=EDGE_CURVE('',#3088,#3104,#1748,.T.);
#3944=EDGE_CURVE('',#3105,#3104,#1749,.T.);
#3945=EDGE_CURVE('',#3089,#3105,#1750,.T.);
#3946=EDGE_CURVE('',#3106,#3105,#1751,.T.);
#3947=EDGE_CURVE('',#3090,#3106,#1752,.T.);
#3948=EDGE_CURVE('',#3107,#3106,#360,.T.);
#3949=EDGE_CURVE('',#3091,#3107,#1753,.T.);
#3950=EDGE_CURVE('',#3108,#3107,#1754,.T.);
#3951=EDGE_CURVE('',#3092,#3108,#1755,.T.);
#3952=EDGE_CURVE('',#3093,#3108,#1756,.T.);
#3953=EDGE_CURVE('',#3109,#3110,#1757,.T.);
#3954=EDGE_CURVE('',#3111,#3109,#1758,.T.);
#3955=EDGE_CURVE('',#3112,#3111,#361,.T.);
#3956=EDGE_CURVE('',#3113,#3112,#362,.T.);
#3957=EDGE_CURVE('',#3114,#3113,#363,.T.);
#3958=EDGE_CURVE('',#3115,#3114,#364,.T.);
#3959=EDGE_CURVE('',#3116,#3115,#365,.T.);
#3960=EDGE_CURVE('',#3117,#3116,#366,.T.);
#3961=EDGE_CURVE('',#3118,#3117,#367,.T.);
#3962=EDGE_CURVE('',#3119,#3118,#368,.T.);
#3963=EDGE_CURVE('',#3120,#3119,#1759,.T.);
#3964=EDGE_CURVE('',#3121,#3120,#1760,.T.);
#3965=EDGE_CURVE('',#3110,#3121,#1761,.T.);
#3966=EDGE_CURVE('',#3122,#3123,#1762,.T.);
#3967=EDGE_CURVE('',#3123,#3124,#369,.T.);
#3968=EDGE_CURVE('',#3124,#3125,#370,.T.);
#3969=EDGE_CURVE('',#3125,#3126,#371,.T.);
#3970=EDGE_CURVE('',#3126,#3127,#372,.T.);
#3971=EDGE_CURVE('',#3127,#3128,#373,.T.);
#3972=EDGE_CURVE('',#3128,#3129,#374,.T.);
#3973=EDGE_CURVE('',#3129,#3130,#375,.T.);
#3974=EDGE_CURVE('',#3130,#3131,#376,.T.);
#3975=EDGE_CURVE('',#3131,#3124,#377,.T.);
#3976=EDGE_CURVE('',#3124,#3122,#378,.T.);
#3977=EDGE_CURVE('',#3110,#3132,#1763,.T.);
#3978=EDGE_CURVE('',#3133,#3132,#1764,.T.);
#3979=EDGE_CURVE('',#3109,#3133,#1765,.T.);
#3980=EDGE_CURVE('',#3134,#3133,#1766,.T.);
#3981=EDGE_CURVE('',#3111,#3134,#1767,.T.);
#3982=EDGE_CURVE('',#3135,#3134,#379,.T.);
#3983=EDGE_CURVE('',#3112,#3135,#1768,.T.);
#3984=EDGE_CURVE('',#3136,#3135,#380,.T.);
#3985=EDGE_CURVE('',#3113,#3136,#1769,.T.);
#3986=EDGE_CURVE('',#3137,#3136,#381,.T.);
#3987=EDGE_CURVE('',#3114,#3137,#1770,.T.);
#3988=EDGE_CURVE('',#3138,#3137,#382,.T.);
#3989=EDGE_CURVE('',#3115,#3138,#1771,.T.);
#3990=EDGE_CURVE('',#3139,#3138,#383,.T.);
#3991=EDGE_CURVE('',#3116,#3139,#1772,.T.);
#3992=EDGE_CURVE('',#3140,#3139,#384,.T.);
#3993=EDGE_CURVE('',#3117,#3140,#1773,.T.);
#3994=EDGE_CURVE('',#3141,#3140,#385,.T.);
#3995=EDGE_CURVE('',#3118,#3141,#1774,.T.);
#3996=EDGE_CURVE('',#3142,#3141,#386,.T.);
#3997=EDGE_CURVE('',#3119,#3142,#1775,.T.);
#3998=EDGE_CURVE('',#3143,#3142,#1776,.T.);
#3999=EDGE_CURVE('',#3120,#3143,#1777,.T.);
#4000=EDGE_CURVE('',#3144,#3143,#1778,.T.);
#4001=EDGE_CURVE('',#3121,#3144,#1779,.T.);
#4002=EDGE_CURVE('',#3132,#3144,#1780,.T.);
#4003=EDGE_CURVE('',#3122,#3145,#1781,.T.);
#4004=EDGE_CURVE('',#3146,#3145,#1782,.T.);
#4005=EDGE_CURVE('',#3123,#3146,#1783,.T.);
#4006=EDGE_CURVE('',#3147,#3146,#387,.T.);
#4007=EDGE_CURVE('',#3124,#3147,#1784,.T.);
#4008=EDGE_CURVE('',#3124,#3147,#1785,.T.);
#4009=EDGE_CURVE('',#3148,#3147,#388,.T.);
#4010=EDGE_CURVE('',#3125,#3148,#1786,.T.);
#4011=EDGE_CURVE('',#3149,#3148,#389,.T.);
#4012=EDGE_CURVE('',#3126,#3149,#1787,.T.);
#4013=EDGE_CURVE('',#3150,#3149,#390,.T.);
#4014=EDGE_CURVE('',#3127,#3150,#1788,.T.);
#4015=EDGE_CURVE('',#3151,#3150,#391,.T.);
#4016=EDGE_CURVE('',#3128,#3151,#1789,.T.);
#4017=EDGE_CURVE('',#3152,#3151,#392,.T.);
#4018=EDGE_CURVE('',#3129,#3152,#1790,.T.);
#4019=EDGE_CURVE('',#3153,#3152,#393,.T.);
#4020=EDGE_CURVE('',#3130,#3153,#1791,.T.);
#4021=EDGE_CURVE('',#3154,#3153,#394,.T.);
#4022=EDGE_CURVE('',#3131,#3154,#1792,.T.);
#4023=EDGE_CURVE('',#3147,#3154,#395,.T.);
#4024=EDGE_CURVE('',#3145,#3147,#396,.T.);
#4025=EDGE_CURVE('',#3155,#3156,#621,.F.);
#4026=EDGE_CURVE('',#3155,#3157,#1793,.T.);
#4027=EDGE_CURVE('',#3158,#3157,#622,.F.);
#4028=EDGE_CURVE('',#3158,#3159,#1794,.T.);
#4029=EDGE_CURVE('',#3160,#3159,#623,.F.);
#4030=EDGE_CURVE('',#3160,#3161,#1795,.T.);
#4031=EDGE_CURVE('',#3162,#3161,#624,.F.);
#4032=EDGE_CURVE('',#3162,#3156,#1796,.T.);
#4033=EDGE_CURVE('',#3163,#3164,#625,.T.);
#4034=EDGE_CURVE('',#3165,#3164,#1797,.T.);
#4035=EDGE_CURVE('',#3165,#3166,#626,.T.);
#4036=EDGE_CURVE('',#3166,#3163,#1798,.T.);
#4037=EDGE_CURVE('',#3167,#3168,#627,.T.);
#4038=EDGE_CURVE('',#3168,#3164,#628,.T.);
#4039=EDGE_CURVE('',#3163,#3167,#629,.T.);
#4040=EDGE_CURVE('',#3169,#3170,#630,.T.);
#4041=EDGE_CURVE('',#3170,#3166,#631,.T.);
#4042=EDGE_CURVE('',#3165,#3169,#632,.T.);
#4043=EDGE_CURVE('',#3171,#3172,#633,.T.);
#4044=EDGE_CURVE('',#3168,#3172,#1799,.T.);
#4045=EDGE_CURVE('',#3167,#3171,#1800,.T.);
#4046=EDGE_CURVE('',#3173,#3174,#634,.T.);
#4047=EDGE_CURVE('',#3174,#3170,#1801,.T.);
#4048=EDGE_CURVE('',#3173,#3169,#1802,.T.);
#4049=EDGE_CURVE('',#3175,#3176,#635,.T.);
#4050=EDGE_CURVE('',#3176,#3172,#636,.T.);
#4051=EDGE_CURVE('',#3171,#3175,#637,.T.);
#4052=EDGE_CURVE('',#3177,#3178,#638,.T.);
#4053=EDGE_CURVE('',#3178,#3174,#639,.T.);
#4054=EDGE_CURVE('',#3173,#3177,#640,.T.);
#4055=EDGE_CURVE('',#3176,#3177,#1803,.T.);
#4056=EDGE_CURVE('',#3175,#3178,#1804,.T.);
#4057=EDGE_CURVE('',#3179,#3180,#641,.T.);
#4058=EDGE_CURVE('',#3179,#3181,#1805,.T.);
#4059=EDGE_CURVE('',#3182,#3181,#642,.T.);
#4060=EDGE_CURVE('',#3182,#3183,#1806,.T.);
#4061=EDGE_CURVE('',#3184,#3183,#643,.T.);
#4062=EDGE_CURVE('',#3184,#3185,#1807,.T.);
#4063=EDGE_CURVE('',#3186,#3185,#644,.T.);
#4064=EDGE_CURVE('',#3186,#3180,#1808,.T.);
#4065=EDGE_CURVE('',#3180,#3160,#1809,.T.);
#4066=EDGE_CURVE('',#3159,#3179,#1810,.T.);
#4067=EDGE_CURVE('',#3181,#3158,#1811,.T.);
#4068=EDGE_CURVE('',#3185,#3162,#1812,.T.);
#4069=EDGE_CURVE('',#3161,#3186,#1813,.T.);
#4070=EDGE_CURVE('',#3183,#3155,#1814,.T.);
#4071=EDGE_CURVE('',#3156,#3184,#1815,.T.);
#4072=EDGE_CURVE('',#3157,#3182,#1816,.T.);
#4073=EDGE_CURVE('',#3187,#3188,#1817,.T.);
#4074=EDGE_CURVE('',#3189,#3187,#1818,.T.);
#4075=EDGE_CURVE('',#3190,#3189,#1819,.T.);
#4076=EDGE_CURVE('',#3188,#3190,#1820,.T.);
#4077=EDGE_CURVE('',#3188,#3191,#1821,.T.);
#4078=EDGE_CURVE('',#3191,#3192,#1822,.T.);
#4079=EDGE_CURVE('',#3192,#3193,#1823,.T.);
#4080=EDGE_CURVE('',#3193,#3187,#645,.T.);
#4081=EDGE_CURVE('',#3190,#3194,#1824,.T.);
#4082=EDGE_CURVE('',#3194,#3191,#1825,.T.);
#4083=EDGE_CURVE('',#3189,#3195,#646,.T.);
#4084=EDGE_CURVE('',#3195,#3196,#1826,.T.);
#4085=EDGE_CURVE('',#3194,#3196,#1827,.T.);
#4086=EDGE_CURVE('',#3195,#3193,#1828,.T.);
#4087=EDGE_CURVE('',#3196,#3192,#1829,.T.);
#4088=EDGE_CURVE('',#3197,#3198,#1830,.T.);
#4089=EDGE_CURVE('',#3198,#3199,#1831,.T.);
#4090=EDGE_CURVE('',#3199,#3200,#1832,.T.);
#4091=EDGE_CURVE('',#3197,#3200,#1833,.T.);
#4092=EDGE_CURVE('',#3201,#3202,#1834,.T.);
#4093=EDGE_CURVE('',#3199,#3202,#1835,.T.);
#4094=EDGE_CURVE('',#3198,#3203,#1836,.T.);
#4095=EDGE_CURVE('',#3203,#3201,#647,.T.);
#4096=EDGE_CURVE('',#3204,#3197,#1837,.T.);
#4097=EDGE_CURVE('',#3204,#3203,#1838,.T.);
#4098=EDGE_CURVE('',#3205,#3201,#1839,.T.);
#4099=EDGE_CURVE('',#3205,#3204,#648,.T.);
#4100=EDGE_CURVE('',#3206,#3205,#1840,.T.);
#4101=EDGE_CURVE('',#3200,#3206,#1841,.T.);
#4102=EDGE_CURVE('',#3202,#3206,#1842,.T.);
#4103=EDGE_CURVE('',#3207,#3208,#1843,.T.);
#4104=EDGE_CURVE('',#3207,#3209,#1844,.T.);
#4105=EDGE_CURVE('',#3210,#3209,#1845,.T.);
#4106=EDGE_CURVE('',#3208,#3210,#1846,.T.);
#4107=EDGE_CURVE('',#3211,#3208,#1847,.T.);
#4108=EDGE_CURVE('',#3212,#3210,#1848,.T.);
#4109=EDGE_CURVE('',#3211,#3212,#1849,.T.);
#4110=EDGE_CURVE('',#3213,#3211,#649,.T.);
#4111=EDGE_CURVE('',#3214,#3212,#650,.T.);
#4112=EDGE_CURVE('',#3213,#3214,#1850,.T.);
#4113=EDGE_CURVE('',#3215,#3213,#1851,.T.);
#4114=EDGE_CURVE('',#3216,#3214,#1852,.T.);
#4115=EDGE_CURVE('',#3215,#3216,#1853,.T.);
#4116=EDGE_CURVE('',#3215,#3207,#1854,.T.);
#4117=EDGE_CURVE('',#3209,#3216,#1855,.T.);
#4118=EDGE_CURVE('',#3217,#3218,#397,.T.);
#4119=EDGE_CURVE('',#3218,#3219,#1856,.T.);
#4120=EDGE_CURVE('',#3220,#3219,#398,.T.);
#4121=EDGE_CURVE('',#3217,#3220,#1857,.T.);
#4122=EDGE_CURVE('',#3221,#3217,#399,.T.);
#4123=EDGE_CURVE('',#3222,#3220,#400,.T.);
#4124=EDGE_CURVE('',#3221,#3222,#1858,.T.);
#4125=EDGE_CURVE('',#3223,#3221,#401,.T.);
#4126=EDGE_CURVE('',#3224,#3222,#402,.T.);
#4127=EDGE_CURVE('',#3223,#3224,#1859,.T.);
#4128=EDGE_CURVE('',#3225,#3223,#403,.T.);
#4129=EDGE_CURVE('',#3226,#3224,#404,.T.);
#4130=EDGE_CURVE('',#3225,#3226,#1860,.T.);
#4131=EDGE_CURVE('',#3227,#3225,#405,.T.);
#4132=EDGE_CURVE('',#3228,#3226,#406,.T.);
#4133=EDGE_CURVE('',#3227,#3228,#1861,.T.);
#4134=EDGE_CURVE('',#3229,#3227,#407,.T.);
#4135=EDGE_CURVE('',#3230,#3228,#408,.T.);
#4136=EDGE_CURVE('',#3229,#3230,#1862,.T.);
#4137=EDGE_CURVE('',#3231,#3229,#409,.T.);
#4138=EDGE_CURVE('',#3232,#3230,#410,.T.);
#4139=EDGE_CURVE('',#3231,#3232,#1863,.T.);
#4140=EDGE_CURVE('',#3233,#3231,#1864,.T.);
#4141=EDGE_CURVE('',#3234,#3232,#1865,.T.);
#4142=EDGE_CURVE('',#3233,#3234,#1866,.T.);
#4143=EDGE_CURVE('',#3229,#3233,#411,.T.);
#4144=EDGE_CURVE('',#3230,#3234,#412,.T.);
#4145=EDGE_CURVE('',#3229,#3230,#1867,.T.);
#4146=EDGE_CURVE('',#3235,#3229,#413,.T.);
#4147=EDGE_CURVE('',#3236,#3230,#414,.T.);
#4148=EDGE_CURVE('',#3235,#3236,#1868,.T.);
#4149=EDGE_CURVE('',#3218,#3235,#415,.T.);
#4150=EDGE_CURVE('',#3219,#3236,#416,.T.);
#4151=EDGE_CURVE('',#3237,#3238,#1869,.T.);
#4152=EDGE_CURVE('',#3237,#3239,#1870,.T.);
#4153=EDGE_CURVE('',#3240,#3239,#1871,.T.);
#4154=EDGE_CURVE('',#3238,#3240,#1872,.T.);
#4155=EDGE_CURVE('',#3238,#3241,#1873,.T.);
#4156=EDGE_CURVE('',#3242,#3240,#1874,.T.);
#4157=EDGE_CURVE('',#3241,#3242,#1875,.T.);
#4158=EDGE_CURVE('',#3241,#3243,#417,.T.);
#4159=EDGE_CURVE('',#3244,#3242,#418,.T.);
#4160=EDGE_CURVE('',#3243,#3244,#1876,.T.);
#4161=EDGE_CURVE('',#3243,#3245,#419,.T.);
#4162=EDGE_CURVE('',#3246,#3244,#420,.T.);
#4163=EDGE_CURVE('',#3245,#3246,#1877,.T.);
#4164=EDGE_CURVE('',#3245,#3247,#421,.T.);
#4165=EDGE_CURVE('',#3248,#3246,#422,.T.);
#4166=EDGE_CURVE('',#3247,#3248,#1878,.T.);
#4167=EDGE_CURVE('',#3247,#3249,#423,.T.);
#4168=EDGE_CURVE('',#3250,#3248,#424,.T.);
#4169=EDGE_CURVE('',#3249,#3250,#1879,.T.);
#4170=EDGE_CURVE('',#3249,#3251,#425,.T.);
#4171=EDGE_CURVE('',#3252,#3250,#426,.T.);
#4172=EDGE_CURVE('',#3251,#3252,#1880,.T.);
#4173=EDGE_CURVE('',#3251,#3253,#427,.T.);
#4174=EDGE_CURVE('',#3254,#3252,#428,.T.);
#4175=EDGE_CURVE('',#3253,#3254,#1881,.T.);
#4176=EDGE_CURVE('',#3253,#3255,#429,.T.);
#4177=EDGE_CURVE('',#3256,#3254,#430,.T.);
#4178=EDGE_CURVE('',#3255,#3256,#1882,.T.);
#4179=EDGE_CURVE('',#3255,#3257,#431,.T.);
#4180=EDGE_CURVE('',#3258,#3256,#432,.T.);
#4181=EDGE_CURVE('',#3257,#3258,#1883,.T.);
#4182=EDGE_CURVE('',#3257,#3259,#1884,.T.);
#4183=EDGE_CURVE('',#3260,#3258,#1885,.T.);
#4184=EDGE_CURVE('',#3259,#3260,#1886,.T.);
#4185=EDGE_CURVE('',#3259,#3261,#1887,.T.);
#4186=EDGE_CURVE('',#3262,#3260,#1888,.T.);
#4187=EDGE_CURVE('',#3261,#3262,#1889,.T.);
#4188=EDGE_CURVE('',#3261,#3237,#1890,.T.);
#4189=EDGE_CURVE('',#3239,#3262,#1891,.T.);
#4190=EDGE_CURVE('',#3263,#3264,#1892,.T.);
#4191=EDGE_CURVE('',#3263,#3265,#1893,.T.);
#4192=EDGE_CURVE('',#3266,#3265,#1894,.T.);
#4193=EDGE_CURVE('',#3264,#3266,#1895,.T.);
#4194=EDGE_CURVE('',#3264,#3267,#433,.T.);
#4195=EDGE_CURVE('',#3268,#3266,#434,.T.);
#4196=EDGE_CURVE('',#3267,#3268,#1896,.T.);
#4197=EDGE_CURVE('',#3267,#3269,#1897,.T.);
#4198=EDGE_CURVE('',#3270,#3268,#1898,.T.);
#4199=EDGE_CURVE('',#3269,#3270,#1899,.T.);
#4200=EDGE_CURVE('',#3269,#3271,#1900,.T.);
#4201=EDGE_CURVE('',#3272,#3270,#1901,.T.);
#4202=EDGE_CURVE('',#3271,#3272,#1902,.T.);
#4203=EDGE_CURVE('',#3271,#3273,#1903,.T.);
#4204=EDGE_CURVE('',#3274,#3272,#1904,.T.);
#4205=EDGE_CURVE('',#3273,#3274,#1905,.T.);
#4206=EDGE_CURVE('',#3273,#3275,#435,.T.);
#4207=EDGE_CURVE('',#3276,#3274,#436,.T.);
#4208=EDGE_CURVE('',#3275,#3276,#1906,.T.);
#4209=EDGE_CURVE('',#3275,#3277,#437,.T.);
#4210=EDGE_CURVE('',#3278,#3276,#438,.T.);
#4211=EDGE_CURVE('',#3277,#3278,#1907,.T.);
#4212=EDGE_CURVE('',#3277,#3279,#439,.T.);
#4213=EDGE_CURVE('',#3280,#3278,#440,.T.);
#4214=EDGE_CURVE('',#3279,#3280,#1908,.T.);
#4215=EDGE_CURVE('',#3279,#3281,#1909,.T.);
#4216=EDGE_CURVE('',#3282,#3280,#1910,.T.);
#4217=EDGE_CURVE('',#3281,#3282,#1911,.T.);
#4218=EDGE_CURVE('',#3281,#3283,#1912,.T.);
#4219=EDGE_CURVE('',#3284,#3282,#1913,.T.);
#4220=EDGE_CURVE('',#3283,#3284,#1914,.T.);
#4221=EDGE_CURVE('',#3283,#3285,#1915,.T.);
#4222=EDGE_CURVE('',#3286,#3284,#1916,.T.);
#4223=EDGE_CURVE('',#3285,#3286,#1917,.T.);
#4224=EDGE_CURVE('',#3285,#3287,#441,.T.);
#4225=EDGE_CURVE('',#3288,#3286,#442,.T.);
#4226=EDGE_CURVE('',#3287,#3288,#1918,.T.);
#4227=EDGE_CURVE('',#3287,#3289,#443,.T.);
#4228=EDGE_CURVE('',#3290,#3288,#444,.T.);
#4229=EDGE_CURVE('',#3289,#3290,#1919,.T.);
#4230=EDGE_CURVE('',#3289,#3291,#445,.T.);
#4231=EDGE_CURVE('',#3292,#3290,#446,.T.);
#4232=EDGE_CURVE('',#3291,#3292,#1920,.T.);
#4233=EDGE_CURVE('',#3291,#3293,#1921,.T.);
#4234=EDGE_CURVE('',#3294,#3292,#1922,.T.);
#4235=EDGE_CURVE('',#3293,#3294,#1923,.T.);
#4236=EDGE_CURVE('',#3293,#3263,#1924,.T.);
#4237=EDGE_CURVE('',#3265,#3294,#1925,.T.);
#4238=EDGE_CURVE('',#3295,#3296,#1926,.T.);
#4239=EDGE_CURVE('',#3295,#3297,#1927,.T.);
#4240=EDGE_CURVE('',#3298,#3297,#1928,.T.);
#4241=EDGE_CURVE('',#3296,#3298,#1929,.T.);
#4242=EDGE_CURVE('',#3296,#3299,#1930,.T.);
#4243=EDGE_CURVE('',#3300,#3298,#1931,.T.);
#4244=EDGE_CURVE('',#3299,#3300,#1932,.T.);
#4245=EDGE_CURVE('',#3299,#3301,#1933,.T.);
#4246=EDGE_CURVE('',#3302,#3300,#1934,.T.);
#4247=EDGE_CURVE('',#3301,#3302,#1935,.T.);
#4248=EDGE_CURVE('',#3301,#3303,#1936,.T.);
#4249=EDGE_CURVE('',#3304,#3302,#1937,.T.);
#4250=EDGE_CURVE('',#3303,#3304,#1938,.T.);
#4251=EDGE_CURVE('',#3303,#3305,#1939,.T.);
#4252=EDGE_CURVE('',#3306,#3304,#1940,.T.);
#4253=EDGE_CURVE('',#3305,#3306,#1941,.T.);
#4254=EDGE_CURVE('',#3305,#3307,#1942,.T.);
#4255=EDGE_CURVE('',#3308,#3306,#1943,.T.);
#4256=EDGE_CURVE('',#3307,#3308,#1944,.T.);
#4257=EDGE_CURVE('',#3307,#3309,#1945,.T.);
#4258=EDGE_CURVE('',#3310,#3308,#1946,.T.);
#4259=EDGE_CURVE('',#3309,#3310,#1947,.T.);
#4260=EDGE_CURVE('',#3309,#3311,#1948,.T.);
#4261=EDGE_CURVE('',#3312,#3310,#1949,.T.);
#4262=EDGE_CURVE('',#3311,#3312,#1950,.T.);
#4263=EDGE_CURVE('',#3311,#3313,#1951,.T.);
#4264=EDGE_CURVE('',#3314,#3312,#1952,.T.);
#4265=EDGE_CURVE('',#3313,#3314,#1953,.T.);
#4266=EDGE_CURVE('',#3313,#3315,#1954,.T.);
#4267=EDGE_CURVE('',#3316,#3314,#1955,.T.);
#4268=EDGE_CURVE('',#3315,#3316,#1956,.T.);
#4269=EDGE_CURVE('',#3315,#3317,#1957,.T.);
#4270=EDGE_CURVE('',#3318,#3316,#1958,.T.);
#4271=EDGE_CURVE('',#3317,#3318,#1959,.T.);
#4272=EDGE_CURVE('',#3317,#3295,#1960,.T.);
#4273=EDGE_CURVE('',#3297,#3318,#1961,.T.);
#4274=EDGE_CURVE('',#3319,#3320,#1962,.T.);
#4275=EDGE_CURVE('',#3319,#3321,#1963,.T.);
#4276=EDGE_CURVE('',#3322,#3321,#1964,.T.);
#4277=EDGE_CURVE('',#3320,#3322,#1965,.T.);
#4278=EDGE_CURVE('',#3320,#3323,#1966,.T.);
#4279=EDGE_CURVE('',#3324,#3322,#1967,.T.);
#4280=EDGE_CURVE('',#3323,#3324,#1968,.T.);
#4281=EDGE_CURVE('',#3323,#3325,#1969,.T.);
#4282=EDGE_CURVE('',#3326,#3324,#1970,.T.);
#4283=EDGE_CURVE('',#3325,#3326,#1971,.T.);
#4284=EDGE_CURVE('',#3325,#3327,#1972,.T.);
#4285=EDGE_CURVE('',#3328,#3326,#1973,.T.);
#4286=EDGE_CURVE('',#3327,#3328,#1974,.T.);
#4287=EDGE_CURVE('',#3327,#3329,#1975,.T.);
#4288=EDGE_CURVE('',#3330,#3328,#1976,.T.);
#4289=EDGE_CURVE('',#3329,#3330,#1977,.T.);
#4290=EDGE_CURVE('',#3329,#3331,#447,.T.);
#4291=EDGE_CURVE('',#3332,#3330,#448,.T.);
#4292=EDGE_CURVE('',#3331,#3332,#1978,.T.);
#4293=EDGE_CURVE('',#3331,#3333,#449,.T.);
#4294=EDGE_CURVE('',#3334,#3332,#450,.T.);
#4295=EDGE_CURVE('',#3333,#3334,#1979,.T.);
#4296=EDGE_CURVE('',#3333,#3335,#451,.T.);
#4297=EDGE_CURVE('',#3336,#3334,#452,.T.);
#4298=EDGE_CURVE('',#3335,#3336,#1980,.T.);
#4299=EDGE_CURVE('',#3335,#3337,#453,.T.);
#4300=EDGE_CURVE('',#3338,#3336,#454,.T.);
#4301=EDGE_CURVE('',#3337,#3338,#1981,.T.);
#4302=EDGE_CURVE('',#3337,#3339,#1982,.T.);
#4303=EDGE_CURVE('',#3340,#3338,#1983,.T.);
#4304=EDGE_CURVE('',#3339,#3340,#1984,.T.);
#4305=EDGE_CURVE('',#3339,#3341,#455,.T.);
#4306=EDGE_CURVE('',#3342,#3340,#456,.T.);
#4307=EDGE_CURVE('',#3341,#3342,#1985,.T.);
#4308=EDGE_CURVE('',#3341,#3343,#457,.T.);
#4309=EDGE_CURVE('',#3344,#3342,#458,.T.);
#4310=EDGE_CURVE('',#3343,#3344,#1986,.T.);
#4311=EDGE_CURVE('',#3343,#3345,#459,.T.);
#4312=EDGE_CURVE('',#3346,#3344,#460,.T.);
#4313=EDGE_CURVE('',#3345,#3346,#1987,.T.);
#4314=EDGE_CURVE('',#3345,#3319,#461,.T.);
#4315=EDGE_CURVE('',#3321,#3346,#462,.T.);
#4316=EDGE_CURVE('',#3347,#3348,#463,.T.);
#4317=EDGE_CURVE('',#3348,#3349,#1988,.T.);
#4318=EDGE_CURVE('',#3350,#3349,#464,.T.);
#4319=EDGE_CURVE('',#3347,#3350,#1989,.T.);
#4320=EDGE_CURVE('',#3351,#3347,#465,.T.);
#4321=EDGE_CURVE('',#3352,#3350,#466,.T.);
#4322=EDGE_CURVE('',#3351,#3352,#1990,.T.);
#4323=EDGE_CURVE('',#3353,#3351,#467,.T.);
#4324=EDGE_CURVE('',#3354,#3352,#468,.T.);
#4325=EDGE_CURVE('',#3353,#3354,#1991,.T.);
#4326=EDGE_CURVE('',#3355,#3353,#469,.T.);
#4327=EDGE_CURVE('',#3356,#3354,#470,.T.);
#4328=EDGE_CURVE('',#3355,#3356,#1992,.T.);
#4329=EDGE_CURVE('',#3357,#3355,#471,.T.);
#4330=EDGE_CURVE('',#3358,#3356,#472,.T.);
#4331=EDGE_CURVE('',#3357,#3358,#1993,.T.);
#4332=EDGE_CURVE('',#3359,#3357,#473,.T.);
#4333=EDGE_CURVE('',#3360,#3358,#474,.T.);
#4334=EDGE_CURVE('',#3359,#3360,#1994,.T.);
#4335=EDGE_CURVE('',#3361,#3359,#475,.T.);
#4336=EDGE_CURVE('',#3362,#3360,#476,.T.);
#4337=EDGE_CURVE('',#3361,#3362,#1995,.T.);
#4338=EDGE_CURVE('',#3348,#3361,#477,.T.);
#4339=EDGE_CURVE('',#3349,#3362,#478,.T.);
#4340=EDGE_CURVE('',#3363,#3364,#479,.T.);
#4341=EDGE_CURVE('',#3363,#3365,#1996,.T.);
#4342=EDGE_CURVE('',#3366,#3365,#480,.T.);
#4343=EDGE_CURVE('',#3364,#3366,#1997,.T.);
#4344=EDGE_CURVE('',#3364,#3367,#481,.T.);
#4345=EDGE_CURVE('',#3368,#3366,#482,.T.);
#4346=EDGE_CURVE('',#3367,#3368,#1998,.T.);
#4347=EDGE_CURVE('',#3367,#3369,#483,.T.);
#4348=EDGE_CURVE('',#3370,#3368,#484,.T.);
#4349=EDGE_CURVE('',#3369,#3370,#1999,.T.);
#4350=EDGE_CURVE('',#3369,#3371,#485,.T.);
#4351=EDGE_CURVE('',#3372,#3370,#486,.T.);
#4352=EDGE_CURVE('',#3371,#3372,#2000,.T.);
#4353=EDGE_CURVE('',#3371,#3373,#487,.T.);
#4354=EDGE_CURVE('',#3374,#3372,#488,.T.);
#4355=EDGE_CURVE('',#3373,#3374,#2001,.T.);
#4356=EDGE_CURVE('',#3373,#3375,#489,.T.);
#4357=EDGE_CURVE('',#3376,#3374,#490,.T.);
#4358=EDGE_CURVE('',#3375,#3376,#2002,.T.);
#4359=EDGE_CURVE('',#3375,#3377,#491,.T.);
#4360=EDGE_CURVE('',#3378,#3376,#492,.T.);
#4361=EDGE_CURVE('',#3377,#3378,#2003,.T.);
#4362=EDGE_CURVE('',#3377,#3363,#493,.T.);
#4363=EDGE_CURVE('',#3365,#3378,#494,.T.);
#4364=EDGE_CURVE('',#3379,#3380,#2004,.T.);
#4365=EDGE_CURVE('',#3379,#3381,#2005,.T.);
#4366=EDGE_CURVE('',#3382,#3381,#2006,.T.);
#4367=EDGE_CURVE('',#3380,#3382,#2007,.T.);
#4368=EDGE_CURVE('',#3380,#3383,#2008,.T.);
#4369=EDGE_CURVE('',#3384,#3382,#2009,.T.);
#4370=EDGE_CURVE('',#3383,#3384,#2010,.T.);
#4371=EDGE_CURVE('',#3383,#3385,#2011,.T.);
#4372=EDGE_CURVE('',#3386,#3384,#2012,.T.);
#4373=EDGE_CURVE('',#3385,#3386,#2013,.T.);
#4374=EDGE_CURVE('',#3385,#3379,#2014,.T.);
#4375=EDGE_CURVE('',#3381,#3386,#2015,.T.);
#4376=EDGE_CURVE('',#3387,#3388,#2016,.T.);
#4377=EDGE_CURVE('',#3387,#3389,#2017,.T.);
#4378=EDGE_CURVE('',#3390,#3389,#2018,.T.);
#4379=EDGE_CURVE('',#3388,#3390,#2019,.T.);
#4380=EDGE_CURVE('',#3388,#3391,#2020,.T.);
#4381=EDGE_CURVE('',#3392,#3390,#2021,.T.);
#4382=EDGE_CURVE('',#3391,#3392,#2022,.T.);
#4383=EDGE_CURVE('',#3391,#3393,#2023,.T.);
#4384=EDGE_CURVE('',#3394,#3392,#2024,.T.);
#4385=EDGE_CURVE('',#3393,#3394,#2025,.T.);
#4386=EDGE_CURVE('',#3393,#3395,#2026,.T.);
#4387=EDGE_CURVE('',#3396,#3394,#2027,.T.);
#4388=EDGE_CURVE('',#3395,#3396,#2028,.T.);
#4389=EDGE_CURVE('',#3395,#3397,#2029,.T.);
#4390=EDGE_CURVE('',#3398,#3396,#2030,.T.);
#4391=EDGE_CURVE('',#3397,#3398,#2031,.T.);
#4392=EDGE_CURVE('',#3397,#3399,#2032,.T.);
#4393=EDGE_CURVE('',#3400,#3398,#2033,.T.);
#4394=EDGE_CURVE('',#3399,#3400,#2034,.T.);
#4395=EDGE_CURVE('',#3399,#3401,#2035,.T.);
#4396=EDGE_CURVE('',#3402,#3400,#2036,.T.);
#4397=EDGE_CURVE('',#3401,#3402,#2037,.T.);
#4398=EDGE_CURVE('',#3401,#3403,#2038,.T.);
#4399=EDGE_CURVE('',#3404,#3402,#2039,.T.);
#4400=EDGE_CURVE('',#3403,#3404,#2040,.T.);
#4401=EDGE_CURVE('',#3403,#3405,#2041,.T.);
#4402=EDGE_CURVE('',#3406,#3404,#2042,.T.);
#4403=EDGE_CURVE('',#3405,#3406,#2043,.T.);
#4404=EDGE_CURVE('',#3405,#3407,#2044,.T.);
#4405=EDGE_CURVE('',#3408,#3406,#2045,.T.);
#4406=EDGE_CURVE('',#3407,#3408,#2046,.T.);
#4407=EDGE_CURVE('',#3407,#3409,#2047,.T.);
#4408=EDGE_CURVE('',#3410,#3408,#2048,.T.);
#4409=EDGE_CURVE('',#3409,#3410,#2049,.T.);
#4410=EDGE_CURVE('',#3409,#3411,#2050,.T.);
#4411=EDGE_CURVE('',#3412,#3410,#2051,.T.);
#4412=EDGE_CURVE('',#3411,#3412,#2052,.T.);
#4413=EDGE_CURVE('',#3411,#3387,#2053,.T.);
#4414=EDGE_CURVE('',#3389,#3412,#2054,.T.);
#4415=EDGE_CURVE('',#3413,#3414,#495,.T.);
#4416=EDGE_CURVE('',#3414,#3415,#2055,.T.);
#4417=EDGE_CURVE('',#3416,#3415,#496,.T.);
#4418=EDGE_CURVE('',#3413,#3416,#2056,.T.);
#4419=EDGE_CURVE('',#3417,#3413,#497,.T.);
#4420=EDGE_CURVE('',#3418,#3416,#498,.T.);
#4421=EDGE_CURVE('',#3417,#3418,#2057,.T.);
#4422=EDGE_CURVE('',#3419,#3417,#499,.T.);
#4423=EDGE_CURVE('',#3420,#3418,#500,.T.);
#4424=EDGE_CURVE('',#3419,#3420,#2058,.T.);
#4425=EDGE_CURVE('',#3421,#3419,#501,.T.);
#4426=EDGE_CURVE('',#3422,#3420,#502,.T.);
#4427=EDGE_CURVE('',#3421,#3422,#2059,.T.);
#4428=EDGE_CURVE('',#3423,#3421,#503,.T.);
#4429=EDGE_CURVE('',#3424,#3422,#504,.T.);
#4430=EDGE_CURVE('',#3423,#3424,#2060,.T.);
#4431=EDGE_CURVE('',#3425,#3423,#505,.T.);
#4432=EDGE_CURVE('',#3426,#3424,#506,.T.);
#4433=EDGE_CURVE('',#3425,#3426,#2061,.T.);
#4434=EDGE_CURVE('',#3427,#3425,#507,.T.);
#4435=EDGE_CURVE('',#3428,#3426,#508,.T.);
#4436=EDGE_CURVE('',#3427,#3428,#2062,.T.);
#4437=EDGE_CURVE('',#3414,#3427,#509,.T.);
#4438=EDGE_CURVE('',#3415,#3428,#510,.T.);
#4439=EDGE_CURVE('',#3429,#3430,#511,.T.);
#4440=EDGE_CURVE('',#3429,#3431,#2063,.T.);
#4441=EDGE_CURVE('',#3432,#3431,#512,.T.);
#4442=EDGE_CURVE('',#3430,#3432,#2064,.T.);
#4443=EDGE_CURVE('',#3430,#3433,#513,.T.);
#4444=EDGE_CURVE('',#3434,#3432,#514,.T.);
#4445=EDGE_CURVE('',#3433,#3434,#2065,.T.);
#4446=EDGE_CURVE('',#3433,#3435,#515,.T.);
#4447=EDGE_CURVE('',#3436,#3434,#516,.T.);
#4448=EDGE_CURVE('',#3435,#3436,#2066,.T.);
#4449=EDGE_CURVE('',#3435,#3437,#517,.T.);
#4450=EDGE_CURVE('',#3438,#3436,#518,.T.);
#4451=EDGE_CURVE('',#3437,#3438,#2067,.T.);
#4452=EDGE_CURVE('',#3437,#3439,#519,.T.);
#4453=EDGE_CURVE('',#3440,#3438,#520,.T.);
#4454=EDGE_CURVE('',#3439,#3440,#2068,.T.);
#4455=EDGE_CURVE('',#3439,#3441,#521,.T.);
#4456=EDGE_CURVE('',#3442,#3440,#522,.T.);
#4457=EDGE_CURVE('',#3441,#3442,#2069,.T.);
#4458=EDGE_CURVE('',#3441,#3443,#523,.T.);
#4459=EDGE_CURVE('',#3444,#3442,#524,.T.);
#4460=EDGE_CURVE('',#3443,#3444,#2070,.T.);
#4461=EDGE_CURVE('',#3443,#3429,#525,.T.);
#4462=EDGE_CURVE('',#3431,#3444,#526,.T.);
#4463=EDGE_CURVE('',#3445,#3446,#2071,.T.);
#4464=EDGE_CURVE('',#3445,#3447,#2072,.T.);
#4465=EDGE_CURVE('',#3448,#3447,#2073,.T.);
#4466=EDGE_CURVE('',#3446,#3448,#2074,.T.);
#4467=EDGE_CURVE('',#3446,#3449,#2075,.T.);
#4468=EDGE_CURVE('',#3450,#3448,#2076,.T.);
#4469=EDGE_CURVE('',#3449,#3450,#2077,.T.);
#4470=EDGE_CURVE('',#3449,#3451,#2078,.T.);
#4471=EDGE_CURVE('',#3452,#3450,#2079,.T.);
#4472=EDGE_CURVE('',#3451,#3452,#2080,.T.);
#4473=EDGE_CURVE('',#3451,#3453,#2081,.T.);
#4474=EDGE_CURVE('',#3454,#3452,#2082,.T.);
#4475=EDGE_CURVE('',#3453,#3454,#2083,.T.);
#4476=EDGE_CURVE('',#3453,#3455,#2084,.T.);
#4477=EDGE_CURVE('',#3456,#3454,#2085,.T.);
#4478=EDGE_CURVE('',#3455,#3456,#2086,.T.);
#4479=EDGE_CURVE('',#3455,#3457,#527,.T.);
#4480=EDGE_CURVE('',#3458,#3456,#528,.T.);
#4481=EDGE_CURVE('',#3457,#3458,#2087,.T.);
#4482=EDGE_CURVE('',#3457,#3459,#529,.T.);
#4483=EDGE_CURVE('',#3460,#3458,#530,.T.);
#4484=EDGE_CURVE('',#3459,#3460,#2088,.T.);
#4485=EDGE_CURVE('',#3459,#3461,#531,.T.);
#4486=EDGE_CURVE('',#3462,#3460,#532,.T.);
#4487=EDGE_CURVE('',#3461,#3462,#2089,.T.);
#4488=EDGE_CURVE('',#3461,#3463,#533,.T.);
#4489=EDGE_CURVE('',#3464,#3462,#534,.T.);
#4490=EDGE_CURVE('',#3463,#3464,#2090,.T.);
#4491=EDGE_CURVE('',#3463,#3465,#2091,.T.);
#4492=EDGE_CURVE('',#3466,#3464,#2092,.T.);
#4493=EDGE_CURVE('',#3465,#3466,#2093,.T.);
#4494=EDGE_CURVE('',#3465,#3467,#535,.T.);
#4495=EDGE_CURVE('',#3468,#3466,#536,.T.);
#4496=EDGE_CURVE('',#3467,#3468,#2094,.T.);
#4497=EDGE_CURVE('',#3467,#3469,#537,.T.);
#4498=EDGE_CURVE('',#3470,#3468,#538,.T.);
#4499=EDGE_CURVE('',#3469,#3470,#2095,.T.);
#4500=EDGE_CURVE('',#3469,#3471,#539,.T.);
#4501=EDGE_CURVE('',#3472,#3470,#540,.T.);
#4502=EDGE_CURVE('',#3471,#3472,#2096,.T.);
#4503=EDGE_CURVE('',#3471,#3445,#541,.T.);
#4504=EDGE_CURVE('',#3447,#3472,#542,.T.);
#4505=EDGE_CURVE('',#3473,#3474,#543,.T.);
#4506=EDGE_CURVE('',#3474,#3475,#2097,.T.);
#4507=EDGE_CURVE('',#3476,#3475,#544,.T.);
#4508=EDGE_CURVE('',#3473,#3476,#2098,.T.);
#4509=EDGE_CURVE('',#3477,#3473,#545,.T.);
#4510=EDGE_CURVE('',#3478,#3476,#546,.T.);
#4511=EDGE_CURVE('',#3477,#3478,#2099,.T.);
#4512=EDGE_CURVE('',#3479,#3477,#547,.T.);
#4513=EDGE_CURVE('',#3480,#3478,#548,.T.);
#4514=EDGE_CURVE('',#3479,#3480,#2100,.T.);
#4515=EDGE_CURVE('',#3481,#3479,#549,.T.);
#4516=EDGE_CURVE('',#3482,#3480,#550,.T.);
#4517=EDGE_CURVE('',#3481,#3482,#2101,.T.);
#4518=EDGE_CURVE('',#3483,#3481,#551,.T.);
#4519=EDGE_CURVE('',#3484,#3482,#552,.T.);
#4520=EDGE_CURVE('',#3483,#3484,#2102,.T.);
#4521=EDGE_CURVE('',#3485,#3483,#553,.T.);
#4522=EDGE_CURVE('',#3486,#3484,#554,.T.);
#4523=EDGE_CURVE('',#3485,#3486,#2103,.T.);
#4524=EDGE_CURVE('',#3487,#3485,#555,.T.);
#4525=EDGE_CURVE('',#3488,#3486,#556,.T.);
#4526=EDGE_CURVE('',#3487,#3488,#2104,.T.);
#4527=EDGE_CURVE('',#3474,#3487,#557,.T.);
#4528=EDGE_CURVE('',#3475,#3488,#558,.T.);
#4529=EDGE_CURVE('',#3489,#3490,#559,.T.);
#4530=EDGE_CURVE('',#3489,#3491,#2105,.T.);
#4531=EDGE_CURVE('',#3492,#3491,#560,.T.);
#4532=EDGE_CURVE('',#3490,#3492,#2106,.T.);
#4533=EDGE_CURVE('',#3490,#3493,#561,.T.);
#4534=EDGE_CURVE('',#3494,#3492,#562,.T.);
#4535=EDGE_CURVE('',#3493,#3494,#2107,.T.);
#4536=EDGE_CURVE('',#3493,#3495,#563,.T.);
#4537=EDGE_CURVE('',#3496,#3494,#564,.T.);
#4538=EDGE_CURVE('',#3495,#3496,#2108,.T.);
#4539=EDGE_CURVE('',#3495,#3497,#565,.T.);
#4540=EDGE_CURVE('',#3498,#3496,#566,.T.);
#4541=EDGE_CURVE('',#3497,#3498,#2109,.T.);
#4542=EDGE_CURVE('',#3497,#3499,#567,.T.);
#4543=EDGE_CURVE('',#3500,#3498,#568,.T.);
#4544=EDGE_CURVE('',#3499,#3500,#2110,.T.);
#4545=EDGE_CURVE('',#3499,#3501,#569,.T.);
#4546=EDGE_CURVE('',#3502,#3500,#570,.T.);
#4547=EDGE_CURVE('',#3501,#3502,#2111,.T.);
#4548=EDGE_CURVE('',#3501,#3503,#571,.T.);
#4549=EDGE_CURVE('',#3504,#3502,#572,.T.);
#4550=EDGE_CURVE('',#3503,#3504,#2112,.T.);
#4551=EDGE_CURVE('',#3503,#3489,#573,.T.);
#4552=EDGE_CURVE('',#3491,#3504,#574,.T.);
#4553=EDGE_CURVE('',#3505,#3506,#2113,.T.);
#4554=EDGE_CURVE('',#3505,#3507,#2114,.T.);
#4555=EDGE_CURVE('',#3508,#3507,#2115,.T.);
#4556=EDGE_CURVE('',#3506,#3508,#2116,.T.);
#4557=EDGE_CURVE('',#3506,#3509,#2117,.T.);
#4558=EDGE_CURVE('',#3510,#3508,#2118,.T.);
#4559=EDGE_CURVE('',#3509,#3510,#2119,.T.);
#4560=EDGE_CURVE('',#3509,#3511,#2120,.T.);
#4561=EDGE_CURVE('',#3512,#3510,#2121,.T.);
#4562=EDGE_CURVE('',#3511,#3512,#2122,.T.);
#4563=EDGE_CURVE('',#3511,#3513,#2123,.T.);
#4564=EDGE_CURVE('',#3514,#3512,#2124,.T.);
#4565=EDGE_CURVE('',#3513,#3514,#2125,.T.);
#4566=EDGE_CURVE('',#3513,#3515,#2126,.T.);
#4567=EDGE_CURVE('',#3516,#3514,#2127,.T.);
#4568=EDGE_CURVE('',#3515,#3516,#2128,.T.);
#4569=EDGE_CURVE('',#3515,#3517,#2129,.T.);
#4570=EDGE_CURVE('',#3518,#3516,#2130,.T.);
#4571=EDGE_CURVE('',#3517,#3518,#2131,.T.);
#4572=EDGE_CURVE('',#3517,#3519,#2132,.T.);
#4573=EDGE_CURVE('',#3520,#3518,#2133,.T.);
#4574=EDGE_CURVE('',#3519,#3520,#2134,.T.);
#4575=EDGE_CURVE('',#3519,#3521,#2135,.T.);
#4576=EDGE_CURVE('',#3522,#3520,#2136,.T.);
#4577=EDGE_CURVE('',#3521,#3522,#2137,.T.);
#4578=EDGE_CURVE('',#3521,#3523,#2138,.T.);
#4579=EDGE_CURVE('',#3524,#3522,#2139,.T.);
#4580=EDGE_CURVE('',#3523,#3524,#2140,.T.);
#4581=EDGE_CURVE('',#3523,#3525,#2141,.T.);
#4582=EDGE_CURVE('',#3526,#3524,#2142,.T.);
#4583=EDGE_CURVE('',#3525,#3526,#2143,.T.);
#4584=EDGE_CURVE('',#3525,#3527,#2144,.T.);
#4585=EDGE_CURVE('',#3528,#3526,#2145,.T.);
#4586=EDGE_CURVE('',#3527,#3528,#2146,.T.);
#4587=EDGE_CURVE('',#3527,#3529,#2147,.T.);
#4588=EDGE_CURVE('',#3530,#3528,#2148,.T.);
#4589=EDGE_CURVE('',#3529,#3530,#2149,.T.);
#4590=EDGE_CURVE('',#3529,#3531,#2150,.T.);
#4591=EDGE_CURVE('',#3532,#3530,#2151,.T.);
#4592=EDGE_CURVE('',#3531,#3532,#2152,.T.);
#4593=EDGE_CURVE('',#3531,#3505,#2153,.T.);
#4594=EDGE_CURVE('',#3507,#3532,#2154,.T.);
#4595=ORIENTED_EDGE('',*,*,#3533,.F.);
#4596=ORIENTED_EDGE('',*,*,#3534,.T.);
#4597=ORIENTED_EDGE('',*,*,#3535,.T.);
#4598=ORIENTED_EDGE('',*,*,#3536,.F.);
#4599=ORIENTED_EDGE('',*,*,#3537,.F.);
#4600=ORIENTED_EDGE('',*,*,#3536,.T.);
#4601=ORIENTED_EDGE('',*,*,#3538,.T.);
#4602=ORIENTED_EDGE('',*,*,#3539,.F.);
#4603=ORIENTED_EDGE('',*,*,#3540,.F.);
#4604=ORIENTED_EDGE('',*,*,#3541,.F.);
#4605=ORIENTED_EDGE('',*,*,#3538,.F.);
#4606=ORIENTED_EDGE('',*,*,#3535,.F.);
#4607=ORIENTED_EDGE('',*,*,#3542,.T.);
#4608=ORIENTED_EDGE('',*,*,#3543,.F.);
#4609=ORIENTED_EDGE('',*,*,#3544,.F.);
#4610=ORIENTED_EDGE('',*,*,#3545,.F.);
#4611=ORIENTED_EDGE('',*,*,#3542,.F.);
#4612=ORIENTED_EDGE('',*,*,#3534,.F.);
#4613=ORIENTED_EDGE('',*,*,#3544,.T.);
#4614=ORIENTED_EDGE('',*,*,#3546,.T.);
#4615=ORIENTED_EDGE('',*,*,#3540,.T.);
#4616=ORIENTED_EDGE('',*,*,#3547,.T.);
#4617=ORIENTED_EDGE('',*,*,#3545,.T.);
#4618=ORIENTED_EDGE('',*,*,#3547,.F.);
#4619=ORIENTED_EDGE('',*,*,#3539,.T.);
#4620=ORIENTED_EDGE('',*,*,#3541,.T.);
#4621=ORIENTED_EDGE('',*,*,#3543,.T.);
#4622=ORIENTED_EDGE('',*,*,#3533,.T.);
#4623=ORIENTED_EDGE('',*,*,#3537,.T.);
#4624=ORIENTED_EDGE('',*,*,#3546,.F.);
#4625=ORIENTED_EDGE('',*,*,#3548,.F.);
#4626=ORIENTED_EDGE('',*,*,#3549,.F.);
#4627=ORIENTED_EDGE('',*,*,#3550,.F.);
#4628=ORIENTED_EDGE('',*,*,#3551,.F.);
#4629=ORIENTED_EDGE('',*,*,#3552,.F.);
#4630=ORIENTED_EDGE('',*,*,#3553,.F.);
#4631=ORIENTED_EDGE('',*,*,#3554,.F.);
#4632=ORIENTED_EDGE('',*,*,#3555,.F.);
#4633=ORIENTED_EDGE('',*,*,#3556,.T.);
#4634=ORIENTED_EDGE('',*,*,#3557,.T.);
#4635=ORIENTED_EDGE('',*,*,#3558,.T.);
#4636=ORIENTED_EDGE('',*,*,#3559,.T.);
#4637=ORIENTED_EDGE('',*,*,#3560,.T.);
#4638=ORIENTED_EDGE('',*,*,#3561,.T.);
#4639=ORIENTED_EDGE('',*,*,#3562,.T.);
#4640=ORIENTED_EDGE('',*,*,#3563,.T.);
#4641=ORIENTED_EDGE('',*,*,#3548,.T.);
#4642=ORIENTED_EDGE('',*,*,#3564,.T.);
#4643=ORIENTED_EDGE('',*,*,#3565,.F.);
#4644=ORIENTED_EDGE('',*,*,#3566,.F.);
#4645=ORIENTED_EDGE('',*,*,#3549,.T.);
#4646=ORIENTED_EDGE('',*,*,#3566,.T.);
#4647=ORIENTED_EDGE('',*,*,#3567,.F.);
#4648=ORIENTED_EDGE('',*,*,#3568,.F.);
#4649=ORIENTED_EDGE('',*,*,#3550,.T.);
#4650=ORIENTED_EDGE('',*,*,#3568,.T.);
#4651=ORIENTED_EDGE('',*,*,#3569,.F.);
#4652=ORIENTED_EDGE('',*,*,#3570,.F.);
#4653=ORIENTED_EDGE('',*,*,#3551,.T.);
#4654=ORIENTED_EDGE('',*,*,#3570,.T.);
#4655=ORIENTED_EDGE('',*,*,#3571,.F.);
#4656=ORIENTED_EDGE('',*,*,#3572,.F.);
#4657=ORIENTED_EDGE('',*,*,#3552,.T.);
#4658=ORIENTED_EDGE('',*,*,#3572,.T.);
#4659=ORIENTED_EDGE('',*,*,#3573,.F.);
#4660=ORIENTED_EDGE('',*,*,#3574,.F.);
#4661=ORIENTED_EDGE('',*,*,#3553,.T.);
#4662=ORIENTED_EDGE('',*,*,#3574,.T.);
#4663=ORIENTED_EDGE('',*,*,#3575,.F.);
#4664=ORIENTED_EDGE('',*,*,#3576,.F.);
#4665=ORIENTED_EDGE('',*,*,#3554,.T.);
#4666=ORIENTED_EDGE('',*,*,#3576,.T.);
#4667=ORIENTED_EDGE('',*,*,#3577,.F.);
#4668=ORIENTED_EDGE('',*,*,#3578,.F.);
#4669=ORIENTED_EDGE('',*,*,#3555,.T.);
#4670=ORIENTED_EDGE('',*,*,#3578,.T.);
#4671=ORIENTED_EDGE('',*,*,#3579,.F.);
#4672=ORIENTED_EDGE('',*,*,#3564,.F.);
#4673=ORIENTED_EDGE('',*,*,#3556,.F.);
#4674=ORIENTED_EDGE('',*,*,#3580,.T.);
#4675=ORIENTED_EDGE('',*,*,#3581,.F.);
#4676=ORIENTED_EDGE('',*,*,#3582,.F.);
#4677=ORIENTED_EDGE('',*,*,#3557,.F.);
#4678=ORIENTED_EDGE('',*,*,#3582,.T.);
#4679=ORIENTED_EDGE('',*,*,#3583,.F.);
#4680=ORIENTED_EDGE('',*,*,#3584,.F.);
#4681=ORIENTED_EDGE('',*,*,#3558,.F.);
#4682=ORIENTED_EDGE('',*,*,#3584,.T.);
#4683=ORIENTED_EDGE('',*,*,#3585,.F.);
#4684=ORIENTED_EDGE('',*,*,#3586,.F.);
#4685=ORIENTED_EDGE('',*,*,#3559,.F.);
#4686=ORIENTED_EDGE('',*,*,#3586,.T.);
#4687=ORIENTED_EDGE('',*,*,#3587,.F.);
#4688=ORIENTED_EDGE('',*,*,#3588,.F.);
#4689=ORIENTED_EDGE('',*,*,#3560,.F.);
#4690=ORIENTED_EDGE('',*,*,#3588,.T.);
#4691=ORIENTED_EDGE('',*,*,#3589,.F.);
#4692=ORIENTED_EDGE('',*,*,#3590,.F.);
#4693=ORIENTED_EDGE('',*,*,#3561,.F.);
#4694=ORIENTED_EDGE('',*,*,#3590,.T.);
#4695=ORIENTED_EDGE('',*,*,#3591,.F.);
#4696=ORIENTED_EDGE('',*,*,#3592,.F.);
#4697=ORIENTED_EDGE('',*,*,#3562,.F.);
#4698=ORIENTED_EDGE('',*,*,#3592,.T.);
#4699=ORIENTED_EDGE('',*,*,#3593,.F.);
#4700=ORIENTED_EDGE('',*,*,#3594,.F.);
#4701=ORIENTED_EDGE('',*,*,#3563,.F.);
#4702=ORIENTED_EDGE('',*,*,#3594,.T.);
#4703=ORIENTED_EDGE('',*,*,#3595,.F.);
#4704=ORIENTED_EDGE('',*,*,#3580,.F.);
#4705=ORIENTED_EDGE('',*,*,#3596,.F.);
#4706=ORIENTED_EDGE('',*,*,#3597,.F.);
#4707=ORIENTED_EDGE('',*,*,#3598,.F.);
#4708=ORIENTED_EDGE('',*,*,#3599,.F.);
#4709=ORIENTED_EDGE('',*,*,#3600,.F.);
#4710=ORIENTED_EDGE('',*,*,#3601,.F.);
#4711=ORIENTED_EDGE('',*,*,#3602,.F.);
#4712=ORIENTED_EDGE('',*,*,#3603,.F.);
#4713=ORIENTED_EDGE('',*,*,#3604,.F.);
#4714=ORIENTED_EDGE('',*,*,#3605,.F.);
#4715=ORIENTED_EDGE('',*,*,#3606,.F.);
#4716=ORIENTED_EDGE('',*,*,#3607,.F.);
#4717=ORIENTED_EDGE('',*,*,#3608,.F.);
#4718=ORIENTED_EDGE('',*,*,#3609,.F.);
#4719=ORIENTED_EDGE('',*,*,#3596,.T.);
#4720=ORIENTED_EDGE('',*,*,#3610,.T.);
#4721=ORIENTED_EDGE('',*,*,#3611,.F.);
#4722=ORIENTED_EDGE('',*,*,#3612,.F.);
#4723=ORIENTED_EDGE('',*,*,#3597,.T.);
#4724=ORIENTED_EDGE('',*,*,#3612,.T.);
#4725=ORIENTED_EDGE('',*,*,#3613,.F.);
#4726=ORIENTED_EDGE('',*,*,#3614,.F.);
#4727=ORIENTED_EDGE('',*,*,#3598,.T.);
#4728=ORIENTED_EDGE('',*,*,#3614,.T.);
#4729=ORIENTED_EDGE('',*,*,#3615,.F.);
#4730=ORIENTED_EDGE('',*,*,#3616,.F.);
#4731=ORIENTED_EDGE('',*,*,#3599,.T.);
#4732=ORIENTED_EDGE('',*,*,#3616,.T.);
#4733=ORIENTED_EDGE('',*,*,#3617,.F.);
#4734=ORIENTED_EDGE('',*,*,#3618,.F.);
#4735=ORIENTED_EDGE('',*,*,#3600,.T.);
#4736=ORIENTED_EDGE('',*,*,#3618,.T.);
#4737=ORIENTED_EDGE('',*,*,#3619,.F.);
#4738=ORIENTED_EDGE('',*,*,#3620,.F.);
#4739=ORIENTED_EDGE('',*,*,#3601,.T.);
#4740=ORIENTED_EDGE('',*,*,#3620,.T.);
#4741=ORIENTED_EDGE('',*,*,#3621,.F.);
#4742=ORIENTED_EDGE('',*,*,#3622,.F.);
#4743=ORIENTED_EDGE('',*,*,#3602,.T.);
#4744=ORIENTED_EDGE('',*,*,#3622,.T.);
#4745=ORIENTED_EDGE('',*,*,#3623,.F.);
#4746=ORIENTED_EDGE('',*,*,#3624,.F.);
#4747=ORIENTED_EDGE('',*,*,#3603,.T.);
#4748=ORIENTED_EDGE('',*,*,#3624,.T.);
#4749=ORIENTED_EDGE('',*,*,#3625,.F.);
#4750=ORIENTED_EDGE('',*,*,#3626,.F.);
#4751=ORIENTED_EDGE('',*,*,#3604,.T.);
#4752=ORIENTED_EDGE('',*,*,#3626,.T.);
#4753=ORIENTED_EDGE('',*,*,#3627,.F.);
#4754=ORIENTED_EDGE('',*,*,#3628,.F.);
#4755=ORIENTED_EDGE('',*,*,#3605,.T.);
#4756=ORIENTED_EDGE('',*,*,#3628,.T.);
#4757=ORIENTED_EDGE('',*,*,#3629,.F.);
#4758=ORIENTED_EDGE('',*,*,#3630,.F.);
#4759=ORIENTED_EDGE('',*,*,#3606,.T.);
#4760=ORIENTED_EDGE('',*,*,#3630,.T.);
#4761=ORIENTED_EDGE('',*,*,#3631,.F.);
#4762=ORIENTED_EDGE('',*,*,#3632,.F.);
#4763=ORIENTED_EDGE('',*,*,#3607,.T.);
#4764=ORIENTED_EDGE('',*,*,#3632,.T.);
#4765=ORIENTED_EDGE('',*,*,#3633,.F.);
#4766=ORIENTED_EDGE('',*,*,#3634,.F.);
#4767=ORIENTED_EDGE('',*,*,#3608,.T.);
#4768=ORIENTED_EDGE('',*,*,#3634,.T.);
#4769=ORIENTED_EDGE('',*,*,#3635,.F.);
#4770=ORIENTED_EDGE('',*,*,#3636,.F.);
#4771=ORIENTED_EDGE('',*,*,#3609,.T.);
#4772=ORIENTED_EDGE('',*,*,#3636,.T.);
#4773=ORIENTED_EDGE('',*,*,#3637,.F.);
#4774=ORIENTED_EDGE('',*,*,#3610,.F.);
#4775=ORIENTED_EDGE('',*,*,#3638,.F.);
#4776=ORIENTED_EDGE('',*,*,#3639,.F.);
#4777=ORIENTED_EDGE('',*,*,#3640,.F.);
#4778=ORIENTED_EDGE('',*,*,#3641,.F.);
#4779=ORIENTED_EDGE('',*,*,#3642,.F.);
#4780=ORIENTED_EDGE('',*,*,#3643,.F.);
#4781=ORIENTED_EDGE('',*,*,#3644,.F.);
#4782=ORIENTED_EDGE('',*,*,#3645,.F.);
#4783=ORIENTED_EDGE('',*,*,#3646,.T.);
#4784=ORIENTED_EDGE('',*,*,#3647,.T.);
#4785=ORIENTED_EDGE('',*,*,#3648,.T.);
#4786=ORIENTED_EDGE('',*,*,#3649,.T.);
#4787=ORIENTED_EDGE('',*,*,#3650,.T.);
#4788=ORIENTED_EDGE('',*,*,#3651,.T.);
#4789=ORIENTED_EDGE('',*,*,#3652,.T.);
#4790=ORIENTED_EDGE('',*,*,#3653,.T.);
#4791=ORIENTED_EDGE('',*,*,#3638,.T.);
#4792=ORIENTED_EDGE('',*,*,#3654,.T.);
#4793=ORIENTED_EDGE('',*,*,#3655,.F.);
#4794=ORIENTED_EDGE('',*,*,#3656,.F.);
#4795=ORIENTED_EDGE('',*,*,#3639,.T.);
#4796=ORIENTED_EDGE('',*,*,#3656,.T.);
#4797=ORIENTED_EDGE('',*,*,#3657,.F.);
#4798=ORIENTED_EDGE('',*,*,#3658,.F.);
#4799=ORIENTED_EDGE('',*,*,#3640,.T.);
#4800=ORIENTED_EDGE('',*,*,#3658,.T.);
#4801=ORIENTED_EDGE('',*,*,#3659,.F.);
#4802=ORIENTED_EDGE('',*,*,#3660,.F.);
#4803=ORIENTED_EDGE('',*,*,#3641,.T.);
#4804=ORIENTED_EDGE('',*,*,#3660,.T.);
#4805=ORIENTED_EDGE('',*,*,#3661,.F.);
#4806=ORIENTED_EDGE('',*,*,#3662,.F.);
#4807=ORIENTED_EDGE('',*,*,#3642,.T.);
#4808=ORIENTED_EDGE('',*,*,#3662,.T.);
#4809=ORIENTED_EDGE('',*,*,#3663,.F.);
#4810=ORIENTED_EDGE('',*,*,#3664,.F.);
#4811=ORIENTED_EDGE('',*,*,#3643,.T.);
#4812=ORIENTED_EDGE('',*,*,#3664,.T.);
#4813=ORIENTED_EDGE('',*,*,#3665,.F.);
#4814=ORIENTED_EDGE('',*,*,#3666,.F.);
#4815=ORIENTED_EDGE('',*,*,#3644,.T.);
#4816=ORIENTED_EDGE('',*,*,#3666,.T.);
#4817=ORIENTED_EDGE('',*,*,#3667,.F.);
#4818=ORIENTED_EDGE('',*,*,#3668,.F.);
#4819=ORIENTED_EDGE('',*,*,#3645,.T.);
#4820=ORIENTED_EDGE('',*,*,#3668,.T.);
#4821=ORIENTED_EDGE('',*,*,#3669,.F.);
#4822=ORIENTED_EDGE('',*,*,#3654,.F.);
#4823=ORIENTED_EDGE('',*,*,#3646,.F.);
#4824=ORIENTED_EDGE('',*,*,#3670,.T.);
#4825=ORIENTED_EDGE('',*,*,#3671,.F.);
#4826=ORIENTED_EDGE('',*,*,#3672,.F.);
#4827=ORIENTED_EDGE('',*,*,#3647,.F.);
#4828=ORIENTED_EDGE('',*,*,#3672,.T.);
#4829=ORIENTED_EDGE('',*,*,#3673,.F.);
#4830=ORIENTED_EDGE('',*,*,#3674,.F.);
#4831=ORIENTED_EDGE('',*,*,#3648,.F.);
#4832=ORIENTED_EDGE('',*,*,#3674,.T.);
#4833=ORIENTED_EDGE('',*,*,#3675,.F.);
#4834=ORIENTED_EDGE('',*,*,#3676,.F.);
#4835=ORIENTED_EDGE('',*,*,#3649,.F.);
#4836=ORIENTED_EDGE('',*,*,#3676,.T.);
#4837=ORIENTED_EDGE('',*,*,#3677,.F.);
#4838=ORIENTED_EDGE('',*,*,#3678,.F.);
#4839=ORIENTED_EDGE('',*,*,#3650,.F.);
#4840=ORIENTED_EDGE('',*,*,#3678,.T.);
#4841=ORIENTED_EDGE('',*,*,#3679,.F.);
#4842=ORIENTED_EDGE('',*,*,#3680,.F.);
#4843=ORIENTED_EDGE('',*,*,#3651,.F.);
#4844=ORIENTED_EDGE('',*,*,#3680,.T.);
#4845=ORIENTED_EDGE('',*,*,#3681,.F.);
#4846=ORIENTED_EDGE('',*,*,#3682,.F.);
#4847=ORIENTED_EDGE('',*,*,#3652,.F.);
#4848=ORIENTED_EDGE('',*,*,#3682,.T.);
#4849=ORIENTED_EDGE('',*,*,#3683,.F.);
#4850=ORIENTED_EDGE('',*,*,#3684,.F.);
#4851=ORIENTED_EDGE('',*,*,#3653,.F.);
#4852=ORIENTED_EDGE('',*,*,#3684,.T.);
#4853=ORIENTED_EDGE('',*,*,#3685,.F.);
#4854=ORIENTED_EDGE('',*,*,#3670,.F.);
#4855=ORIENTED_EDGE('',*,*,#3686,.F.);
#4856=ORIENTED_EDGE('',*,*,#3687,.F.);
#4857=ORIENTED_EDGE('',*,*,#3688,.F.);
#4858=ORIENTED_EDGE('',*,*,#3689,.F.);
#4859=ORIENTED_EDGE('',*,*,#3690,.F.);
#4860=ORIENTED_EDGE('',*,*,#3691,.F.);
#4861=ORIENTED_EDGE('',*,*,#3692,.F.);
#4862=ORIENTED_EDGE('',*,*,#3693,.F.);
#4863=ORIENTED_EDGE('',*,*,#3694,.F.);
#4864=ORIENTED_EDGE('',*,*,#3695,.F.);
#4865=ORIENTED_EDGE('',*,*,#3696,.F.);
#4866=ORIENTED_EDGE('',*,*,#3697,.F.);
#4867=ORIENTED_EDGE('',*,*,#3698,.F.);
#4868=ORIENTED_EDGE('',*,*,#3686,.T.);
#4869=ORIENTED_EDGE('',*,*,#3699,.T.);
#4870=ORIENTED_EDGE('',*,*,#3700,.F.);
#4871=ORIENTED_EDGE('',*,*,#3701,.F.);
#4872=ORIENTED_EDGE('',*,*,#3687,.T.);
#4873=ORIENTED_EDGE('',*,*,#3701,.T.);
#4874=ORIENTED_EDGE('',*,*,#3702,.F.);
#4875=ORIENTED_EDGE('',*,*,#3703,.F.);
#4876=ORIENTED_EDGE('',*,*,#3688,.T.);
#4877=ORIENTED_EDGE('',*,*,#3703,.T.);
#4878=ORIENTED_EDGE('',*,*,#3704,.F.);
#4879=ORIENTED_EDGE('',*,*,#3705,.F.);
#4880=ORIENTED_EDGE('',*,*,#3689,.T.);
#4881=ORIENTED_EDGE('',*,*,#3705,.T.);
#4882=ORIENTED_EDGE('',*,*,#3706,.F.);
#4883=ORIENTED_EDGE('',*,*,#3707,.F.);
#4884=ORIENTED_EDGE('',*,*,#3690,.T.);
#4885=ORIENTED_EDGE('',*,*,#3707,.T.);
#4886=ORIENTED_EDGE('',*,*,#3708,.F.);
#4887=ORIENTED_EDGE('',*,*,#3709,.F.);
#4888=ORIENTED_EDGE('',*,*,#3691,.T.);
#4889=ORIENTED_EDGE('',*,*,#3709,.T.);
#4890=ORIENTED_EDGE('',*,*,#3710,.F.);
#4891=ORIENTED_EDGE('',*,*,#3711,.F.);
#4892=ORIENTED_EDGE('',*,*,#3692,.T.);
#4893=ORIENTED_EDGE('',*,*,#3711,.T.);
#4894=ORIENTED_EDGE('',*,*,#3712,.F.);
#4895=ORIENTED_EDGE('',*,*,#3713,.F.);
#4896=ORIENTED_EDGE('',*,*,#3693,.T.);
#4897=ORIENTED_EDGE('',*,*,#3713,.T.);
#4898=ORIENTED_EDGE('',*,*,#3714,.F.);
#4899=ORIENTED_EDGE('',*,*,#3715,.F.);
#4900=ORIENTED_EDGE('',*,*,#3694,.T.);
#4901=ORIENTED_EDGE('',*,*,#3715,.T.);
#4902=ORIENTED_EDGE('',*,*,#3716,.F.);
#4903=ORIENTED_EDGE('',*,*,#3717,.F.);
#4904=ORIENTED_EDGE('',*,*,#3695,.T.);
#4905=ORIENTED_EDGE('',*,*,#3717,.T.);
#4906=ORIENTED_EDGE('',*,*,#3718,.F.);
#4907=ORIENTED_EDGE('',*,*,#3719,.F.);
#4908=ORIENTED_EDGE('',*,*,#3696,.T.);
#4909=ORIENTED_EDGE('',*,*,#3719,.T.);
#4910=ORIENTED_EDGE('',*,*,#3720,.F.);
#4911=ORIENTED_EDGE('',*,*,#3721,.F.);
#4912=ORIENTED_EDGE('',*,*,#3697,.T.);
#4913=ORIENTED_EDGE('',*,*,#3721,.T.);
#4914=ORIENTED_EDGE('',*,*,#3722,.F.);
#4915=ORIENTED_EDGE('',*,*,#3723,.F.);
#4916=ORIENTED_EDGE('',*,*,#3698,.T.);
#4917=ORIENTED_EDGE('',*,*,#3723,.T.);
#4918=ORIENTED_EDGE('',*,*,#3724,.F.);
#4919=ORIENTED_EDGE('',*,*,#3699,.F.);
#4920=ORIENTED_EDGE('',*,*,#3725,.F.);
#4921=ORIENTED_EDGE('',*,*,#3726,.F.);
#4922=ORIENTED_EDGE('',*,*,#3727,.F.);
#4923=ORIENTED_EDGE('',*,*,#3728,.F.);
#4924=ORIENTED_EDGE('',*,*,#3725,.T.);
#4925=ORIENTED_EDGE('',*,*,#3729,.T.);
#4926=ORIENTED_EDGE('',*,*,#3730,.F.);
#4927=ORIENTED_EDGE('',*,*,#3731,.F.);
#4928=ORIENTED_EDGE('',*,*,#3726,.T.);
#4929=ORIENTED_EDGE('',*,*,#3731,.T.);
#4930=ORIENTED_EDGE('',*,*,#3732,.F.);
#4931=ORIENTED_EDGE('',*,*,#3733,.F.);
#4932=ORIENTED_EDGE('',*,*,#3727,.T.);
#4933=ORIENTED_EDGE('',*,*,#3733,.T.);
#4934=ORIENTED_EDGE('',*,*,#3734,.F.);
#4935=ORIENTED_EDGE('',*,*,#3735,.F.);
#4936=ORIENTED_EDGE('',*,*,#3728,.T.);
#4937=ORIENTED_EDGE('',*,*,#3735,.T.);
#4938=ORIENTED_EDGE('',*,*,#3736,.F.);
#4939=ORIENTED_EDGE('',*,*,#3729,.F.);
#4940=ORIENTED_EDGE('',*,*,#3737,.F.);
#4941=ORIENTED_EDGE('',*,*,#3738,.F.);
#4942=ORIENTED_EDGE('',*,*,#3739,.F.);
#4943=ORIENTED_EDGE('',*,*,#3740,.F.);
#4944=ORIENTED_EDGE('',*,*,#3741,.F.);
#4945=ORIENTED_EDGE('',*,*,#3742,.F.);
#4946=ORIENTED_EDGE('',*,*,#3743,.F.);
#4947=ORIENTED_EDGE('',*,*,#3744,.F.);
#4948=ORIENTED_EDGE('',*,*,#3745,.F.);
#4949=ORIENTED_EDGE('',*,*,#3746,.F.);
#4950=ORIENTED_EDGE('',*,*,#3747,.F.);
#4951=ORIENTED_EDGE('',*,*,#3748,.F.);
#4952=ORIENTED_EDGE('',*,*,#3749,.F.);
#4953=ORIENTED_EDGE('',*,*,#3750,.F.);
#4954=ORIENTED_EDGE('',*,*,#3737,.T.);
#4955=ORIENTED_EDGE('',*,*,#3751,.T.);
#4956=ORIENTED_EDGE('',*,*,#3752,.F.);
#4957=ORIENTED_EDGE('',*,*,#3753,.F.);
#4958=ORIENTED_EDGE('',*,*,#3738,.T.);
#4959=ORIENTED_EDGE('',*,*,#3753,.T.);
#4960=ORIENTED_EDGE('',*,*,#3754,.F.);
#4961=ORIENTED_EDGE('',*,*,#3755,.F.);
#4962=ORIENTED_EDGE('',*,*,#3739,.T.);
#4963=ORIENTED_EDGE('',*,*,#3755,.T.);
#4964=ORIENTED_EDGE('',*,*,#3756,.F.);
#4965=ORIENTED_EDGE('',*,*,#3757,.F.);
#4966=ORIENTED_EDGE('',*,*,#3740,.T.);
#4967=ORIENTED_EDGE('',*,*,#3757,.T.);
#4968=ORIENTED_EDGE('',*,*,#3758,.F.);
#4969=ORIENTED_EDGE('',*,*,#3759,.F.);
#4970=ORIENTED_EDGE('',*,*,#3741,.T.);
#4971=ORIENTED_EDGE('',*,*,#3759,.T.);
#4972=ORIENTED_EDGE('',*,*,#3760,.F.);
#4973=ORIENTED_EDGE('',*,*,#3761,.F.);
#4974=ORIENTED_EDGE('',*,*,#3742,.T.);
#4975=ORIENTED_EDGE('',*,*,#3761,.T.);
#4976=ORIENTED_EDGE('',*,*,#3762,.F.);
#4977=ORIENTED_EDGE('',*,*,#3763,.F.);
#4978=ORIENTED_EDGE('',*,*,#3743,.T.);
#4979=ORIENTED_EDGE('',*,*,#3763,.T.);
#4980=ORIENTED_EDGE('',*,*,#3764,.F.);
#4981=ORIENTED_EDGE('',*,*,#3765,.F.);
#4982=ORIENTED_EDGE('',*,*,#3744,.T.);
#4983=ORIENTED_EDGE('',*,*,#3765,.T.);
#4984=ORIENTED_EDGE('',*,*,#3766,.F.);
#4985=ORIENTED_EDGE('',*,*,#3767,.F.);
#4986=ORIENTED_EDGE('',*,*,#3745,.T.);
#4987=ORIENTED_EDGE('',*,*,#3767,.T.);
#4988=ORIENTED_EDGE('',*,*,#3768,.F.);
#4989=ORIENTED_EDGE('',*,*,#3769,.F.);
#4990=ORIENTED_EDGE('',*,*,#3746,.T.);
#4991=ORIENTED_EDGE('',*,*,#3769,.T.);
#4992=ORIENTED_EDGE('',*,*,#3770,.F.);
#4993=ORIENTED_EDGE('',*,*,#3771,.F.);
#4994=ORIENTED_EDGE('',*,*,#3747,.T.);
#4995=ORIENTED_EDGE('',*,*,#3771,.T.);
#4996=ORIENTED_EDGE('',*,*,#3772,.F.);
#4997=ORIENTED_EDGE('',*,*,#3773,.F.);
#4998=ORIENTED_EDGE('',*,*,#3748,.T.);
#4999=ORIENTED_EDGE('',*,*,#3773,.T.);
#5000=ORIENTED_EDGE('',*,*,#3774,.F.);
#5001=ORIENTED_EDGE('',*,*,#3775,.F.);
#5002=ORIENTED_EDGE('',*,*,#3749,.T.);
#5003=ORIENTED_EDGE('',*,*,#3775,.T.);
#5004=ORIENTED_EDGE('',*,*,#3776,.F.);
#5005=ORIENTED_EDGE('',*,*,#3777,.F.);
#5006=ORIENTED_EDGE('',*,*,#3750,.T.);
#5007=ORIENTED_EDGE('',*,*,#3777,.T.);
#5008=ORIENTED_EDGE('',*,*,#3778,.F.);
#5009=ORIENTED_EDGE('',*,*,#3751,.F.);
#5010=ORIENTED_EDGE('',*,*,#3779,.F.);
#5011=ORIENTED_EDGE('',*,*,#3780,.F.);
#5012=ORIENTED_EDGE('',*,*,#3781,.F.);
#5013=ORIENTED_EDGE('',*,*,#3782,.F.);
#5014=ORIENTED_EDGE('',*,*,#3783,.F.);
#5015=ORIENTED_EDGE('',*,*,#3784,.F.);
#5016=ORIENTED_EDGE('',*,*,#3785,.F.);
#5017=ORIENTED_EDGE('',*,*,#3786,.F.);
#5018=ORIENTED_EDGE('',*,*,#3787,.T.);
#5019=ORIENTED_EDGE('',*,*,#3788,.T.);
#5020=ORIENTED_EDGE('',*,*,#3789,.T.);
#5021=ORIENTED_EDGE('',*,*,#3790,.T.);
#5022=ORIENTED_EDGE('',*,*,#3791,.T.);
#5023=ORIENTED_EDGE('',*,*,#3792,.T.);
#5024=ORIENTED_EDGE('',*,*,#3793,.T.);
#5025=ORIENTED_EDGE('',*,*,#3794,.T.);
#5026=ORIENTED_EDGE('',*,*,#3779,.T.);
#5027=ORIENTED_EDGE('',*,*,#3795,.T.);
#5028=ORIENTED_EDGE('',*,*,#3796,.F.);
#5029=ORIENTED_EDGE('',*,*,#3797,.F.);
#5030=ORIENTED_EDGE('',*,*,#3780,.T.);
#5031=ORIENTED_EDGE('',*,*,#3797,.T.);
#5032=ORIENTED_EDGE('',*,*,#3798,.F.);
#5033=ORIENTED_EDGE('',*,*,#3799,.F.);
#5034=ORIENTED_EDGE('',*,*,#3781,.T.);
#5035=ORIENTED_EDGE('',*,*,#3799,.T.);
#5036=ORIENTED_EDGE('',*,*,#3800,.F.);
#5037=ORIENTED_EDGE('',*,*,#3801,.F.);
#5038=ORIENTED_EDGE('',*,*,#3782,.T.);
#5039=ORIENTED_EDGE('',*,*,#3801,.T.);
#5040=ORIENTED_EDGE('',*,*,#3802,.F.);
#5041=ORIENTED_EDGE('',*,*,#3803,.F.);
#5042=ORIENTED_EDGE('',*,*,#3783,.T.);
#5043=ORIENTED_EDGE('',*,*,#3803,.T.);
#5044=ORIENTED_EDGE('',*,*,#3804,.F.);
#5045=ORIENTED_EDGE('',*,*,#3805,.F.);
#5046=ORIENTED_EDGE('',*,*,#3784,.T.);
#5047=ORIENTED_EDGE('',*,*,#3805,.T.);
#5048=ORIENTED_EDGE('',*,*,#3806,.F.);
#5049=ORIENTED_EDGE('',*,*,#3807,.F.);
#5050=ORIENTED_EDGE('',*,*,#3785,.T.);
#5051=ORIENTED_EDGE('',*,*,#3807,.T.);
#5052=ORIENTED_EDGE('',*,*,#3808,.F.);
#5053=ORIENTED_EDGE('',*,*,#3809,.F.);
#5054=ORIENTED_EDGE('',*,*,#3786,.T.);
#5055=ORIENTED_EDGE('',*,*,#3809,.T.);
#5056=ORIENTED_EDGE('',*,*,#3810,.F.);
#5057=ORIENTED_EDGE('',*,*,#3795,.F.);
#5058=ORIENTED_EDGE('',*,*,#3787,.F.);
#5059=ORIENTED_EDGE('',*,*,#3811,.T.);
#5060=ORIENTED_EDGE('',*,*,#3812,.F.);
#5061=ORIENTED_EDGE('',*,*,#3813,.F.);
#5062=ORIENTED_EDGE('',*,*,#3788,.F.);
#5063=ORIENTED_EDGE('',*,*,#3813,.T.);
#5064=ORIENTED_EDGE('',*,*,#3814,.F.);
#5065=ORIENTED_EDGE('',*,*,#3815,.F.);
#5066=ORIENTED_EDGE('',*,*,#3789,.F.);
#5067=ORIENTED_EDGE('',*,*,#3815,.T.);
#5068=ORIENTED_EDGE('',*,*,#3816,.F.);
#5069=ORIENTED_EDGE('',*,*,#3817,.F.);
#5070=ORIENTED_EDGE('',*,*,#3790,.F.);
#5071=ORIENTED_EDGE('',*,*,#3817,.T.);
#5072=ORIENTED_EDGE('',*,*,#3818,.F.);
#5073=ORIENTED_EDGE('',*,*,#3819,.F.);
#5074=ORIENTED_EDGE('',*,*,#3791,.F.);
#5075=ORIENTED_EDGE('',*,*,#3819,.T.);
#5076=ORIENTED_EDGE('',*,*,#3820,.F.);
#5077=ORIENTED_EDGE('',*,*,#3821,.F.);
#5078=ORIENTED_EDGE('',*,*,#3792,.F.);
#5079=ORIENTED_EDGE('',*,*,#3821,.T.);
#5080=ORIENTED_EDGE('',*,*,#3822,.F.);
#5081=ORIENTED_EDGE('',*,*,#3823,.F.);
#5082=ORIENTED_EDGE('',*,*,#3793,.F.);
#5083=ORIENTED_EDGE('',*,*,#3823,.T.);
#5084=ORIENTED_EDGE('',*,*,#3824,.F.);
#5085=ORIENTED_EDGE('',*,*,#3825,.F.);
#5086=ORIENTED_EDGE('',*,*,#3794,.F.);
#5087=ORIENTED_EDGE('',*,*,#3825,.T.);
#5088=ORIENTED_EDGE('',*,*,#3826,.F.);
#5089=ORIENTED_EDGE('',*,*,#3811,.F.);
#5090=ORIENTED_EDGE('',*,*,#3827,.F.);
#5091=ORIENTED_EDGE('',*,*,#3828,.F.);
#5092=ORIENTED_EDGE('',*,*,#3829,.F.);
#5093=ORIENTED_EDGE('',*,*,#3830,.F.);
#5094=ORIENTED_EDGE('',*,*,#3831,.F.);
#5095=ORIENTED_EDGE('',*,*,#3832,.F.);
#5096=ORIENTED_EDGE('',*,*,#3833,.F.);
#5097=ORIENTED_EDGE('',*,*,#3834,.F.);
#5098=ORIENTED_EDGE('',*,*,#3835,.F.);
#5099=ORIENTED_EDGE('',*,*,#3836,.F.);
#5100=ORIENTED_EDGE('',*,*,#3837,.F.);
#5101=ORIENTED_EDGE('',*,*,#3838,.F.);
#5102=ORIENTED_EDGE('',*,*,#3839,.F.);
#5103=ORIENTED_EDGE('',*,*,#3840,.F.);
#5104=ORIENTED_EDGE('',*,*,#3827,.T.);
#5105=ORIENTED_EDGE('',*,*,#3841,.T.);
#5106=ORIENTED_EDGE('',*,*,#3842,.F.);
#5107=ORIENTED_EDGE('',*,*,#3843,.F.);
#5108=ORIENTED_EDGE('',*,*,#3828,.T.);
#5109=ORIENTED_EDGE('',*,*,#3843,.T.);
#5110=ORIENTED_EDGE('',*,*,#3844,.F.);
#5111=ORIENTED_EDGE('',*,*,#3845,.F.);
#5112=ORIENTED_EDGE('',*,*,#3829,.T.);
#5113=ORIENTED_EDGE('',*,*,#3845,.T.);
#5114=ORIENTED_EDGE('',*,*,#3846,.F.);
#5115=ORIENTED_EDGE('',*,*,#3847,.F.);
#5116=ORIENTED_EDGE('',*,*,#3830,.T.);
#5117=ORIENTED_EDGE('',*,*,#3847,.T.);
#5118=ORIENTED_EDGE('',*,*,#3848,.F.);
#5119=ORIENTED_EDGE('',*,*,#3849,.F.);
#5120=ORIENTED_EDGE('',*,*,#3831,.T.);
#5121=ORIENTED_EDGE('',*,*,#3849,.T.);
#5122=ORIENTED_EDGE('',*,*,#3850,.F.);
#5123=ORIENTED_EDGE('',*,*,#3851,.F.);
#5124=ORIENTED_EDGE('',*,*,#3832,.T.);
#5125=ORIENTED_EDGE('',*,*,#3851,.T.);
#5126=ORIENTED_EDGE('',*,*,#3852,.F.);
#5127=ORIENTED_EDGE('',*,*,#3853,.F.);
#5128=ORIENTED_EDGE('',*,*,#3833,.T.);
#5129=ORIENTED_EDGE('',*,*,#3853,.T.);
#5130=ORIENTED_EDGE('',*,*,#3854,.F.);
#5131=ORIENTED_EDGE('',*,*,#3855,.F.);
#5132=ORIENTED_EDGE('',*,*,#3834,.T.);
#5133=ORIENTED_EDGE('',*,*,#3855,.T.);
#5134=ORIENTED_EDGE('',*,*,#3856,.F.);
#5135=ORIENTED_EDGE('',*,*,#3857,.F.);
#5136=ORIENTED_EDGE('',*,*,#3835,.T.);
#5137=ORIENTED_EDGE('',*,*,#3857,.T.);
#5138=ORIENTED_EDGE('',*,*,#3858,.F.);
#5139=ORIENTED_EDGE('',*,*,#3859,.F.);
#5140=ORIENTED_EDGE('',*,*,#3836,.T.);
#5141=ORIENTED_EDGE('',*,*,#3859,.T.);
#5142=ORIENTED_EDGE('',*,*,#3860,.F.);
#5143=ORIENTED_EDGE('',*,*,#3861,.F.);
#5144=ORIENTED_EDGE('',*,*,#3837,.T.);
#5145=ORIENTED_EDGE('',*,*,#3861,.T.);
#5146=ORIENTED_EDGE('',*,*,#3862,.F.);
#5147=ORIENTED_EDGE('',*,*,#3863,.F.);
#5148=ORIENTED_EDGE('',*,*,#3838,.T.);
#5149=ORIENTED_EDGE('',*,*,#3863,.T.);
#5150=ORIENTED_EDGE('',*,*,#3864,.F.);
#5151=ORIENTED_EDGE('',*,*,#3865,.F.);
#5152=ORIENTED_EDGE('',*,*,#3839,.T.);
#5153=ORIENTED_EDGE('',*,*,#3865,.T.);
#5154=ORIENTED_EDGE('',*,*,#3866,.F.);
#5155=ORIENTED_EDGE('',*,*,#3867,.F.);
#5156=ORIENTED_EDGE('',*,*,#3840,.T.);
#5157=ORIENTED_EDGE('',*,*,#3867,.T.);
#5158=ORIENTED_EDGE('',*,*,#3868,.F.);
#5159=ORIENTED_EDGE('',*,*,#3841,.F.);
#5160=ORIENTED_EDGE('',*,*,#3869,.F.);
#5161=ORIENTED_EDGE('',*,*,#3870,.F.);
#5162=ORIENTED_EDGE('',*,*,#3871,.F.);
#5163=ORIENTED_EDGE('',*,*,#3872,.F.);
#5164=ORIENTED_EDGE('',*,*,#3873,.F.);
#5165=ORIENTED_EDGE('',*,*,#3874,.F.);
#5166=ORIENTED_EDGE('',*,*,#3875,.F.);
#5167=ORIENTED_EDGE('',*,*,#3876,.F.);
#5168=ORIENTED_EDGE('',*,*,#3877,.F.);
#5169=ORIENTED_EDGE('',*,*,#3878,.F.);
#5170=ORIENTED_EDGE('',*,*,#3879,.F.);
#5171=ORIENTED_EDGE('',*,*,#3880,.F.);
#5172=ORIENTED_EDGE('',*,*,#3869,.T.);
#5173=ORIENTED_EDGE('',*,*,#3881,.T.);
#5174=ORIENTED_EDGE('',*,*,#3882,.F.);
#5175=ORIENTED_EDGE('',*,*,#3883,.F.);
#5176=ORIENTED_EDGE('',*,*,#3870,.T.);
#5177=ORIENTED_EDGE('',*,*,#3883,.T.);
#5178=ORIENTED_EDGE('',*,*,#3884,.F.);
#5179=ORIENTED_EDGE('',*,*,#3885,.F.);
#5180=ORIENTED_EDGE('',*,*,#3871,.T.);
#5181=ORIENTED_EDGE('',*,*,#3885,.T.);
#5182=ORIENTED_EDGE('',*,*,#3886,.F.);
#5183=ORIENTED_EDGE('',*,*,#3887,.F.);
#5184=ORIENTED_EDGE('',*,*,#3872,.T.);
#5185=ORIENTED_EDGE('',*,*,#3887,.T.);
#5186=ORIENTED_EDGE('',*,*,#3888,.F.);
#5187=ORIENTED_EDGE('',*,*,#3889,.F.);
#5188=ORIENTED_EDGE('',*,*,#3873,.T.);
#5189=ORIENTED_EDGE('',*,*,#3889,.T.);
#5190=ORIENTED_EDGE('',*,*,#3890,.F.);
#5191=ORIENTED_EDGE('',*,*,#3891,.F.);
#5192=ORIENTED_EDGE('',*,*,#3874,.T.);
#5193=ORIENTED_EDGE('',*,*,#3891,.T.);
#5194=ORIENTED_EDGE('',*,*,#3892,.F.);
#5195=ORIENTED_EDGE('',*,*,#3893,.F.);
#5196=ORIENTED_EDGE('',*,*,#3875,.T.);
#5197=ORIENTED_EDGE('',*,*,#3893,.T.);
#5198=ORIENTED_EDGE('',*,*,#3894,.F.);
#5199=ORIENTED_EDGE('',*,*,#3895,.F.);
#5200=ORIENTED_EDGE('',*,*,#3876,.T.);
#5201=ORIENTED_EDGE('',*,*,#3895,.T.);
#5202=ORIENTED_EDGE('',*,*,#3896,.F.);
#5203=ORIENTED_EDGE('',*,*,#3897,.F.);
#5204=ORIENTED_EDGE('',*,*,#3877,.T.);
#5205=ORIENTED_EDGE('',*,*,#3897,.T.);
#5206=ORIENTED_EDGE('',*,*,#3898,.F.);
#5207=ORIENTED_EDGE('',*,*,#3899,.F.);
#5208=ORIENTED_EDGE('',*,*,#3878,.T.);
#5209=ORIENTED_EDGE('',*,*,#3899,.T.);
#5210=ORIENTED_EDGE('',*,*,#3900,.F.);
#5211=ORIENTED_EDGE('',*,*,#3901,.F.);
#5212=ORIENTED_EDGE('',*,*,#3879,.T.);
#5213=ORIENTED_EDGE('',*,*,#3901,.T.);
#5214=ORIENTED_EDGE('',*,*,#3902,.F.);
#5215=ORIENTED_EDGE('',*,*,#3903,.F.);
#5216=ORIENTED_EDGE('',*,*,#3880,.T.);
#5217=ORIENTED_EDGE('',*,*,#3903,.T.);
#5218=ORIENTED_EDGE('',*,*,#3904,.F.);
#5219=ORIENTED_EDGE('',*,*,#3881,.F.);
#5220=ORIENTED_EDGE('',*,*,#3905,.F.);
#5221=ORIENTED_EDGE('',*,*,#3906,.F.);
#5222=ORIENTED_EDGE('',*,*,#3907,.F.);
#5223=ORIENTED_EDGE('',*,*,#3908,.F.);
#5224=ORIENTED_EDGE('',*,*,#3909,.F.);
#5225=ORIENTED_EDGE('',*,*,#3910,.F.);
#5226=ORIENTED_EDGE('',*,*,#3911,.F.);
#5227=ORIENTED_EDGE('',*,*,#3912,.F.);
#5228=ORIENTED_EDGE('',*,*,#3913,.F.);
#5229=ORIENTED_EDGE('',*,*,#3914,.F.);
#5230=ORIENTED_EDGE('',*,*,#3915,.F.);
#5231=ORIENTED_EDGE('',*,*,#3916,.F.);
#5232=ORIENTED_EDGE('',*,*,#3917,.F.);
#5233=ORIENTED_EDGE('',*,*,#3918,.F.);
#5234=ORIENTED_EDGE('',*,*,#3919,.F.);
#5235=ORIENTED_EDGE('',*,*,#3920,.F.);
#5236=ORIENTED_EDGE('',*,*,#3905,.T.);
#5237=ORIENTED_EDGE('',*,*,#3921,.T.);
#5238=ORIENTED_EDGE('',*,*,#3922,.F.);
#5239=ORIENTED_EDGE('',*,*,#3923,.F.);
#5240=ORIENTED_EDGE('',*,*,#3906,.T.);
#5241=ORIENTED_EDGE('',*,*,#3923,.T.);
#5242=ORIENTED_EDGE('',*,*,#3924,.F.);
#5243=ORIENTED_EDGE('',*,*,#3925,.F.);
#5244=ORIENTED_EDGE('',*,*,#3907,.T.);
#5245=ORIENTED_EDGE('',*,*,#3925,.T.);
#5246=ORIENTED_EDGE('',*,*,#3926,.F.);
#5247=ORIENTED_EDGE('',*,*,#3927,.F.);
#5248=ORIENTED_EDGE('',*,*,#3908,.T.);
#5249=ORIENTED_EDGE('',*,*,#3927,.T.);
#5250=ORIENTED_EDGE('',*,*,#3928,.F.);
#5251=ORIENTED_EDGE('',*,*,#3929,.F.);
#5252=ORIENTED_EDGE('',*,*,#3909,.T.);
#5253=ORIENTED_EDGE('',*,*,#3929,.T.);
#5254=ORIENTED_EDGE('',*,*,#3930,.F.);
#5255=ORIENTED_EDGE('',*,*,#3931,.F.);
#5256=ORIENTED_EDGE('',*,*,#3910,.T.);
#5257=ORIENTED_EDGE('',*,*,#3931,.T.);
#5258=ORIENTED_EDGE('',*,*,#3932,.F.);
#5259=ORIENTED_EDGE('',*,*,#3933,.F.);
#5260=ORIENTED_EDGE('',*,*,#3911,.T.);
#5261=ORIENTED_EDGE('',*,*,#3933,.T.);
#5262=ORIENTED_EDGE('',*,*,#3934,.F.);
#5263=ORIENTED_EDGE('',*,*,#3935,.F.);
#5264=ORIENTED_EDGE('',*,*,#3912,.T.);
#5265=ORIENTED_EDGE('',*,*,#3935,.T.);
#5266=ORIENTED_EDGE('',*,*,#3936,.F.);
#5267=ORIENTED_EDGE('',*,*,#3937,.F.);
#5268=ORIENTED_EDGE('',*,*,#3913,.T.);
#5269=ORIENTED_EDGE('',*,*,#3937,.T.);
#5270=ORIENTED_EDGE('',*,*,#3938,.F.);
#5271=ORIENTED_EDGE('',*,*,#3939,.F.);
#5272=ORIENTED_EDGE('',*,*,#3914,.T.);
#5273=ORIENTED_EDGE('',*,*,#3939,.T.);
#5274=ORIENTED_EDGE('',*,*,#3940,.F.);
#5275=ORIENTED_EDGE('',*,*,#3941,.F.);
#5276=ORIENTED_EDGE('',*,*,#3915,.T.);
#5277=ORIENTED_EDGE('',*,*,#3941,.T.);
#5278=ORIENTED_EDGE('',*,*,#3942,.F.);
#5279=ORIENTED_EDGE('',*,*,#3943,.F.);
#5280=ORIENTED_EDGE('',*,*,#3916,.T.);
#5281=ORIENTED_EDGE('',*,*,#3943,.T.);
#5282=ORIENTED_EDGE('',*,*,#3944,.F.);
#5283=ORIENTED_EDGE('',*,*,#3945,.F.);
#5284=ORIENTED_EDGE('',*,*,#3917,.T.);
#5285=ORIENTED_EDGE('',*,*,#3945,.T.);
#5286=ORIENTED_EDGE('',*,*,#3946,.F.);
#5287=ORIENTED_EDGE('',*,*,#3947,.F.);
#5288=ORIENTED_EDGE('',*,*,#3918,.T.);
#5289=ORIENTED_EDGE('',*,*,#3947,.T.);
#5290=ORIENTED_EDGE('',*,*,#3948,.F.);
#5291=ORIENTED_EDGE('',*,*,#3949,.F.);
#5292=ORIENTED_EDGE('',*,*,#3919,.T.);
#5293=ORIENTED_EDGE('',*,*,#3949,.T.);
#5294=ORIENTED_EDGE('',*,*,#3950,.F.);
#5295=ORIENTED_EDGE('',*,*,#3951,.F.);
#5296=ORIENTED_EDGE('',*,*,#3920,.T.);
#5297=ORIENTED_EDGE('',*,*,#3951,.T.);
#5298=ORIENTED_EDGE('',*,*,#3952,.F.);
#5299=ORIENTED_EDGE('',*,*,#3921,.F.);
#5300=ORIENTED_EDGE('',*,*,#3953,.F.);
#5301=ORIENTED_EDGE('',*,*,#3954,.F.);
#5302=ORIENTED_EDGE('',*,*,#3955,.F.);
#5303=ORIENTED_EDGE('',*,*,#3956,.F.);
#5304=ORIENTED_EDGE('',*,*,#3957,.F.);
#5305=ORIENTED_EDGE('',*,*,#3958,.F.);
#5306=ORIENTED_EDGE('',*,*,#3959,.F.);
#5307=ORIENTED_EDGE('',*,*,#3960,.F.);
#5308=ORIENTED_EDGE('',*,*,#3961,.F.);
#5309=ORIENTED_EDGE('',*,*,#3962,.F.);
#5310=ORIENTED_EDGE('',*,*,#3963,.F.);
#5311=ORIENTED_EDGE('',*,*,#3964,.F.);
#5312=ORIENTED_EDGE('',*,*,#3965,.F.);
#5313=ORIENTED_EDGE('',*,*,#3966,.T.);
#5314=ORIENTED_EDGE('',*,*,#3967,.T.);
#5315=ORIENTED_EDGE('',*,*,#3968,.T.);
#5316=ORIENTED_EDGE('',*,*,#3969,.T.);
#5317=ORIENTED_EDGE('',*,*,#3970,.T.);
#5318=ORIENTED_EDGE('',*,*,#3971,.T.);
#5319=ORIENTED_EDGE('',*,*,#3972,.T.);
#5320=ORIENTED_EDGE('',*,*,#3973,.T.);
#5321=ORIENTED_EDGE('',*,*,#3974,.T.);
#5322=ORIENTED_EDGE('',*,*,#3975,.T.);
#5323=ORIENTED_EDGE('',*,*,#3976,.T.);
#5324=ORIENTED_EDGE('',*,*,#3953,.T.);
#5325=ORIENTED_EDGE('',*,*,#3977,.T.);
#5326=ORIENTED_EDGE('',*,*,#3978,.F.);
#5327=ORIENTED_EDGE('',*,*,#3979,.F.);
#5328=ORIENTED_EDGE('',*,*,#3954,.T.);
#5329=ORIENTED_EDGE('',*,*,#3979,.T.);
#5330=ORIENTED_EDGE('',*,*,#3980,.F.);
#5331=ORIENTED_EDGE('',*,*,#3981,.F.);
#5332=ORIENTED_EDGE('',*,*,#3955,.T.);
#5333=ORIENTED_EDGE('',*,*,#3981,.T.);
#5334=ORIENTED_EDGE('',*,*,#3982,.F.);
#5335=ORIENTED_EDGE('',*,*,#3983,.F.);
#5336=ORIENTED_EDGE('',*,*,#3956,.T.);
#5337=ORIENTED_EDGE('',*,*,#3983,.T.);
#5338=ORIENTED_EDGE('',*,*,#3984,.F.);
#5339=ORIENTED_EDGE('',*,*,#3985,.F.);
#5340=ORIENTED_EDGE('',*,*,#3957,.T.);
#5341=ORIENTED_EDGE('',*,*,#3985,.T.);
#5342=ORIENTED_EDGE('',*,*,#3986,.F.);
#5343=ORIENTED_EDGE('',*,*,#3987,.F.);
#5344=ORIENTED_EDGE('',*,*,#3958,.T.);
#5345=ORIENTED_EDGE('',*,*,#3987,.T.);
#5346=ORIENTED_EDGE('',*,*,#3988,.F.);
#5347=ORIENTED_EDGE('',*,*,#3989,.F.);
#5348=ORIENTED_EDGE('',*,*,#3959,.T.);
#5349=ORIENTED_EDGE('',*,*,#3989,.T.);
#5350=ORIENTED_EDGE('',*,*,#3990,.F.);
#5351=ORIENTED_EDGE('',*,*,#3991,.F.);
#5352=ORIENTED_EDGE('',*,*,#3960,.T.);
#5353=ORIENTED_EDGE('',*,*,#3991,.T.);
#5354=ORIENTED_EDGE('',*,*,#3992,.F.);
#5355=ORIENTED_EDGE('',*,*,#3993,.F.);
#5356=ORIENTED_EDGE('',*,*,#3961,.T.);
#5357=ORIENTED_EDGE('',*,*,#3993,.T.);
#5358=ORIENTED_EDGE('',*,*,#3994,.F.);
#5359=ORIENTED_EDGE('',*,*,#3995,.F.);
#5360=ORIENTED_EDGE('',*,*,#3962,.T.);
#5361=ORIENTED_EDGE('',*,*,#3995,.T.);
#5362=ORIENTED_EDGE('',*,*,#3996,.F.);
#5363=ORIENTED_EDGE('',*,*,#3997,.F.);
#5364=ORIENTED_EDGE('',*,*,#3963,.T.);
#5365=ORIENTED_EDGE('',*,*,#3997,.T.);
#5366=ORIENTED_EDGE('',*,*,#3998,.F.);
#5367=ORIENTED_EDGE('',*,*,#3999,.F.);
#5368=ORIENTED_EDGE('',*,*,#3964,.T.);
#5369=ORIENTED_EDGE('',*,*,#3999,.T.);
#5370=ORIENTED_EDGE('',*,*,#4000,.F.);
#5371=ORIENTED_EDGE('',*,*,#4001,.F.);
#5372=ORIENTED_EDGE('',*,*,#3965,.T.);
#5373=ORIENTED_EDGE('',*,*,#4001,.T.);
#5374=ORIENTED_EDGE('',*,*,#4002,.F.);
#5375=ORIENTED_EDGE('',*,*,#3977,.F.);
#5376=ORIENTED_EDGE('',*,*,#3966,.F.);
#5377=ORIENTED_EDGE('',*,*,#4003,.T.);
#5378=ORIENTED_EDGE('',*,*,#4004,.F.);
#5379=ORIENTED_EDGE('',*,*,#4005,.F.);
#5380=ORIENTED_EDGE('',*,*,#3967,.F.);
#5381=ORIENTED_EDGE('',*,*,#4005,.T.);
#5382=ORIENTED_EDGE('',*,*,#4006,.F.);
#5383=ORIENTED_EDGE('',*,*,#4007,.F.);
#5384=ORIENTED_EDGE('',*,*,#3968,.F.);
#5385=ORIENTED_EDGE('',*,*,#4008,.T.);
#5386=ORIENTED_EDGE('',*,*,#4009,.F.);
#5387=ORIENTED_EDGE('',*,*,#4010,.F.);
#5388=ORIENTED_EDGE('',*,*,#3969,.F.);
#5389=ORIENTED_EDGE('',*,*,#4010,.T.);
#5390=ORIENTED_EDGE('',*,*,#4011,.F.);
#5391=ORIENTED_EDGE('',*,*,#4012,.F.);
#5392=ORIENTED_EDGE('',*,*,#3970,.F.);
#5393=ORIENTED_EDGE('',*,*,#4012,.T.);
#5394=ORIENTED_EDGE('',*,*,#4013,.F.);
#5395=ORIENTED_EDGE('',*,*,#4014,.F.);
#5396=ORIENTED_EDGE('',*,*,#3971,.F.);
#5397=ORIENTED_EDGE('',*,*,#4014,.T.);
#5398=ORIENTED_EDGE('',*,*,#4015,.F.);
#5399=ORIENTED_EDGE('',*,*,#4016,.F.);
#5400=ORIENTED_EDGE('',*,*,#3972,.F.);
#5401=ORIENTED_EDGE('',*,*,#4016,.T.);
#5402=ORIENTED_EDGE('',*,*,#4017,.F.);
#5403=ORIENTED_EDGE('',*,*,#4018,.F.);
#5404=ORIENTED_EDGE('',*,*,#3973,.F.);
#5405=ORIENTED_EDGE('',*,*,#4018,.T.);
#5406=ORIENTED_EDGE('',*,*,#4019,.F.);
#5407=ORIENTED_EDGE('',*,*,#4020,.F.);
#5408=ORIENTED_EDGE('',*,*,#3974,.F.);
#5409=ORIENTED_EDGE('',*,*,#4020,.T.);
#5410=ORIENTED_EDGE('',*,*,#4021,.F.);
#5411=ORIENTED_EDGE('',*,*,#4022,.F.);
#5412=ORIENTED_EDGE('',*,*,#3975,.F.);
#5413=ORIENTED_EDGE('',*,*,#4022,.T.);
#5414=ORIENTED_EDGE('',*,*,#4023,.F.);
#5415=ORIENTED_EDGE('',*,*,#4008,.F.);
#5416=ORIENTED_EDGE('',*,*,#3976,.F.);
#5417=ORIENTED_EDGE('',*,*,#4007,.T.);
#5418=ORIENTED_EDGE('',*,*,#4024,.F.);
#5419=ORIENTED_EDGE('',*,*,#4003,.F.);
#5420=ORIENTED_EDGE('',*,*,#4023,.T.);
#5421=ORIENTED_EDGE('',*,*,#4021,.T.);
#5422=ORIENTED_EDGE('',*,*,#4019,.T.);
#5423=ORIENTED_EDGE('',*,*,#4017,.T.);
#5424=ORIENTED_EDGE('',*,*,#4015,.T.);
#5425=ORIENTED_EDGE('',*,*,#4013,.T.);
#5426=ORIENTED_EDGE('',*,*,#4011,.T.);
#5427=ORIENTED_EDGE('',*,*,#4009,.T.);
#5428=ORIENTED_EDGE('',*,*,#4004,.T.);
#5429=ORIENTED_EDGE('',*,*,#4024,.T.);
#5430=ORIENTED_EDGE('',*,*,#4006,.T.);
#5431=ORIENTED_EDGE('',*,*,#3812,.T.);
#5432=ORIENTED_EDGE('',*,*,#3826,.T.);
#5433=ORIENTED_EDGE('',*,*,#3824,.T.);
#5434=ORIENTED_EDGE('',*,*,#3822,.T.);
#5435=ORIENTED_EDGE('',*,*,#3820,.T.);
#5436=ORIENTED_EDGE('',*,*,#3818,.T.);
#5437=ORIENTED_EDGE('',*,*,#3816,.T.);
#5438=ORIENTED_EDGE('',*,*,#3814,.T.);
#5439=ORIENTED_EDGE('',*,*,#3671,.T.);
#5440=ORIENTED_EDGE('',*,*,#3685,.T.);
#5441=ORIENTED_EDGE('',*,*,#3683,.T.);
#5442=ORIENTED_EDGE('',*,*,#3681,.T.);
#5443=ORIENTED_EDGE('',*,*,#3679,.T.);
#5444=ORIENTED_EDGE('',*,*,#3677,.T.);
#5445=ORIENTED_EDGE('',*,*,#3675,.T.);
#5446=ORIENTED_EDGE('',*,*,#3673,.T.);
#5447=ORIENTED_EDGE('',*,*,#3581,.T.);
#5448=ORIENTED_EDGE('',*,*,#3595,.T.);
#5449=ORIENTED_EDGE('',*,*,#3593,.T.);
#5450=ORIENTED_EDGE('',*,*,#3591,.T.);
#5451=ORIENTED_EDGE('',*,*,#3589,.T.);
#5452=ORIENTED_EDGE('',*,*,#3587,.T.);
#5453=ORIENTED_EDGE('',*,*,#3585,.T.);
#5454=ORIENTED_EDGE('',*,*,#3583,.T.);
#5455=ORIENTED_EDGE('',*,*,#4025,.F.);
#5456=ORIENTED_EDGE('',*,*,#4026,.T.);
#5457=ORIENTED_EDGE('',*,*,#4027,.F.);
#5458=ORIENTED_EDGE('',*,*,#4028,.T.);
#5459=ORIENTED_EDGE('',*,*,#4029,.F.);
#5460=ORIENTED_EDGE('',*,*,#4030,.T.);
#5461=ORIENTED_EDGE('',*,*,#4031,.F.);
#5462=ORIENTED_EDGE('',*,*,#4032,.T.);
#5463=ORIENTED_EDGE('',*,*,#4033,.T.);
#5464=ORIENTED_EDGE('',*,*,#4034,.F.);
#5465=ORIENTED_EDGE('',*,*,#4035,.T.);
#5466=ORIENTED_EDGE('',*,*,#4036,.T.);
#5467=ORIENTED_EDGE('',*,*,#4037,.T.);
#5468=ORIENTED_EDGE('',*,*,#4038,.T.);
#5469=ORIENTED_EDGE('',*,*,#4033,.F.);
#5470=ORIENTED_EDGE('',*,*,#4039,.T.);
#5471=ORIENTED_EDGE('',*,*,#4040,.T.);
#5472=ORIENTED_EDGE('',*,*,#4041,.T.);
#5473=ORIENTED_EDGE('',*,*,#4035,.F.);
#5474=ORIENTED_EDGE('',*,*,#4042,.T.);
#5475=ORIENTED_EDGE('',*,*,#4043,.T.);
#5476=ORIENTED_EDGE('',*,*,#4044,.F.);
#5477=ORIENTED_EDGE('',*,*,#4037,.F.);
#5478=ORIENTED_EDGE('',*,*,#4045,.T.);
#5479=ORIENTED_EDGE('',*,*,#4046,.T.);
#5480=ORIENTED_EDGE('',*,*,#4047,.T.);
#5481=ORIENTED_EDGE('',*,*,#4040,.F.);
#5482=ORIENTED_EDGE('',*,*,#4048,.F.);
#5483=ORIENTED_EDGE('',*,*,#4049,.T.);
#5484=ORIENTED_EDGE('',*,*,#4050,.T.);
#5485=ORIENTED_EDGE('',*,*,#4043,.F.);
#5486=ORIENTED_EDGE('',*,*,#4051,.T.);
#5487=ORIENTED_EDGE('',*,*,#4052,.T.);
#5488=ORIENTED_EDGE('',*,*,#4053,.T.);
#5489=ORIENTED_EDGE('',*,*,#4046,.F.);
#5490=ORIENTED_EDGE('',*,*,#4054,.T.);
#5491=ORIENTED_EDGE('',*,*,#4052,.F.);
#5492=ORIENTED_EDGE('',*,*,#4055,.F.);
#5493=ORIENTED_EDGE('',*,*,#4049,.F.);
#5494=ORIENTED_EDGE('',*,*,#4056,.T.);
#5495=ORIENTED_EDGE('',*,*,#4057,.F.);
#5496=ORIENTED_EDGE('',*,*,#4058,.T.);
#5497=ORIENTED_EDGE('',*,*,#4059,.F.);
#5498=ORIENTED_EDGE('',*,*,#4060,.T.);
#5499=ORIENTED_EDGE('',*,*,#4061,.F.);
#5500=ORIENTED_EDGE('',*,*,#4062,.T.);
#5501=ORIENTED_EDGE('',*,*,#4063,.F.);
#5502=ORIENTED_EDGE('',*,*,#4064,.T.);
#5503=ORIENTED_EDGE('',*,*,#4036,.F.);
#5504=ORIENTED_EDGE('',*,*,#4041,.F.);
#5505=ORIENTED_EDGE('',*,*,#4047,.F.);
#5506=ORIENTED_EDGE('',*,*,#4053,.F.);
#5507=ORIENTED_EDGE('',*,*,#4056,.F.);
#5508=ORIENTED_EDGE('',*,*,#4051,.F.);
#5509=ORIENTED_EDGE('',*,*,#4045,.F.);
#5510=ORIENTED_EDGE('',*,*,#4039,.F.);
#5511=ORIENTED_EDGE('',*,*,#4054,.F.);
#5512=ORIENTED_EDGE('',*,*,#4048,.T.);
#5513=ORIENTED_EDGE('',*,*,#4042,.F.);
#5514=ORIENTED_EDGE('',*,*,#4034,.T.);
#5515=ORIENTED_EDGE('',*,*,#4038,.F.);
#5516=ORIENTED_EDGE('',*,*,#4044,.T.);
#5517=ORIENTED_EDGE('',*,*,#4050,.F.);
#5518=ORIENTED_EDGE('',*,*,#4055,.T.);
#5519=ORIENTED_EDGE('',*,*,#3565,.T.);
#5520=ORIENTED_EDGE('',*,*,#3579,.T.);
#5521=ORIENTED_EDGE('',*,*,#3577,.T.);
#5522=ORIENTED_EDGE('',*,*,#3575,.T.);
#5523=ORIENTED_EDGE('',*,*,#3573,.T.);
#5524=ORIENTED_EDGE('',*,*,#3571,.T.);
#5525=ORIENTED_EDGE('',*,*,#3569,.T.);
#5526=ORIENTED_EDGE('',*,*,#3567,.T.);
#5527=ORIENTED_EDGE('',*,*,#3611,.T.);
#5528=ORIENTED_EDGE('',*,*,#3637,.T.);
#5529=ORIENTED_EDGE('',*,*,#3635,.T.);
#5530=ORIENTED_EDGE('',*,*,#3633,.T.);
#5531=ORIENTED_EDGE('',*,*,#3631,.T.);
#5532=ORIENTED_EDGE('',*,*,#3629,.T.);
#5533=ORIENTED_EDGE('',*,*,#3627,.T.);
#5534=ORIENTED_EDGE('',*,*,#3625,.T.);
#5535=ORIENTED_EDGE('',*,*,#3623,.T.);
#5536=ORIENTED_EDGE('',*,*,#3621,.T.);
#5537=ORIENTED_EDGE('',*,*,#3619,.T.);
#5538=ORIENTED_EDGE('',*,*,#3617,.T.);
#5539=ORIENTED_EDGE('',*,*,#3615,.T.);
#5540=ORIENTED_EDGE('',*,*,#3613,.T.);
#5541=ORIENTED_EDGE('',*,*,#3655,.T.);
#5542=ORIENTED_EDGE('',*,*,#3669,.T.);
#5543=ORIENTED_EDGE('',*,*,#3667,.T.);
#5544=ORIENTED_EDGE('',*,*,#3665,.T.);
#5545=ORIENTED_EDGE('',*,*,#3663,.T.);
#5546=ORIENTED_EDGE('',*,*,#3661,.T.);
#5547=ORIENTED_EDGE('',*,*,#3659,.T.);
#5548=ORIENTED_EDGE('',*,*,#3657,.T.);
#5549=ORIENTED_EDGE('',*,*,#3700,.T.);
#5550=ORIENTED_EDGE('',*,*,#3724,.T.);
#5551=ORIENTED_EDGE('',*,*,#3722,.T.);
#5552=ORIENTED_EDGE('',*,*,#3720,.T.);
#5553=ORIENTED_EDGE('',*,*,#3718,.T.);
#5554=ORIENTED_EDGE('',*,*,#3716,.T.);
#5555=ORIENTED_EDGE('',*,*,#3714,.T.);
#5556=ORIENTED_EDGE('',*,*,#3712,.T.);
#5557=ORIENTED_EDGE('',*,*,#3710,.T.);
#5558=ORIENTED_EDGE('',*,*,#3708,.T.);
#5559=ORIENTED_EDGE('',*,*,#3706,.T.);
#5560=ORIENTED_EDGE('',*,*,#3704,.T.);
#5561=ORIENTED_EDGE('',*,*,#3702,.T.);
#5562=ORIENTED_EDGE('',*,*,#3730,.T.);
#5563=ORIENTED_EDGE('',*,*,#3736,.T.);
#5564=ORIENTED_EDGE('',*,*,#3734,.T.);
#5565=ORIENTED_EDGE('',*,*,#3732,.T.);
#5566=ORIENTED_EDGE('',*,*,#3752,.T.);
#5567=ORIENTED_EDGE('',*,*,#3778,.T.);
#5568=ORIENTED_EDGE('',*,*,#3776,.T.);
#5569=ORIENTED_EDGE('',*,*,#3774,.T.);
#5570=ORIENTED_EDGE('',*,*,#3772,.T.);
#5571=ORIENTED_EDGE('',*,*,#3770,.T.);
#5572=ORIENTED_EDGE('',*,*,#3768,.T.);
#5573=ORIENTED_EDGE('',*,*,#3766,.T.);
#5574=ORIENTED_EDGE('',*,*,#3764,.T.);
#5575=ORIENTED_EDGE('',*,*,#3762,.T.);
#5576=ORIENTED_EDGE('',*,*,#3760,.T.);
#5577=ORIENTED_EDGE('',*,*,#3758,.T.);
#5578=ORIENTED_EDGE('',*,*,#3756,.T.);
#5579=ORIENTED_EDGE('',*,*,#3754,.T.);
#5580=ORIENTED_EDGE('',*,*,#3796,.T.);
#5581=ORIENTED_EDGE('',*,*,#3810,.T.);
#5582=ORIENTED_EDGE('',*,*,#3808,.T.);
#5583=ORIENTED_EDGE('',*,*,#3806,.T.);
#5584=ORIENTED_EDGE('',*,*,#3804,.T.);
#5585=ORIENTED_EDGE('',*,*,#3802,.T.);
#5586=ORIENTED_EDGE('',*,*,#3800,.T.);
#5587=ORIENTED_EDGE('',*,*,#3798,.T.);
#5588=ORIENTED_EDGE('',*,*,#3842,.T.);
#5589=ORIENTED_EDGE('',*,*,#3868,.T.);
#5590=ORIENTED_EDGE('',*,*,#3866,.T.);
#5591=ORIENTED_EDGE('',*,*,#3864,.T.);
#5592=ORIENTED_EDGE('',*,*,#3862,.T.);
#5593=ORIENTED_EDGE('',*,*,#3860,.T.);
#5594=ORIENTED_EDGE('',*,*,#3858,.T.);
#5595=ORIENTED_EDGE('',*,*,#3856,.T.);
#5596=ORIENTED_EDGE('',*,*,#3854,.T.);
#5597=ORIENTED_EDGE('',*,*,#3852,.T.);
#5598=ORIENTED_EDGE('',*,*,#3850,.T.);
#5599=ORIENTED_EDGE('',*,*,#3848,.T.);
#5600=ORIENTED_EDGE('',*,*,#3846,.T.);
#5601=ORIENTED_EDGE('',*,*,#3844,.T.);
#5602=ORIENTED_EDGE('',*,*,#3882,.T.);
#5603=ORIENTED_EDGE('',*,*,#3904,.T.);
#5604=ORIENTED_EDGE('',*,*,#3902,.T.);
#5605=ORIENTED_EDGE('',*,*,#3900,.T.);
#5606=ORIENTED_EDGE('',*,*,#3898,.T.);
#5607=ORIENTED_EDGE('',*,*,#3896,.T.);
#5608=ORIENTED_EDGE('',*,*,#3894,.T.);
#5609=ORIENTED_EDGE('',*,*,#3892,.T.);
#5610=ORIENTED_EDGE('',*,*,#3890,.T.);
#5611=ORIENTED_EDGE('',*,*,#3888,.T.);
#5612=ORIENTED_EDGE('',*,*,#3886,.T.);
#5613=ORIENTED_EDGE('',*,*,#3884,.T.);
#5614=ORIENTED_EDGE('',*,*,#3922,.T.);
#5615=ORIENTED_EDGE('',*,*,#3952,.T.);
#5616=ORIENTED_EDGE('',*,*,#3950,.T.);
#5617=ORIENTED_EDGE('',*,*,#3948,.T.);
#5618=ORIENTED_EDGE('',*,*,#3946,.T.);
#5619=ORIENTED_EDGE('',*,*,#3944,.T.);
#5620=ORIENTED_EDGE('',*,*,#3942,.T.);
#5621=ORIENTED_EDGE('',*,*,#3940,.T.);
#5622=ORIENTED_EDGE('',*,*,#3938,.T.);
#5623=ORIENTED_EDGE('',*,*,#3936,.T.);
#5624=ORIENTED_EDGE('',*,*,#3934,.T.);
#5625=ORIENTED_EDGE('',*,*,#3932,.T.);
#5626=ORIENTED_EDGE('',*,*,#3930,.T.);
#5627=ORIENTED_EDGE('',*,*,#3928,.T.);
#5628=ORIENTED_EDGE('',*,*,#3926,.T.);
#5629=ORIENTED_EDGE('',*,*,#3924,.T.);
#5630=ORIENTED_EDGE('',*,*,#3978,.T.);
#5631=ORIENTED_EDGE('',*,*,#4002,.T.);
#5632=ORIENTED_EDGE('',*,*,#4000,.T.);
#5633=ORIENTED_EDGE('',*,*,#3998,.T.);
#5634=ORIENTED_EDGE('',*,*,#3996,.T.);
#5635=ORIENTED_EDGE('',*,*,#3994,.T.);
#5636=ORIENTED_EDGE('',*,*,#3992,.T.);
#5637=ORIENTED_EDGE('',*,*,#3990,.T.);
#5638=ORIENTED_EDGE('',*,*,#3988,.T.);
#5639=ORIENTED_EDGE('',*,*,#3986,.T.);
#5640=ORIENTED_EDGE('',*,*,#3984,.T.);
#5641=ORIENTED_EDGE('',*,*,#3982,.T.);
#5642=ORIENTED_EDGE('',*,*,#3980,.T.);
#5643=ORIENTED_EDGE('',*,*,#4057,.T.);
#5644=ORIENTED_EDGE('',*,*,#4065,.T.);
#5645=ORIENTED_EDGE('',*,*,#4029,.T.);
#5646=ORIENTED_EDGE('',*,*,#4066,.T.);
#5647=ORIENTED_EDGE('',*,*,#4066,.F.);
#5648=ORIENTED_EDGE('',*,*,#4028,.F.);
#5649=ORIENTED_EDGE('',*,*,#4067,.F.);
#5650=ORIENTED_EDGE('',*,*,#4058,.F.);
#5651=ORIENTED_EDGE('',*,*,#4063,.T.);
#5652=ORIENTED_EDGE('',*,*,#4068,.T.);
#5653=ORIENTED_EDGE('',*,*,#4031,.T.);
#5654=ORIENTED_EDGE('',*,*,#4069,.T.);
#5655=ORIENTED_EDGE('',*,*,#4065,.F.);
#5656=ORIENTED_EDGE('',*,*,#4064,.F.);
#5657=ORIENTED_EDGE('',*,*,#4069,.F.);
#5658=ORIENTED_EDGE('',*,*,#4030,.F.);
#5659=ORIENTED_EDGE('',*,*,#4061,.T.);
#5660=ORIENTED_EDGE('',*,*,#4070,.T.);
#5661=ORIENTED_EDGE('',*,*,#4025,.T.);
#5662=ORIENTED_EDGE('',*,*,#4071,.T.);
#5663=ORIENTED_EDGE('',*,*,#4068,.F.);
#5664=ORIENTED_EDGE('',*,*,#4062,.F.);
#5665=ORIENTED_EDGE('',*,*,#4071,.F.);
#5666=ORIENTED_EDGE('',*,*,#4032,.F.);
#5667=ORIENTED_EDGE('',*,*,#4059,.T.);
#5668=ORIENTED_EDGE('',*,*,#4067,.T.);
#5669=ORIENTED_EDGE('',*,*,#4027,.T.);
#5670=ORIENTED_EDGE('',*,*,#4072,.T.);
#5671=ORIENTED_EDGE('',*,*,#4070,.F.);
#5672=ORIENTED_EDGE('',*,*,#4060,.F.);
#5673=ORIENTED_EDGE('',*,*,#4072,.F.);
#5674=ORIENTED_EDGE('',*,*,#4026,.F.);
#5675=ORIENTED_EDGE('',*,*,#4073,.F.);
#5676=ORIENTED_EDGE('',*,*,#4074,.F.);
#5677=ORIENTED_EDGE('',*,*,#4075,.F.);
#5678=ORIENTED_EDGE('',*,*,#4076,.F.);
#5679=ORIENTED_EDGE('',*,*,#4073,.T.);
#5680=ORIENTED_EDGE('',*,*,#4077,.T.);
#5681=ORIENTED_EDGE('',*,*,#4078,.T.);
#5682=ORIENTED_EDGE('',*,*,#4079,.T.);
#5683=ORIENTED_EDGE('',*,*,#4080,.T.);
#5684=ORIENTED_EDGE('',*,*,#4076,.T.);
#5685=ORIENTED_EDGE('',*,*,#4081,.T.);
#5686=ORIENTED_EDGE('',*,*,#4082,.T.);
#5687=ORIENTED_EDGE('',*,*,#4077,.F.);
#5688=ORIENTED_EDGE('',*,*,#4075,.T.);
#5689=ORIENTED_EDGE('',*,*,#4083,.T.);
#5690=ORIENTED_EDGE('',*,*,#4084,.T.);
#5691=ORIENTED_EDGE('',*,*,#4085,.F.);
#5692=ORIENTED_EDGE('',*,*,#4081,.F.);
#5693=ORIENTED_EDGE('',*,*,#4074,.T.);
#5694=ORIENTED_EDGE('',*,*,#4080,.F.);
#5695=ORIENTED_EDGE('',*,*,#4086,.F.);
#5696=ORIENTED_EDGE('',*,*,#4083,.F.);
#5697=ORIENTED_EDGE('',*,*,#4084,.F.);
#5698=ORIENTED_EDGE('',*,*,#4086,.T.);
#5699=ORIENTED_EDGE('',*,*,#4079,.F.);
#5700=ORIENTED_EDGE('',*,*,#4087,.F.);
#5701=ORIENTED_EDGE('',*,*,#4087,.T.);
#5702=ORIENTED_EDGE('',*,*,#4078,.F.);
#5703=ORIENTED_EDGE('',*,*,#4082,.F.);
#5704=ORIENTED_EDGE('',*,*,#4085,.T.);
#5705=ORIENTED_EDGE('',*,*,#4088,.T.);
#5706=ORIENTED_EDGE('',*,*,#4089,.T.);
#5707=ORIENTED_EDGE('',*,*,#4090,.T.);
#5708=ORIENTED_EDGE('',*,*,#4091,.F.);
#5709=ORIENTED_EDGE('',*,*,#4092,.T.);
#5710=ORIENTED_EDGE('',*,*,#4093,.F.);
#5711=ORIENTED_EDGE('',*,*,#4089,.F.);
#5712=ORIENTED_EDGE('',*,*,#4094,.T.);
#5713=ORIENTED_EDGE('',*,*,#4095,.T.);
#5714=ORIENTED_EDGE('',*,*,#4094,.F.);
#5715=ORIENTED_EDGE('',*,*,#4088,.F.);
#5716=ORIENTED_EDGE('',*,*,#4096,.F.);
#5717=ORIENTED_EDGE('',*,*,#4097,.T.);
#5718=ORIENTED_EDGE('',*,*,#4098,.T.);
#5719=ORIENTED_EDGE('',*,*,#4095,.F.);
#5720=ORIENTED_EDGE('',*,*,#4097,.F.);
#5721=ORIENTED_EDGE('',*,*,#4099,.F.);
#5722=ORIENTED_EDGE('',*,*,#4100,.T.);
#5723=ORIENTED_EDGE('',*,*,#4099,.T.);
#5724=ORIENTED_EDGE('',*,*,#4096,.T.);
#5725=ORIENTED_EDGE('',*,*,#4091,.T.);
#5726=ORIENTED_EDGE('',*,*,#4101,.T.);
#5727=ORIENTED_EDGE('',*,*,#4102,.T.);
#5728=ORIENTED_EDGE('',*,*,#4101,.F.);
#5729=ORIENTED_EDGE('',*,*,#4090,.F.);
#5730=ORIENTED_EDGE('',*,*,#4093,.T.);
#5731=ORIENTED_EDGE('',*,*,#4100,.F.);
#5732=ORIENTED_EDGE('',*,*,#4102,.F.);
#5733=ORIENTED_EDGE('',*,*,#4092,.F.);
#5734=ORIENTED_EDGE('',*,*,#4098,.F.);
#5735=ORIENTED_EDGE('',*,*,#4103,.F.);
#5736=ORIENTED_EDGE('',*,*,#4104,.T.);
#5737=ORIENTED_EDGE('',*,*,#4105,.F.);
#5738=ORIENTED_EDGE('',*,*,#4106,.F.);
#5739=ORIENTED_EDGE('',*,*,#4107,.T.);
#5740=ORIENTED_EDGE('',*,*,#4106,.T.);
#5741=ORIENTED_EDGE('',*,*,#4108,.F.);
#5742=ORIENTED_EDGE('',*,*,#4109,.F.);
#5743=ORIENTED_EDGE('',*,*,#4110,.T.);
#5744=ORIENTED_EDGE('',*,*,#4109,.T.);
#5745=ORIENTED_EDGE('',*,*,#4111,.F.);
#5746=ORIENTED_EDGE('',*,*,#4112,.F.);
#5747=ORIENTED_EDGE('',*,*,#4113,.T.);
#5748=ORIENTED_EDGE('',*,*,#4112,.T.);
#5749=ORIENTED_EDGE('',*,*,#4114,.F.);
#5750=ORIENTED_EDGE('',*,*,#4115,.F.);
#5751=ORIENTED_EDGE('',*,*,#4116,.F.);
#5752=ORIENTED_EDGE('',*,*,#4115,.T.);
#5753=ORIENTED_EDGE('',*,*,#4117,.F.);
#5754=ORIENTED_EDGE('',*,*,#4104,.F.);
#5755=ORIENTED_EDGE('',*,*,#4116,.T.);
#5756=ORIENTED_EDGE('',*,*,#4103,.T.);
#5757=ORIENTED_EDGE('',*,*,#4107,.F.);
#5758=ORIENTED_EDGE('',*,*,#4110,.F.);
#5759=ORIENTED_EDGE('',*,*,#4113,.F.);
#5760=ORIENTED_EDGE('',*,*,#4117,.T.);
#5761=ORIENTED_EDGE('',*,*,#4114,.T.);
#5762=ORIENTED_EDGE('',*,*,#4111,.T.);
#5763=ORIENTED_EDGE('',*,*,#4108,.T.);
#5764=ORIENTED_EDGE('',*,*,#4105,.T.);
#5765=ORIENTED_EDGE('',*,*,#4118,.T.);
#5766=ORIENTED_EDGE('',*,*,#4119,.T.);
#5767=ORIENTED_EDGE('',*,*,#4120,.F.);
#5768=ORIENTED_EDGE('',*,*,#4121,.F.);
#5769=ORIENTED_EDGE('',*,*,#4122,.T.);
#5770=ORIENTED_EDGE('',*,*,#4121,.T.);
#5771=ORIENTED_EDGE('',*,*,#4123,.F.);
#5772=ORIENTED_EDGE('',*,*,#4124,.F.);
#5773=ORIENTED_EDGE('',*,*,#4125,.T.);
#5774=ORIENTED_EDGE('',*,*,#4124,.T.);
#5775=ORIENTED_EDGE('',*,*,#4126,.F.);
#5776=ORIENTED_EDGE('',*,*,#4127,.F.);
#5777=ORIENTED_EDGE('',*,*,#4128,.T.);
#5778=ORIENTED_EDGE('',*,*,#4127,.T.);
#5779=ORIENTED_EDGE('',*,*,#4129,.F.);
#5780=ORIENTED_EDGE('',*,*,#4130,.F.);
#5781=ORIENTED_EDGE('',*,*,#4131,.T.);
#5782=ORIENTED_EDGE('',*,*,#4130,.T.);
#5783=ORIENTED_EDGE('',*,*,#4132,.F.);
#5784=ORIENTED_EDGE('',*,*,#4133,.F.);
#5785=ORIENTED_EDGE('',*,*,#4134,.T.);
#5786=ORIENTED_EDGE('',*,*,#4133,.T.);
#5787=ORIENTED_EDGE('',*,*,#4135,.F.);
#5788=ORIENTED_EDGE('',*,*,#4136,.F.);
#5789=ORIENTED_EDGE('',*,*,#4137,.T.);
#5790=ORIENTED_EDGE('',*,*,#4136,.T.);
#5791=ORIENTED_EDGE('',*,*,#4138,.F.);
#5792=ORIENTED_EDGE('',*,*,#4139,.F.);
#5793=ORIENTED_EDGE('',*,*,#4140,.T.);
#5794=ORIENTED_EDGE('',*,*,#4139,.T.);
#5795=ORIENTED_EDGE('',*,*,#4141,.F.);
#5796=ORIENTED_EDGE('',*,*,#4142,.F.);
#5797=ORIENTED_EDGE('',*,*,#4143,.T.);
#5798=ORIENTED_EDGE('',*,*,#4142,.T.);
#5799=ORIENTED_EDGE('',*,*,#4144,.F.);
#5800=ORIENTED_EDGE('',*,*,#4145,.F.);
#5801=ORIENTED_EDGE('',*,*,#4146,.T.);
#5802=ORIENTED_EDGE('',*,*,#4145,.T.);
#5803=ORIENTED_EDGE('',*,*,#4147,.F.);
#5804=ORIENTED_EDGE('',*,*,#4148,.F.);
#5805=ORIENTED_EDGE('',*,*,#4149,.T.);
#5806=ORIENTED_EDGE('',*,*,#4148,.T.);
#5807=ORIENTED_EDGE('',*,*,#4150,.F.);
#5808=ORIENTED_EDGE('',*,*,#4119,.F.);
#5809=ORIENTED_EDGE('',*,*,#4151,.F.);
#5810=ORIENTED_EDGE('',*,*,#4152,.T.);
#5811=ORIENTED_EDGE('',*,*,#4153,.F.);
#5812=ORIENTED_EDGE('',*,*,#4154,.F.);
#5813=ORIENTED_EDGE('',*,*,#4155,.F.);
#5814=ORIENTED_EDGE('',*,*,#4154,.T.);
#5815=ORIENTED_EDGE('',*,*,#4156,.F.);
#5816=ORIENTED_EDGE('',*,*,#4157,.F.);
#5817=ORIENTED_EDGE('',*,*,#4158,.F.);
#5818=ORIENTED_EDGE('',*,*,#4157,.T.);
#5819=ORIENTED_EDGE('',*,*,#4159,.F.);
#5820=ORIENTED_EDGE('',*,*,#4160,.F.);
#5821=ORIENTED_EDGE('',*,*,#4161,.F.);
#5822=ORIENTED_EDGE('',*,*,#4160,.T.);
#5823=ORIENTED_EDGE('',*,*,#4162,.F.);
#5824=ORIENTED_EDGE('',*,*,#4163,.F.);
#5825=ORIENTED_EDGE('',*,*,#4164,.F.);
#5826=ORIENTED_EDGE('',*,*,#4163,.T.);
#5827=ORIENTED_EDGE('',*,*,#4165,.F.);
#5828=ORIENTED_EDGE('',*,*,#4166,.F.);
#5829=ORIENTED_EDGE('',*,*,#4167,.F.);
#5830=ORIENTED_EDGE('',*,*,#4166,.T.);
#5831=ORIENTED_EDGE('',*,*,#4168,.F.);
#5832=ORIENTED_EDGE('',*,*,#4169,.F.);
#5833=ORIENTED_EDGE('',*,*,#4170,.F.);
#5834=ORIENTED_EDGE('',*,*,#4169,.T.);
#5835=ORIENTED_EDGE('',*,*,#4171,.F.);
#5836=ORIENTED_EDGE('',*,*,#4172,.F.);
#5837=ORIENTED_EDGE('',*,*,#4173,.F.);
#5838=ORIENTED_EDGE('',*,*,#4172,.T.);
#5839=ORIENTED_EDGE('',*,*,#4174,.F.);
#5840=ORIENTED_EDGE('',*,*,#4175,.F.);
#5841=ORIENTED_EDGE('',*,*,#4176,.F.);
#5842=ORIENTED_EDGE('',*,*,#4175,.T.);
#5843=ORIENTED_EDGE('',*,*,#4177,.F.);
#5844=ORIENTED_EDGE('',*,*,#4178,.F.);
#5845=ORIENTED_EDGE('',*,*,#4179,.F.);
#5846=ORIENTED_EDGE('',*,*,#4178,.T.);
#5847=ORIENTED_EDGE('',*,*,#4180,.F.);
#5848=ORIENTED_EDGE('',*,*,#4181,.F.);
#5849=ORIENTED_EDGE('',*,*,#4182,.F.);
#5850=ORIENTED_EDGE('',*,*,#4181,.T.);
#5851=ORIENTED_EDGE('',*,*,#4183,.F.);
#5852=ORIENTED_EDGE('',*,*,#4184,.F.);
#5853=ORIENTED_EDGE('',*,*,#4185,.F.);
#5854=ORIENTED_EDGE('',*,*,#4184,.T.);
#5855=ORIENTED_EDGE('',*,*,#4186,.F.);
#5856=ORIENTED_EDGE('',*,*,#4187,.F.);
#5857=ORIENTED_EDGE('',*,*,#4188,.F.);
#5858=ORIENTED_EDGE('',*,*,#4187,.T.);
#5859=ORIENTED_EDGE('',*,*,#4189,.F.);
#5860=ORIENTED_EDGE('',*,*,#4152,.F.);
#5861=ORIENTED_EDGE('',*,*,#4189,.T.);
#5862=ORIENTED_EDGE('',*,*,#4186,.T.);
#5863=ORIENTED_EDGE('',*,*,#4183,.T.);
#5864=ORIENTED_EDGE('',*,*,#4180,.T.);
#5865=ORIENTED_EDGE('',*,*,#4177,.T.);
#5866=ORIENTED_EDGE('',*,*,#4174,.T.);
#5867=ORIENTED_EDGE('',*,*,#4171,.T.);
#5868=ORIENTED_EDGE('',*,*,#4168,.T.);
#5869=ORIENTED_EDGE('',*,*,#4165,.T.);
#5870=ORIENTED_EDGE('',*,*,#4162,.T.);
#5871=ORIENTED_EDGE('',*,*,#4159,.T.);
#5872=ORIENTED_EDGE('',*,*,#4156,.T.);
#5873=ORIENTED_EDGE('',*,*,#4153,.T.);
#5874=ORIENTED_EDGE('',*,*,#4150,.T.);
#5875=ORIENTED_EDGE('',*,*,#4147,.T.);
#5876=ORIENTED_EDGE('',*,*,#4144,.T.);
#5877=ORIENTED_EDGE('',*,*,#4141,.T.);
#5878=ORIENTED_EDGE('',*,*,#4138,.T.);
#5879=ORIENTED_EDGE('',*,*,#4135,.T.);
#5880=ORIENTED_EDGE('',*,*,#4132,.T.);
#5881=ORIENTED_EDGE('',*,*,#4129,.T.);
#5882=ORIENTED_EDGE('',*,*,#4126,.T.);
#5883=ORIENTED_EDGE('',*,*,#4123,.T.);
#5884=ORIENTED_EDGE('',*,*,#4120,.T.);
#5885=ORIENTED_EDGE('',*,*,#4188,.T.);
#5886=ORIENTED_EDGE('',*,*,#4151,.T.);
#5887=ORIENTED_EDGE('',*,*,#4155,.T.);
#5888=ORIENTED_EDGE('',*,*,#4158,.T.);
#5889=ORIENTED_EDGE('',*,*,#4161,.T.);
#5890=ORIENTED_EDGE('',*,*,#4164,.T.);
#5891=ORIENTED_EDGE('',*,*,#4167,.T.);
#5892=ORIENTED_EDGE('',*,*,#4170,.T.);
#5893=ORIENTED_EDGE('',*,*,#4173,.T.);
#5894=ORIENTED_EDGE('',*,*,#4176,.T.);
#5895=ORIENTED_EDGE('',*,*,#4179,.T.);
#5896=ORIENTED_EDGE('',*,*,#4182,.T.);
#5897=ORIENTED_EDGE('',*,*,#4185,.T.);
#5898=ORIENTED_EDGE('',*,*,#4149,.F.);
#5899=ORIENTED_EDGE('',*,*,#4118,.F.);
#5900=ORIENTED_EDGE('',*,*,#4122,.F.);
#5901=ORIENTED_EDGE('',*,*,#4125,.F.);
#5902=ORIENTED_EDGE('',*,*,#4128,.F.);
#5903=ORIENTED_EDGE('',*,*,#4131,.F.);
#5904=ORIENTED_EDGE('',*,*,#4134,.F.);
#5905=ORIENTED_EDGE('',*,*,#4137,.F.);
#5906=ORIENTED_EDGE('',*,*,#4140,.F.);
#5907=ORIENTED_EDGE('',*,*,#4143,.F.);
#5908=ORIENTED_EDGE('',*,*,#4146,.F.);
#5909=ORIENTED_EDGE('',*,*,#4190,.F.);
#5910=ORIENTED_EDGE('',*,*,#4191,.T.);
#5911=ORIENTED_EDGE('',*,*,#4192,.F.);
#5912=ORIENTED_EDGE('',*,*,#4193,.F.);
#5913=ORIENTED_EDGE('',*,*,#4194,.F.);
#5914=ORIENTED_EDGE('',*,*,#4193,.T.);
#5915=ORIENTED_EDGE('',*,*,#4195,.F.);
#5916=ORIENTED_EDGE('',*,*,#4196,.F.);
#5917=ORIENTED_EDGE('',*,*,#4197,.F.);
#5918=ORIENTED_EDGE('',*,*,#4196,.T.);
#5919=ORIENTED_EDGE('',*,*,#4198,.F.);
#5920=ORIENTED_EDGE('',*,*,#4199,.F.);
#5921=ORIENTED_EDGE('',*,*,#4200,.F.);
#5922=ORIENTED_EDGE('',*,*,#4199,.T.);
#5923=ORIENTED_EDGE('',*,*,#4201,.F.);
#5924=ORIENTED_EDGE('',*,*,#4202,.F.);
#5925=ORIENTED_EDGE('',*,*,#4203,.F.);
#5926=ORIENTED_EDGE('',*,*,#4202,.T.);
#5927=ORIENTED_EDGE('',*,*,#4204,.F.);
#5928=ORIENTED_EDGE('',*,*,#4205,.F.);
#5929=ORIENTED_EDGE('',*,*,#4206,.F.);
#5930=ORIENTED_EDGE('',*,*,#4205,.T.);
#5931=ORIENTED_EDGE('',*,*,#4207,.F.);
#5932=ORIENTED_EDGE('',*,*,#4208,.F.);
#5933=ORIENTED_EDGE('',*,*,#4209,.F.);
#5934=ORIENTED_EDGE('',*,*,#4208,.T.);
#5935=ORIENTED_EDGE('',*,*,#4210,.F.);
#5936=ORIENTED_EDGE('',*,*,#4211,.F.);
#5937=ORIENTED_EDGE('',*,*,#4212,.F.);
#5938=ORIENTED_EDGE('',*,*,#4211,.T.);
#5939=ORIENTED_EDGE('',*,*,#4213,.F.);
#5940=ORIENTED_EDGE('',*,*,#4214,.F.);
#5941=ORIENTED_EDGE('',*,*,#4215,.F.);
#5942=ORIENTED_EDGE('',*,*,#4214,.T.);
#5943=ORIENTED_EDGE('',*,*,#4216,.F.);
#5944=ORIENTED_EDGE('',*,*,#4217,.F.);
#5945=ORIENTED_EDGE('',*,*,#4218,.F.);
#5946=ORIENTED_EDGE('',*,*,#4217,.T.);
#5947=ORIENTED_EDGE('',*,*,#4219,.F.);
#5948=ORIENTED_EDGE('',*,*,#4220,.F.);
#5949=ORIENTED_EDGE('',*,*,#4221,.F.);
#5950=ORIENTED_EDGE('',*,*,#4220,.T.);
#5951=ORIENTED_EDGE('',*,*,#4222,.F.);
#5952=ORIENTED_EDGE('',*,*,#4223,.F.);
#5953=ORIENTED_EDGE('',*,*,#4224,.F.);
#5954=ORIENTED_EDGE('',*,*,#4223,.T.);
#5955=ORIENTED_EDGE('',*,*,#4225,.F.);
#5956=ORIENTED_EDGE('',*,*,#4226,.F.);
#5957=ORIENTED_EDGE('',*,*,#4227,.F.);
#5958=ORIENTED_EDGE('',*,*,#4226,.T.);
#5959=ORIENTED_EDGE('',*,*,#4228,.F.);
#5960=ORIENTED_EDGE('',*,*,#4229,.F.);
#5961=ORIENTED_EDGE('',*,*,#4230,.F.);
#5962=ORIENTED_EDGE('',*,*,#4229,.T.);
#5963=ORIENTED_EDGE('',*,*,#4231,.F.);
#5964=ORIENTED_EDGE('',*,*,#4232,.F.);
#5965=ORIENTED_EDGE('',*,*,#4233,.F.);
#5966=ORIENTED_EDGE('',*,*,#4232,.T.);
#5967=ORIENTED_EDGE('',*,*,#4234,.F.);
#5968=ORIENTED_EDGE('',*,*,#4235,.F.);
#5969=ORIENTED_EDGE('',*,*,#4236,.F.);
#5970=ORIENTED_EDGE('',*,*,#4235,.T.);
#5971=ORIENTED_EDGE('',*,*,#4237,.F.);
#5972=ORIENTED_EDGE('',*,*,#4191,.F.);
#5973=ORIENTED_EDGE('',*,*,#4237,.T.);
#5974=ORIENTED_EDGE('',*,*,#4234,.T.);
#5975=ORIENTED_EDGE('',*,*,#4231,.T.);
#5976=ORIENTED_EDGE('',*,*,#4228,.T.);
#5977=ORIENTED_EDGE('',*,*,#4225,.T.);
#5978=ORIENTED_EDGE('',*,*,#4222,.T.);
#5979=ORIENTED_EDGE('',*,*,#4219,.T.);
#5980=ORIENTED_EDGE('',*,*,#4216,.T.);
#5981=ORIENTED_EDGE('',*,*,#4213,.T.);
#5982=ORIENTED_EDGE('',*,*,#4210,.T.);
#5983=ORIENTED_EDGE('',*,*,#4207,.T.);
#5984=ORIENTED_EDGE('',*,*,#4204,.T.);
#5985=ORIENTED_EDGE('',*,*,#4201,.T.);
#5986=ORIENTED_EDGE('',*,*,#4198,.T.);
#5987=ORIENTED_EDGE('',*,*,#4195,.T.);
#5988=ORIENTED_EDGE('',*,*,#4192,.T.);
#5989=ORIENTED_EDGE('',*,*,#4236,.T.);
#5990=ORIENTED_EDGE('',*,*,#4190,.T.);
#5991=ORIENTED_EDGE('',*,*,#4194,.T.);
#5992=ORIENTED_EDGE('',*,*,#4197,.T.);
#5993=ORIENTED_EDGE('',*,*,#4200,.T.);
#5994=ORIENTED_EDGE('',*,*,#4203,.T.);
#5995=ORIENTED_EDGE('',*,*,#4206,.T.);
#5996=ORIENTED_EDGE('',*,*,#4209,.T.);
#5997=ORIENTED_EDGE('',*,*,#4212,.T.);
#5998=ORIENTED_EDGE('',*,*,#4215,.T.);
#5999=ORIENTED_EDGE('',*,*,#4218,.T.);
#6000=ORIENTED_EDGE('',*,*,#4221,.T.);
#6001=ORIENTED_EDGE('',*,*,#4224,.T.);
#6002=ORIENTED_EDGE('',*,*,#4227,.T.);
#6003=ORIENTED_EDGE('',*,*,#4230,.T.);
#6004=ORIENTED_EDGE('',*,*,#4233,.T.);
#6005=ORIENTED_EDGE('',*,*,#4238,.F.);
#6006=ORIENTED_EDGE('',*,*,#4239,.T.);
#6007=ORIENTED_EDGE('',*,*,#4240,.F.);
#6008=ORIENTED_EDGE('',*,*,#4241,.F.);
#6009=ORIENTED_EDGE('',*,*,#4242,.F.);
#6010=ORIENTED_EDGE('',*,*,#4241,.T.);
#6011=ORIENTED_EDGE('',*,*,#4243,.F.);
#6012=ORIENTED_EDGE('',*,*,#4244,.F.);
#6013=ORIENTED_EDGE('',*,*,#4245,.F.);
#6014=ORIENTED_EDGE('',*,*,#4244,.T.);
#6015=ORIENTED_EDGE('',*,*,#4246,.F.);
#6016=ORIENTED_EDGE('',*,*,#4247,.F.);
#6017=ORIENTED_EDGE('',*,*,#4248,.F.);
#6018=ORIENTED_EDGE('',*,*,#4247,.T.);
#6019=ORIENTED_EDGE('',*,*,#4249,.F.);
#6020=ORIENTED_EDGE('',*,*,#4250,.F.);
#6021=ORIENTED_EDGE('',*,*,#4251,.F.);
#6022=ORIENTED_EDGE('',*,*,#4250,.T.);
#6023=ORIENTED_EDGE('',*,*,#4252,.F.);
#6024=ORIENTED_EDGE('',*,*,#4253,.F.);
#6025=ORIENTED_EDGE('',*,*,#4254,.F.);
#6026=ORIENTED_EDGE('',*,*,#4253,.T.);
#6027=ORIENTED_EDGE('',*,*,#4255,.F.);
#6028=ORIENTED_EDGE('',*,*,#4256,.F.);
#6029=ORIENTED_EDGE('',*,*,#4257,.F.);
#6030=ORIENTED_EDGE('',*,*,#4256,.T.);
#6031=ORIENTED_EDGE('',*,*,#4258,.F.);
#6032=ORIENTED_EDGE('',*,*,#4259,.F.);
#6033=ORIENTED_EDGE('',*,*,#4260,.F.);
#6034=ORIENTED_EDGE('',*,*,#4259,.T.);
#6035=ORIENTED_EDGE('',*,*,#4261,.F.);
#6036=ORIENTED_EDGE('',*,*,#4262,.F.);
#6037=ORIENTED_EDGE('',*,*,#4263,.F.);
#6038=ORIENTED_EDGE('',*,*,#4262,.T.);
#6039=ORIENTED_EDGE('',*,*,#4264,.F.);
#6040=ORIENTED_EDGE('',*,*,#4265,.F.);
#6041=ORIENTED_EDGE('',*,*,#4266,.F.);
#6042=ORIENTED_EDGE('',*,*,#4265,.T.);
#6043=ORIENTED_EDGE('',*,*,#4267,.F.);
#6044=ORIENTED_EDGE('',*,*,#4268,.F.);
#6045=ORIENTED_EDGE('',*,*,#4269,.F.);
#6046=ORIENTED_EDGE('',*,*,#4268,.T.);
#6047=ORIENTED_EDGE('',*,*,#4270,.F.);
#6048=ORIENTED_EDGE('',*,*,#4271,.F.);
#6049=ORIENTED_EDGE('',*,*,#4272,.F.);
#6050=ORIENTED_EDGE('',*,*,#4271,.T.);
#6051=ORIENTED_EDGE('',*,*,#4273,.F.);
#6052=ORIENTED_EDGE('',*,*,#4239,.F.);
#6053=ORIENTED_EDGE('',*,*,#4273,.T.);
#6054=ORIENTED_EDGE('',*,*,#4270,.T.);
#6055=ORIENTED_EDGE('',*,*,#4267,.T.);
#6056=ORIENTED_EDGE('',*,*,#4264,.T.);
#6057=ORIENTED_EDGE('',*,*,#4261,.T.);
#6058=ORIENTED_EDGE('',*,*,#4258,.T.);
#6059=ORIENTED_EDGE('',*,*,#4255,.T.);
#6060=ORIENTED_EDGE('',*,*,#4252,.T.);
#6061=ORIENTED_EDGE('',*,*,#4249,.T.);
#6062=ORIENTED_EDGE('',*,*,#4246,.T.);
#6063=ORIENTED_EDGE('',*,*,#4243,.T.);
#6064=ORIENTED_EDGE('',*,*,#4240,.T.);
#6065=ORIENTED_EDGE('',*,*,#4272,.T.);
#6066=ORIENTED_EDGE('',*,*,#4238,.T.);
#6067=ORIENTED_EDGE('',*,*,#4242,.T.);
#6068=ORIENTED_EDGE('',*,*,#4245,.T.);
#6069=ORIENTED_EDGE('',*,*,#4248,.T.);
#6070=ORIENTED_EDGE('',*,*,#4251,.T.);
#6071=ORIENTED_EDGE('',*,*,#4254,.T.);
#6072=ORIENTED_EDGE('',*,*,#4257,.T.);
#6073=ORIENTED_EDGE('',*,*,#4260,.T.);
#6074=ORIENTED_EDGE('',*,*,#4263,.T.);
#6075=ORIENTED_EDGE('',*,*,#4266,.T.);
#6076=ORIENTED_EDGE('',*,*,#4269,.T.);
#6077=ORIENTED_EDGE('',*,*,#4274,.F.);
#6078=ORIENTED_EDGE('',*,*,#4275,.T.);
#6079=ORIENTED_EDGE('',*,*,#4276,.F.);
#6080=ORIENTED_EDGE('',*,*,#4277,.F.);
#6081=ORIENTED_EDGE('',*,*,#4278,.F.);
#6082=ORIENTED_EDGE('',*,*,#4277,.T.);
#6083=ORIENTED_EDGE('',*,*,#4279,.F.);
#6084=ORIENTED_EDGE('',*,*,#4280,.F.);
#6085=ORIENTED_EDGE('',*,*,#4281,.F.);
#6086=ORIENTED_EDGE('',*,*,#4280,.T.);
#6087=ORIENTED_EDGE('',*,*,#4282,.F.);
#6088=ORIENTED_EDGE('',*,*,#4283,.F.);
#6089=ORIENTED_EDGE('',*,*,#4284,.F.);
#6090=ORIENTED_EDGE('',*,*,#4283,.T.);
#6091=ORIENTED_EDGE('',*,*,#4285,.F.);
#6092=ORIENTED_EDGE('',*,*,#4286,.F.);
#6093=ORIENTED_EDGE('',*,*,#4287,.F.);
#6094=ORIENTED_EDGE('',*,*,#4286,.T.);
#6095=ORIENTED_EDGE('',*,*,#4288,.F.);
#6096=ORIENTED_EDGE('',*,*,#4289,.F.);
#6097=ORIENTED_EDGE('',*,*,#4290,.F.);
#6098=ORIENTED_EDGE('',*,*,#4289,.T.);
#6099=ORIENTED_EDGE('',*,*,#4291,.F.);
#6100=ORIENTED_EDGE('',*,*,#4292,.F.);
#6101=ORIENTED_EDGE('',*,*,#4293,.F.);
#6102=ORIENTED_EDGE('',*,*,#4292,.T.);
#6103=ORIENTED_EDGE('',*,*,#4294,.F.);
#6104=ORIENTED_EDGE('',*,*,#4295,.F.);
#6105=ORIENTED_EDGE('',*,*,#4296,.F.);
#6106=ORIENTED_EDGE('',*,*,#4295,.T.);
#6107=ORIENTED_EDGE('',*,*,#4297,.F.);
#6108=ORIENTED_EDGE('',*,*,#4298,.F.);
#6109=ORIENTED_EDGE('',*,*,#4299,.F.);
#6110=ORIENTED_EDGE('',*,*,#4298,.T.);
#6111=ORIENTED_EDGE('',*,*,#4300,.F.);
#6112=ORIENTED_EDGE('',*,*,#4301,.F.);
#6113=ORIENTED_EDGE('',*,*,#4302,.F.);
#6114=ORIENTED_EDGE('',*,*,#4301,.T.);
#6115=ORIENTED_EDGE('',*,*,#4303,.F.);
#6116=ORIENTED_EDGE('',*,*,#4304,.F.);
#6117=ORIENTED_EDGE('',*,*,#4305,.F.);
#6118=ORIENTED_EDGE('',*,*,#4304,.T.);
#6119=ORIENTED_EDGE('',*,*,#4306,.F.);
#6120=ORIENTED_EDGE('',*,*,#4307,.F.);
#6121=ORIENTED_EDGE('',*,*,#4308,.F.);
#6122=ORIENTED_EDGE('',*,*,#4307,.T.);
#6123=ORIENTED_EDGE('',*,*,#4309,.F.);
#6124=ORIENTED_EDGE('',*,*,#4310,.F.);
#6125=ORIENTED_EDGE('',*,*,#4311,.F.);
#6126=ORIENTED_EDGE('',*,*,#4310,.T.);
#6127=ORIENTED_EDGE('',*,*,#4312,.F.);
#6128=ORIENTED_EDGE('',*,*,#4313,.F.);
#6129=ORIENTED_EDGE('',*,*,#4314,.F.);
#6130=ORIENTED_EDGE('',*,*,#4313,.T.);
#6131=ORIENTED_EDGE('',*,*,#4315,.F.);
#6132=ORIENTED_EDGE('',*,*,#4275,.F.);
#6133=ORIENTED_EDGE('',*,*,#4315,.T.);
#6134=ORIENTED_EDGE('',*,*,#4312,.T.);
#6135=ORIENTED_EDGE('',*,*,#4309,.T.);
#6136=ORIENTED_EDGE('',*,*,#4306,.T.);
#6137=ORIENTED_EDGE('',*,*,#4303,.T.);
#6138=ORIENTED_EDGE('',*,*,#4300,.T.);
#6139=ORIENTED_EDGE('',*,*,#4297,.T.);
#6140=ORIENTED_EDGE('',*,*,#4294,.T.);
#6141=ORIENTED_EDGE('',*,*,#4291,.T.);
#6142=ORIENTED_EDGE('',*,*,#4288,.T.);
#6143=ORIENTED_EDGE('',*,*,#4285,.T.);
#6144=ORIENTED_EDGE('',*,*,#4282,.T.);
#6145=ORIENTED_EDGE('',*,*,#4279,.T.);
#6146=ORIENTED_EDGE('',*,*,#4276,.T.);
#6147=ORIENTED_EDGE('',*,*,#4314,.T.);
#6148=ORIENTED_EDGE('',*,*,#4274,.T.);
#6149=ORIENTED_EDGE('',*,*,#4278,.T.);
#6150=ORIENTED_EDGE('',*,*,#4281,.T.);
#6151=ORIENTED_EDGE('',*,*,#4284,.T.);
#6152=ORIENTED_EDGE('',*,*,#4287,.T.);
#6153=ORIENTED_EDGE('',*,*,#4290,.T.);
#6154=ORIENTED_EDGE('',*,*,#4293,.T.);
#6155=ORIENTED_EDGE('',*,*,#4296,.T.);
#6156=ORIENTED_EDGE('',*,*,#4299,.T.);
#6157=ORIENTED_EDGE('',*,*,#4302,.T.);
#6158=ORIENTED_EDGE('',*,*,#4305,.T.);
#6159=ORIENTED_EDGE('',*,*,#4308,.T.);
#6160=ORIENTED_EDGE('',*,*,#4311,.T.);
#6161=ORIENTED_EDGE('',*,*,#4316,.T.);
#6162=ORIENTED_EDGE('',*,*,#4317,.T.);
#6163=ORIENTED_EDGE('',*,*,#4318,.F.);
#6164=ORIENTED_EDGE('',*,*,#4319,.F.);
#6165=ORIENTED_EDGE('',*,*,#4320,.T.);
#6166=ORIENTED_EDGE('',*,*,#4319,.T.);
#6167=ORIENTED_EDGE('',*,*,#4321,.F.);
#6168=ORIENTED_EDGE('',*,*,#4322,.F.);
#6169=ORIENTED_EDGE('',*,*,#4323,.T.);
#6170=ORIENTED_EDGE('',*,*,#4322,.T.);
#6171=ORIENTED_EDGE('',*,*,#4324,.F.);
#6172=ORIENTED_EDGE('',*,*,#4325,.F.);
#6173=ORIENTED_EDGE('',*,*,#4326,.T.);
#6174=ORIENTED_EDGE('',*,*,#4325,.T.);
#6175=ORIENTED_EDGE('',*,*,#4327,.F.);
#6176=ORIENTED_EDGE('',*,*,#4328,.F.);
#6177=ORIENTED_EDGE('',*,*,#4329,.T.);
#6178=ORIENTED_EDGE('',*,*,#4328,.T.);
#6179=ORIENTED_EDGE('',*,*,#4330,.F.);
#6180=ORIENTED_EDGE('',*,*,#4331,.F.);
#6181=ORIENTED_EDGE('',*,*,#4332,.T.);
#6182=ORIENTED_EDGE('',*,*,#4331,.T.);
#6183=ORIENTED_EDGE('',*,*,#4333,.F.);
#6184=ORIENTED_EDGE('',*,*,#4334,.F.);
#6185=ORIENTED_EDGE('',*,*,#4335,.T.);
#6186=ORIENTED_EDGE('',*,*,#4334,.T.);
#6187=ORIENTED_EDGE('',*,*,#4336,.F.);
#6188=ORIENTED_EDGE('',*,*,#4337,.F.);
#6189=ORIENTED_EDGE('',*,*,#4338,.T.);
#6190=ORIENTED_EDGE('',*,*,#4337,.T.);
#6191=ORIENTED_EDGE('',*,*,#4339,.F.);
#6192=ORIENTED_EDGE('',*,*,#4317,.F.);
#6193=ORIENTED_EDGE('',*,*,#4340,.F.);
#6194=ORIENTED_EDGE('',*,*,#4341,.T.);
#6195=ORIENTED_EDGE('',*,*,#4342,.F.);
#6196=ORIENTED_EDGE('',*,*,#4343,.F.);
#6197=ORIENTED_EDGE('',*,*,#4344,.F.);
#6198=ORIENTED_EDGE('',*,*,#4343,.T.);
#6199=ORIENTED_EDGE('',*,*,#4345,.F.);
#6200=ORIENTED_EDGE('',*,*,#4346,.F.);
#6201=ORIENTED_EDGE('',*,*,#4347,.F.);
#6202=ORIENTED_EDGE('',*,*,#4346,.T.);
#6203=ORIENTED_EDGE('',*,*,#4348,.F.);
#6204=ORIENTED_EDGE('',*,*,#4349,.F.);
#6205=ORIENTED_EDGE('',*,*,#4350,.F.);
#6206=ORIENTED_EDGE('',*,*,#4349,.T.);
#6207=ORIENTED_EDGE('',*,*,#4351,.F.);
#6208=ORIENTED_EDGE('',*,*,#4352,.F.);
#6209=ORIENTED_EDGE('',*,*,#4353,.F.);
#6210=ORIENTED_EDGE('',*,*,#4352,.T.);
#6211=ORIENTED_EDGE('',*,*,#4354,.F.);
#6212=ORIENTED_EDGE('',*,*,#4355,.F.);
#6213=ORIENTED_EDGE('',*,*,#4356,.F.);
#6214=ORIENTED_EDGE('',*,*,#4355,.T.);
#6215=ORIENTED_EDGE('',*,*,#4357,.F.);
#6216=ORIENTED_EDGE('',*,*,#4358,.F.);
#6217=ORIENTED_EDGE('',*,*,#4359,.F.);
#6218=ORIENTED_EDGE('',*,*,#4358,.T.);
#6219=ORIENTED_EDGE('',*,*,#4360,.F.);
#6220=ORIENTED_EDGE('',*,*,#4361,.F.);
#6221=ORIENTED_EDGE('',*,*,#4362,.F.);
#6222=ORIENTED_EDGE('',*,*,#4361,.T.);
#6223=ORIENTED_EDGE('',*,*,#4363,.F.);
#6224=ORIENTED_EDGE('',*,*,#4341,.F.);
#6225=ORIENTED_EDGE('',*,*,#4363,.T.);
#6226=ORIENTED_EDGE('',*,*,#4360,.T.);
#6227=ORIENTED_EDGE('',*,*,#4357,.T.);
#6228=ORIENTED_EDGE('',*,*,#4354,.T.);
#6229=ORIENTED_EDGE('',*,*,#4351,.T.);
#6230=ORIENTED_EDGE('',*,*,#4348,.T.);
#6231=ORIENTED_EDGE('',*,*,#4345,.T.);
#6232=ORIENTED_EDGE('',*,*,#4342,.T.);
#6233=ORIENTED_EDGE('',*,*,#4339,.T.);
#6234=ORIENTED_EDGE('',*,*,#4336,.T.);
#6235=ORIENTED_EDGE('',*,*,#4333,.T.);
#6236=ORIENTED_EDGE('',*,*,#4330,.T.);
#6237=ORIENTED_EDGE('',*,*,#4327,.T.);
#6238=ORIENTED_EDGE('',*,*,#4324,.T.);
#6239=ORIENTED_EDGE('',*,*,#4321,.T.);
#6240=ORIENTED_EDGE('',*,*,#4318,.T.);
#6241=ORIENTED_EDGE('',*,*,#4362,.T.);
#6242=ORIENTED_EDGE('',*,*,#4340,.T.);
#6243=ORIENTED_EDGE('',*,*,#4344,.T.);
#6244=ORIENTED_EDGE('',*,*,#4347,.T.);
#6245=ORIENTED_EDGE('',*,*,#4350,.T.);
#6246=ORIENTED_EDGE('',*,*,#4353,.T.);
#6247=ORIENTED_EDGE('',*,*,#4356,.T.);
#6248=ORIENTED_EDGE('',*,*,#4359,.T.);
#6249=ORIENTED_EDGE('',*,*,#4338,.F.);
#6250=ORIENTED_EDGE('',*,*,#4316,.F.);
#6251=ORIENTED_EDGE('',*,*,#4320,.F.);
#6252=ORIENTED_EDGE('',*,*,#4323,.F.);
#6253=ORIENTED_EDGE('',*,*,#4326,.F.);
#6254=ORIENTED_EDGE('',*,*,#4329,.F.);
#6255=ORIENTED_EDGE('',*,*,#4332,.F.);
#6256=ORIENTED_EDGE('',*,*,#4335,.F.);
#6257=ORIENTED_EDGE('',*,*,#4364,.F.);
#6258=ORIENTED_EDGE('',*,*,#4365,.T.);
#6259=ORIENTED_EDGE('',*,*,#4366,.F.);
#6260=ORIENTED_EDGE('',*,*,#4367,.F.);
#6261=ORIENTED_EDGE('',*,*,#4368,.F.);
#6262=ORIENTED_EDGE('',*,*,#4367,.T.);
#6263=ORIENTED_EDGE('',*,*,#4369,.F.);
#6264=ORIENTED_EDGE('',*,*,#4370,.F.);
#6265=ORIENTED_EDGE('',*,*,#4371,.F.);
#6266=ORIENTED_EDGE('',*,*,#4370,.T.);
#6267=ORIENTED_EDGE('',*,*,#4372,.F.);
#6268=ORIENTED_EDGE('',*,*,#4373,.F.);
#6269=ORIENTED_EDGE('',*,*,#4374,.F.);
#6270=ORIENTED_EDGE('',*,*,#4373,.T.);
#6271=ORIENTED_EDGE('',*,*,#4375,.F.);
#6272=ORIENTED_EDGE('',*,*,#4365,.F.);
#6273=ORIENTED_EDGE('',*,*,#4375,.T.);
#6274=ORIENTED_EDGE('',*,*,#4372,.T.);
#6275=ORIENTED_EDGE('',*,*,#4369,.T.);
#6276=ORIENTED_EDGE('',*,*,#4366,.T.);
#6277=ORIENTED_EDGE('',*,*,#4374,.T.);
#6278=ORIENTED_EDGE('',*,*,#4364,.T.);
#6279=ORIENTED_EDGE('',*,*,#4368,.T.);
#6280=ORIENTED_EDGE('',*,*,#4371,.T.);
#6281=ORIENTED_EDGE('',*,*,#4376,.F.);
#6282=ORIENTED_EDGE('',*,*,#4377,.T.);
#6283=ORIENTED_EDGE('',*,*,#4378,.F.);
#6284=ORIENTED_EDGE('',*,*,#4379,.F.);
#6285=ORIENTED_EDGE('',*,*,#4380,.F.);
#6286=ORIENTED_EDGE('',*,*,#4379,.T.);
#6287=ORIENTED_EDGE('',*,*,#4381,.F.);
#6288=ORIENTED_EDGE('',*,*,#4382,.F.);
#6289=ORIENTED_EDGE('',*,*,#4383,.F.);
#6290=ORIENTED_EDGE('',*,*,#4382,.T.);
#6291=ORIENTED_EDGE('',*,*,#4384,.F.);
#6292=ORIENTED_EDGE('',*,*,#4385,.F.);
#6293=ORIENTED_EDGE('',*,*,#4386,.F.);
#6294=ORIENTED_EDGE('',*,*,#4385,.T.);
#6295=ORIENTED_EDGE('',*,*,#4387,.F.);
#6296=ORIENTED_EDGE('',*,*,#4388,.F.);
#6297=ORIENTED_EDGE('',*,*,#4389,.F.);
#6298=ORIENTED_EDGE('',*,*,#4388,.T.);
#6299=ORIENTED_EDGE('',*,*,#4390,.F.);
#6300=ORIENTED_EDGE('',*,*,#4391,.F.);
#6301=ORIENTED_EDGE('',*,*,#4392,.F.);
#6302=ORIENTED_EDGE('',*,*,#4391,.T.);
#6303=ORIENTED_EDGE('',*,*,#4393,.F.);
#6304=ORIENTED_EDGE('',*,*,#4394,.F.);
#6305=ORIENTED_EDGE('',*,*,#4395,.F.);
#6306=ORIENTED_EDGE('',*,*,#4394,.T.);
#6307=ORIENTED_EDGE('',*,*,#4396,.F.);
#6308=ORIENTED_EDGE('',*,*,#4397,.F.);
#6309=ORIENTED_EDGE('',*,*,#4398,.F.);
#6310=ORIENTED_EDGE('',*,*,#4397,.T.);
#6311=ORIENTED_EDGE('',*,*,#4399,.F.);
#6312=ORIENTED_EDGE('',*,*,#4400,.F.);
#6313=ORIENTED_EDGE('',*,*,#4401,.F.);
#6314=ORIENTED_EDGE('',*,*,#4400,.T.);
#6315=ORIENTED_EDGE('',*,*,#4402,.F.);
#6316=ORIENTED_EDGE('',*,*,#4403,.F.);
#6317=ORIENTED_EDGE('',*,*,#4404,.F.);
#6318=ORIENTED_EDGE('',*,*,#4403,.T.);
#6319=ORIENTED_EDGE('',*,*,#4405,.F.);
#6320=ORIENTED_EDGE('',*,*,#4406,.F.);
#6321=ORIENTED_EDGE('',*,*,#4407,.F.);
#6322=ORIENTED_EDGE('',*,*,#4406,.T.);
#6323=ORIENTED_EDGE('',*,*,#4408,.F.);
#6324=ORIENTED_EDGE('',*,*,#4409,.F.);
#6325=ORIENTED_EDGE('',*,*,#4410,.F.);
#6326=ORIENTED_EDGE('',*,*,#4409,.T.);
#6327=ORIENTED_EDGE('',*,*,#4411,.F.);
#6328=ORIENTED_EDGE('',*,*,#4412,.F.);
#6329=ORIENTED_EDGE('',*,*,#4413,.F.);
#6330=ORIENTED_EDGE('',*,*,#4412,.T.);
#6331=ORIENTED_EDGE('',*,*,#4414,.F.);
#6332=ORIENTED_EDGE('',*,*,#4377,.F.);
#6333=ORIENTED_EDGE('',*,*,#4414,.T.);
#6334=ORIENTED_EDGE('',*,*,#4411,.T.);
#6335=ORIENTED_EDGE('',*,*,#4408,.T.);
#6336=ORIENTED_EDGE('',*,*,#4405,.T.);
#6337=ORIENTED_EDGE('',*,*,#4402,.T.);
#6338=ORIENTED_EDGE('',*,*,#4399,.T.);
#6339=ORIENTED_EDGE('',*,*,#4396,.T.);
#6340=ORIENTED_EDGE('',*,*,#4393,.T.);
#6341=ORIENTED_EDGE('',*,*,#4390,.T.);
#6342=ORIENTED_EDGE('',*,*,#4387,.T.);
#6343=ORIENTED_EDGE('',*,*,#4384,.T.);
#6344=ORIENTED_EDGE('',*,*,#4381,.T.);
#6345=ORIENTED_EDGE('',*,*,#4378,.T.);
#6346=ORIENTED_EDGE('',*,*,#4413,.T.);
#6347=ORIENTED_EDGE('',*,*,#4376,.T.);
#6348=ORIENTED_EDGE('',*,*,#4380,.T.);
#6349=ORIENTED_EDGE('',*,*,#4383,.T.);
#6350=ORIENTED_EDGE('',*,*,#4386,.T.);
#6351=ORIENTED_EDGE('',*,*,#4389,.T.);
#6352=ORIENTED_EDGE('',*,*,#4392,.T.);
#6353=ORIENTED_EDGE('',*,*,#4395,.T.);
#6354=ORIENTED_EDGE('',*,*,#4398,.T.);
#6355=ORIENTED_EDGE('',*,*,#4401,.T.);
#6356=ORIENTED_EDGE('',*,*,#4404,.T.);
#6357=ORIENTED_EDGE('',*,*,#4407,.T.);
#6358=ORIENTED_EDGE('',*,*,#4410,.T.);
#6359=ORIENTED_EDGE('',*,*,#4415,.T.);
#6360=ORIENTED_EDGE('',*,*,#4416,.T.);
#6361=ORIENTED_EDGE('',*,*,#4417,.F.);
#6362=ORIENTED_EDGE('',*,*,#4418,.F.);
#6363=ORIENTED_EDGE('',*,*,#4419,.T.);
#6364=ORIENTED_EDGE('',*,*,#4418,.T.);
#6365=ORIENTED_EDGE('',*,*,#4420,.F.);
#6366=ORIENTED_EDGE('',*,*,#4421,.F.);
#6367=ORIENTED_EDGE('',*,*,#4422,.T.);
#6368=ORIENTED_EDGE('',*,*,#4421,.T.);
#6369=ORIENTED_EDGE('',*,*,#4423,.F.);
#6370=ORIENTED_EDGE('',*,*,#4424,.F.);
#6371=ORIENTED_EDGE('',*,*,#4425,.T.);
#6372=ORIENTED_EDGE('',*,*,#4424,.T.);
#6373=ORIENTED_EDGE('',*,*,#4426,.F.);
#6374=ORIENTED_EDGE('',*,*,#4427,.F.);
#6375=ORIENTED_EDGE('',*,*,#4428,.T.);
#6376=ORIENTED_EDGE('',*,*,#4427,.T.);
#6377=ORIENTED_EDGE('',*,*,#4429,.F.);
#6378=ORIENTED_EDGE('',*,*,#4430,.F.);
#6379=ORIENTED_EDGE('',*,*,#4431,.T.);
#6380=ORIENTED_EDGE('',*,*,#4430,.T.);
#6381=ORIENTED_EDGE('',*,*,#4432,.F.);
#6382=ORIENTED_EDGE('',*,*,#4433,.F.);
#6383=ORIENTED_EDGE('',*,*,#4434,.T.);
#6384=ORIENTED_EDGE('',*,*,#4433,.T.);
#6385=ORIENTED_EDGE('',*,*,#4435,.F.);
#6386=ORIENTED_EDGE('',*,*,#4436,.F.);
#6387=ORIENTED_EDGE('',*,*,#4437,.T.);
#6388=ORIENTED_EDGE('',*,*,#4436,.T.);
#6389=ORIENTED_EDGE('',*,*,#4438,.F.);
#6390=ORIENTED_EDGE('',*,*,#4416,.F.);
#6391=ORIENTED_EDGE('',*,*,#4439,.F.);
#6392=ORIENTED_EDGE('',*,*,#4440,.T.);
#6393=ORIENTED_EDGE('',*,*,#4441,.F.);
#6394=ORIENTED_EDGE('',*,*,#4442,.F.);
#6395=ORIENTED_EDGE('',*,*,#4443,.F.);
#6396=ORIENTED_EDGE('',*,*,#4442,.T.);
#6397=ORIENTED_EDGE('',*,*,#4444,.F.);
#6398=ORIENTED_EDGE('',*,*,#4445,.F.);
#6399=ORIENTED_EDGE('',*,*,#4446,.F.);
#6400=ORIENTED_EDGE('',*,*,#4445,.T.);
#6401=ORIENTED_EDGE('',*,*,#4447,.F.);
#6402=ORIENTED_EDGE('',*,*,#4448,.F.);
#6403=ORIENTED_EDGE('',*,*,#4449,.F.);
#6404=ORIENTED_EDGE('',*,*,#4448,.T.);
#6405=ORIENTED_EDGE('',*,*,#4450,.F.);
#6406=ORIENTED_EDGE('',*,*,#4451,.F.);
#6407=ORIENTED_EDGE('',*,*,#4452,.F.);
#6408=ORIENTED_EDGE('',*,*,#4451,.T.);
#6409=ORIENTED_EDGE('',*,*,#4453,.F.);
#6410=ORIENTED_EDGE('',*,*,#4454,.F.);
#6411=ORIENTED_EDGE('',*,*,#4455,.F.);
#6412=ORIENTED_EDGE('',*,*,#4454,.T.);
#6413=ORIENTED_EDGE('',*,*,#4456,.F.);
#6414=ORIENTED_EDGE('',*,*,#4457,.F.);
#6415=ORIENTED_EDGE('',*,*,#4458,.F.);
#6416=ORIENTED_EDGE('',*,*,#4457,.T.);
#6417=ORIENTED_EDGE('',*,*,#4459,.F.);
#6418=ORIENTED_EDGE('',*,*,#4460,.F.);
#6419=ORIENTED_EDGE('',*,*,#4461,.F.);
#6420=ORIENTED_EDGE('',*,*,#4460,.T.);
#6421=ORIENTED_EDGE('',*,*,#4462,.F.);
#6422=ORIENTED_EDGE('',*,*,#4440,.F.);
#6423=ORIENTED_EDGE('',*,*,#4462,.T.);
#6424=ORIENTED_EDGE('',*,*,#4459,.T.);
#6425=ORIENTED_EDGE('',*,*,#4456,.T.);
#6426=ORIENTED_EDGE('',*,*,#4453,.T.);
#6427=ORIENTED_EDGE('',*,*,#4450,.T.);
#6428=ORIENTED_EDGE('',*,*,#4447,.T.);
#6429=ORIENTED_EDGE('',*,*,#4444,.T.);
#6430=ORIENTED_EDGE('',*,*,#4441,.T.);
#6431=ORIENTED_EDGE('',*,*,#4438,.T.);
#6432=ORIENTED_EDGE('',*,*,#4435,.T.);
#6433=ORIENTED_EDGE('',*,*,#4432,.T.);
#6434=ORIENTED_EDGE('',*,*,#4429,.T.);
#6435=ORIENTED_EDGE('',*,*,#4426,.T.);
#6436=ORIENTED_EDGE('',*,*,#4423,.T.);
#6437=ORIENTED_EDGE('',*,*,#4420,.T.);
#6438=ORIENTED_EDGE('',*,*,#4417,.T.);
#6439=ORIENTED_EDGE('',*,*,#4461,.T.);
#6440=ORIENTED_EDGE('',*,*,#4439,.T.);
#6441=ORIENTED_EDGE('',*,*,#4443,.T.);
#6442=ORIENTED_EDGE('',*,*,#4446,.T.);
#6443=ORIENTED_EDGE('',*,*,#4449,.T.);
#6444=ORIENTED_EDGE('',*,*,#4452,.T.);
#6445=ORIENTED_EDGE('',*,*,#4455,.T.);
#6446=ORIENTED_EDGE('',*,*,#4458,.T.);
#6447=ORIENTED_EDGE('',*,*,#4437,.F.);
#6448=ORIENTED_EDGE('',*,*,#4415,.F.);
#6449=ORIENTED_EDGE('',*,*,#4419,.F.);
#6450=ORIENTED_EDGE('',*,*,#4422,.F.);
#6451=ORIENTED_EDGE('',*,*,#4425,.F.);
#6452=ORIENTED_EDGE('',*,*,#4428,.F.);
#6453=ORIENTED_EDGE('',*,*,#4431,.F.);
#6454=ORIENTED_EDGE('',*,*,#4434,.F.);
#6455=ORIENTED_EDGE('',*,*,#4463,.F.);
#6456=ORIENTED_EDGE('',*,*,#4464,.T.);
#6457=ORIENTED_EDGE('',*,*,#4465,.F.);
#6458=ORIENTED_EDGE('',*,*,#4466,.F.);
#6459=ORIENTED_EDGE('',*,*,#4467,.F.);
#6460=ORIENTED_EDGE('',*,*,#4466,.T.);
#6461=ORIENTED_EDGE('',*,*,#4468,.F.);
#6462=ORIENTED_EDGE('',*,*,#4469,.F.);
#6463=ORIENTED_EDGE('',*,*,#4470,.F.);
#6464=ORIENTED_EDGE('',*,*,#4469,.T.);
#6465=ORIENTED_EDGE('',*,*,#4471,.F.);
#6466=ORIENTED_EDGE('',*,*,#4472,.F.);
#6467=ORIENTED_EDGE('',*,*,#4473,.F.);
#6468=ORIENTED_EDGE('',*,*,#4472,.T.);
#6469=ORIENTED_EDGE('',*,*,#4474,.F.);
#6470=ORIENTED_EDGE('',*,*,#4475,.F.);
#6471=ORIENTED_EDGE('',*,*,#4476,.F.);
#6472=ORIENTED_EDGE('',*,*,#4475,.T.);
#6473=ORIENTED_EDGE('',*,*,#4477,.F.);
#6474=ORIENTED_EDGE('',*,*,#4478,.F.);
#6475=ORIENTED_EDGE('',*,*,#4479,.F.);
#6476=ORIENTED_EDGE('',*,*,#4478,.T.);
#6477=ORIENTED_EDGE('',*,*,#4480,.F.);
#6478=ORIENTED_EDGE('',*,*,#4481,.F.);
#6479=ORIENTED_EDGE('',*,*,#4482,.F.);
#6480=ORIENTED_EDGE('',*,*,#4481,.T.);
#6481=ORIENTED_EDGE('',*,*,#4483,.F.);
#6482=ORIENTED_EDGE('',*,*,#4484,.F.);
#6483=ORIENTED_EDGE('',*,*,#4485,.F.);
#6484=ORIENTED_EDGE('',*,*,#4484,.T.);
#6485=ORIENTED_EDGE('',*,*,#4486,.F.);
#6486=ORIENTED_EDGE('',*,*,#4487,.F.);
#6487=ORIENTED_EDGE('',*,*,#4488,.F.);
#6488=ORIENTED_EDGE('',*,*,#4487,.T.);
#6489=ORIENTED_EDGE('',*,*,#4489,.F.);
#6490=ORIENTED_EDGE('',*,*,#4490,.F.);
#6491=ORIENTED_EDGE('',*,*,#4491,.F.);
#6492=ORIENTED_EDGE('',*,*,#4490,.T.);
#6493=ORIENTED_EDGE('',*,*,#4492,.F.);
#6494=ORIENTED_EDGE('',*,*,#4493,.F.);
#6495=ORIENTED_EDGE('',*,*,#4494,.F.);
#6496=ORIENTED_EDGE('',*,*,#4493,.T.);
#6497=ORIENTED_EDGE('',*,*,#4495,.F.);
#6498=ORIENTED_EDGE('',*,*,#4496,.F.);
#6499=ORIENTED_EDGE('',*,*,#4497,.F.);
#6500=ORIENTED_EDGE('',*,*,#4496,.T.);
#6501=ORIENTED_EDGE('',*,*,#4498,.F.);
#6502=ORIENTED_EDGE('',*,*,#4499,.F.);
#6503=ORIENTED_EDGE('',*,*,#4500,.F.);
#6504=ORIENTED_EDGE('',*,*,#4499,.T.);
#6505=ORIENTED_EDGE('',*,*,#4501,.F.);
#6506=ORIENTED_EDGE('',*,*,#4502,.F.);
#6507=ORIENTED_EDGE('',*,*,#4503,.F.);
#6508=ORIENTED_EDGE('',*,*,#4502,.T.);
#6509=ORIENTED_EDGE('',*,*,#4504,.F.);
#6510=ORIENTED_EDGE('',*,*,#4464,.F.);
#6511=ORIENTED_EDGE('',*,*,#4504,.T.);
#6512=ORIENTED_EDGE('',*,*,#4501,.T.);
#6513=ORIENTED_EDGE('',*,*,#4498,.T.);
#6514=ORIENTED_EDGE('',*,*,#4495,.T.);
#6515=ORIENTED_EDGE('',*,*,#4492,.T.);
#6516=ORIENTED_EDGE('',*,*,#4489,.T.);
#6517=ORIENTED_EDGE('',*,*,#4486,.T.);
#6518=ORIENTED_EDGE('',*,*,#4483,.T.);
#6519=ORIENTED_EDGE('',*,*,#4480,.T.);
#6520=ORIENTED_EDGE('',*,*,#4477,.T.);
#6521=ORIENTED_EDGE('',*,*,#4474,.T.);
#6522=ORIENTED_EDGE('',*,*,#4471,.T.);
#6523=ORIENTED_EDGE('',*,*,#4468,.T.);
#6524=ORIENTED_EDGE('',*,*,#4465,.T.);
#6525=ORIENTED_EDGE('',*,*,#4503,.T.);
#6526=ORIENTED_EDGE('',*,*,#4463,.T.);
#6527=ORIENTED_EDGE('',*,*,#4467,.T.);
#6528=ORIENTED_EDGE('',*,*,#4470,.T.);
#6529=ORIENTED_EDGE('',*,*,#4473,.T.);
#6530=ORIENTED_EDGE('',*,*,#4476,.T.);
#6531=ORIENTED_EDGE('',*,*,#4479,.T.);
#6532=ORIENTED_EDGE('',*,*,#4482,.T.);
#6533=ORIENTED_EDGE('',*,*,#4485,.T.);
#6534=ORIENTED_EDGE('',*,*,#4488,.T.);
#6535=ORIENTED_EDGE('',*,*,#4491,.T.);
#6536=ORIENTED_EDGE('',*,*,#4494,.T.);
#6537=ORIENTED_EDGE('',*,*,#4497,.T.);
#6538=ORIENTED_EDGE('',*,*,#4500,.T.);
#6539=ORIENTED_EDGE('',*,*,#4505,.T.);
#6540=ORIENTED_EDGE('',*,*,#4506,.T.);
#6541=ORIENTED_EDGE('',*,*,#4507,.F.);
#6542=ORIENTED_EDGE('',*,*,#4508,.F.);
#6543=ORIENTED_EDGE('',*,*,#4509,.T.);
#6544=ORIENTED_EDGE('',*,*,#4508,.T.);
#6545=ORIENTED_EDGE('',*,*,#4510,.F.);
#6546=ORIENTED_EDGE('',*,*,#4511,.F.);
#6547=ORIENTED_EDGE('',*,*,#4512,.T.);
#6548=ORIENTED_EDGE('',*,*,#4511,.T.);
#6549=ORIENTED_EDGE('',*,*,#4513,.F.);
#6550=ORIENTED_EDGE('',*,*,#4514,.F.);
#6551=ORIENTED_EDGE('',*,*,#4515,.T.);
#6552=ORIENTED_EDGE('',*,*,#4514,.T.);
#6553=ORIENTED_EDGE('',*,*,#4516,.F.);
#6554=ORIENTED_EDGE('',*,*,#4517,.F.);
#6555=ORIENTED_EDGE('',*,*,#4518,.T.);
#6556=ORIENTED_EDGE('',*,*,#4517,.T.);
#6557=ORIENTED_EDGE('',*,*,#4519,.F.);
#6558=ORIENTED_EDGE('',*,*,#4520,.F.);
#6559=ORIENTED_EDGE('',*,*,#4521,.T.);
#6560=ORIENTED_EDGE('',*,*,#4520,.T.);
#6561=ORIENTED_EDGE('',*,*,#4522,.F.);
#6562=ORIENTED_EDGE('',*,*,#4523,.F.);
#6563=ORIENTED_EDGE('',*,*,#4524,.T.);
#6564=ORIENTED_EDGE('',*,*,#4523,.T.);
#6565=ORIENTED_EDGE('',*,*,#4525,.F.);
#6566=ORIENTED_EDGE('',*,*,#4526,.F.);
#6567=ORIENTED_EDGE('',*,*,#4527,.T.);
#6568=ORIENTED_EDGE('',*,*,#4526,.T.);
#6569=ORIENTED_EDGE('',*,*,#4528,.F.);
#6570=ORIENTED_EDGE('',*,*,#4506,.F.);
#6571=ORIENTED_EDGE('',*,*,#4529,.F.);
#6572=ORIENTED_EDGE('',*,*,#4530,.T.);
#6573=ORIENTED_EDGE('',*,*,#4531,.F.);
#6574=ORIENTED_EDGE('',*,*,#4532,.F.);
#6575=ORIENTED_EDGE('',*,*,#4533,.F.);
#6576=ORIENTED_EDGE('',*,*,#4532,.T.);
#6577=ORIENTED_EDGE('',*,*,#4534,.F.);
#6578=ORIENTED_EDGE('',*,*,#4535,.F.);
#6579=ORIENTED_EDGE('',*,*,#4536,.F.);
#6580=ORIENTED_EDGE('',*,*,#4535,.T.);
#6581=ORIENTED_EDGE('',*,*,#4537,.F.);
#6582=ORIENTED_EDGE('',*,*,#4538,.F.);
#6583=ORIENTED_EDGE('',*,*,#4539,.F.);
#6584=ORIENTED_EDGE('',*,*,#4538,.T.);
#6585=ORIENTED_EDGE('',*,*,#4540,.F.);
#6586=ORIENTED_EDGE('',*,*,#4541,.F.);
#6587=ORIENTED_EDGE('',*,*,#4542,.F.);
#6588=ORIENTED_EDGE('',*,*,#4541,.T.);
#6589=ORIENTED_EDGE('',*,*,#4543,.F.);
#6590=ORIENTED_EDGE('',*,*,#4544,.F.);
#6591=ORIENTED_EDGE('',*,*,#4545,.F.);
#6592=ORIENTED_EDGE('',*,*,#4544,.T.);
#6593=ORIENTED_EDGE('',*,*,#4546,.F.);
#6594=ORIENTED_EDGE('',*,*,#4547,.F.);
#6595=ORIENTED_EDGE('',*,*,#4548,.F.);
#6596=ORIENTED_EDGE('',*,*,#4547,.T.);
#6597=ORIENTED_EDGE('',*,*,#4549,.F.);
#6598=ORIENTED_EDGE('',*,*,#4550,.F.);
#6599=ORIENTED_EDGE('',*,*,#4551,.F.);
#6600=ORIENTED_EDGE('',*,*,#4550,.T.);
#6601=ORIENTED_EDGE('',*,*,#4552,.F.);
#6602=ORIENTED_EDGE('',*,*,#4530,.F.);
#6603=ORIENTED_EDGE('',*,*,#4552,.T.);
#6604=ORIENTED_EDGE('',*,*,#4549,.T.);
#6605=ORIENTED_EDGE('',*,*,#4546,.T.);
#6606=ORIENTED_EDGE('',*,*,#4543,.T.);
#6607=ORIENTED_EDGE('',*,*,#4540,.T.);
#6608=ORIENTED_EDGE('',*,*,#4537,.T.);
#6609=ORIENTED_EDGE('',*,*,#4534,.T.);
#6610=ORIENTED_EDGE('',*,*,#4531,.T.);
#6611=ORIENTED_EDGE('',*,*,#4528,.T.);
#6612=ORIENTED_EDGE('',*,*,#4525,.T.);
#6613=ORIENTED_EDGE('',*,*,#4522,.T.);
#6614=ORIENTED_EDGE('',*,*,#4519,.T.);
#6615=ORIENTED_EDGE('',*,*,#4516,.T.);
#6616=ORIENTED_EDGE('',*,*,#4513,.T.);
#6617=ORIENTED_EDGE('',*,*,#4510,.T.);
#6618=ORIENTED_EDGE('',*,*,#4507,.T.);
#6619=ORIENTED_EDGE('',*,*,#4551,.T.);
#6620=ORIENTED_EDGE('',*,*,#4529,.T.);
#6621=ORIENTED_EDGE('',*,*,#4533,.T.);
#6622=ORIENTED_EDGE('',*,*,#4536,.T.);
#6623=ORIENTED_EDGE('',*,*,#4539,.T.);
#6624=ORIENTED_EDGE('',*,*,#4542,.T.);
#6625=ORIENTED_EDGE('',*,*,#4545,.T.);
#6626=ORIENTED_EDGE('',*,*,#4548,.T.);
#6627=ORIENTED_EDGE('',*,*,#4527,.F.);
#6628=ORIENTED_EDGE('',*,*,#4505,.F.);
#6629=ORIENTED_EDGE('',*,*,#4509,.F.);
#6630=ORIENTED_EDGE('',*,*,#4512,.F.);
#6631=ORIENTED_EDGE('',*,*,#4515,.F.);
#6632=ORIENTED_EDGE('',*,*,#4518,.F.);
#6633=ORIENTED_EDGE('',*,*,#4521,.F.);
#6634=ORIENTED_EDGE('',*,*,#4524,.F.);
#6635=ORIENTED_EDGE('',*,*,#4553,.F.);
#6636=ORIENTED_EDGE('',*,*,#4554,.T.);
#6637=ORIENTED_EDGE('',*,*,#4555,.F.);
#6638=ORIENTED_EDGE('',*,*,#4556,.F.);
#6639=ORIENTED_EDGE('',*,*,#4557,.F.);
#6640=ORIENTED_EDGE('',*,*,#4556,.T.);
#6641=ORIENTED_EDGE('',*,*,#4558,.F.);
#6642=ORIENTED_EDGE('',*,*,#4559,.F.);
#6643=ORIENTED_EDGE('',*,*,#4560,.F.);
#6644=ORIENTED_EDGE('',*,*,#4559,.T.);
#6645=ORIENTED_EDGE('',*,*,#4561,.F.);
#6646=ORIENTED_EDGE('',*,*,#4562,.F.);
#6647=ORIENTED_EDGE('',*,*,#4563,.F.);
#6648=ORIENTED_EDGE('',*,*,#4562,.T.);
#6649=ORIENTED_EDGE('',*,*,#4564,.F.);
#6650=ORIENTED_EDGE('',*,*,#4565,.F.);
#6651=ORIENTED_EDGE('',*,*,#4566,.F.);
#6652=ORIENTED_EDGE('',*,*,#4565,.T.);
#6653=ORIENTED_EDGE('',*,*,#4567,.F.);
#6654=ORIENTED_EDGE('',*,*,#4568,.F.);
#6655=ORIENTED_EDGE('',*,*,#4569,.F.);
#6656=ORIENTED_EDGE('',*,*,#4568,.T.);
#6657=ORIENTED_EDGE('',*,*,#4570,.F.);
#6658=ORIENTED_EDGE('',*,*,#4571,.F.);
#6659=ORIENTED_EDGE('',*,*,#4572,.F.);
#6660=ORIENTED_EDGE('',*,*,#4571,.T.);
#6661=ORIENTED_EDGE('',*,*,#4573,.F.);
#6662=ORIENTED_EDGE('',*,*,#4574,.F.);
#6663=ORIENTED_EDGE('',*,*,#4575,.F.);
#6664=ORIENTED_EDGE('',*,*,#4574,.T.);
#6665=ORIENTED_EDGE('',*,*,#4576,.F.);
#6666=ORIENTED_EDGE('',*,*,#4577,.F.);
#6667=ORIENTED_EDGE('',*,*,#4578,.F.);
#6668=ORIENTED_EDGE('',*,*,#4577,.T.);
#6669=ORIENTED_EDGE('',*,*,#4579,.F.);
#6670=ORIENTED_EDGE('',*,*,#4580,.F.);
#6671=ORIENTED_EDGE('',*,*,#4581,.F.);
#6672=ORIENTED_EDGE('',*,*,#4580,.T.);
#6673=ORIENTED_EDGE('',*,*,#4582,.F.);
#6674=ORIENTED_EDGE('',*,*,#4583,.F.);
#6675=ORIENTED_EDGE('',*,*,#4584,.F.);
#6676=ORIENTED_EDGE('',*,*,#4583,.T.);
#6677=ORIENTED_EDGE('',*,*,#4585,.F.);
#6678=ORIENTED_EDGE('',*,*,#4586,.F.);
#6679=ORIENTED_EDGE('',*,*,#4587,.F.);
#6680=ORIENTED_EDGE('',*,*,#4586,.T.);
#6681=ORIENTED_EDGE('',*,*,#4588,.F.);
#6682=ORIENTED_EDGE('',*,*,#4589,.F.);
#6683=ORIENTED_EDGE('',*,*,#4590,.F.);
#6684=ORIENTED_EDGE('',*,*,#4589,.T.);
#6685=ORIENTED_EDGE('',*,*,#4591,.F.);
#6686=ORIENTED_EDGE('',*,*,#4592,.F.);
#6687=ORIENTED_EDGE('',*,*,#4593,.F.);
#6688=ORIENTED_EDGE('',*,*,#4592,.T.);
#6689=ORIENTED_EDGE('',*,*,#4594,.F.);
#6690=ORIENTED_EDGE('',*,*,#4554,.F.);
#6691=ORIENTED_EDGE('',*,*,#4594,.T.);
#6692=ORIENTED_EDGE('',*,*,#4591,.T.);
#6693=ORIENTED_EDGE('',*,*,#4588,.T.);
#6694=ORIENTED_EDGE('',*,*,#4585,.T.);
#6695=ORIENTED_EDGE('',*,*,#4582,.T.);
#6696=ORIENTED_EDGE('',*,*,#4579,.T.);
#6697=ORIENTED_EDGE('',*,*,#4576,.T.);
#6698=ORIENTED_EDGE('',*,*,#4573,.T.);
#6699=ORIENTED_EDGE('',*,*,#4570,.T.);
#6700=ORIENTED_EDGE('',*,*,#4567,.T.);
#6701=ORIENTED_EDGE('',*,*,#4564,.T.);
#6702=ORIENTED_EDGE('',*,*,#4561,.T.);
#6703=ORIENTED_EDGE('',*,*,#4558,.T.);
#6704=ORIENTED_EDGE('',*,*,#4555,.T.);
#6705=ORIENTED_EDGE('',*,*,#4593,.T.);
#6706=ORIENTED_EDGE('',*,*,#4553,.T.);
#6707=ORIENTED_EDGE('',*,*,#4557,.T.);
#6708=ORIENTED_EDGE('',*,*,#4560,.T.);
#6709=ORIENTED_EDGE('',*,*,#4563,.T.);
#6710=ORIENTED_EDGE('',*,*,#4566,.T.);
#6711=ORIENTED_EDGE('',*,*,#4569,.T.);
#6712=ORIENTED_EDGE('',*,*,#4572,.T.);
#6713=ORIENTED_EDGE('',*,*,#4575,.T.);
#6714=ORIENTED_EDGE('',*,*,#4578,.T.);
#6715=ORIENTED_EDGE('',*,*,#4581,.T.);
#6716=ORIENTED_EDGE('',*,*,#4584,.T.);
#6717=ORIENTED_EDGE('',*,*,#4587,.T.);
#6718=ORIENTED_EDGE('',*,*,#4590,.T.);
#6719=PLANE('',#7360);
#6720=PLANE('',#7361);
#6721=PLANE('',#7363);
#6722=PLANE('',#7364);
#6723=PLANE('',#7367);
#6724=PLANE('',#7368);
#6725=PLANE('',#7369);
#6726=PLANE('',#7370);
#6727=PLANE('',#7371);
#6728=PLANE('',#7372);
#6729=PLANE('',#7373);
#6730=PLANE('',#7374);
#6731=PLANE('',#7375);
#6732=PLANE('',#7376);
#6733=PLANE('',#7377);
#6734=PLANE('',#7378);
#6735=PLANE('',#7379);
#6736=PLANE('',#7380);
#6737=PLANE('',#7381);
#6738=PLANE('',#7382);
#6739=PLANE('',#7383);
#6740=PLANE('',#7384);
#6741=PLANE('',#7385);
#6742=PLANE('',#7386);
#6743=PLANE('',#7387);
#6744=PLANE('',#7388);
#6745=PLANE('',#7389);
#6746=PLANE('',#7390);
#6747=PLANE('',#7391);
#6748=PLANE('',#7392);
#6749=PLANE('',#7393);
#6750=PLANE('',#7394);
#6751=PLANE('',#7395);
#6752=PLANE('',#7396);
#6753=PLANE('',#7397);
#6754=PLANE('',#7398);
#6755=PLANE('',#7399);
#6756=PLANE('',#7400);
#6757=PLANE('',#7401);
#6758=PLANE('',#7402);
#6759=PLANE('',#7403);
#6760=PLANE('',#7404);
#6761=PLANE('',#7405);
#6762=PLANE('',#7406);
#6763=PLANE('',#7407);
#6764=PLANE('',#7408);
#6765=PLANE('',#7409);
#6766=PLANE('',#7410);
#6767=PLANE('',#7411);
#6768=PLANE('',#7412);
#6769=PLANE('',#7413);
#6770=PLANE('',#7414);
#6771=PLANE('',#7415);
#6772=PLANE('',#7416);
#6773=PLANE('',#7417);
#6774=PLANE('',#7418);
#6775=PLANE('',#7419);
#6776=PLANE('',#7420);
#6777=PLANE('',#7421);
#6778=PLANE('',#7422);
#6779=PLANE('',#7423);
#6780=PLANE('',#7424);
#6781=PLANE('',#7425);
#6782=PLANE('',#7426);
#6783=PLANE('',#7427);
#6784=PLANE('',#7428);
#6785=PLANE('',#7429);
#6786=PLANE('',#7430);
#6787=PLANE('',#7431);
#6788=PLANE('',#7432);
#6789=PLANE('',#7433);
#6790=PLANE('',#7434);
#6791=PLANE('',#7435);
#6792=PLANE('',#7436);
#6793=PLANE('',#7437);
#6794=PLANE('',#7438);
#6795=PLANE('',#7439);
#6796=PLANE('',#7440);
#6797=PLANE('',#7441);
#6798=PLANE('',#7442);
#6799=PLANE('',#7443);
#6800=PLANE('',#7444);
#6801=PLANE('',#7445);
#6802=PLANE('',#7446);
#6803=PLANE('',#7447);
#6804=PLANE('',#7448);
#6805=PLANE('',#7449);
#6806=PLANE('',#7450);
#6807=PLANE('',#7451);
#6808=PLANE('',#7452);
#6809=PLANE('',#7453);
#6810=PLANE('',#7454);
#6811=PLANE('',#7455);
#6812=PLANE('',#7484);
#6813=PLANE('',#7489);
#6814=PLANE('',#7491);
#6815=PLANE('',#7493);
#6816=PLANE('',#7495);
#6817=PLANE('',#7497);
#6818=PLANE('',#7498);
#6819=PLANE('',#7499);
#6820=PLANE('',#7501);
#6821=PLANE('',#7502);
#6822=PLANE('',#7505);
#6823=PLANE('',#7506);
#6824=PLANE('',#7507);
#6825=PLANE('',#7508);
#6826=PLANE('',#7510);
#6827=PLANE('',#7513);
#6828=PLANE('',#7514);
#6829=PLANE('',#7515);
#6830=PLANE('',#7516);
#6831=PLANE('',#7517);
#6832=PLANE('',#7521);
#6833=PLANE('',#7522);
#6834=PLANE('',#7523);
#6835=PLANE('',#7524);
#6836=PLANE('',#7525);
#6837=PLANE('',#7526);
#6838=PLANE('',#7527);
#6839=PLANE('',#7528);
#6840=PLANE('',#7529);
#6841=PLANE('',#7530);
#6842=PLANE('',#7531);
#6843=PLANE('',#7532);
#6844=PLANE('',#7533);
#6845=PLANE('',#7534);
#6846=PLANE('',#7535);
#6847=PLANE('',#7536);
#6848=PLANE('',#7537);
#6849=PLANE('',#7538);
#6850=PLANE('',#7539);
#6851=PLANE('',#7540);
#6852=PLANE('',#7541);
#6853=PLANE('',#7542);
#6854=PLANE('',#7543);
#6855=PLANE('',#7544);
#6856=PLANE('',#7545);
#6857=PLANE('',#7546);
#6858=PLANE('',#7547);
#6859=PLANE('',#7548);
#6860=PLANE('',#7549);
#6861=PLANE('',#7550);
#6862=PLANE('',#7551);
#6863=PLANE('',#7552);
#6864=PLANE('',#7553);
#6865=PLANE('',#7554);
#6866=PLANE('',#7555);
#6867=PLANE('',#7556);
#6868=PLANE('',#7557);
#6869=PLANE('',#7558);
#6870=PLANE('',#7559);
#6871=PLANE('',#7560);
#6872=PLANE('',#7561);
#6873=PLANE('',#7562);
#6874=PLANE('',#7563);
#6875=PLANE('',#7564);
#6876=PLANE('',#7565);
#6877=PLANE('',#7566);
#6878=PLANE('',#7567);
#6879=PLANE('',#7568);
#6880=PLANE('',#7569);
#6881=PLANE('',#7570);
#6882=PLANE('',#7571);
#6883=PLANE('',#7572);
#6884=PLANE('',#7573);
#6885=PLANE('',#7574);
#6886=PLANE('',#7575);
#6887=PLANE('',#7576);
#6888=PLANE('',#7577);
#6889=PLANE('',#7578);
#6890=PLANE('',#7579);
#6891=PLANE('',#7580);
#6892=PLANE('',#7581);
#6893=PLANE('',#7582);
#6894=PLANE('',#7583);
#6895=PLANE('',#7584);
#6896=PLANE('',#7585);
#6897=PLANE('',#7586);
#6898=PLANE('',#7587);
#6899=PLANE('',#7588);
#6900=PLANE('',#7589);
#6901=PLANE('',#7590);
#6902=PLANE('',#7591);
#6903=PLANE('',#7592);
#6904=PLANE('',#7593);
#6905=PLANE('',#7594);
#6906=PLANE('',#7595);
#6907=PLANE('',#7596);
#6908=PLANE('',#7597);
#6909=PLANE('',#7598);
#6910=PLANE('',#7599);
#6911=PLANE('',#7600);
#6912=PLANE('',#7601);
#6913=PLANE('',#7602);
#6914=PLANE('',#7603);
#6915=PLANE('',#7604);
#6916=PLANE('',#7605);
#6917=PLANE('',#7606);
#6918=PLANE('',#7607);
#6919=PLANE('',#7608);
#6920=PLANE('',#7609);
#6921=PLANE('',#7610);
#6922=PLANE('',#7611);
#6923=PLANE('',#7612);
#6924=PLANE('',#7613);
#6925=PLANE('',#7614);
#6926=PLANE('',#7615);
#6927=PLANE('',#7616);
#6928=ADVANCED_FACE('',(#651),#6719,.T.);
#6929=ADVANCED_FACE('',(#652),#6720,.T.);
#6930=ADVANCED_FACE('',(#653),#6721,.T.);
#6931=ADVANCED_FACE('',(#654),#6722,.F.);
#6932=ADVANCED_FACE('',(#655),#607,.T.);
#6933=ADVANCED_FACE('',(#656),#6723,.T.);
#6934=ADVANCED_FACE('',(#657),#6724,.T.);
#6935=ADVANCED_FACE('',(#658,#195),#6725,.T.);
#6936=ADVANCED_FACE('',(#659),#17,.T.);
#6937=ADVANCED_FACE('',(#660),#18,.T.);
#6938=ADVANCED_FACE('',(#661),#19,.T.);
#6939=ADVANCED_FACE('',(#662),#20,.T.);
#6940=ADVANCED_FACE('',(#663),#21,.T.);
#6941=ADVANCED_FACE('',(#664),#22,.T.);
#6942=ADVANCED_FACE('',(#665),#23,.T.);
#6943=ADVANCED_FACE('',(#666),#24,.T.);
#6944=ADVANCED_FACE('',(#667),#25,.F.);
#6945=ADVANCED_FACE('',(#668),#26,.F.);
#6946=ADVANCED_FACE('',(#669),#27,.F.);
#6947=ADVANCED_FACE('',(#670),#28,.F.);
#6948=ADVANCED_FACE('',(#671),#29,.F.);
#6949=ADVANCED_FACE('',(#672),#30,.F.);
#6950=ADVANCED_FACE('',(#673),#31,.F.);
#6951=ADVANCED_FACE('',(#674),#32,.F.);
#6952=ADVANCED_FACE('',(#675),#6726,.T.);
#6953=ADVANCED_FACE('',(#676),#33,.T.);
#6954=ADVANCED_FACE('',(#677),#34,.T.);
#6955=ADVANCED_FACE('',(#678),#35,.T.);
#6956=ADVANCED_FACE('',(#679),#6727,.T.);
#6957=ADVANCED_FACE('',(#680),#36,.T.);
#6958=ADVANCED_FACE('',(#681),#37,.T.);
#6959=ADVANCED_FACE('',(#682),#38,.T.);
#6960=ADVANCED_FACE('',(#683),#39,.T.);
#6961=ADVANCED_FACE('',(#684),#6728,.T.);
#6962=ADVANCED_FACE('',(#685),#6729,.T.);
#6963=ADVANCED_FACE('',(#686),#6730,.T.);
#6964=ADVANCED_FACE('',(#687),#6731,.T.);
#6965=ADVANCED_FACE('',(#688),#6732,.T.);
#6966=ADVANCED_FACE('',(#689),#40,.T.);
#6967=ADVANCED_FACE('',(#690,#196),#6733,.T.);
#6968=ADVANCED_FACE('',(#691),#41,.T.);
#6969=ADVANCED_FACE('',(#692),#42,.T.);
#6970=ADVANCED_FACE('',(#693),#43,.T.);
#6971=ADVANCED_FACE('',(#694),#44,.T.);
#6972=ADVANCED_FACE('',(#695),#45,.T.);
#6973=ADVANCED_FACE('',(#696),#46,.T.);
#6974=ADVANCED_FACE('',(#697),#47,.T.);
#6975=ADVANCED_FACE('',(#698),#48,.T.);
#6976=ADVANCED_FACE('',(#699),#49,.F.);
#6977=ADVANCED_FACE('',(#700),#50,.F.);
#6978=ADVANCED_FACE('',(#701),#51,.F.);
#6979=ADVANCED_FACE('',(#702),#52,.F.);
#6980=ADVANCED_FACE('',(#703),#53,.F.);
#6981=ADVANCED_FACE('',(#704),#54,.F.);
#6982=ADVANCED_FACE('',(#705),#55,.F.);
#6983=ADVANCED_FACE('',(#706),#56,.F.);
#6984=ADVANCED_FACE('',(#707),#6734,.T.);
#6985=ADVANCED_FACE('',(#708),#6735,.T.);
#6986=ADVANCED_FACE('',(#709),#6736,.T.);
#6987=ADVANCED_FACE('',(#710),#6737,.T.);
#6988=ADVANCED_FACE('',(#711),#6738,.T.);
#6989=ADVANCED_FACE('',(#712),#6739,.T.);
#6990=ADVANCED_FACE('',(#713),#6740,.T.);
#6991=ADVANCED_FACE('',(#714),#6741,.T.);
#6992=ADVANCED_FACE('',(#715),#6742,.T.);
#6993=ADVANCED_FACE('',(#716),#6743,.T.);
#6994=ADVANCED_FACE('',(#717),#6744,.T.);
#6995=ADVANCED_FACE('',(#718),#6745,.T.);
#6996=ADVANCED_FACE('',(#719),#6746,.T.);
#6997=ADVANCED_FACE('',(#720),#6747,.T.);
#6998=ADVANCED_FACE('',(#721),#6748,.T.);
#6999=ADVANCED_FACE('',(#722),#6749,.T.);
#7000=ADVANCED_FACE('',(#723),#6750,.T.);
#7001=ADVANCED_FACE('',(#724),#6751,.T.);
#7002=ADVANCED_FACE('',(#725),#6752,.T.);
#7003=ADVANCED_FACE('',(#726),#6753,.T.);
#7004=ADVANCED_FACE('',(#727),#6754,.T.);
#7005=ADVANCED_FACE('',(#728),#6755,.T.);
#7006=ADVANCED_FACE('',(#729),#6756,.T.);
#7007=ADVANCED_FACE('',(#730),#6757,.T.);
#7008=ADVANCED_FACE('',(#731),#6758,.T.);
#7009=ADVANCED_FACE('',(#732),#6759,.T.);
#7010=ADVANCED_FACE('',(#733),#6760,.T.);
#7011=ADVANCED_FACE('',(#734),#6761,.T.);
#7012=ADVANCED_FACE('',(#735),#6762,.T.);
#7013=ADVANCED_FACE('',(#736),#6763,.T.);
#7014=ADVANCED_FACE('',(#737),#6764,.T.);
#7015=ADVANCED_FACE('',(#738),#6765,.T.);
#7016=ADVANCED_FACE('',(#739),#6766,.T.);
#7017=ADVANCED_FACE('',(#740),#6767,.T.);
#7018=ADVANCED_FACE('',(#741,#197),#6768,.T.);
#7019=ADVANCED_FACE('',(#742),#57,.T.);
#7020=ADVANCED_FACE('',(#743),#58,.T.);
#7021=ADVANCED_FACE('',(#744),#59,.T.);
#7022=ADVANCED_FACE('',(#745),#60,.T.);
#7023=ADVANCED_FACE('',(#746),#61,.T.);
#7024=ADVANCED_FACE('',(#747),#62,.T.);
#7025=ADVANCED_FACE('',(#748),#63,.T.);
#7026=ADVANCED_FACE('',(#749),#64,.T.);
#7027=ADVANCED_FACE('',(#750),#65,.F.);
#7028=ADVANCED_FACE('',(#751),#66,.F.);
#7029=ADVANCED_FACE('',(#752),#67,.F.);
#7030=ADVANCED_FACE('',(#753),#68,.F.);
#7031=ADVANCED_FACE('',(#754),#69,.F.);
#7032=ADVANCED_FACE('',(#755),#70,.F.);
#7033=ADVANCED_FACE('',(#756),#71,.F.);
#7034=ADVANCED_FACE('',(#757),#72,.F.);
#7035=ADVANCED_FACE('',(#758),#6769,.T.);
#7036=ADVANCED_FACE('',(#759),#73,.T.);
#7037=ADVANCED_FACE('',(#760),#74,.T.);
#7038=ADVANCED_FACE('',(#761),#75,.T.);
#7039=ADVANCED_FACE('',(#762),#6770,.T.);
#7040=ADVANCED_FACE('',(#763),#76,.T.);
#7041=ADVANCED_FACE('',(#764),#77,.T.);
#7042=ADVANCED_FACE('',(#765),#78,.T.);
#7043=ADVANCED_FACE('',(#766),#79,.T.);
#7044=ADVANCED_FACE('',(#767),#6771,.T.);
#7045=ADVANCED_FACE('',(#768),#6772,.T.);
#7046=ADVANCED_FACE('',(#769),#6773,.T.);
#7047=ADVANCED_FACE('',(#770),#6774,.T.);
#7048=ADVANCED_FACE('',(#771),#6775,.T.);
#7049=ADVANCED_FACE('',(#772),#80,.T.);
#7050=ADVANCED_FACE('',(#773),#6776,.T.);
#7051=ADVANCED_FACE('',(#774),#6777,.T.);
#7052=ADVANCED_FACE('',(#775),#6778,.T.);
#7053=ADVANCED_FACE('',(#776),#6779,.T.);
#7054=ADVANCED_FACE('',(#777),#6780,.T.);
#7055=ADVANCED_FACE('',(#778),#6781,.T.);
#7056=ADVANCED_FACE('',(#779),#6782,.T.);
#7057=ADVANCED_FACE('',(#780),#6783,.T.);
#7058=ADVANCED_FACE('',(#781),#6784,.T.);
#7059=ADVANCED_FACE('',(#782),#6785,.T.);
#7060=ADVANCED_FACE('',(#783),#6786,.T.);
#7061=ADVANCED_FACE('',(#784),#6787,.T.);
#7062=ADVANCED_FACE('',(#785),#6788,.T.);
#7063=ADVANCED_FACE('',(#786),#6789,.T.);
#7064=ADVANCED_FACE('',(#787),#6790,.T.);
#7065=ADVANCED_FACE('',(#788),#81,.T.);
#7066=ADVANCED_FACE('',(#789),#82,.T.);
#7067=ADVANCED_FACE('',(#790),#83,.T.);
#7068=ADVANCED_FACE('',(#791),#6791,.T.);
#7069=ADVANCED_FACE('',(#792),#6792,.T.);
#7070=ADVANCED_FACE('',(#793),#6793,.T.);
#7071=ADVANCED_FACE('',(#794),#84,.T.);
#7072=ADVANCED_FACE('',(#795),#85,.T.);
#7073=ADVANCED_FACE('',(#796),#86,.T.);
#7074=ADVANCED_FACE('',(#797),#6794,.T.);
#7075=ADVANCED_FACE('',(#798),#6795,.T.);
#7076=ADVANCED_FACE('',(#799),#6796,.T.);
#7077=ADVANCED_FACE('',(#800),#87,.T.);
#7078=ADVANCED_FACE('',(#801),#6797,.T.);
#7079=ADVANCED_FACE('',(#802),#6798,.T.);
#7080=ADVANCED_FACE('',(#803,#198),#6799,.T.);
#7081=ADVANCED_FACE('',(#804),#6800,.T.);
#7082=ADVANCED_FACE('',(#805),#6801,.T.);
#7083=ADVANCED_FACE('',(#806),#88,.T.);
#7084=ADVANCED_FACE('',(#807),#89,.T.);
#7085=ADVANCED_FACE('',(#808),#90,.T.);
#7086=ADVANCED_FACE('',(#809),#91,.T.);
#7087=ADVANCED_FACE('',(#810),#92,.T.);
#7088=ADVANCED_FACE('',(#811),#93,.T.);
#7089=ADVANCED_FACE('',(#812),#94,.T.);
#7090=ADVANCED_FACE('',(#813),#95,.T.);
#7091=ADVANCED_FACE('',(#814),#6802,.T.);
#7092=ADVANCED_FACE('',(#815),#6803,.T.);
#7093=ADVANCED_FACE('',(#816),#6804,.T.);
#7094=ADVANCED_FACE('',(#817),#6805,.T.);
#7095=ADVANCED_FACE('',(#818),#96,.F.);
#7096=ADVANCED_FACE('',(#819),#97,.F.);
#7097=ADVANCED_FACE('',(#820),#98,.F.);
#7098=ADVANCED_FACE('',(#821),#99,.F.);
#7099=ADVANCED_FACE('',(#822),#100,.F.);
#7100=ADVANCED_FACE('',(#823),#101,.F.);
#7101=ADVANCED_FACE('',(#824),#102,.F.);
#7102=ADVANCED_FACE('',(#825),#103,.F.);
#7103=ADVANCED_FACE('',(#826),#104,.F.);
#7104=ADVANCED_FACE('',(#827),#105,.F.);
#7105=ADVANCED_FACE('',(#828),#6806,.T.);
#7106=ADVANCED_FACE('',(#829),#6807,.T.);
#7107=ADVANCED_FACE('',(#830),#6808,.T.);
#7108=ADVANCED_FACE('',(#831),#6809,.T.);
#7109=ADVANCED_FACE('',(#832),#6810,.T.);
#7110=ADVANCED_FACE('',(#833),#6811,.F.);
#7111=ADVANCED_FACE('',(#834),#608,.F.);
#7112=ADVANCED_FACE('',(#835),#13,.F.);
#7113=ADVANCED_FACE('',(#836),#14,.F.);
#7114=ADVANCED_FACE('',(#837),#609,.F.);
#7115=ADVANCED_FACE('',(#838),#610,.F.);
#7116=ADVANCED_FACE('',(#839),#15,.F.);
#7117=ADVANCED_FACE('',(#840),#16,.F.);
#7118=ADVANCED_FACE('',(#841),#611,.F.);
#7119=ADVANCED_FACE('',(#842,#199),#6812,.T.);
#7120=ADVANCED_FACE('',(#843,#200,#201,#202,#203,#204,#205,#206,#207,#208,
#209,#210),#6813,.T.);
#7121=ADVANCED_FACE('',(#844),#612,.T.);
#7122=ADVANCED_FACE('',(#845),#6814,.T.);
#7123=ADVANCED_FACE('',(#846),#613,.T.);
#7124=ADVANCED_FACE('',(#847),#6815,.T.);
#7125=ADVANCED_FACE('',(#848),#614,.T.);
#7126=ADVANCED_FACE('',(#849),#6816,.T.);
#7127=ADVANCED_FACE('',(#850),#615,.T.);
#7128=ADVANCED_FACE('',(#851),#6817,.T.);
#7129=ADVANCED_FACE('',(#852),#6818,.F.);
#7130=ADVANCED_FACE('',(#853),#6819,.T.);
#7131=ADVANCED_FACE('',(#854),#6820,.T.);
#7132=ADVANCED_FACE('',(#855),#6821,.F.);
#7133=ADVANCED_FACE('',(#856),#616,.F.);
#7134=ADVANCED_FACE('',(#857),#6822,.F.);
#7135=ADVANCED_FACE('',(#858),#6823,.T.);
#7136=ADVANCED_FACE('',(#859),#6824,.T.);
#7137=ADVANCED_FACE('',(#860),#6825,.F.);
#7138=ADVANCED_FACE('',(#861),#6826,.F.);
#7139=ADVANCED_FACE('',(#862),#617,.F.);
#7140=ADVANCED_FACE('',(#863),#6827,.T.);
#7141=ADVANCED_FACE('',(#864),#6828,.T.);
#7142=ADVANCED_FACE('',(#865),#6829,.F.);
#7143=ADVANCED_FACE('',(#866),#6830,.T.);
#7144=ADVANCED_FACE('',(#867),#6831,.T.);
#7145=ADVANCED_FACE('',(#868),#618,.F.);
#7146=ADVANCED_FACE('',(#869),#6832,.T.);
#7147=ADVANCED_FACE('',(#870),#6833,.T.);
#7148=ADVANCED_FACE('',(#871),#6834,.T.);
#7149=ADVANCED_FACE('',(#872),#6835,.F.);
#7150=ADVANCED_FACE('',(#873),#106,.T.);
#7151=ADVANCED_FACE('',(#874),#107,.T.);
#7152=ADVANCED_FACE('',(#875),#108,.T.);
#7153=ADVANCED_FACE('',(#876),#109,.T.);
#7154=ADVANCED_FACE('',(#877),#110,.T.);
#7155=ADVANCED_FACE('',(#878),#111,.T.);
#7156=ADVANCED_FACE('',(#879),#112,.T.);
#7157=ADVANCED_FACE('',(#880),#6836,.T.);
#7158=ADVANCED_FACE('',(#881),#113,.T.);
#7159=ADVANCED_FACE('',(#882),#114,.T.);
#7160=ADVANCED_FACE('',(#883),#115,.T.);
#7161=ADVANCED_FACE('',(#884),#6837,.T.);
#7162=ADVANCED_FACE('',(#885),#6838,.T.);
#7163=ADVANCED_FACE('',(#886),#116,.T.);
#7164=ADVANCED_FACE('',(#887),#117,.T.);
#7165=ADVANCED_FACE('',(#888),#118,.T.);
#7166=ADVANCED_FACE('',(#889),#119,.T.);
#7167=ADVANCED_FACE('',(#890),#120,.T.);
#7168=ADVANCED_FACE('',(#891),#121,.T.);
#7169=ADVANCED_FACE('',(#892),#122,.T.);
#7170=ADVANCED_FACE('',(#893),#123,.T.);
#7171=ADVANCED_FACE('',(#894),#6839,.T.);
#7172=ADVANCED_FACE('',(#895),#6840,.T.);
#7173=ADVANCED_FACE('',(#896),#6841,.T.);
#7174=ADVANCED_FACE('',(#897,#211),#6842,.T.);
#7175=ADVANCED_FACE('',(#898,#212),#6843,.F.);
#7176=ADVANCED_FACE('',(#899),#6844,.T.);
#7177=ADVANCED_FACE('',(#900),#124,.T.);
#7178=ADVANCED_FACE('',(#901),#6845,.T.);
#7179=ADVANCED_FACE('',(#902),#6846,.T.);
#7180=ADVANCED_FACE('',(#903),#6847,.T.);
#7181=ADVANCED_FACE('',(#904),#125,.T.);
#7182=ADVANCED_FACE('',(#905),#126,.T.);
#7183=ADVANCED_FACE('',(#906),#127,.T.);
#7184=ADVANCED_FACE('',(#907),#6848,.T.);
#7185=ADVANCED_FACE('',(#908),#6849,.T.);
#7186=ADVANCED_FACE('',(#909),#6850,.T.);
#7187=ADVANCED_FACE('',(#910),#128,.T.);
#7188=ADVANCED_FACE('',(#911),#129,.T.);
#7189=ADVANCED_FACE('',(#912),#130,.T.);
#7190=ADVANCED_FACE('',(#913),#6851,.T.);
#7191=ADVANCED_FACE('',(#914),#6852,.T.);
#7192=ADVANCED_FACE('',(#915),#6853,.T.);
#7193=ADVANCED_FACE('',(#916),#6854,.F.);
#7194=ADVANCED_FACE('',(#917),#6855,.T.);
#7195=ADVANCED_FACE('',(#918),#6856,.T.);
#7196=ADVANCED_FACE('',(#919),#6857,.T.);
#7197=ADVANCED_FACE('',(#920),#6858,.T.);
#7198=ADVANCED_FACE('',(#921),#6859,.T.);
#7199=ADVANCED_FACE('',(#922),#6860,.T.);
#7200=ADVANCED_FACE('',(#923),#6861,.T.);
#7201=ADVANCED_FACE('',(#924),#6862,.T.);
#7202=ADVANCED_FACE('',(#925),#6863,.T.);
#7203=ADVANCED_FACE('',(#926),#6864,.T.);
#7204=ADVANCED_FACE('',(#927),#6865,.T.);
#7205=ADVANCED_FACE('',(#928),#6866,.T.);
#7206=ADVANCED_FACE('',(#929),#6867,.T.);
#7207=ADVANCED_FACE('',(#930),#6868,.F.);
#7208=ADVANCED_FACE('',(#931),#6869,.T.);
#7209=ADVANCED_FACE('',(#932),#6870,.T.);
#7210=ADVANCED_FACE('',(#933),#6871,.T.);
#7211=ADVANCED_FACE('',(#934),#6872,.T.);
#7212=ADVANCED_FACE('',(#935),#6873,.T.);
#7213=ADVANCED_FACE('',(#936),#131,.T.);
#7214=ADVANCED_FACE('',(#937),#132,.T.);
#7215=ADVANCED_FACE('',(#938),#133,.T.);
#7216=ADVANCED_FACE('',(#939),#134,.T.);
#7217=ADVANCED_FACE('',(#940),#6874,.T.);
#7218=ADVANCED_FACE('',(#941),#135,.T.);
#7219=ADVANCED_FACE('',(#942),#136,.T.);
#7220=ADVANCED_FACE('',(#943),#137,.T.);
#7221=ADVANCED_FACE('',(#944),#138,.T.);
#7222=ADVANCED_FACE('',(#945),#6875,.T.);
#7223=ADVANCED_FACE('',(#946),#6876,.F.);
#7224=ADVANCED_FACE('',(#947),#139,.T.);
#7225=ADVANCED_FACE('',(#948),#140,.T.);
#7226=ADVANCED_FACE('',(#949),#141,.T.);
#7227=ADVANCED_FACE('',(#950),#142,.T.);
#7228=ADVANCED_FACE('',(#951),#143,.T.);
#7229=ADVANCED_FACE('',(#952),#144,.T.);
#7230=ADVANCED_FACE('',(#953),#145,.T.);
#7231=ADVANCED_FACE('',(#954),#146,.T.);
#7232=ADVANCED_FACE('',(#955),#147,.T.);
#7233=ADVANCED_FACE('',(#956),#148,.T.);
#7234=ADVANCED_FACE('',(#957),#149,.T.);
#7235=ADVANCED_FACE('',(#958),#150,.T.);
#7236=ADVANCED_FACE('',(#959),#151,.T.);
#7237=ADVANCED_FACE('',(#960),#152,.T.);
#7238=ADVANCED_FACE('',(#961),#153,.T.);
#7239=ADVANCED_FACE('',(#962),#154,.T.);
#7240=ADVANCED_FACE('',(#963,#213),#6877,.T.);
#7241=ADVANCED_FACE('',(#964,#214),#6878,.F.);
#7242=ADVANCED_FACE('',(#965),#6879,.T.);
#7243=ADVANCED_FACE('',(#966),#6880,.T.);
#7244=ADVANCED_FACE('',(#967),#6881,.T.);
#7245=ADVANCED_FACE('',(#968),#6882,.T.);
#7246=ADVANCED_FACE('',(#969),#6883,.T.);
#7247=ADVANCED_FACE('',(#970),#6884,.F.);
#7248=ADVANCED_FACE('',(#971),#6885,.T.);
#7249=ADVANCED_FACE('',(#972),#6886,.T.);
#7250=ADVANCED_FACE('',(#973),#6887,.T.);
#7251=ADVANCED_FACE('',(#974),#6888,.T.);
#7252=ADVANCED_FACE('',(#975),#6889,.T.);
#7253=ADVANCED_FACE('',(#976),#6890,.T.);
#7254=ADVANCED_FACE('',(#977),#6891,.T.);
#7255=ADVANCED_FACE('',(#978),#6892,.T.);
#7256=ADVANCED_FACE('',(#979),#6893,.T.);
#7257=ADVANCED_FACE('',(#980),#6894,.T.);
#7258=ADVANCED_FACE('',(#981),#6895,.T.);
#7259=ADVANCED_FACE('',(#982),#6896,.T.);
#7260=ADVANCED_FACE('',(#983),#6897,.T.);
#7261=ADVANCED_FACE('',(#984),#6898,.T.);
#7262=ADVANCED_FACE('',(#985),#6899,.F.);
#7263=ADVANCED_FACE('',(#986),#155,.T.);
#7264=ADVANCED_FACE('',(#987),#156,.T.);
#7265=ADVANCED_FACE('',(#988),#157,.T.);
#7266=ADVANCED_FACE('',(#989),#158,.T.);
#7267=ADVANCED_FACE('',(#990),#159,.T.);
#7268=ADVANCED_FACE('',(#991),#160,.T.);
#7269=ADVANCED_FACE('',(#992),#161,.T.);
#7270=ADVANCED_FACE('',(#993),#162,.T.);
#7271=ADVANCED_FACE('',(#994),#163,.T.);
#7272=ADVANCED_FACE('',(#995),#164,.T.);
#7273=ADVANCED_FACE('',(#996),#165,.T.);
#7274=ADVANCED_FACE('',(#997),#166,.T.);
#7275=ADVANCED_FACE('',(#998),#167,.T.);
#7276=ADVANCED_FACE('',(#999),#168,.T.);
#7277=ADVANCED_FACE('',(#1000),#169,.T.);
#7278=ADVANCED_FACE('',(#1001),#170,.T.);
#7279=ADVANCED_FACE('',(#1002,#215),#6900,.T.);
#7280=ADVANCED_FACE('',(#1003,#216),#6901,.F.);
#7281=ADVANCED_FACE('',(#1004),#6902,.T.);
#7282=ADVANCED_FACE('',(#1005),#6903,.T.);
#7283=ADVANCED_FACE('',(#1006),#6904,.T.);
#7284=ADVANCED_FACE('',(#1007),#6905,.T.);
#7285=ADVANCED_FACE('',(#1008),#6906,.T.);
#7286=ADVANCED_FACE('',(#1009),#171,.T.);
#7287=ADVANCED_FACE('',(#1010),#172,.T.);
#7288=ADVANCED_FACE('',(#1011),#173,.T.);
#7289=ADVANCED_FACE('',(#1012),#174,.T.);
#7290=ADVANCED_FACE('',(#1013),#6907,.T.);
#7291=ADVANCED_FACE('',(#1014),#175,.T.);
#7292=ADVANCED_FACE('',(#1015),#176,.T.);
#7293=ADVANCED_FACE('',(#1016),#177,.T.);
#7294=ADVANCED_FACE('',(#1017),#178,.T.);
#7295=ADVANCED_FACE('',(#1018),#6908,.T.);
#7296=ADVANCED_FACE('',(#1019),#6909,.F.);
#7297=ADVANCED_FACE('',(#1020),#179,.T.);
#7298=ADVANCED_FACE('',(#1021),#180,.T.);
#7299=ADVANCED_FACE('',(#1022),#181,.T.);
#7300=ADVANCED_FACE('',(#1023),#182,.T.);
#7301=ADVANCED_FACE('',(#1024),#183,.T.);
#7302=ADVANCED_FACE('',(#1025),#184,.T.);
#7303=ADVANCED_FACE('',(#1026),#185,.T.);
#7304=ADVANCED_FACE('',(#1027),#186,.T.);
#7305=ADVANCED_FACE('',(#1028),#187,.T.);
#7306=ADVANCED_FACE('',(#1029),#188,.T.);
#7307=ADVANCED_FACE('',(#1030),#189,.T.);
#7308=ADVANCED_FACE('',(#1031),#190,.T.);
#7309=ADVANCED_FACE('',(#1032),#191,.T.);
#7310=ADVANCED_FACE('',(#1033),#192,.T.);
#7311=ADVANCED_FACE('',(#1034),#193,.T.);
#7312=ADVANCED_FACE('',(#1035),#194,.T.);
#7313=ADVANCED_FACE('',(#1036,#217),#6910,.T.);
#7314=ADVANCED_FACE('',(#1037,#218),#6911,.F.);
#7315=ADVANCED_FACE('',(#1038),#6912,.T.);
#7316=ADVANCED_FACE('',(#1039),#6913,.T.);
#7317=ADVANCED_FACE('',(#1040),#6914,.T.);
#7318=ADVANCED_FACE('',(#1041),#6915,.T.);
#7319=ADVANCED_FACE('',(#1042),#6916,.T.);
#7320=ADVANCED_FACE('',(#1043),#6917,.T.);
#7321=ADVANCED_FACE('',(#1044),#6918,.T.);
#7322=ADVANCED_FACE('',(#1045),#6919,.T.);
#7323=ADVANCED_FACE('',(#1046),#6920,.T.);
#7324=ADVANCED_FACE('',(#1047),#6921,.T.);
#7325=ADVANCED_FACE('',(#1048),#6922,.T.);
#7326=ADVANCED_FACE('',(#1049),#6923,.T.);
#7327=ADVANCED_FACE('',(#1050),#6924,.T.);
#7328=ADVANCED_FACE('',(#1051),#6925,.T.);
#7329=ADVANCED_FACE('',(#1052),#6926,.T.);
#7330=ADVANCED_FACE('',(#1053),#6927,.F.);
#7331=CLOSED_SHELL('',(#6928,#6929,#6930,#6931,#6932,#6933,#6934));
#7332=CLOSED_SHELL('',(#6935,#6936,#6937,#6938,#6939,#6940,#6941,#6942,
#6943,#6944,#6945,#6946,#6947,#6948,#6949,#6950,#6951,#6952,#6953,#6954,
#6955,#6956,#6957,#6958,#6959,#6960,#6961,#6962,#6963,#6964,#6965,#6966,
#6967,#6968,#6969,#6970,#6971,#6972,#6973,#6974,#6975,#6976,#6977,#6978,
#6979,#6980,#6981,#6982,#6983,#6984,#6985,#6986,#6987,#6988,#6989,#6990,
#6991,#6992,#6993,#6994,#6995,#6996,#6997,#6998,#6999,#7000,#7001,#7002,
#7003,#7004,#7005,#7006,#7007,#7008,#7009,#7010,#7011,#7012,#7013,#7014,
#7015,#7016,#7017,#7018,#7019,#7020,#7021,#7022,#7023,#7024,#7025,#7026,
#7027,#7028,#7029,#7030,#7031,#7032,#7033,#7034,#7035,#7036,#7037,#7038,
#7039,#7040,#7041,#7042,#7043,#7044,#7045,#7046,#7047,#7048,#7049,#7050,
#7051,#7052,#7053,#7054,#7055,#7056,#7057,#7058,#7059,#7060,#7061,#7062,
#7063,#7064,#7065,#7066,#7067,#7068,#7069,#7070,#7071,#7072,#7073,#7074,
#7075,#7076,#7077,#7078,#7079,#7080,#7081,#7082,#7083,#7084,#7085,#7086,
#7087,#7088,#7089,#7090,#7091,#7092,#7093,#7094,#7095,#7096,#7097,#7098,
#7099,#7100,#7101,#7102,#7103,#7104,#7105,#7106,#7107,#7108,#7109,#7110,
#7111,#7112,#7113,#7114,#7115,#7116,#7117,#7118,#7119,#7120,#7121,#7122,
#7123,#7124,#7125,#7126,#7127,#7128));
#7333=CLOSED_SHELL('',(#7129,#7130,#7131,#7132,#7133,#7134,#7135));
#7334=CLOSED_SHELL('',(#7136,#7137,#7138,#7139,#7140,#7141,#7142));
#7335=CLOSED_SHELL('',(#7143,#7144,#7145,#7146,#7147,#7148,#7149));
#7336=CLOSED_SHELL('',(#7150,#7151,#7152,#7153,#7154,#7155,#7156,#7157,
#7158,#7159,#7160,#7161,#7162,#7163,#7164,#7165,#7166,#7167,#7168,#7169,
#7170,#7171,#7172,#7173,#7174,#7175));
#7337=CLOSED_SHELL('',(#7176,#7177,#7178,#7179,#7180,#7181,#7182,#7183,
#7184,#7185,#7186,#7187,#7188,#7189,#7190,#7191,#7192,#7193));
#7338=CLOSED_SHELL('',(#7194,#7195,#7196,#7197,#7198,#7199,#7200,#7201,
#7202,#7203,#7204,#7205,#7206,#7207));
#7339=CLOSED_SHELL('',(#7208,#7209,#7210,#7211,#7212,#7213,#7214,#7215,
#7216,#7217,#7218,#7219,#7220,#7221,#7222,#7223));
#7340=CLOSED_SHELL('',(#7224,#7225,#7226,#7227,#7228,#7229,#7230,#7231,
#7232,#7233,#7234,#7235,#7236,#7237,#7238,#7239,#7240,#7241));
#7341=CLOSED_SHELL('',(#7242,#7243,#7244,#7245,#7246,#7247));
#7342=CLOSED_SHELL('',(#7248,#7249,#7250,#7251,#7252,#7253,#7254,#7255,
#7256,#7257,#7258,#7259,#7260,#7261,#7262));
#7343=CLOSED_SHELL('',(#7263,#7264,#7265,#7266,#7267,#7268,#7269,#7270,
#7271,#7272,#7273,#7274,#7275,#7276,#7277,#7278,#7279,#7280));
#7344=CLOSED_SHELL('',(#7281,#7282,#7283,#7284,#7285,#7286,#7287,#7288,
#7289,#7290,#7291,#7292,#7293,#7294,#7295,#7296));
#7345=CLOSED_SHELL('',(#7297,#7298,#7299,#7300,#7301,#7302,#7303,#7304,
#7305,#7306,#7307,#7308,#7309,#7310,#7311,#7312,#7313,#7314));
#7346=CLOSED_SHELL('',(#7315,#7316,#7317,#7318,#7319,#7320,#7321,#7322,
#7323,#7324,#7325,#7326,#7327,#7328,#7329,#7330));
#7347=DERIVED_UNIT_ELEMENT(#7349,1.);
#7348=DERIVED_UNIT_ELEMENT(#12584,-3.);
#7349=(
MASS_UNIT()
NAMED_UNIT(*)
SI_UNIT(.KILO.,.GRAM.)
);
#7350=DERIVED_UNIT((#7347,#7348));
#7351=MEASURE_REPRESENTATION_ITEM('density measure',
POSITIVE_RATIO_MEASURE(2700.),#7350);
#7352=PROPERTY_DEFINITION_REPRESENTATION(#7357,#7354);
#7353=PROPERTY_DEFINITION_REPRESENTATION(#7358,#7355);
#7354=REPRESENTATION('material name',(#7356),#12581);
#7355=REPRESENTATION('density',(#7351),#12581);
#7356=DESCRIPTIVE_REPRESENTATION_ITEM('Aluminum 1100-H14',
'Aluminum 1100-H14');
#7357=PROPERTY_DEFINITION('material property','material name',#12591);
#7358=PROPERTY_DEFINITION('material property','density of part',#12591);
#7359=AXIS2_PLACEMENT_3D('',#8807,#7617,#7618);
#7360=AXIS2_PLACEMENT_3D('',#8808,#7619,#7620);
#7361=AXIS2_PLACEMENT_3D('',#8817,#7625,#7626);
#7362=AXIS2_PLACEMENT_3D('',#8824,#7630,#7631);
#7363=AXIS2_PLACEMENT_3D('',#8825,#7632,#7633);
#7364=AXIS2_PLACEMENT_3D('',#8829,#7636,#7637);
#7365=AXIS2_PLACEMENT_3D('',#8833,#7639,#7640);
#7366=AXIS2_PLACEMENT_3D('',#8835,#7642,#7643);
#7367=AXIS2_PLACEMENT_3D('',#8838,#7646,#7647);
#7368=AXIS2_PLACEMENT_3D('',#8839,#7648,#7649);
#7369=AXIS2_PLACEMENT_3D('',#8840,#7650,#7651);
#7370=AXIS2_PLACEMENT_3D('',#9081,#7668,#7669);
#7371=AXIS2_PLACEMENT_3D('',#9161,#7680,#7681);
#7372=AXIS2_PLACEMENT_3D('',#9209,#7688,#7689);
#7373=AXIS2_PLACEMENT_3D('',#9213,#7692,#7693);
#7374=AXIS2_PLACEMENT_3D('',#9217,#7696,#7697);
#7375=AXIS2_PLACEMENT_3D('',#9221,#7700,#7701);
#7376=AXIS2_PLACEMENT_3D('',#9225,#7704,#7705);
#7377=AXIS2_PLACEMENT_3D('',#9238,#7708,#7709);
#7378=AXIS2_PLACEMENT_3D('',#9479,#7726,#7727);
#7379=AXIS2_PLACEMENT_3D('',#9506,#7741,#7742);
#7380=AXIS2_PLACEMENT_3D('',#9512,#7746,#7747);
#7381=AXIS2_PLACEMENT_3D('',#9516,#7750,#7751);
#7382=AXIS2_PLACEMENT_3D('',#9520,#7754,#7755);
#7383=AXIS2_PLACEMENT_3D('',#9524,#7758,#7759);
#7384=AXIS2_PLACEMENT_3D('',#9528,#7762,#7763);
#7385=AXIS2_PLACEMENT_3D('',#9532,#7766,#7767);
#7386=AXIS2_PLACEMENT_3D('',#9536,#7770,#7771);
#7387=AXIS2_PLACEMENT_3D('',#9540,#7774,#7775);
#7388=AXIS2_PLACEMENT_3D('',#9544,#7778,#7779);
#7389=AXIS2_PLACEMENT_3D('',#9548,#7782,#7783);
#7390=AXIS2_PLACEMENT_3D('',#9552,#7786,#7787);
#7391=AXIS2_PLACEMENT_3D('',#9556,#7790,#7791);
#7392=AXIS2_PLACEMENT_3D('',#9558,#7793,#7794);
#7393=AXIS2_PLACEMENT_3D('',#9567,#7799,#7800);
#7394=AXIS2_PLACEMENT_3D('',#9573,#7804,#7805);
#7395=AXIS2_PLACEMENT_3D('',#9577,#7808,#7809);
#7396=AXIS2_PLACEMENT_3D('',#9581,#7812,#7813);
#7397=AXIS2_PLACEMENT_3D('',#9583,#7815,#7816);
#7398=AXIS2_PLACEMENT_3D('',#9612,#7831,#7832);
#7399=AXIS2_PLACEMENT_3D('',#9618,#7836,#7837);
#7400=AXIS2_PLACEMENT_3D('',#9622,#7840,#7841);
#7401=AXIS2_PLACEMENT_3D('',#9626,#7844,#7845);
#7402=AXIS2_PLACEMENT_3D('',#9630,#7848,#7849);
#7403=AXIS2_PLACEMENT_3D('',#9634,#7852,#7853);
#7404=AXIS2_PLACEMENT_3D('',#9638,#7856,#7857);
#7405=AXIS2_PLACEMENT_3D('',#9642,#7860,#7861);
#7406=AXIS2_PLACEMENT_3D('',#9646,#7864,#7865);
#7407=AXIS2_PLACEMENT_3D('',#9650,#7868,#7869);
#7408=AXIS2_PLACEMENT_3D('',#9654,#7872,#7873);
#7409=AXIS2_PLACEMENT_3D('',#9658,#7876,#7877);
#7410=AXIS2_PLACEMENT_3D('',#9662,#7880,#7881);
#7411=AXIS2_PLACEMENT_3D('',#9666,#7884,#7885);
#7412=AXIS2_PLACEMENT_3D('',#9668,#7887,#7888);
#7413=AXIS2_PLACEMENT_3D('',#9909,#7905,#7906);
#7414=AXIS2_PLACEMENT_3D('',#9989,#7917,#7918);
#7415=AXIS2_PLACEMENT_3D('',#10037,#7925,#7926);
#7416=AXIS2_PLACEMENT_3D('',#10041,#7929,#7930);
#7417=AXIS2_PLACEMENT_3D('',#10045,#7933,#7934);
#7418=AXIS2_PLACEMENT_3D('',#10049,#7937,#7938);
#7419=AXIS2_PLACEMENT_3D('',#10053,#7941,#7942);
#7420=AXIS2_PLACEMENT_3D('',#10066,#7945,#7946);
#7421=AXIS2_PLACEMENT_3D('',#10091,#7959,#7960);
#7422=AXIS2_PLACEMENT_3D('',#10097,#7964,#7965);
#7423=AXIS2_PLACEMENT_3D('',#10101,#7968,#7969);
#7424=AXIS2_PLACEMENT_3D('',#10105,#7972,#7973);
#7425=AXIS2_PLACEMENT_3D('',#10109,#7976,#7977);
#7426=AXIS2_PLACEMENT_3D('',#10113,#7980,#7981);
#7427=AXIS2_PLACEMENT_3D('',#10117,#7984,#7985);
#7428=AXIS2_PLACEMENT_3D('',#10121,#7988,#7989);
#7429=AXIS2_PLACEMENT_3D('',#10125,#7992,#7993);
#7430=AXIS2_PLACEMENT_3D('',#10129,#7996,#7997);
#7431=AXIS2_PLACEMENT_3D('',#10133,#8000,#8001);
#7432=AXIS2_PLACEMENT_3D('',#10137,#8004,#8005);
#7433=AXIS2_PLACEMENT_3D('',#10139,#8007,#8008);
#7434=AXIS2_PLACEMENT_3D('',#10186,#8018,#8019);
#7435=AXIS2_PLACEMENT_3D('',#10225,#8026,#8027);
#7436=AXIS2_PLACEMENT_3D('',#10229,#8030,#8031);
#7437=AXIS2_PLACEMENT_3D('',#10233,#8034,#8035);
#7438=AXIS2_PLACEMENT_3D('',#10270,#8041,#8042);
#7439=AXIS2_PLACEMENT_3D('',#10274,#8045,#8046);
#7440=AXIS2_PLACEMENT_3D('',#10278,#8049,#8050);
#7441=AXIS2_PLACEMENT_3D('',#10293,#8054,#8055);
#7442=AXIS2_PLACEMENT_3D('',#10297,#8058,#8059);
#7443=AXIS2_PLACEMENT_3D('',#10299,#8061,#8062);
#7444=AXIS2_PLACEMENT_3D('',#10383,#8069,#8070);
#7445=AXIS2_PLACEMENT_3D('',#10389,#8074,#8075);
#7446=AXIS2_PLACEMENT_3D('',#10481,#8086,#8087);
#7447=AXIS2_PLACEMENT_3D('',#10485,#8090,#8091);
#7448=AXIS2_PLACEMENT_3D('',#10489,#8094,#8095);
#7449=AXIS2_PLACEMENT_3D('',#10491,#8097,#8098);
#7450=AXIS2_PLACEMENT_3D('',#10604,#8111,#8112);
#7451=AXIS2_PLACEMENT_3D('',#10605,#8113,#8114);
#7452=AXIS2_PLACEMENT_3D('',#10606,#8115,#8116);
#7453=AXIS2_PLACEMENT_3D('',#10607,#8117,#8118);
#7454=AXIS2_PLACEMENT_3D('',#10608,#8119,#8120);
#7455=AXIS2_PLACEMENT_3D('',#10609,#8121,#8122);
#7456=AXIS2_PLACEMENT_3D('',#10612,#8123,#8124);
#7457=AXIS2_PLACEMENT_3D('',#10616,#8126,#8127);
#7458=AXIS2_PLACEMENT_3D('',#10620,#8129,#8130);
#7459=AXIS2_PLACEMENT_3D('',#10624,#8132,#8133);
#7460=AXIS2_PLACEMENT_3D('',#10626,#8135,#8136);
#7461=AXIS2_PLACEMENT_3D('',#10629,#8137,#8138);
#7462=AXIS2_PLACEMENT_3D('',#10633,#8140,#8141);
#7463=AXIS2_PLACEMENT_3D('',#10635,#8143,#8144);
#7464=AXIS2_PLACEMENT_3D('',#10638,#8145,#8146);
#7465=AXIS2_PLACEMENT_3D('',#10639,#8147,#8148);
#7466=AXIS2_PLACEMENT_3D('',#10640,#8149,#8150);
#7467=AXIS2_PLACEMENT_3D('',#10641,#8151,#8152);
#7468=AXIS2_PLACEMENT_3D('',#10644,#8153,#8154);
#7469=AXIS2_PLACEMENT_3D('',#10645,#8155,#8156);
#7470=AXIS2_PLACEMENT_3D('',#10646,#8157,#8158);
#7471=AXIS2_PLACEMENT_3D('',#10647,#8159,#8160);
#7472=AXIS2_PLACEMENT_3D('',#10650,#8161,#8162);
#7473=AXIS2_PLACEMENT_3D('',#10653,#8165,#8166);
#7474=AXIS2_PLACEMENT_3D('',#10656,#8167,#8168);
#7475=AXIS2_PLACEMENT_3D('',#10659,#8171,#8172);
#7476=AXIS2_PLACEMENT_3D('',#10662,#8173,#8174);
#7477=AXIS2_PLACEMENT_3D('',#10663,#8175,#8176);
#7478=AXIS2_PLACEMENT_3D('',#10664,#8177,#8178);
#7479=AXIS2_PLACEMENT_3D('',#10665,#8179,#8180);
#7480=AXIS2_PLACEMENT_3D('',#10668,#8181,#8182);
#7481=AXIS2_PLACEMENT_3D('',#10669,#8183,#8184);
#7482=AXIS2_PLACEMENT_3D('',#10670,#8185,#8186);
#7483=AXIS2_PLACEMENT_3D('',#10671,#8187,#8188);
#7484=AXIS2_PLACEMENT_3D('',#10674,#8191,#8192);
#7485=AXIS2_PLACEMENT_3D('',#10677,#8193,#8194);
#7486=AXIS2_PLACEMENT_3D('',#10681,#8196,#8197);
#7487=AXIS2_PLACEMENT_3D('',#10685,#8199,#8200);
#7488=AXIS2_PLACEMENT_3D('',#10689,#8202,#8203);
#7489=AXIS2_PLACEMENT_3D('',#10691,#8205,#8206);
#7490=AXIS2_PLACEMENT_3D('',#10692,#8207,#8208);
#7491=AXIS2_PLACEMENT_3D('',#10695,#8211,#8212);
#7492=AXIS2_PLACEMENT_3D('',#10697,#8214,#8215);
#7493=AXIS2_PLACEMENT_3D('',#10700,#8218,#8219);
#7494=AXIS2_PLACEMENT_3D('',#10701,#8220,#8221);
#7495=AXIS2_PLACEMENT_3D('',#10704,#8224,#8225);
#7496=AXIS2_PLACEMENT_3D('',#10705,#8226,#8227);
#7497=AXIS2_PLACEMENT_3D('',#10707,#8229,#8230);
#7498=AXIS2_PLACEMENT_3D('',#10708,#8231,#8232);
#7499=AXIS2_PLACEMENT_3D('',#10717,#8237,#8238);
#7500=AXIS2_PLACEMENT_3D('',#10724,#8242,#8243);
#7501=AXIS2_PLACEMENT_3D('',#10725,#8244,#8245);
#7502=AXIS2_PLACEMENT_3D('',#10729,#8248,#8249);
#7503=AXIS2_PLACEMENT_3D('',#10731,#8250,#8251);
#7504=AXIS2_PLACEMENT_3D('',#10735,#8254,#8255);
#7505=AXIS2_PLACEMENT_3D('',#10737,#8257,#8258);
#7506=AXIS2_PLACEMENT_3D('',#10739,#8260,#8261);
#7507=AXIS2_PLACEMENT_3D('',#10740,#8262,#8263);
#7508=AXIS2_PLACEMENT_3D('',#10749,#8268,#8269);
#7509=AXIS2_PLACEMENT_3D('',#10756,#8273,#8274);
#7510=AXIS2_PLACEMENT_3D('',#10757,#8275,#8276);
#7511=AXIS2_PLACEMENT_3D('',#10761,#8279,#8280);
#7512=AXIS2_PLACEMENT_3D('',#10764,#8282,#8283);
#7513=AXIS2_PLACEMENT_3D('',#10765,#8284,#8285);
#7514=AXIS2_PLACEMENT_3D('',#10769,#8288,#8289);
#7515=AXIS2_PLACEMENT_3D('',#10771,#8291,#8292);
#7516=AXIS2_PLACEMENT_3D('',#10772,#8293,#8294);
#7517=AXIS2_PLACEMENT_3D('',#10781,#8299,#8300);
#7518=AXIS2_PLACEMENT_3D('',#10787,#8304,#8305);
#7519=AXIS2_PLACEMENT_3D('',#10789,#8306,#8307);
#7520=AXIS2_PLACEMENT_3D('',#10791,#8308,#8309);
#7521=AXIS2_PLACEMENT_3D('',#10793,#8311,#8312);
#7522=AXIS2_PLACEMENT_3D('',#10799,#8316,#8317);
#7523=AXIS2_PLACEMENT_3D('',#10802,#8320,#8321);
#7524=AXIS2_PLACEMENT_3D('',#10803,#8322,#8323);
#7525=AXIS2_PLACEMENT_3D('',#10912,#8332,#8333);
#7526=AXIS2_PLACEMENT_3D('',#10958,#8339,#8340);
#7527=AXIS2_PLACEMENT_3D('',#10967,#8345,#8346);
#7528=AXIS2_PLACEMENT_3D('',#11093,#8358,#8359);
#7529=AXIS2_PLACEMENT_3D('',#11099,#8363,#8364);
#7530=AXIS2_PLACEMENT_3D('',#11105,#8368,#8369);
#7531=AXIS2_PLACEMENT_3D('',#11108,#8372,#8373);
#7532=AXIS2_PLACEMENT_3D('',#11109,#8374,#8375);
#7533=AXIS2_PLACEMENT_3D('',#11110,#8376,#8377);
#7534=AXIS2_PLACEMENT_3D('',#11134,#8383,#8384);
#7535=AXIS2_PLACEMENT_3D('',#11140,#8388,#8389);
#7536=AXIS2_PLACEMENT_3D('',#11146,#8393,#8394);
#7537=AXIS2_PLACEMENT_3D('',#11197,#8401,#8402);
#7538=AXIS2_PLACEMENT_3D('',#11203,#8406,#8407);
#7539=AXIS2_PLACEMENT_3D('',#11209,#8411,#8412);
#7540=AXIS2_PLACEMENT_3D('',#11260,#8419,#8420);
#7541=AXIS2_PLACEMENT_3D('',#11266,#8424,#8425);
#7542=AXIS2_PLACEMENT_3D('',#11269,#8428,#8429);
#7543=AXIS2_PLACEMENT_3D('',#11270,#8430,#8431);
#7544=AXIS2_PLACEMENT_3D('',#11271,#8432,#8433);
#7545=AXIS2_PLACEMENT_3D('',#11280,#8438,#8439);
#7546=AXIS2_PLACEMENT_3D('',#11286,#8443,#8444);
#7547=AXIS2_PLACEMENT_3D('',#11292,#8448,#8449);
#7548=AXIS2_PLACEMENT_3D('',#11298,#8453,#8454);
#7549=AXIS2_PLACEMENT_3D('',#11304,#8458,#8459);
#7550=AXIS2_PLACEMENT_3D('',#11310,#8463,#8464);
#7551=AXIS2_PLACEMENT_3D('',#11316,#8468,#8469);
#7552=AXIS2_PLACEMENT_3D('',#11322,#8473,#8474);
#7553=AXIS2_PLACEMENT_3D('',#11328,#8478,#8479);
#7554=AXIS2_PLACEMENT_3D('',#11334,#8483,#8484);
#7555=AXIS2_PLACEMENT_3D('',#11340,#8488,#8489);
#7556=AXIS2_PLACEMENT_3D('',#11343,#8492,#8493);
#7557=AXIS2_PLACEMENT_3D('',#11344,#8494,#8495);
#7558=AXIS2_PLACEMENT_3D('',#11345,#8496,#8497);
#7559=AXIS2_PLACEMENT_3D('',#11354,#8502,#8503);
#7560=AXIS2_PLACEMENT_3D('',#11360,#8507,#8508);
#7561=AXIS2_PLACEMENT_3D('',#11366,#8512,#8513);
#7562=AXIS2_PLACEMENT_3D('',#11372,#8517,#8518);
#7563=AXIS2_PLACEMENT_3D('',#11438,#8526,#8527);
#7564=AXIS2_PLACEMENT_3D('',#11501,#8534,#8535);
#7565=AXIS2_PLACEMENT_3D('',#11502,#8536,#8537);
#7566=AXIS2_PLACEMENT_3D('',#11743,#8554,#8555);
#7567=AXIS2_PLACEMENT_3D('',#11744,#8556,#8557);
#7568=AXIS2_PLACEMENT_3D('',#11745,#8558,#8559);
#7569=AXIS2_PLACEMENT_3D('',#11754,#8564,#8565);
#7570=AXIS2_PLACEMENT_3D('',#11760,#8569,#8570);
#7571=AXIS2_PLACEMENT_3D('',#11766,#8574,#8575);
#7572=AXIS2_PLACEMENT_3D('',#11769,#8578,#8579);
#7573=AXIS2_PLACEMENT_3D('',#11770,#8580,#8581);
#7574=AXIS2_PLACEMENT_3D('',#11771,#8582,#8583);
#7575=AXIS2_PLACEMENT_3D('',#11780,#8588,#8589);
#7576=AXIS2_PLACEMENT_3D('',#11786,#8593,#8594);
#7577=AXIS2_PLACEMENT_3D('',#11792,#8598,#8599);
#7578=AXIS2_PLACEMENT_3D('',#11798,#8603,#8604);
#7579=AXIS2_PLACEMENT_3D('',#11804,#8608,#8609);
#7580=AXIS2_PLACEMENT_3D('',#11810,#8613,#8614);
#7581=AXIS2_PLACEMENT_3D('',#11816,#8618,#8619);
#7582=AXIS2_PLACEMENT_3D('',#11822,#8623,#8624);
#7583=AXIS2_PLACEMENT_3D('',#11828,#8628,#8629);
#7584=AXIS2_PLACEMENT_3D('',#11834,#8633,#8634);
#7585=AXIS2_PLACEMENT_3D('',#11840,#8638,#8639);
#7586=AXIS2_PLACEMENT_3D('',#11846,#8643,#8644);
#7587=AXIS2_PLACEMENT_3D('',#11849,#8647,#8648);
#7588=AXIS2_PLACEMENT_3D('',#11850,#8649,#8650);
#7589=AXIS2_PLACEMENT_3D('',#12091,#8667,#8668);
#7590=AXIS2_PLACEMENT_3D('',#12092,#8669,#8670);
#7591=AXIS2_PLACEMENT_3D('',#12093,#8671,#8672);
#7592=AXIS2_PLACEMENT_3D('',#12102,#8677,#8678);
#7593=AXIS2_PLACEMENT_3D('',#12108,#8682,#8683);
#7594=AXIS2_PLACEMENT_3D('',#12114,#8687,#8688);
#7595=AXIS2_PLACEMENT_3D('',#12120,#8692,#8693);
#7596=AXIS2_PLACEMENT_3D('',#12186,#8701,#8702);
#7597=AXIS2_PLACEMENT_3D('',#12249,#8709,#8710);
#7598=AXIS2_PLACEMENT_3D('',#12250,#8711,#8712);
#7599=AXIS2_PLACEMENT_3D('',#12491,#8729,#8730);
#7600=AXIS2_PLACEMENT_3D('',#12492,#8731,#8732);
#7601=AXIS2_PLACEMENT_3D('',#12493,#8733,#8734);
#7602=AXIS2_PLACEMENT_3D('',#12502,#8739,#8740);
#7603=AXIS2_PLACEMENT_3D('',#12508,#8744,#8745);
#7604=AXIS2_PLACEMENT_3D('',#12514,#8749,#8750);
#7605=AXIS2_PLACEMENT_3D('',#12520,#8754,#8755);
#7606=AXIS2_PLACEMENT_3D('',#12526,#8759,#8760);
#7607=AXIS2_PLACEMENT_3D('',#12532,#8764,#8765);
#7608=AXIS2_PLACEMENT_3D('',#12538,#8769,#8770);
#7609=AXIS2_PLACEMENT_3D('',#12544,#8774,#8775);
#7610=AXIS2_PLACEMENT_3D('',#12550,#8779,#8780);
#7611=AXIS2_PLACEMENT_3D('',#12556,#8784,#8785);
#7612=AXIS2_PLACEMENT_3D('',#12562,#8789,#8790);
#7613=AXIS2_PLACEMENT_3D('',#12568,#8794,#8795);
#7614=AXIS2_PLACEMENT_3D('',#12574,#8799,#8800);
#7615=AXIS2_PLACEMENT_3D('',#12577,#8803,#8804);
#7616=AXIS2_PLACEMENT_3D('',#12578,#8805,#8806);
#7617=DIRECTION('axis',(0.,0.,1.));
#7618=DIRECTION('refdir',(1.,0.,0.));
#7619=DIRECTION('center_axis',(1.,0.,0.));
#7620=DIRECTION('ref_axis',(0.,1.,0.));
#7621=DIRECTION('',(0.,0.,1.));
#7622=DIRECTION('',(0.,1.,0.));
#7623=DIRECTION('',(0.,0.,1.));
#7624=DIRECTION('',(0.,1.,0.));
#7625=DIRECTION('center_axis',(0.,0.,1.));
#7626=DIRECTION('ref_axis',(1.,0.,0.));
#7627=DIRECTION('',(-1.,0.,0.));
#7628=DIRECTION('',(-1.,0.,0.));
#7629=DIRECTION('',(0.,1.,0.));
#7630=DIRECTION('center_axis',(0.,0.,-1.));
#7631=DIRECTION('ref_axis',(-0.707106781186547,-0.707106781186548,0.));
#7632=DIRECTION('center_axis',(0.,1.,0.));
#7633=DIRECTION('ref_axis',(-1.,0.,0.));
#7634=DIRECTION('',(0.,0.,-1.));
#7635=DIRECTION('',(-1.,0.,0.));
#7636=DIRECTION('center_axis',(0.,0.,1.));
#7637=DIRECTION('ref_axis',(1.,0.,0.));
#7638=DIRECTION('',(1.,0.,0.));
#7639=DIRECTION('center_axis',(0.,0.,1.));
#7640=DIRECTION('ref_axis',(-0.707106781186547,-0.707106781186548,0.));
#7641=DIRECTION('',(0.,-1.,0.));
#7642=DIRECTION('center_axis',(0.,0.,1.));
#7643=DIRECTION('ref_axis',(-0.707106781186547,-0.707106781186548,0.));
#7644=DIRECTION('',(0.,0.,1.));
#7645=DIRECTION('',(0.,0.,-1.));
#7646=DIRECTION('center_axis',(-1.,0.,0.));
#7647=DIRECTION('ref_axis',(0.,0.,1.));
#7648=DIRECTION('center_axis',(0.,-1.,0.));
#7649=DIRECTION('ref_axis',(0.,0.,-1.));
#7650=DIRECTION('center_axis',(0.,0.,1.));
#7651=DIRECTION('ref_axis',(1.,0.,0.));
#7652=DIRECTION('',(0.,0.,1.));
#7653=DIRECTION('',(0.,0.,1.));
#7654=DIRECTION('',(0.,0.,1.));
#7655=DIRECTION('',(0.,0.,1.));
#7656=DIRECTION('',(0.,0.,1.));
#7657=DIRECTION('',(0.,0.,1.));
#7658=DIRECTION('',(0.,0.,1.));
#7659=DIRECTION('',(0.,0.,1.));
#7660=DIRECTION('',(0.,0.,1.));
#7661=DIRECTION('',(0.,0.,1.));
#7662=DIRECTION('',(0.,0.,1.));
#7663=DIRECTION('',(0.,0.,1.));
#7664=DIRECTION('',(0.,0.,1.));
#7665=DIRECTION('',(0.,0.,1.));
#7666=DIRECTION('',(0.,0.,1.));
#7667=DIRECTION('',(0.,0.,1.));
#7668=DIRECTION('center_axis',(0.,0.,1.));
#7669=DIRECTION('ref_axis',(1.,0.,0.));
#7670=DIRECTION('',(0.99348641179386,0.113950645373169,0.));
#7671=DIRECTION('',(1.,0.,0.));
#7672=DIRECTION('',(0.,1.,0.));
#7673=DIRECTION('',(-1.,0.,0.));
#7674=DIRECTION('',(0.,-1.,0.));
#7675=DIRECTION('',(-1.,0.,0.));
#7676=DIRECTION('',(0.,0.,1.));
#7677=DIRECTION('',(0.,0.,1.));
#7678=DIRECTION('',(0.,0.,1.));
#7679=DIRECTION('',(0.,0.,1.));
#7680=DIRECTION('center_axis',(0.113950645373169,-0.99348641179386,0.));
#7681=DIRECTION('ref_axis',(0.,0.,-1.));
#7682=DIRECTION('',(0.99348641179386,0.113950645373169,0.));
#7683=DIRECTION('',(0.,0.,1.));
#7684=DIRECTION('',(0.,0.,1.));
#7685=DIRECTION('',(0.,0.,1.));
#7686=DIRECTION('',(0.,0.,1.));
#7687=DIRECTION('',(0.,0.,1.));
#7688=DIRECTION('center_axis',(0.,-1.,0.));
#7689=DIRECTION('ref_axis',(0.,0.,-1.));
#7690=DIRECTION('',(1.,0.,0.));
#7691=DIRECTION('',(0.,0.,1.));
#7692=DIRECTION('center_axis',(1.,0.,0.));
#7693=DIRECTION('ref_axis',(0.,0.,-1.));
#7694=DIRECTION('',(0.,1.,0.));
#7695=DIRECTION('',(0.,0.,1.));
#7696=DIRECTION('center_axis',(0.,1.,0.));
#7697=DIRECTION('ref_axis',(0.,0.,1.));
#7698=DIRECTION('',(-1.,0.,0.));
#7699=DIRECTION('',(0.,0.,1.));
#7700=DIRECTION('center_axis',(-1.,0.,0.));
#7701=DIRECTION('ref_axis',(0.,0.,1.));
#7702=DIRECTION('',(0.,-1.,0.));
#7703=DIRECTION('',(0.,0.,1.));
#7704=DIRECTION('center_axis',(0.,1.,0.));
#7705=DIRECTION('ref_axis',(0.,0.,1.));
#7706=DIRECTION('',(-1.,0.,0.));
#7707=DIRECTION('',(0.,0.,1.));
#7708=DIRECTION('center_axis',(0.,0.,1.));
#7709=DIRECTION('ref_axis',(1.,0.,0.));
#7710=DIRECTION('',(0.,0.,1.));
#7711=DIRECTION('',(0.,0.,1.));
#7712=DIRECTION('',(0.,0.,1.));
#7713=DIRECTION('',(0.,0.,1.));
#7714=DIRECTION('',(0.,0.,1.));
#7715=DIRECTION('',(0.,0.,1.));
#7716=DIRECTION('',(0.,0.,1.));
#7717=DIRECTION('',(0.,0.,1.));
#7718=DIRECTION('',(0.,0.,1.));
#7719=DIRECTION('',(0.,0.,1.));
#7720=DIRECTION('',(0.,0.,1.));
#7721=DIRECTION('',(0.,0.,1.));
#7722=DIRECTION('',(0.,0.,1.));
#7723=DIRECTION('',(0.,0.,1.));
#7724=DIRECTION('',(0.,0.,1.));
#7725=DIRECTION('',(0.,0.,1.));
#7726=DIRECTION('center_axis',(0.,0.,1.));
#7727=DIRECTION('ref_axis',(1.,0.,0.));
#7728=DIRECTION('',(-0.986775386875563,-0.162093602145743,0.));
#7729=DIRECTION('',(0.,-1.,0.));
#7730=DIRECTION('',(0.982636836085244,-0.185539344529353,0.));
#7731=DIRECTION('',(0.,1.,0.));
#7732=DIRECTION('',(-0.983551882181916,0.180625842714739,0.));
#7733=DIRECTION('',(0.986123959275642,0.166010653099526,0.));
#7734=DIRECTION('',(0.,1.,0.));
#7735=DIRECTION('',(-0.98595812919202,0.166992716847686,0.));
#7736=DIRECTION('',(0.986936679980443,0.161108627047654,0.));
#7737=DIRECTION('',(0.,1.,0.));
#7738=DIRECTION('',(-0.987344391206299,-0.158590835654088,0.));
#7739=DIRECTION('',(0.,-1.,0.));
#7740=DIRECTION('',(0.987569653220421,-0.157181996545716,0.));
#7741=DIRECTION('center_axis',(-0.162093602145743,0.986775386875563,0.));
#7742=DIRECTION('ref_axis',(0.,0.,1.));
#7743=DIRECTION('',(0.,0.,1.));
#7744=DIRECTION('',(-0.986775386875563,-0.162093602145743,0.));
#7745=DIRECTION('',(0.,0.,1.));
#7746=DIRECTION('center_axis',(-1.,0.,0.));
#7747=DIRECTION('ref_axis',(0.,0.,1.));
#7748=DIRECTION('',(0.,-1.,0.));
#7749=DIRECTION('',(0.,0.,1.));
#7750=DIRECTION('center_axis',(-0.185539344529353,-0.982636836085244,0.));
#7751=DIRECTION('ref_axis',(0.,0.,-1.));
#7752=DIRECTION('',(0.982636836085244,-0.185539344529353,0.));
#7753=DIRECTION('',(0.,0.,1.));
#7754=DIRECTION('center_axis',(1.,0.,0.));
#7755=DIRECTION('ref_axis',(0.,0.,-1.));
#7756=DIRECTION('',(0.,1.,0.));
#7757=DIRECTION('',(0.,0.,1.));
#7758=DIRECTION('center_axis',(0.180625842714739,0.983551882181916,0.));
#7759=DIRECTION('ref_axis',(0.,0.,1.));
#7760=DIRECTION('',(-0.983551882181916,0.180625842714739,0.));
#7761=DIRECTION('',(0.,0.,1.));
#7762=DIRECTION('center_axis',(0.166010653099526,-0.986123959275642,0.));
#7763=DIRECTION('ref_axis',(0.,0.,-1.));
#7764=DIRECTION('',(0.986123959275642,0.166010653099526,0.));
#7765=DIRECTION('',(0.,0.,1.));
#7766=DIRECTION('center_axis',(1.,0.,0.));
#7767=DIRECTION('ref_axis',(0.,0.,-1.));
#7768=DIRECTION('',(0.,1.,0.));
#7769=DIRECTION('',(0.,0.,1.));
#7770=DIRECTION('center_axis',(0.166992716847686,0.98595812919202,0.));
#7771=DIRECTION('ref_axis',(0.,0.,1.));
#7772=DIRECTION('',(-0.98595812919202,0.166992716847686,0.));
#7773=DIRECTION('',(0.,0.,1.));
#7774=DIRECTION('center_axis',(0.161108627047654,-0.986936679980443,0.));
#7775=DIRECTION('ref_axis',(0.,0.,-1.));
#7776=DIRECTION('',(0.986936679980443,0.161108627047654,0.));
#7777=DIRECTION('',(0.,0.,1.));
#7778=DIRECTION('center_axis',(1.,0.,0.));
#7779=DIRECTION('ref_axis',(0.,0.,-1.));
#7780=DIRECTION('',(0.,1.,0.));
#7781=DIRECTION('',(0.,0.,1.));
#7782=DIRECTION('center_axis',(-0.158590835654088,0.987344391206299,0.));
#7783=DIRECTION('ref_axis',(0.,0.,1.));
#7784=DIRECTION('',(-0.987344391206299,-0.158590835654088,0.));
#7785=DIRECTION('',(0.,0.,1.));
#7786=DIRECTION('center_axis',(-1.,0.,0.));
#7787=DIRECTION('ref_axis',(0.,0.,1.));
#7788=DIRECTION('',(0.,-1.,0.));
#7789=DIRECTION('',(0.,0.,1.));
#7790=DIRECTION('center_axis',(-0.157181996545716,-0.987569653220421,0.));
#7791=DIRECTION('ref_axis',(0.,0.,-1.));
#7792=DIRECTION('',(0.987569653220421,-0.157181996545716,0.));
#7793=DIRECTION('center_axis',(0.,0.,1.));
#7794=DIRECTION('ref_axis',(1.,0.,0.));
#7795=DIRECTION('',(0.,1.,0.));
#7796=DIRECTION('',(-1.,0.,0.));
#7797=DIRECTION('',(0.,-1.,0.));
#7798=DIRECTION('',(1.,0.,0.));
#7799=DIRECTION('center_axis',(1.,0.,0.));
#7800=DIRECTION('ref_axis',(0.,0.,-1.));
#7801=DIRECTION('',(0.,0.,1.));
#7802=DIRECTION('',(0.,1.,0.));
#7803=DIRECTION('',(0.,0.,1.));
#7804=DIRECTION('center_axis',(0.,1.,0.));
#7805=DIRECTION('ref_axis',(0.,0.,1.));
#7806=DIRECTION('',(-1.,0.,0.));
#7807=DIRECTION('',(0.,0.,1.));
#7808=DIRECTION('center_axis',(-1.,0.,0.));
#7809=DIRECTION('ref_axis',(0.,0.,1.));
#7810=DIRECTION('',(0.,-1.,0.));
#7811=DIRECTION('',(0.,0.,1.));
#7812=DIRECTION('center_axis',(0.,-1.,0.));
#7813=DIRECTION('ref_axis',(0.,0.,-1.));
#7814=DIRECTION('',(1.,0.,0.));
#7815=DIRECTION('center_axis',(0.,0.,1.));
#7816=DIRECTION('ref_axis',(1.,0.,0.));
#7817=DIRECTION('',(-1.,0.,0.));
#7818=DIRECTION('',(0.,-1.,0.));
#7819=DIRECTION('',(-1.,0.,0.));
#7820=DIRECTION('',(0.,-1.,0.));
#7821=DIRECTION('',(1.,0.,0.));
#7822=DIRECTION('',(0.,1.,0.));
#7823=DIRECTION('',(1.,0.,0.));
#7824=DIRECTION('',(0.,1.,0.));
#7825=DIRECTION('',(-1.,0.,0.));
#7826=DIRECTION('',(-0.291505352898467,0.956569197304377,0.));
#7827=DIRECTION('',(-1.,0.,0.));
#7828=DIRECTION('',(0.281797489571366,-0.959473905258124,0.));
#7829=DIRECTION('',(-1.,0.,0.));
#7830=DIRECTION('',(0.,1.,0.));
#7831=DIRECTION('center_axis',(0.,1.,0.));
#7832=DIRECTION('ref_axis',(0.,0.,1.));
#7833=DIRECTION('',(0.,0.,1.));
#7834=DIRECTION('',(-1.,0.,0.));
#7835=DIRECTION('',(0.,0.,1.));
#7836=DIRECTION('center_axis',(-1.,0.,0.));
#7837=DIRECTION('ref_axis',(0.,0.,1.));
#7838=DIRECTION('',(0.,-1.,0.));
#7839=DIRECTION('',(0.,0.,1.));
#7840=DIRECTION('center_axis',(0.,1.,0.));
#7841=DIRECTION('ref_axis',(0.,0.,1.));
#7842=DIRECTION('',(-1.,0.,0.));
#7843=DIRECTION('',(0.,0.,1.));
#7844=DIRECTION('center_axis',(-1.,0.,0.));
#7845=DIRECTION('ref_axis',(0.,0.,1.));
#7846=DIRECTION('',(0.,-1.,0.));
#7847=DIRECTION('',(0.,0.,1.));
#7848=DIRECTION('center_axis',(0.,-1.,0.));
#7849=DIRECTION('ref_axis',(0.,0.,-1.));
#7850=DIRECTION('',(1.,0.,0.));
#7851=DIRECTION('',(0.,0.,1.));
#7852=DIRECTION('center_axis',(1.,0.,0.));
#7853=DIRECTION('ref_axis',(0.,0.,-1.));
#7854=DIRECTION('',(0.,1.,0.));
#7855=DIRECTION('',(0.,0.,1.));
#7856=DIRECTION('center_axis',(0.,-1.,0.));
#7857=DIRECTION('ref_axis',(0.,0.,-1.));
#7858=DIRECTION('',(1.,0.,0.));
#7859=DIRECTION('',(0.,0.,1.));
#7860=DIRECTION('center_axis',(1.,0.,0.));
#7861=DIRECTION('ref_axis',(0.,0.,-1.));
#7862=DIRECTION('',(0.,1.,0.));
#7863=DIRECTION('',(0.,0.,1.));
#7864=DIRECTION('center_axis',(0.,1.,0.));
#7865=DIRECTION('ref_axis',(0.,0.,1.));
#7866=DIRECTION('',(-1.,0.,0.));
#7867=DIRECTION('',(0.,0.,1.));
#7868=DIRECTION('center_axis',(0.956569197304377,0.291505352898467,0.));
#7869=DIRECTION('ref_axis',(0.,0.,-1.));
#7870=DIRECTION('',(-0.291505352898467,0.956569197304377,0.));
#7871=DIRECTION('',(0.,0.,1.));
#7872=DIRECTION('center_axis',(0.,1.,0.));
#7873=DIRECTION('ref_axis',(0.,0.,1.));
#7874=DIRECTION('',(-1.,0.,0.));
#7875=DIRECTION('',(0.,0.,1.));
#7876=DIRECTION('center_axis',(-0.959473905258124,-0.281797489571366,0.));
#7877=DIRECTION('ref_axis',(0.,0.,1.));
#7878=DIRECTION('',(0.281797489571366,-0.959473905258124,0.));
#7879=DIRECTION('',(0.,0.,1.));
#7880=DIRECTION('center_axis',(0.,1.,0.));
#7881=DIRECTION('ref_axis',(0.,0.,1.));
#7882=DIRECTION('',(-1.,0.,0.));
#7883=DIRECTION('',(0.,0.,1.));
#7884=DIRECTION('center_axis',(1.,0.,0.));
#7885=DIRECTION('ref_axis',(0.,0.,-1.));
#7886=DIRECTION('',(0.,1.,0.));
#7887=DIRECTION('center_axis',(0.,0.,1.));
#7888=DIRECTION('ref_axis',(1.,0.,0.));
#7889=DIRECTION('',(0.,0.,1.));
#7890=DIRECTION('',(0.,0.,1.));
#7891=DIRECTION('',(0.,0.,1.));
#7892=DIRECTION('',(0.,0.,1.));
#7893=DIRECTION('',(0.,0.,1.));
#7894=DIRECTION('',(0.,0.,1.));
#7895=DIRECTION('',(0.,0.,1.));
#7896=DIRECTION('',(0.,0.,1.));
#7897=DIRECTION('',(0.,0.,1.));
#7898=DIRECTION('',(0.,0.,1.));
#7899=DIRECTION('',(0.,0.,1.));
#7900=DIRECTION('',(0.,0.,1.));
#7901=DIRECTION('',(0.,0.,1.));
#7902=DIRECTION('',(0.,0.,1.));
#7903=DIRECTION('',(0.,0.,1.));
#7904=DIRECTION('',(0.,0.,1.));
#7905=DIRECTION('center_axis',(0.,0.,1.));
#7906=DIRECTION('ref_axis',(1.,0.,0.));
#7907=DIRECTION('',(0.993486631238732,0.113948732111928,0.));
#7908=DIRECTION('',(1.,0.,0.));
#7909=DIRECTION('',(0.,1.,0.));
#7910=DIRECTION('',(-1.,0.,0.));
#7911=DIRECTION('',(0.,-1.,0.));
#7912=DIRECTION('',(-1.,0.,0.));
#7913=DIRECTION('',(0.,0.,1.));
#7914=DIRECTION('',(0.,0.,1.));
#7915=DIRECTION('',(0.,0.,1.));
#7916=DIRECTION('',(0.,0.,1.));
#7917=DIRECTION('center_axis',(0.113948732111928,-0.993486631238732,0.));
#7918=DIRECTION('ref_axis',(0.,0.,-1.));
#7919=DIRECTION('',(0.993486631238732,0.113948732111928,0.));
#7920=DIRECTION('',(0.,0.,1.));
#7921=DIRECTION('',(0.,0.,1.));
#7922=DIRECTION('',(0.,0.,1.));
#7923=DIRECTION('',(0.,0.,1.));
#7924=DIRECTION('',(0.,0.,1.));
#7925=DIRECTION('center_axis',(0.,-1.,0.));
#7926=DIRECTION('ref_axis',(0.,0.,-1.));
#7927=DIRECTION('',(1.,0.,0.));
#7928=DIRECTION('',(0.,0.,1.));
#7929=DIRECTION('center_axis',(1.,0.,0.));
#7930=DIRECTION('ref_axis',(0.,0.,-1.));
#7931=DIRECTION('',(0.,1.,0.));
#7932=DIRECTION('',(0.,0.,1.));
#7933=DIRECTION('center_axis',(0.,1.,0.));
#7934=DIRECTION('ref_axis',(0.,0.,1.));
#7935=DIRECTION('',(-1.,0.,0.));
#7936=DIRECTION('',(0.,0.,1.));
#7937=DIRECTION('center_axis',(-1.,0.,0.));
#7938=DIRECTION('ref_axis',(0.,0.,1.));
#7939=DIRECTION('',(0.,-1.,0.));
#7940=DIRECTION('',(0.,0.,1.));
#7941=DIRECTION('center_axis',(0.,1.,0.));
#7942=DIRECTION('ref_axis',(0.,0.,1.));
#7943=DIRECTION('',(-1.,0.,0.));
#7944=DIRECTION('',(0.,0.,1.));
#7945=DIRECTION('center_axis',(0.,0.,1.));
#7946=DIRECTION('ref_axis',(1.,0.,0.));
#7947=DIRECTION('',(1.,0.,0.));
#7948=DIRECTION('',(0.,1.,0.));
#7949=DIRECTION('',(-1.,0.,0.));
#7950=DIRECTION('',(0.,1.,0.));
#7951=DIRECTION('',(1.,0.,0.));
#7952=DIRECTION('',(0.,1.,0.));
#7953=DIRECTION('',(-1.,0.,0.));
#7954=DIRECTION('',(0.,-1.,0.));
#7955=DIRECTION('',(1.,0.,0.));
#7956=DIRECTION('',(0.,-1.,0.));
#7957=DIRECTION('',(-1.,0.,0.));
#7958=DIRECTION('',(0.,-1.,0.));
#7959=DIRECTION('center_axis',(0.,-1.,0.));
#7960=DIRECTION('ref_axis',(0.,0.,-1.));
#7961=DIRECTION('',(0.,0.,1.));
#7962=DIRECTION('',(1.,0.,0.));
#7963=DIRECTION('',(0.,0.,1.));
#7964=DIRECTION('center_axis',(1.,0.,0.));
#7965=DIRECTION('ref_axis',(0.,0.,-1.));
#7966=DIRECTION('',(0.,1.,0.));
#7967=DIRECTION('',(0.,0.,1.));
#7968=DIRECTION('center_axis',(0.,1.,0.));
#7969=DIRECTION('ref_axis',(0.,0.,1.));
#7970=DIRECTION('',(-1.,0.,0.));
#7971=DIRECTION('',(0.,0.,1.));
#7972=DIRECTION('center_axis',(1.,0.,0.));
#7973=DIRECTION('ref_axis',(0.,0.,-1.));
#7974=DIRECTION('',(0.,1.,0.));
#7975=DIRECTION('',(0.,0.,1.));
#7976=DIRECTION('center_axis',(0.,-1.,0.));
#7977=DIRECTION('ref_axis',(0.,0.,-1.));
#7978=DIRECTION('',(1.,0.,0.));
#7979=DIRECTION('',(0.,0.,1.));
#7980=DIRECTION('center_axis',(1.,0.,0.));
#7981=DIRECTION('ref_axis',(0.,0.,-1.));
#7982=DIRECTION('',(0.,1.,0.));
#7983=DIRECTION('',(0.,0.,1.));
#7984=DIRECTION('center_axis',(0.,1.,0.));
#7985=DIRECTION('ref_axis',(0.,0.,1.));
#7986=DIRECTION('',(-1.,0.,0.));
#7987=DIRECTION('',(0.,0.,1.));
#7988=DIRECTION('center_axis',(-1.,0.,0.));
#7989=DIRECTION('ref_axis',(0.,0.,1.));
#7990=DIRECTION('',(0.,-1.,0.));
#7991=DIRECTION('',(0.,0.,1.));
#7992=DIRECTION('center_axis',(0.,-1.,0.));
#7993=DIRECTION('ref_axis',(0.,0.,-1.));
#7994=DIRECTION('',(1.,0.,0.));
#7995=DIRECTION('',(0.,0.,1.));
#7996=DIRECTION('center_axis',(-1.,0.,0.));
#7997=DIRECTION('ref_axis',(0.,0.,1.));
#7998=DIRECTION('',(0.,-1.,0.));
#7999=DIRECTION('',(0.,0.,1.));
#8000=DIRECTION('center_axis',(0.,1.,0.));
#8001=DIRECTION('ref_axis',(0.,0.,1.));
#8002=DIRECTION('',(-1.,0.,0.));
#8003=DIRECTION('',(0.,0.,1.));
#8004=DIRECTION('center_axis',(-1.,0.,0.));
#8005=DIRECTION('ref_axis',(0.,0.,1.));
#8006=DIRECTION('',(0.,-1.,0.));
#8007=DIRECTION('center_axis',(0.,0.,1.));
#8008=DIRECTION('ref_axis',(1.,0.,0.));
#8009=DIRECTION('',(-0.912903123902615,-0.408176293246983,0.));
#8010=DIRECTION('',(-0.140203077215275,0.990122768720813,0.));
#8011=DIRECTION('',(-0.999238517933687,-0.0390177431137284,0.));
#8012=DIRECTION('',(0.117872833888118,-0.993028697989733,0.));
#8013=DIRECTION('',(0.929310595732451,-0.369299088354408,0.));
#8014=DIRECTION('',(0.,1.,0.));
#8015=DIRECTION('',(-0.93089868639319,0.365277477640539,0.));
#8016=DIRECTION('',(0.919383085933166,0.393363370562141,0.));
#8017=DIRECTION('',(0.,1.,0.));
#8018=DIRECTION('center_axis',(-0.408176293246983,0.912903123902615,0.));
#8019=DIRECTION('ref_axis',(0.,0.,1.));
#8020=DIRECTION('',(0.,0.,1.));
#8021=DIRECTION('',(-0.912903123902615,-0.408176293246983,0.));
#8022=DIRECTION('',(0.,0.,1.));
#8023=DIRECTION('',(0.,0.,1.));
#8024=DIRECTION('',(0.,0.,1.));
#8025=DIRECTION('',(0.,0.,1.));
#8026=DIRECTION('center_axis',(0.990122768720813,0.140203077215275,0.));
#8027=DIRECTION('ref_axis',(0.,0.,-1.));
#8028=DIRECTION('',(-0.140203077215275,0.990122768720813,0.));
#8029=DIRECTION('',(0.,0.,1.));
#8030=DIRECTION('center_axis',(-0.0390177431137284,0.999238517933687,0.));
#8031=DIRECTION('ref_axis',(0.,0.,1.));
#8032=DIRECTION('',(-0.999238517933687,-0.0390177431137284,0.));
#8033=DIRECTION('',(0.,0.,1.));
#8034=DIRECTION('center_axis',(-0.993028697989733,-0.117872833888118,0.));
#8035=DIRECTION('ref_axis',(0.,0.,1.));
#8036=DIRECTION('',(0.117872833888118,-0.993028697989733,0.));
#8037=DIRECTION('',(0.,0.,1.));
#8038=DIRECTION('',(0.,0.,1.));
#8039=DIRECTION('',(0.,0.,1.));
#8040=DIRECTION('',(0.,0.,1.));
#8041=DIRECTION('center_axis',(-0.369299088354408,-0.929310595732451,0.));
#8042=DIRECTION('ref_axis',(0.,0.,-1.));
#8043=DIRECTION('',(0.929310595732451,-0.369299088354408,0.));
#8044=DIRECTION('',(0.,0.,1.));
#8045=DIRECTION('center_axis',(1.,0.,0.));
#8046=DIRECTION('ref_axis',(0.,0.,-1.));
#8047=DIRECTION('',(0.,1.,0.));
#8048=DIRECTION('',(0.,0.,1.));
#8049=DIRECTION('center_axis',(0.365277477640539,0.93089868639319,0.));
#8050=DIRECTION('ref_axis',(0.,0.,1.));
#8051=DIRECTION('',(-0.93089868639319,0.365277477640539,0.));
#8052=DIRECTION('',(0.,0.,1.));
#8053=DIRECTION('',(0.,0.,1.));
#8054=DIRECTION('center_axis',(0.393363370562141,-0.919383085933166,0.));
#8055=DIRECTION('ref_axis',(0.,0.,-1.));
#8056=DIRECTION('',(0.919383085933166,0.393363370562141,0.));
#8057=DIRECTION('',(0.,0.,1.));
#8058=DIRECTION('center_axis',(1.,0.,0.));
#8059=DIRECTION('ref_axis',(0.,0.,-1.));
#8060=DIRECTION('',(0.,1.,0.));
#8061=DIRECTION('center_axis',(0.,0.,1.));
#8062=DIRECTION('ref_axis',(1.,0.,0.));
#8063=DIRECTION('',(0.,1.,0.));
#8064=DIRECTION('',(-1.,0.,0.));
#8065=DIRECTION('',(-0.997024432658612,-0.0770861899549697,0.));
#8066=DIRECTION('',(0.0560458495921146,-0.99842819608798,0.));
#8067=DIRECTION('',(1.,0.,0.));
#8068=DIRECTION('',(1.,0.,0.));
#8069=DIRECTION('center_axis',(1.,0.,0.));
#8070=DIRECTION('ref_axis',(0.,0.,-1.));
#8071=DIRECTION('',(0.,0.,1.));
#8072=DIRECTION('',(0.,1.,0.));
#8073=DIRECTION('',(0.,0.,1.));
#8074=DIRECTION('center_axis',(0.,1.,0.));
#8075=DIRECTION('ref_axis',(0.,0.,1.));
#8076=DIRECTION('',(-1.,0.,0.));
#8077=DIRECTION('',(0.,0.,1.));
#8078=DIRECTION('',(0.,0.,1.));
#8079=DIRECTION('',(0.,0.,1.));
#8080=DIRECTION('',(0.,0.,1.));
#8081=DIRECTION('',(0.,0.,1.));
#8082=DIRECTION('',(0.,0.,1.));
#8083=DIRECTION('',(0.,0.,1.));
#8084=DIRECTION('',(0.,0.,1.));
#8085=DIRECTION('',(0.,0.,1.));
#8086=DIRECTION('center_axis',(-0.0770861899549697,0.997024432658612,0.));
#8087=DIRECTION('ref_axis',(0.,0.,1.));
#8088=DIRECTION('',(-0.997024432658612,-0.0770861899549697,0.));
#8089=DIRECTION('',(0.,0.,1.));
#8090=DIRECTION('center_axis',(-0.99842819608798,-0.0560458495921146,0.));
#8091=DIRECTION('ref_axis',(0.,0.,1.));
#8092=DIRECTION('',(0.0560458495921146,-0.99842819608798,0.));
#8093=DIRECTION('',(0.,0.,1.));
#8094=DIRECTION('center_axis',(0.,-1.,0.));
#8095=DIRECTION('ref_axis',(0.,0.,-1.));
#8096=DIRECTION('',(1.,0.,0.));
#8097=DIRECTION('center_axis',(0.,1.,0.));
#8098=DIRECTION('ref_axis',(0.,0.,1.));
#8099=DIRECTION('',(0.,0.,1.));
#8100=DIRECTION('',(-1.,0.,0.));
#8101=DIRECTION('',(0.,0.,1.));
#8102=DIRECTION('',(0.,0.,1.));
#8103=DIRECTION('',(0.,0.,1.));
#8104=DIRECTION('',(0.,0.,1.));
#8105=DIRECTION('',(0.,0.,1.));
#8106=DIRECTION('',(0.,0.,1.));
#8107=DIRECTION('',(0.,0.,1.));
#8108=DIRECTION('',(0.,0.,1.));
#8109=DIRECTION('',(0.,0.,1.));
#8110=DIRECTION('',(0.,0.,1.));
#8111=DIRECTION('center_axis',(0.,0.,1.));
#8112=DIRECTION('ref_axis',(1.,0.,0.));
#8113=DIRECTION('center_axis',(0.,0.,1.));
#8114=DIRECTION('ref_axis',(1.,0.,0.));
#8115=DIRECTION('center_axis',(0.,0.,1.));
#8116=DIRECTION('ref_axis',(1.,0.,0.));
#8117=DIRECTION('center_axis',(0.,0.,1.));
#8118=DIRECTION('ref_axis',(1.,0.,0.));
#8119=DIRECTION('center_axis',(0.,0.,1.));
#8120=DIRECTION('ref_axis',(1.,0.,0.));
#8121=DIRECTION('center_axis',(0.,0.,1.));
#8122=DIRECTION('ref_axis',(1.,0.,0.));
#8123=DIRECTION('center_axis',(0.,0.,-1.));
#8124=DIRECTION('ref_axis',(0.707106781186544,0.707106781186551,0.));
#8125=DIRECTION('',(0.,-1.,0.));
#8126=DIRECTION('center_axis',(0.,0.,-1.));
#8127=DIRECTION('ref_axis',(0.707106781186549,-0.707106781186546,0.));
#8128=DIRECTION('',(-1.,0.,0.));
#8129=DIRECTION('center_axis',(0.,0.,-1.));
#8130=DIRECTION('ref_axis',(-0.707106781186547,-0.707106781186548,0.));
#8131=DIRECTION('',(0.,1.,0.));
#8132=DIRECTION('center_axis',(0.,0.,-1.));
#8133=DIRECTION('ref_axis',(-0.707106781186549,0.707106781186546,0.));
#8134=DIRECTION('',(1.,0.,0.));
#8135=DIRECTION('center_axis',(0.,-1.,0.));
#8136=DIRECTION('ref_axis',(-0.916515138991168,0.,-0.400000000000001));
#8137=DIRECTION('center_axis',(0.,1.,0.));
#8138=DIRECTION('ref_axis',(0.,0.,-1.));
#8139=DIRECTION('',(0.,1.,0.));
#8140=DIRECTION('center_axis',(5.81449262700297E-15,-1.,8.88178419700125E-15));
#8141=DIRECTION('ref_axis',(-0.916515138991168,-8.88178419700126E-15,-0.400000000000001));
#8142=DIRECTION('',(0.,1.,0.));
#8143=DIRECTION('center_axis',(0.,0.,1.));
#8144=DIRECTION('ref_axis',(-1.,0.,0.));
#8145=DIRECTION('center_axis',(-1.,0.,0.));
#8146=DIRECTION('ref_axis',(0.,0.,-1.));
#8147=DIRECTION('center_axis',(0.,0.,-1.));
#8148=DIRECTION('ref_axis',(0.707106781186548,0.707106781186548,0.));
#8149=DIRECTION('center_axis',(0.,0.,1.));
#8150=DIRECTION('ref_axis',(-1.,0.,0.));
#8151=DIRECTION('center_axis',(0.,0.,1.));
#8152=DIRECTION('ref_axis',(-1.,-3.62844370847051E-15,0.));
#8153=DIRECTION('center_axis',(-1.,2.90724631350148E-15,-4.44089209850063E-15));
#8154=DIRECTION('ref_axis',(4.44089209850062E-15,0.916515138991168,-0.4));
#8155=DIRECTION('center_axis',(0.,0.,1.));
#8156=DIRECTION('ref_axis',(-1.,-3.80667670735694E-15,0.));
#8157=DIRECTION('center_axis',(0.,0.,-1.));
#8158=DIRECTION('ref_axis',(0.707106781186548,-0.707106781186547,0.));
#8159=DIRECTION('center_axis',(1.,0.,0.));
#8160=DIRECTION('ref_axis',(0.,-0.916515138991168,-0.400000000000001));
#8161=DIRECTION('center_axis',(-1.,-7.26811578375372E-16,-1.11022302462516E-15));
#8162=DIRECTION('ref_axis',(1.11022302462516E-15,0.,-1.));
#8163=DIRECTION('',(-1.,0.,0.));
#8164=DIRECTION('',(-1.,0.,0.));
#8165=DIRECTION('center_axis',(-1.,0.,0.));
#8166=DIRECTION('ref_axis',(0.,0.916515138991168,-0.4));
#8167=DIRECTION('center_axis',(-1.,0.,0.));
#8168=DIRECTION('ref_axis',(0.,0.916515138991168,-0.4));
#8169=DIRECTION('',(1.,0.,0.));
#8170=DIRECTION('',(1.,0.,0.));
#8171=DIRECTION('center_axis',(0.,0.,1.));
#8172=DIRECTION('ref_axis',(2.26777731779407E-16,-1.,0.));
#8173=DIRECTION('center_axis',(0.,-1.,0.));
#8174=DIRECTION('ref_axis',(-5.55111512312578E-16,0.,-1.));
#8175=DIRECTION('center_axis',(0.,0.,-1.));
#8176=DIRECTION('ref_axis',(-0.707106781186547,0.707106781186548,0.));
#8177=DIRECTION('center_axis',(0.,0.,1.));
#8178=DIRECTION('ref_axis',(3.80667670735694E-16,-1.,0.));
#8179=DIRECTION('center_axis',(0.,0.,1.));
#8180=DIRECTION('ref_axis',(-9.07110927117627E-16,1.,0.));
#8181=DIRECTION('center_axis',(0.,1.,0.));
#8182=DIRECTION('ref_axis',(0.916515138991168,0.,-0.4));
#8183=DIRECTION('center_axis',(0.,0.,1.));
#8184=DIRECTION('ref_axis',(-7.61335341471388E-16,1.,0.));
#8185=DIRECTION('center_axis',(0.,0.,-1.));
#8186=DIRECTION('ref_axis',(-0.707106781186548,-0.707106781186548,0.));
#8187=DIRECTION('center_axis',(0.,1.,0.));
#8188=DIRECTION('ref_axis',(0.916515138991168,0.,-0.4));
#8189=DIRECTION('',(0.,-1.,0.));
#8190=DIRECTION('',(0.,-1.,0.));
#8191=DIRECTION('center_axis',(0.,0.,1.));
#8192=DIRECTION('ref_axis',(1.,0.,0.));
#8193=DIRECTION('center_axis',(0.,0.,-1.));
#8194=DIRECTION('ref_axis',(-0.707106781186547,-0.707106781186548,0.));
#8195=DIRECTION('',(1.,0.,0.));
#8196=DIRECTION('center_axis',(0.,0.,-1.));
#8197=DIRECTION('ref_axis',(0.707106781186549,-0.707106781186546,0.));
#8198=DIRECTION('',(0.,1.,0.));
#8199=DIRECTION('center_axis',(0.,0.,-1.));
#8200=DIRECTION('ref_axis',(0.707106781186544,0.707106781186551,0.));
#8201=DIRECTION('',(-1.,0.,0.));
#8202=DIRECTION('center_axis',(0.,0.,-1.));
#8203=DIRECTION('ref_axis',(-0.707106781186549,0.707106781186546,0.));
#8204=DIRECTION('',(0.,-1.,0.));
#8205=DIRECTION('center_axis',(0.,0.,1.));
#8206=DIRECTION('ref_axis',(1.,0.,0.));
#8207=DIRECTION('center_axis',(0.,0.,1.));
#8208=DIRECTION('ref_axis',(-0.707106781186547,-0.707106781186548,0.));
#8209=DIRECTION('',(0.,0.,-1.));
#8210=DIRECTION('',(0.,0.,1.));
#8211=DIRECTION('center_axis',(0.,-1.,0.));
#8212=DIRECTION('ref_axis',(1.,0.,0.));
#8213=DIRECTION('',(0.,0.,-1.));
#8214=DIRECTION('center_axis',(0.,0.,1.));
#8215=DIRECTION('ref_axis',(-0.707106781186549,0.707106781186546,0.));
#8216=DIRECTION('',(0.,0.,-1.));
#8217=DIRECTION('',(0.,0.,1.));
#8218=DIRECTION('center_axis',(-1.,0.,0.));
#8219=DIRECTION('ref_axis',(0.,-1.,0.));
#8220=DIRECTION('center_axis',(0.,0.,1.));
#8221=DIRECTION('ref_axis',(0.707106781186544,0.707106781186551,0.));
#8222=DIRECTION('',(0.,0.,-1.));
#8223=DIRECTION('',(0.,0.,1.));
#8224=DIRECTION('center_axis',(0.,1.,0.));
#8225=DIRECTION('ref_axis',(-1.,0.,0.));
#8226=DIRECTION('center_axis',(0.,0.,1.));
#8227=DIRECTION('ref_axis',(0.707106781186549,-0.707106781186546,0.));
#8228=DIRECTION('',(0.,0.,1.));
#8229=DIRECTION('center_axis',(1.,0.,0.));
#8230=DIRECTION('ref_axis',(0.,1.,0.));
#8231=DIRECTION('center_axis',(1.,0.,0.));
#8232=DIRECTION('ref_axis',(0.,-1.,0.));
#8233=DIRECTION('',(0.,-1.,0.));
#8234=DIRECTION('',(0.,0.,1.));
#8235=DIRECTION('',(0.,1.,0.));
#8236=DIRECTION('',(0.,0.,-1.));
#8237=DIRECTION('center_axis',(0.,0.,1.));
#8238=DIRECTION('ref_axis',(1.,0.,0.));
#8239=DIRECTION('',(1.,0.,0.));
#8240=DIRECTION('',(0.,1.,0.));
#8241=DIRECTION('',(-1.,0.,0.));
#8242=DIRECTION('center_axis',(0.,0.,-1.));
#8243=DIRECTION('ref_axis',(-0.707106781186547,-0.707106781186548,0.));
#8244=DIRECTION('center_axis',(0.,-1.,0.));
#8245=DIRECTION('ref_axis',(1.,0.,0.));
#8246=DIRECTION('',(1.,0.,0.));
#8247=DIRECTION('',(0.,0.,1.));
#8248=DIRECTION('center_axis',(0.,0.,1.));
#8249=DIRECTION('ref_axis',(1.,0.,0.));
#8250=DIRECTION('center_axis',(0.,0.,1.));
#8251=DIRECTION('ref_axis',(-0.707106781186547,-0.707106781186548,0.));
#8252=DIRECTION('',(1.,0.,0.));
#8253=DIRECTION('',(0.,1.,0.));
#8254=DIRECTION('center_axis',(0.,0.,1.));
#8255=DIRECTION('ref_axis',(-0.707106781186547,-0.707106781186548,0.));
#8256=DIRECTION('',(0.,0.,1.));
#8257=DIRECTION('center_axis',(0.,-1.,0.));
#8258=DIRECTION('ref_axis',(0.,0.,-1.));
#8259=DIRECTION('',(0.,0.,1.));
#8260=DIRECTION('center_axis',(1.,0.,0.));
#8261=DIRECTION('ref_axis',(0.,1.,0.));
#8262=DIRECTION('center_axis',(0.,1.,0.));
#8263=DIRECTION('ref_axis',(-1.,0.,0.));
#8264=DIRECTION('',(0.,0.,-1.));
#8265=DIRECTION('',(-1.,0.,0.));
#8266=DIRECTION('',(0.,0.,1.));
#8267=DIRECTION('',(-1.,0.,0.));
#8268=DIRECTION('center_axis',(0.,0.,1.));
#8269=DIRECTION('ref_axis',(1.,0.,0.));
#8270=DIRECTION('',(-1.,0.,0.));
#8271=DIRECTION('',(0.,-1.,0.));
#8272=DIRECTION('',(0.,-1.,0.));
#8273=DIRECTION('center_axis',(0.,0.,1.));
#8274=DIRECTION('ref_axis',(-0.707106781186547,-0.707106781186548,0.));
#8275=DIRECTION('center_axis',(-1.,0.,0.));
#8276=DIRECTION('ref_axis',(0.,0.,1.));
#8277=DIRECTION('',(0.,1.,0.));
#8278=DIRECTION('',(0.,0.,-1.));
#8279=DIRECTION('center_axis',(0.,0.,1.));
#8280=DIRECTION('ref_axis',(-0.707106781186547,-0.707106781186548,0.));
#8281=DIRECTION('',(0.,0.,-1.));
#8282=DIRECTION('center_axis',(0.,0.,-1.));
#8283=DIRECTION('ref_axis',(-0.707106781186547,-0.707106781186548,0.));
#8284=DIRECTION('center_axis',(0.,0.,1.));
#8285=DIRECTION('ref_axis',(1.,0.,0.));
#8286=DIRECTION('',(1.,0.,0.));
#8287=DIRECTION('',(0.,-1.,0.));
#8288=DIRECTION('center_axis',(-1.,0.,0.));
#8289=DIRECTION('ref_axis',(0.,-1.,0.));
#8290=DIRECTION('',(0.,0.,1.));
#8291=DIRECTION('center_axis',(0.,1.,0.));
#8292=DIRECTION('ref_axis',(1.,0.,0.));
#8293=DIRECTION('center_axis',(0.,-1.,0.));
#8294=DIRECTION('ref_axis',(-1.,0.,0.));
#8295=DIRECTION('',(1.,0.,0.));
#8296=DIRECTION('',(0.,0.,-1.));
#8297=DIRECTION('',(-1.,0.,0.));
#8298=DIRECTION('',(0.,0.,-1.));
#8299=DIRECTION('center_axis',(1.,0.,0.));
#8300=DIRECTION('ref_axis',(0.,-1.,0.));
#8301=DIRECTION('',(0.,-1.,0.));
#8302=DIRECTION('',(0.,-1.,0.));
#8303=DIRECTION('',(0.,0.,-1.));
#8304=DIRECTION('center_axis',(0.,0.,-1.));
#8305=DIRECTION('ref_axis',(-1.,2.77555756156289E-16,0.));
#8306=DIRECTION('center_axis',(0.,0.,1.));
#8307=DIRECTION('ref_axis',(-1.,2.77555756156289E-16,0.));
#8308=DIRECTION('center_axis',(0.,0.,1.));
#8309=DIRECTION('ref_axis',(-1.,2.77555756156289E-16,0.));
#8310=DIRECTION('',(0.,0.,-1.));
#8311=DIRECTION('center_axis',(0.,1.,0.));
#8312=DIRECTION('ref_axis',(1.,0.,0.));
#8313=DIRECTION('',(1.,0.,0.));
#8314=DIRECTION('',(1.,0.,0.));
#8315=DIRECTION('',(0.,0.,-1.));
#8316=DIRECTION('center_axis',(-1.,0.,0.));
#8317=DIRECTION('ref_axis',(0.,1.,0.));
#8318=DIRECTION('',(0.,-1.,0.));
#8319=DIRECTION('',(0.,1.,0.));
#8320=DIRECTION('center_axis',(0.,0.,1.));
#8321=DIRECTION('ref_axis',(-1.,0.,0.));
#8322=DIRECTION('center_axis',(0.,0.,1.));
#8323=DIRECTION('ref_axis',(-1.,0.,0.));
#8324=DIRECTION('',(0.,0.,1.));
#8325=DIRECTION('',(0.,0.,1.));
#8326=DIRECTION('',(0.,0.,1.));
#8327=DIRECTION('',(0.,0.,1.));
#8328=DIRECTION('',(0.,0.,1.));
#8329=DIRECTION('',(0.,0.,1.));
#8330=DIRECTION('',(0.,0.,1.));
#8331=DIRECTION('',(0.,0.,1.));
#8332=DIRECTION('center_axis',(0.,-1.,0.));
#8333=DIRECTION('ref_axis',(1.,0.,0.));
#8334=DIRECTION('',(1.,0.,0.));
#8335=DIRECTION('',(1.,0.,0.));
#8336=DIRECTION('',(0.,0.,1.));
#8337=DIRECTION('',(0.,0.,1.));
#8338=DIRECTION('',(0.,0.,1.));
#8339=DIRECTION('center_axis',(0.99842819608798,0.0560458495921146,0.));
#8340=DIRECTION('ref_axis',(-0.0560458495921146,0.99842819608798,0.));
#8341=DIRECTION('',(0.0560458495921146,-0.99842819608798,0.));
#8342=DIRECTION('',(0.,0.,1.));
#8343=DIRECTION('',(-0.0560458495921146,0.99842819608798,0.));
#8344=DIRECTION('',(0.,0.,1.));
#8345=DIRECTION('center_axis',(0.0770861899549697,-0.997024432658612,0.));
#8346=DIRECTION('ref_axis',(0.997024432658612,0.0770861899549697,0.));
#8347=DIRECTION('',(-0.997024432658612,-0.0770861899549697,0.));
#8348=DIRECTION('',(0.997024432658612,0.0770861899549697,0.));
#8349=DIRECTION('',(0.,0.,1.));
#8350=DIRECTION('',(0.,0.,1.));
#8351=DIRECTION('',(0.,0.,1.));
#8352=DIRECTION('',(0.,0.,1.));
#8353=DIRECTION('',(0.,0.,1.));
#8354=DIRECTION('',(0.,0.,1.));
#8355=DIRECTION('',(0.,0.,1.));
#8356=DIRECTION('',(0.,0.,1.));
#8357=DIRECTION('',(0.,0.,1.));
#8358=DIRECTION('center_axis',(0.,-1.,0.));
#8359=DIRECTION('ref_axis',(1.,0.,0.));
#8360=DIRECTION('',(-1.,0.,0.));
#8361=DIRECTION('',(1.,0.,0.));
#8362=DIRECTION('',(0.,0.,1.));
#8363=DIRECTION('center_axis',(-1.,0.,0.));
#8364=DIRECTION('ref_axis',(0.,-1.,0.));
#8365=DIRECTION('',(0.,1.,0.));
#8366=DIRECTION('',(0.,-1.,0.));
#8367=DIRECTION('',(0.,0.,1.));
#8368=DIRECTION('center_axis',(0.,1.,0.));
#8369=DIRECTION('ref_axis',(-1.,0.,0.));
#8370=DIRECTION('',(1.,0.,0.));
#8371=DIRECTION('',(-1.,0.,0.));
#8372=DIRECTION('center_axis',(0.,0.,1.));
#8373=DIRECTION('ref_axis',(-1.,0.,0.));
#8374=DIRECTION('center_axis',(0.,0.,1.));
#8375=DIRECTION('ref_axis',(-1.,0.,0.));
#8376=DIRECTION('center_axis',(-0.393363370562141,0.919383085933166,0.));
#8377=DIRECTION('ref_axis',(-0.919383085933166,-0.393363370562141,0.));
#8378=DIRECTION('',(0.919383085933166,0.393363370562141,0.));
#8379=DIRECTION('',(0.,0.,1.));
#8380=DIRECTION('',(-0.919383085933166,-0.393363370562141,0.));
#8381=DIRECTION('',(0.,0.,1.));
#8382=DIRECTION('',(0.,0.,1.));
#8383=DIRECTION('center_axis',(-0.365277477640539,-0.93089868639319,0.));
#8384=DIRECTION('ref_axis',(0.93089868639319,-0.365277477640539,0.));
#8385=DIRECTION('',(-0.93089868639319,0.365277477640539,0.));
#8386=DIRECTION('',(0.93089868639319,-0.365277477640539,0.));
#8387=DIRECTION('',(0.,0.,1.));
#8388=DIRECTION('center_axis',(-1.,0.,0.));
#8389=DIRECTION('ref_axis',(0.,-1.,0.));
#8390=DIRECTION('',(0.,1.,0.));
#8391=DIRECTION('',(0.,-1.,0.));
#8392=DIRECTION('',(0.,0.,1.));
#8393=DIRECTION('center_axis',(0.369299088354408,0.929310595732451,0.));
#8394=DIRECTION('ref_axis',(-0.929310595732451,0.369299088354408,0.));
#8395=DIRECTION('',(0.929310595732451,-0.369299088354408,0.));
#8396=DIRECTION('',(-0.929310595732451,0.369299088354408,0.));
#8397=DIRECTION('',(0.,0.,1.));
#8398=DIRECTION('',(0.,0.,1.));
#8399=DIRECTION('',(0.,0.,1.));
#8400=DIRECTION('',(0.,0.,1.));
#8401=DIRECTION('center_axis',(0.993028697989733,0.117872833888118,0.));
#8402=DIRECTION('ref_axis',(-0.117872833888118,0.993028697989733,0.));
#8403=DIRECTION('',(0.117872833888118,-0.993028697989733,0.));
#8404=DIRECTION('',(-0.117872833888118,0.993028697989733,0.));
#8405=DIRECTION('',(0.,0.,1.));
#8406=DIRECTION('center_axis',(0.0390177431137284,-0.999238517933687,0.));
#8407=DIRECTION('ref_axis',(0.999238517933687,0.0390177431137284,0.));
#8408=DIRECTION('',(-0.999238517933687,-0.0390177431137284,0.));
#8409=DIRECTION('',(0.999238517933687,0.0390177431137284,0.));
#8410=DIRECTION('',(0.,0.,1.));
#8411=DIRECTION('center_axis',(-0.990122768720813,-0.140203077215275,0.));
#8412=DIRECTION('ref_axis',(0.140203077215275,-0.990122768720813,0.));
#8413=DIRECTION('',(-0.140203077215275,0.990122768720813,0.));
#8414=DIRECTION('',(0.140203077215275,-0.990122768720813,0.));
#8415=DIRECTION('',(0.,0.,1.));
#8416=DIRECTION('',(0.,0.,1.));
#8417=DIRECTION('',(0.,0.,1.));
#8418=DIRECTION('',(0.,0.,1.));
#8419=DIRECTION('center_axis',(0.408176293246983,-0.912903123902615,0.));
#8420=DIRECTION('ref_axis',(0.912903123902615,0.408176293246983,0.));
#8421=DIRECTION('',(-0.912903123902615,-0.408176293246983,0.));
#8422=DIRECTION('',(0.912903123902615,0.408176293246983,0.));
#8423=DIRECTION('',(0.,0.,1.));
#8424=DIRECTION('center_axis',(-1.,0.,0.));
#8425=DIRECTION('ref_axis',(0.,-1.,0.));
#8426=DIRECTION('',(0.,1.,0.));
#8427=DIRECTION('',(0.,-1.,0.));
#8428=DIRECTION('center_axis',(0.,0.,1.));
#8429=DIRECTION('ref_axis',(-1.,0.,0.));
#8430=DIRECTION('center_axis',(0.,0.,1.));
#8431=DIRECTION('ref_axis',(-1.,0.,0.));
#8432=DIRECTION('center_axis',(0.,-1.,0.));
#8433=DIRECTION('ref_axis',(1.,0.,0.));
#8434=DIRECTION('',(-1.,0.,0.));
#8435=DIRECTION('',(0.,0.,1.));
#8436=DIRECTION('',(1.,0.,0.));
#8437=DIRECTION('',(0.,0.,1.));
#8438=DIRECTION('center_axis',(1.,0.,0.));
#8439=DIRECTION('ref_axis',(0.,1.,0.));
#8440=DIRECTION('',(0.,-1.,0.));
#8441=DIRECTION('',(0.,1.,0.));
#8442=DIRECTION('',(0.,0.,1.));
#8443=DIRECTION('center_axis',(0.,1.,0.));
#8444=DIRECTION('ref_axis',(-1.,0.,0.));
#8445=DIRECTION('',(1.,0.,0.));
#8446=DIRECTION('',(-1.,0.,0.));
#8447=DIRECTION('',(0.,0.,1.));
#8448=DIRECTION('center_axis',(1.,0.,0.));
#8449=DIRECTION('ref_axis',(0.,1.,0.));
#8450=DIRECTION('',(0.,-1.,0.));
#8451=DIRECTION('',(0.,1.,0.));
#8452=DIRECTION('',(0.,0.,1.));
#8453=DIRECTION('center_axis',(0.,-1.,0.));
#8454=DIRECTION('ref_axis',(1.,0.,0.));
#8455=DIRECTION('',(-1.,0.,0.));
#8456=DIRECTION('',(1.,0.,0.));
#8457=DIRECTION('',(0.,0.,1.));
#8458=DIRECTION('center_axis',(-1.,0.,0.));
#8459=DIRECTION('ref_axis',(0.,-1.,0.));
#8460=DIRECTION('',(0.,1.,0.));
#8461=DIRECTION('',(0.,-1.,0.));
#8462=DIRECTION('',(0.,0.,1.));
#8463=DIRECTION('center_axis',(0.,1.,0.));
#8464=DIRECTION('ref_axis',(-1.,0.,0.));
#8465=DIRECTION('',(1.,0.,0.));
#8466=DIRECTION('',(-1.,0.,0.));
#8467=DIRECTION('',(0.,0.,1.));
#8468=DIRECTION('center_axis',(-1.,0.,0.));
#8469=DIRECTION('ref_axis',(0.,-1.,0.));
#8470=DIRECTION('',(0.,1.,0.));
#8471=DIRECTION('',(0.,-1.,0.));
#8472=DIRECTION('',(0.,0.,1.));
#8473=DIRECTION('center_axis',(0.,-1.,0.));
#8474=DIRECTION('ref_axis',(1.,0.,0.));
#8475=DIRECTION('',(-1.,0.,0.));
#8476=DIRECTION('',(1.,0.,0.));
#8477=DIRECTION('',(0.,0.,1.));
#8478=DIRECTION('center_axis',(-1.,0.,0.));
#8479=DIRECTION('ref_axis',(0.,-1.,0.));
#8480=DIRECTION('',(0.,1.,0.));
#8481=DIRECTION('',(0.,-1.,0.));
#8482=DIRECTION('',(0.,0.,1.));
#8483=DIRECTION('center_axis',(0.,1.,0.));
#8484=DIRECTION('ref_axis',(-1.,0.,0.));
#8485=DIRECTION('',(1.,0.,0.));
#8486=DIRECTION('',(-1.,0.,0.));
#8487=DIRECTION('',(0.,0.,1.));
#8488=DIRECTION('center_axis',(1.,0.,0.));
#8489=DIRECTION('ref_axis',(0.,1.,0.));
#8490=DIRECTION('',(0.,-1.,0.));
#8491=DIRECTION('',(0.,1.,0.));
#8492=DIRECTION('center_axis',(0.,0.,1.));
#8493=DIRECTION('ref_axis',(1.,0.,0.));
#8494=DIRECTION('center_axis',(0.,0.,1.));
#8495=DIRECTION('ref_axis',(-1.,0.,0.));
#8496=DIRECTION('center_axis',(0.,-1.,0.));
#8497=DIRECTION('ref_axis',(1.,0.,0.));
#8498=DIRECTION('',(-1.,0.,0.));
#8499=DIRECTION('',(0.,0.,1.));
#8500=DIRECTION('',(1.,0.,0.));
#8501=DIRECTION('',(0.,0.,1.));
#8502=DIRECTION('center_axis',(1.,0.,0.));
#8503=DIRECTION('ref_axis',(0.,1.,0.));
#8504=DIRECTION('',(0.,-1.,0.));
#8505=DIRECTION('',(0.,1.,0.));
#8506=DIRECTION('',(0.,0.,1.));
#8507=DIRECTION('center_axis',(0.,-1.,0.));
#8508=DIRECTION('ref_axis',(1.,0.,0.));
#8509=DIRECTION('',(-1.,0.,0.));
#8510=DIRECTION('',(1.,0.,0.));
#8511=DIRECTION('',(0.,0.,1.));
#8512=DIRECTION('center_axis',(-1.,0.,0.));
#8513=DIRECTION('ref_axis',(0.,-1.,0.));
#8514=DIRECTION('',(0.,1.,0.));
#8515=DIRECTION('',(0.,-1.,0.));
#8516=DIRECTION('',(0.,0.,1.));
#8517=DIRECTION('center_axis',(0.,1.,0.));
#8518=DIRECTION('ref_axis',(-1.,0.,0.));
#8519=DIRECTION('',(1.,0.,0.));
#8520=DIRECTION('',(-1.,0.,0.));
#8521=DIRECTION('',(0.,0.,1.));
#8522=DIRECTION('',(0.,0.,1.));
#8523=DIRECTION('',(0.,0.,1.));
#8524=DIRECTION('',(0.,0.,1.));
#8525=DIRECTION('',(0.,0.,1.));
#8526=DIRECTION('center_axis',(-0.113948732111928,0.993486631238732,0.));
#8527=DIRECTION('ref_axis',(-0.993486631238732,-0.113948732111928,0.));
#8528=DIRECTION('',(0.993486631238732,0.113948732111928,0.));
#8529=DIRECTION('',(-0.993486631238732,-0.113948732111928,0.));
#8530=DIRECTION('',(0.,0.,1.));
#8531=DIRECTION('',(0.,0.,1.));
#8532=DIRECTION('',(0.,0.,1.));
#8533=DIRECTION('',(0.,0.,1.));
#8534=DIRECTION('center_axis',(0.,0.,1.));
#8535=DIRECTION('ref_axis',(-1.,0.,0.));
#8536=DIRECTION('center_axis',(0.,0.,1.));
#8537=DIRECTION('ref_axis',(-1.,0.,0.));
#8538=DIRECTION('',(0.,0.,1.));
#8539=DIRECTION('',(0.,0.,1.));
#8540=DIRECTION('',(0.,0.,1.));
#8541=DIRECTION('',(0.,0.,1.));
#8542=DIRECTION('',(0.,0.,1.));
#8543=DIRECTION('',(0.,0.,1.));
#8544=DIRECTION('',(0.,0.,1.));
#8545=DIRECTION('',(0.,0.,1.));
#8546=DIRECTION('',(0.,0.,1.));
#8547=DIRECTION('',(0.,0.,1.));
#8548=DIRECTION('',(0.,0.,1.));
#8549=DIRECTION('',(0.,0.,1.));
#8550=DIRECTION('',(0.,0.,1.));
#8551=DIRECTION('',(0.,0.,1.));
#8552=DIRECTION('',(0.,0.,1.));
#8553=DIRECTION('',(0.,0.,1.));
#8554=DIRECTION('center_axis',(0.,0.,1.));
#8555=DIRECTION('ref_axis',(-1.,0.,0.));
#8556=DIRECTION('center_axis',(0.,0.,1.));
#8557=DIRECTION('ref_axis',(-1.,0.,0.));
#8558=DIRECTION('center_axis',(1.,0.,0.));
#8559=DIRECTION('ref_axis',(0.,1.,0.));
#8560=DIRECTION('',(0.,-1.,0.));
#8561=DIRECTION('',(0.,0.,1.));
#8562=DIRECTION('',(0.,1.,0.));
#8563=DIRECTION('',(0.,0.,1.));
#8564=DIRECTION('center_axis',(0.,-1.,0.));
#8565=DIRECTION('ref_axis',(1.,0.,0.));
#8566=DIRECTION('',(-1.,0.,0.));
#8567=DIRECTION('',(1.,0.,0.));
#8568=DIRECTION('',(0.,0.,1.));
#8569=DIRECTION('center_axis',(-1.,0.,0.));
#8570=DIRECTION('ref_axis',(0.,-1.,0.));
#8571=DIRECTION('',(0.,1.,0.));
#8572=DIRECTION('',(0.,-1.,0.));
#8573=DIRECTION('',(0.,0.,1.));
#8574=DIRECTION('center_axis',(0.,1.,0.));
#8575=DIRECTION('ref_axis',(-1.,0.,0.));
#8576=DIRECTION('',(1.,0.,0.));
#8577=DIRECTION('',(-1.,0.,0.));
#8578=DIRECTION('center_axis',(0.,0.,1.));
#8579=DIRECTION('ref_axis',(1.,0.,0.));
#8580=DIRECTION('center_axis',(0.,0.,1.));
#8581=DIRECTION('ref_axis',(-1.,0.,0.));
#8582=DIRECTION('center_axis',(1.,0.,0.));
#8583=DIRECTION('ref_axis',(0.,1.,0.));
#8584=DIRECTION('',(0.,-1.,0.));
#8585=DIRECTION('',(0.,0.,1.));
#8586=DIRECTION('',(0.,1.,0.));
#8587=DIRECTION('',(0.,0.,1.));
#8588=DIRECTION('center_axis',(0.158590835654088,-0.987344391206299,0.));
#8589=DIRECTION('ref_axis',(0.987344391206299,0.158590835654088,0.));
#8590=DIRECTION('',(-0.987344391206299,-0.158590835654088,0.));
#8591=DIRECTION('',(0.987344391206299,0.158590835654088,0.));
#8592=DIRECTION('',(0.,0.,1.));
#8593=DIRECTION('center_axis',(-1.,0.,0.));
#8594=DIRECTION('ref_axis',(0.,-1.,0.));
#8595=DIRECTION('',(0.,1.,0.));
#8596=DIRECTION('',(0.,-1.,0.));
#8597=DIRECTION('',(0.,0.,1.));
#8598=DIRECTION('center_axis',(-0.161108627047654,0.986936679980443,0.));
#8599=DIRECTION('ref_axis',(-0.986936679980443,-0.161108627047654,0.));
#8600=DIRECTION('',(0.986936679980443,0.161108627047654,0.));
#8601=DIRECTION('',(-0.986936679980443,-0.161108627047654,0.));
#8602=DIRECTION('',(0.,0.,1.));
#8603=DIRECTION('center_axis',(-0.166992716847686,-0.98595812919202,0.));
#8604=DIRECTION('ref_axis',(0.98595812919202,-0.166992716847686,0.));
#8605=DIRECTION('',(-0.98595812919202,0.166992716847686,0.));
#8606=DIRECTION('',(0.98595812919202,-0.166992716847686,0.));
#8607=DIRECTION('',(0.,0.,1.));
#8608=DIRECTION('center_axis',(-1.,0.,0.));
#8609=DIRECTION('ref_axis',(0.,-1.,0.));
#8610=DIRECTION('',(0.,1.,0.));
#8611=DIRECTION('',(0.,-1.,0.));
#8612=DIRECTION('',(0.,0.,1.));
#8613=DIRECTION('center_axis',(-0.166010653099526,0.986123959275642,0.));
#8614=DIRECTION('ref_axis',(-0.986123959275642,-0.166010653099526,0.));
#8615=DIRECTION('',(0.986123959275642,0.166010653099526,0.));
#8616=DIRECTION('',(-0.986123959275642,-0.166010653099526,0.));
#8617=DIRECTION('',(0.,0.,1.));
#8618=DIRECTION('center_axis',(-0.180625842714739,-0.983551882181916,0.));
#8619=DIRECTION('ref_axis',(0.983551882181916,-0.180625842714739,0.));
#8620=DIRECTION('',(-0.983551882181916,0.180625842714739,0.));
#8621=DIRECTION('',(0.983551882181916,-0.180625842714739,0.));
#8622=DIRECTION('',(0.,0.,1.));
#8623=DIRECTION('center_axis',(-1.,0.,0.));
#8624=DIRECTION('ref_axis',(0.,-1.,0.));
#8625=DIRECTION('',(0.,1.,0.));
#8626=DIRECTION('',(0.,-1.,0.));
#8627=DIRECTION('',(0.,0.,1.));
#8628=DIRECTION('center_axis',(0.185539344529353,0.982636836085244,0.));
#8629=DIRECTION('ref_axis',(-0.982636836085244,0.185539344529353,0.));
#8630=DIRECTION('',(0.982636836085244,-0.185539344529353,0.));
#8631=DIRECTION('',(-0.982636836085244,0.185539344529353,0.));
#8632=DIRECTION('',(0.,0.,1.));
#8633=DIRECTION('center_axis',(1.,0.,0.));
#8634=DIRECTION('ref_axis',(0.,1.,0.));
#8635=DIRECTION('',(0.,-1.,0.));
#8636=DIRECTION('',(0.,1.,0.));
#8637=DIRECTION('',(0.,0.,1.));
#8638=DIRECTION('center_axis',(0.162093602145743,-0.986775386875563,0.));
#8639=DIRECTION('ref_axis',(0.986775386875563,0.162093602145743,0.));
#8640=DIRECTION('',(-0.986775386875563,-0.162093602145743,0.));
#8641=DIRECTION('',(0.986775386875563,0.162093602145743,0.));
#8642=DIRECTION('',(0.,0.,1.));
#8643=DIRECTION('center_axis',(0.157181996545716,0.987569653220421,0.));
#8644=DIRECTION('ref_axis',(-0.987569653220421,0.157181996545716,0.));
#8645=DIRECTION('',(0.987569653220421,-0.157181996545716,0.));
#8646=DIRECTION('',(-0.987569653220421,0.157181996545716,0.));
#8647=DIRECTION('center_axis',(0.,0.,1.));
#8648=DIRECTION('ref_axis',(1.,0.,0.));
#8649=DIRECTION('center_axis',(0.,0.,1.));
#8650=DIRECTION('ref_axis',(-1.,0.,0.));
#8651=DIRECTION('',(0.,0.,1.));
#8652=DIRECTION('',(0.,0.,1.));
#8653=DIRECTION('',(0.,0.,1.));
#8654=DIRECTION('',(0.,0.,1.));
#8655=DIRECTION('',(0.,0.,1.));
#8656=DIRECTION('',(0.,0.,1.));
#8657=DIRECTION('',(0.,0.,1.));
#8658=DIRECTION('',(0.,0.,1.));
#8659=DIRECTION('',(0.,0.,1.));
#8660=DIRECTION('',(0.,0.,1.));
#8661=DIRECTION('',(0.,0.,1.));
#8662=DIRECTION('',(0.,0.,1.));
#8663=DIRECTION('',(0.,0.,1.));
#8664=DIRECTION('',(0.,0.,1.));
#8665=DIRECTION('',(0.,0.,1.));
#8666=DIRECTION('',(0.,0.,1.));
#8667=DIRECTION('center_axis',(0.,0.,1.));
#8668=DIRECTION('ref_axis',(-1.,0.,0.));
#8669=DIRECTION('center_axis',(0.,0.,1.));
#8670=DIRECTION('ref_axis',(-1.,0.,0.));
#8671=DIRECTION('center_axis',(0.,-1.,0.));
#8672=DIRECTION('ref_axis',(1.,0.,0.));
#8673=DIRECTION('',(-1.,0.,0.));
#8674=DIRECTION('',(0.,0.,1.));
#8675=DIRECTION('',(1.,0.,0.));
#8676=DIRECTION('',(0.,0.,1.));
#8677=DIRECTION('center_axis',(1.,0.,0.));
#8678=DIRECTION('ref_axis',(0.,1.,0.));
#8679=DIRECTION('',(0.,-1.,0.));
#8680=DIRECTION('',(0.,1.,0.));
#8681=DIRECTION('',(0.,0.,1.));
#8682=DIRECTION('center_axis',(0.,-1.,0.));
#8683=DIRECTION('ref_axis',(1.,0.,0.));
#8684=DIRECTION('',(-1.,0.,0.));
#8685=DIRECTION('',(1.,0.,0.));
#8686=DIRECTION('',(0.,0.,1.));
#8687=DIRECTION('center_axis',(-1.,0.,0.));
#8688=DIRECTION('ref_axis',(0.,-1.,0.));
#8689=DIRECTION('',(0.,1.,0.));
#8690=DIRECTION('',(0.,-1.,0.));
#8691=DIRECTION('',(0.,0.,1.));
#8692=DIRECTION('center_axis',(0.,1.,0.));
#8693=DIRECTION('ref_axis',(-1.,0.,0.));
#8694=DIRECTION('',(1.,0.,0.));
#8695=DIRECTION('',(-1.,0.,0.));
#8696=DIRECTION('',(0.,0.,1.));
#8697=DIRECTION('',(0.,0.,1.));
#8698=DIRECTION('',(0.,0.,1.));
#8699=DIRECTION('',(0.,0.,1.));
#8700=DIRECTION('',(0.,0.,1.));
#8701=DIRECTION('center_axis',(-0.113950645373169,0.99348641179386,0.));
#8702=DIRECTION('ref_axis',(-0.99348641179386,-0.113950645373169,0.));
#8703=DIRECTION('',(0.99348641179386,0.113950645373169,0.));
#8704=DIRECTION('',(-0.99348641179386,-0.113950645373169,0.));
#8705=DIRECTION('',(0.,0.,1.));
#8706=DIRECTION('',(0.,0.,1.));
#8707=DIRECTION('',(0.,0.,1.));
#8708=DIRECTION('',(0.,0.,1.));
#8709=DIRECTION('center_axis',(0.,0.,1.));
#8710=DIRECTION('ref_axis',(-1.,0.,0.));
#8711=DIRECTION('center_axis',(0.,0.,1.));
#8712=DIRECTION('ref_axis',(-1.,0.,0.));
#8713=DIRECTION('',(0.,0.,1.));
#8714=DIRECTION('',(0.,0.,1.));
#8715=DIRECTION('',(0.,0.,1.));
#8716=DIRECTION('',(0.,0.,1.));
#8717=DIRECTION('',(0.,0.,1.));
#8718=DIRECTION('',(0.,0.,1.));
#8719=DIRECTION('',(0.,0.,1.));
#8720=DIRECTION('',(0.,0.,1.));
#8721=DIRECTION('',(0.,0.,1.));
#8722=DIRECTION('',(0.,0.,1.));
#8723=DIRECTION('',(0.,0.,1.));
#8724=DIRECTION('',(0.,0.,1.));
#8725=DIRECTION('',(0.,0.,1.));
#8726=DIRECTION('',(0.,0.,1.));
#8727=DIRECTION('',(0.,0.,1.));
#8728=DIRECTION('',(0.,0.,1.));
#8729=DIRECTION('center_axis',(0.,0.,1.));
#8730=DIRECTION('ref_axis',(-1.,0.,0.));
#8731=DIRECTION('center_axis',(0.,0.,1.));
#8732=DIRECTION('ref_axis',(-1.,0.,0.));
#8733=DIRECTION('center_axis',(0.,-1.,0.));
#8734=DIRECTION('ref_axis',(1.,0.,0.));
#8735=DIRECTION('',(-1.,0.,0.));
#8736=DIRECTION('',(0.,0.,1.));
#8737=DIRECTION('',(1.,0.,0.));
#8738=DIRECTION('',(0.,0.,1.));
#8739=DIRECTION('center_axis',(0.959473905258124,0.281797489571366,0.));
#8740=DIRECTION('ref_axis',(-0.281797489571366,0.959473905258124,0.));
#8741=DIRECTION('',(0.281797489571366,-0.959473905258124,0.));
#8742=DIRECTION('',(-0.281797489571366,0.959473905258124,0.));
#8743=DIRECTION('',(0.,0.,1.));
#8744=DIRECTION('center_axis',(0.,-1.,0.));
#8745=DIRECTION('ref_axis',(1.,0.,0.));
#8746=DIRECTION('',(-1.,0.,0.));
#8747=DIRECTION('',(1.,0.,0.));
#8748=DIRECTION('',(0.,0.,1.));
#8749=DIRECTION('center_axis',(-0.956569197304377,-0.291505352898467,0.));
#8750=DIRECTION('ref_axis',(0.291505352898467,-0.956569197304377,0.));
#8751=DIRECTION('',(-0.291505352898467,0.956569197304377,0.));
#8752=DIRECTION('',(0.291505352898467,-0.956569197304377,0.));
#8753=DIRECTION('',(0.,0.,1.));
#8754=DIRECTION('center_axis',(0.,-1.,0.));
#8755=DIRECTION('ref_axis',(1.,0.,0.));
#8756=DIRECTION('',(-1.,0.,0.));
#8757=DIRECTION('',(1.,0.,0.));
#8758=DIRECTION('',(0.,0.,1.));
#8759=DIRECTION('center_axis',(-1.,0.,0.));
#8760=DIRECTION('ref_axis',(0.,-1.,0.));
#8761=DIRECTION('',(0.,1.,0.));
#8762=DIRECTION('',(0.,-1.,0.));
#8763=DIRECTION('',(0.,0.,1.));
#8764=DIRECTION('center_axis',(0.,1.,0.));
#8765=DIRECTION('ref_axis',(-1.,0.,0.));
#8766=DIRECTION('',(1.,0.,0.));
#8767=DIRECTION('',(-1.,0.,0.));
#8768=DIRECTION('',(0.,0.,1.));
#8769=DIRECTION('center_axis',(-1.,0.,0.));
#8770=DIRECTION('ref_axis',(0.,-1.,0.));
#8771=DIRECTION('',(0.,1.,0.));
#8772=DIRECTION('',(0.,-1.,0.));
#8773=DIRECTION('',(0.,0.,1.));
#8774=DIRECTION('center_axis',(0.,1.,0.));
#8775=DIRECTION('ref_axis',(-1.,0.,0.));
#8776=DIRECTION('',(1.,0.,0.));
#8777=DIRECTION('',(-1.,0.,0.));
#8778=DIRECTION('',(0.,0.,1.));
#8779=DIRECTION('center_axis',(1.,0.,0.));
#8780=DIRECTION('ref_axis',(0.,1.,0.));
#8781=DIRECTION('',(0.,-1.,0.));
#8782=DIRECTION('',(0.,1.,0.));
#8783=DIRECTION('',(0.,0.,1.));
#8784=DIRECTION('center_axis',(0.,-1.,0.));
#8785=DIRECTION('ref_axis',(1.,0.,0.));
#8786=DIRECTION('',(-1.,0.,0.));
#8787=DIRECTION('',(1.,0.,0.));
#8788=DIRECTION('',(0.,0.,1.));
#8789=DIRECTION('center_axis',(1.,0.,0.));
#8790=DIRECTION('ref_axis',(0.,1.,0.));
#8791=DIRECTION('',(0.,-1.,0.));
#8792=DIRECTION('',(0.,1.,0.));
#8793=DIRECTION('',(0.,0.,1.));
#8794=DIRECTION('center_axis',(0.,-1.,0.));
#8795=DIRECTION('ref_axis',(1.,0.,0.));
#8796=DIRECTION('',(-1.,0.,0.));
#8797=DIRECTION('',(1.,0.,0.));
#8798=DIRECTION('',(0.,0.,1.));
#8799=DIRECTION('center_axis',(-1.,0.,0.));
#8800=DIRECTION('ref_axis',(0.,-1.,0.));
#8801=DIRECTION('',(0.,1.,0.));
#8802=DIRECTION('',(0.,-1.,0.));
#8803=DIRECTION('center_axis',(0.,0.,1.));
#8804=DIRECTION('ref_axis',(1.,0.,0.));
#8805=DIRECTION('center_axis',(0.,0.,1.));
#8806=DIRECTION('ref_axis',(-1.,0.,0.));
#8807=CARTESIAN_POINT('',(0.,0.,0.));
#8808=CARTESIAN_POINT('Origin',(29.,0.,0.));
#8809=CARTESIAN_POINT('',(29.,0.500000688713043,0.));
#8810=CARTESIAN_POINT('',(29.,0.500000688713043,1.));
#8811=CARTESIAN_POINT('',(29.,0.500000688713043,0.725000000000002));
#8812=CARTESIAN_POINT('',(29.,29.,0.));
#8813=CARTESIAN_POINT('',(29.,0.,0.));
#8814=CARTESIAN_POINT('',(29.,29.,1.));
#8815=CARTESIAN_POINT('',(29.,29.,0.));
#8816=CARTESIAN_POINT('',(29.,0.,1.));
#8817=CARTESIAN_POINT('Origin',(14.5,14.5,1.));
#8818=CARTESIAN_POINT('',(1.50000068871304,0.500000688713043,1.));
#8819=CARTESIAN_POINT('',(8.00000034435652,0.500000688713043,1.));
#8820=CARTESIAN_POINT('',(0.50000068871304,29.,1.));
#8821=CARTESIAN_POINT('',(29.,29.,1.));
#8822=CARTESIAN_POINT('',(0.500000688713043,1.50000068871304,1.));
#8823=CARTESIAN_POINT('',(0.500000688713043,8.00000034435652,1.));
#8824=CARTESIAN_POINT('Origin',(1.50000068871304,1.50000068871304,1.));
#8825=CARTESIAN_POINT('Origin',(29.,29.,0.));
#8826=CARTESIAN_POINT('',(0.50000068871304,29.,0.));
#8827=CARTESIAN_POINT('',(0.50000068871304,29.,0.725000000000002));
#8828=CARTESIAN_POINT('',(29.,29.,0.));
#8829=CARTESIAN_POINT('Origin',(14.5,14.5,0.));
#8830=CARTESIAN_POINT('',(1.50000068871304,0.500000688713043,0.));
#8831=CARTESIAN_POINT('',(8.00000034435652,0.500000688713043,0.));
#8832=CARTESIAN_POINT('',(0.500000688713043,1.50000068871304,0.));
#8833=CARTESIAN_POINT('Origin',(1.50000068871304,1.50000068871304,0.));
#8834=CARTESIAN_POINT('',(0.500000688713043,8.00000034435652,0.));
#8835=CARTESIAN_POINT('Origin',(1.50000068871304,1.50000068871304,1.));
#8836=CARTESIAN_POINT('',(1.50000068871304,0.500000688713043,1.));
#8837=CARTESIAN_POINT('',(0.500000688713043,1.50000068871304,1.));
#8838=CARTESIAN_POINT('Origin',(0.500000688713043,1.50000068871304,1.45));
#8839=CARTESIAN_POINT('Origin',(1.50000068871304,0.500000688713043,1.45));
#8840=CARTESIAN_POINT('Origin',(14.500000688713,14.500000688713,2.4));
#8841=CARTESIAN_POINT('',(8.10405921190977,15.0394859164953,2.4));
#8842=CARTESIAN_POINT('',(8.62185772508383,15.1887132972479,2.4));
#8843=CARTESIAN_POINT('Ctrl Pts',(8.10405921190977,15.0394859164953,2.4));
#8844=CARTESIAN_POINT('Ctrl Pts',(8.28954290598631,15.1887132972479,2.4));
#8845=CARTESIAN_POINT('Ctrl Pts',(8.62185772508383,15.1887132972479,2.4));
#8846=CARTESIAN_POINT('',(7.91857551783323,14.6200462430716,2.4));
#8847=CARTESIAN_POINT('Ctrl Pts',(7.91857551783323,14.6200462430716,2.4));
#8848=CARTESIAN_POINT('Ctrl Pts',(7.91857551783323,14.8902585357428,2.4));
#8849=CARTESIAN_POINT('Ctrl Pts',(8.10405921190977,15.0394859164953,2.4));
#8850=CARTESIAN_POINT('',(8.10362707823515,14.2021580785513,2.4));
#8851=CARTESIAN_POINT('Ctrl Pts',(8.10362707823515,14.2021580785513,2.4));
#8852=CARTESIAN_POINT('Ctrl Pts',(7.91857551783323,14.351679906249,2.4));
#8853=CARTESIAN_POINT('Ctrl Pts',(7.91857551783323,14.6200462430716,2.4));
#8854=CARTESIAN_POINT('',(8.62185772508383,14.0526356548071,2.4));
#8855=CARTESIAN_POINT('Ctrl Pts',(8.62185772508383,14.0526356548071,2.4));
#8856=CARTESIAN_POINT('Ctrl Pts',(8.28867863863707,14.0526356548071,2.4));
#8857=CARTESIAN_POINT('Ctrl Pts',(8.10362707823515,14.2021580785513,2.4));
#8858=CARTESIAN_POINT('',(9.13965623825788,14.2019810527563,2.4));
#8859=CARTESIAN_POINT('Ctrl Pts',(9.13965623825788,14.2019810527563,2.4));
#8860=CARTESIAN_POINT('Ctrl Pts',(8.95417269319296,14.0526356548071,2.4));
#8861=CARTESIAN_POINT('Ctrl Pts',(8.62185772508383,14.0526356548071,2.4));
#8862=CARTESIAN_POINT('',(9.32513993233442,14.6200462430716,2.4));
#8863=CARTESIAN_POINT('Ctrl Pts',(9.32513993233442,14.6200462430716,2.4));
#8864=CARTESIAN_POINT('Ctrl Pts',(9.32513993233442,14.3513264507055,2.4));
#8865=CARTESIAN_POINT('Ctrl Pts',(9.13965623825788,14.2019810527563,2.4));
#8866=CARTESIAN_POINT('',(9.13921426981688,15.0396528095007,2.4));
#8867=CARTESIAN_POINT('Ctrl Pts',(9.13921426981688,15.0396528095007,2.4));
#8868=CARTESIAN_POINT('Ctrl Pts',(9.32513993233442,14.8905923217535,2.4));
#8869=CARTESIAN_POINT('Ctrl Pts',(9.32513993233442,14.6200462430716,2.4));
#8870=CARTESIAN_POINT('Ctrl Pts',(8.62185772508383,15.1887132972479,2.4));
#8871=CARTESIAN_POINT('Ctrl Pts',(8.95328890532255,15.1887132972479,2.4));
#8872=CARTESIAN_POINT('Ctrl Pts',(9.13921426981688,15.0396528095007,2.4));
#8873=CARTESIAN_POINT('',(9.16173201054335,14.6200462430716,2.4));
#8874=CARTESIAN_POINT('',(9.02237366884947,14.3268939107656,2.4));
#8875=CARTESIAN_POINT('Ctrl Pts',(9.16173201054335,14.6200462430716,2.4));
#8876=CARTESIAN_POINT('Ctrl Pts',(9.16173201054335,14.4313021749258,2.4));
#8877=CARTESIAN_POINT('Ctrl Pts',(9.02237366884947,14.3268939107656,2.4));
#8878=CARTESIAN_POINT('',(8.62185772508383,14.2224856466055,2.4));
#8879=CARTESIAN_POINT('Ctrl Pts',(9.02237366884947,14.3268939107656,2.4));
#8880=CARTESIAN_POINT('Ctrl Pts',(8.88301562517881,14.2224856466055,2.4));
#8881=CARTESIAN_POINT('Ctrl Pts',(8.62185772508383,14.2224856466055,2.4));
#8882=CARTESIAN_POINT('',(8.22092916816473,14.3270315974951,2.4));
#8883=CARTESIAN_POINT('Ctrl Pts',(8.62185772508383,14.2224856466055,2.4));
#8884=CARTESIAN_POINT('Ctrl Pts',(8.35987489670515,14.2224856466055,2.4));
#8885=CARTESIAN_POINT('Ctrl Pts',(8.22092916816473,14.3270315974951,2.4));
#8886=CARTESIAN_POINT('',(8.08198343962431,14.6200462430716,2.4));
#8887=CARTESIAN_POINT('Ctrl Pts',(8.22092916816473,14.3270315974951,2.4));
#8888=CARTESIAN_POINT('Ctrl Pts',(8.08198343962431,14.4315769523382,2.4));
#8889=CARTESIAN_POINT('Ctrl Pts',(8.08198343962431,14.6200462430716,2.4));
#8890=CARTESIAN_POINT('',(8.22136130183935,14.9139931052923,2.4));
#8891=CARTESIAN_POINT('Ctrl Pts',(8.08198343962431,14.6200462430716,2.4));
#8892=CARTESIAN_POINT('Ctrl Pts',(8.08198343962431,14.8091235011816,2.4));
#8893=CARTESIAN_POINT('Ctrl Pts',(8.22136130183935,14.9139931052923,2.4));
#8894=CARTESIAN_POINT('',(8.62185772508383,15.018862709403,2.4));
#8895=CARTESIAN_POINT('Ctrl Pts',(8.22136130183935,14.9139931052923,2.4));
#8896=CARTESIAN_POINT('Ctrl Pts',(8.36073916405439,15.018862709403,2.4));
#8897=CARTESIAN_POINT('Ctrl Pts',(8.62185772508383,15.018862709403,2.4));
#8898=CARTESIAN_POINT('',(9.02195166796446,14.9141313880682,2.4));
#8899=CARTESIAN_POINT('Ctrl Pts',(8.62185772508383,15.018862709403,2.4));
#8900=CARTESIAN_POINT('Ctrl Pts',(8.88217102736235,15.018862709403,2.4));
#8901=CARTESIAN_POINT('Ctrl Pts',(9.02195166796446,14.9141313880682,2.4));
#8902=CARTESIAN_POINT('Ctrl Pts',(9.02195166796446,14.9141313880682,2.4));
#8903=CARTESIAN_POINT('Ctrl Pts',(9.16173201054335,14.8093988746405,2.4));
#8904=CARTESIAN_POINT('Ctrl Pts',(9.16173201054335,14.6200462430716,2.4));
#8905=CARTESIAN_POINT('Ctrl Pts',(8.10405921190977,15.0394859164953,2.4));
#8906=CARTESIAN_POINT('Ctrl Pts',(8.10405921190977,15.0394859164953,2.5));
#8907=CARTESIAN_POINT('Ctrl Pts',(8.28954290598631,15.1887132972479,2.4));
#8908=CARTESIAN_POINT('Ctrl Pts',(8.28954290598631,15.1887132972479,2.5));
#8909=CARTESIAN_POINT('Ctrl Pts',(8.62185772508383,15.1887132972479,2.4));
#8910=CARTESIAN_POINT('Ctrl Pts',(8.62185772508383,15.1887132972479,2.5));
#8911=CARTESIAN_POINT('',(8.62185772508383,15.1887132972479,2.5));
#8912=CARTESIAN_POINT('',(8.62185772508383,15.1887132972479,2.5));
#8913=CARTESIAN_POINT('',(8.10405921190977,15.0394859164953,2.5));
#8914=CARTESIAN_POINT('Ctrl Pts',(8.10405921190977,15.0394859164953,2.5));
#8915=CARTESIAN_POINT('Ctrl Pts',(8.28954290598631,15.1887132972479,2.5));
#8916=CARTESIAN_POINT('Ctrl Pts',(8.62185772508383,15.1887132972479,2.5));
#8917=CARTESIAN_POINT('',(8.10405921190977,15.0394859164953,2.5));
#8918=CARTESIAN_POINT('Ctrl Pts',(7.91857551783323,14.6200462430716,2.4));
#8919=CARTESIAN_POINT('Ctrl Pts',(7.91857551783323,14.6200462430716,2.5));
#8920=CARTESIAN_POINT('Ctrl Pts',(7.91857551783323,14.8902585357428,2.4));
#8921=CARTESIAN_POINT('Ctrl Pts',(7.91857551783323,14.8902585357428,2.5));
#8922=CARTESIAN_POINT('Ctrl Pts',(8.10405921190977,15.0394859164953,2.4));
#8923=CARTESIAN_POINT('Ctrl Pts',(8.10405921190977,15.0394859164953,2.5));
#8924=CARTESIAN_POINT('',(7.91857551783323,14.6200462430716,2.5));
#8925=CARTESIAN_POINT('Ctrl Pts',(7.91857551783323,14.6200462430716,2.5));
#8926=CARTESIAN_POINT('Ctrl Pts',(7.91857551783323,14.8902585357428,2.5));
#8927=CARTESIAN_POINT('Ctrl Pts',(8.10405921190977,15.0394859164953,2.5));
#8928=CARTESIAN_POINT('',(7.91857551783323,14.6200462430716,2.5));
#8929=CARTESIAN_POINT('Ctrl Pts',(8.10362707823515,14.2021580785513,2.4));
#8930=CARTESIAN_POINT('Ctrl Pts',(8.10362707823515,14.2021580785513,2.5));
#8931=CARTESIAN_POINT('Ctrl Pts',(7.91857551783323,14.351679906249,2.4));
#8932=CARTESIAN_POINT('Ctrl Pts',(7.91857551783323,14.351679906249,2.5));
#8933=CARTESIAN_POINT('Ctrl Pts',(7.91857551783323,14.6200462430716,2.4));
#8934=CARTESIAN_POINT('Ctrl Pts',(7.91857551783323,14.6200462430716,2.5));
#8935=CARTESIAN_POINT('',(8.10362707823515,14.2021580785513,2.5));
#8936=CARTESIAN_POINT('Ctrl Pts',(8.10362707823515,14.2021580785513,2.5));
#8937=CARTESIAN_POINT('Ctrl Pts',(7.91857551783323,14.351679906249,2.5));
#8938=CARTESIAN_POINT('Ctrl Pts',(7.91857551783323,14.6200462430716,2.5));
#8939=CARTESIAN_POINT('',(8.10362707823515,14.2021580785513,2.5));
#8940=CARTESIAN_POINT('Ctrl Pts',(8.62185772508383,14.0526356548071,2.4));
#8941=CARTESIAN_POINT('Ctrl Pts',(8.62185772508383,14.0526356548071,2.5));
#8942=CARTESIAN_POINT('Ctrl Pts',(8.28867863863707,14.0526356548071,2.4));
#8943=CARTESIAN_POINT('Ctrl Pts',(8.28867863863707,14.0526356548071,2.5));
#8944=CARTESIAN_POINT('Ctrl Pts',(8.10362707823515,14.2021580785513,2.4));
#8945=CARTESIAN_POINT('Ctrl Pts',(8.10362707823515,14.2021580785513,2.5));
#8946=CARTESIAN_POINT('',(8.62185772508383,14.0526356548071,2.5));
#8947=CARTESIAN_POINT('Ctrl Pts',(8.62185772508383,14.0526356548071,2.5));
#8948=CARTESIAN_POINT('Ctrl Pts',(8.28867863863707,14.0526356548071,2.5));
#8949=CARTESIAN_POINT('Ctrl Pts',(8.10362707823515,14.2021580785513,2.5));
#8950=CARTESIAN_POINT('',(8.62185772508383,14.0526356548071,2.5));
#8951=CARTESIAN_POINT('Ctrl Pts',(9.13965623825788,14.2019810527563,2.4));
#8952=CARTESIAN_POINT('Ctrl Pts',(9.13965623825788,14.2019810527563,2.5));
#8953=CARTESIAN_POINT('Ctrl Pts',(8.95417269319296,14.0526356548071,2.4));
#8954=CARTESIAN_POINT('Ctrl Pts',(8.95417269319296,14.0526356548071,2.5));
#8955=CARTESIAN_POINT('Ctrl Pts',(8.62185772508383,14.0526356548071,2.4));
#8956=CARTESIAN_POINT('Ctrl Pts',(8.62185772508383,14.0526356548071,2.5));
#8957=CARTESIAN_POINT('',(9.13965623825788,14.2019810527563,2.5));
#8958=CARTESIAN_POINT('Ctrl Pts',(9.13965623825788,14.2019810527563,2.5));
#8959=CARTESIAN_POINT('Ctrl Pts',(8.95417269319296,14.0526356548071,2.5));
#8960=CARTESIAN_POINT('Ctrl Pts',(8.62185772508383,14.0526356548071,2.5));
#8961=CARTESIAN_POINT('',(9.13965623825788,14.2019810527563,2.5));
#8962=CARTESIAN_POINT('Ctrl Pts',(9.32513993233442,14.6200462430716,2.4));
#8963=CARTESIAN_POINT('Ctrl Pts',(9.32513993233442,14.6200462430716,2.5));
#8964=CARTESIAN_POINT('Ctrl Pts',(9.32513993233442,14.3513264507055,2.4));
#8965=CARTESIAN_POINT('Ctrl Pts',(9.32513993233442,14.3513264507055,2.5));
#8966=CARTESIAN_POINT('Ctrl Pts',(9.13965623825788,14.2019810527563,2.4));
#8967=CARTESIAN_POINT('Ctrl Pts',(9.13965623825788,14.2019810527563,2.5));
#8968=CARTESIAN_POINT('',(9.32513993233442,14.6200462430716,2.5));
#8969=CARTESIAN_POINT('Ctrl Pts',(9.32513993233442,14.6200462430716,2.5));
#8970=CARTESIAN_POINT('Ctrl Pts',(9.32513993233442,14.3513264507055,2.5));
#8971=CARTESIAN_POINT('Ctrl Pts',(9.13965623825788,14.2019810527563,2.5));
#8972=CARTESIAN_POINT('',(9.32513993233442,14.6200462430716,2.5));
#8973=CARTESIAN_POINT('Ctrl Pts',(9.13921426981688,15.0396528095007,2.4));
#8974=CARTESIAN_POINT('Ctrl Pts',(9.13921426981688,15.0396528095007,2.5));
#8975=CARTESIAN_POINT('Ctrl Pts',(9.32513993233442,14.8905923217535,2.4));
#8976=CARTESIAN_POINT('Ctrl Pts',(9.32513993233442,14.8905923217535,2.5));
#8977=CARTESIAN_POINT('Ctrl Pts',(9.32513993233442,14.6200462430716,2.4));
#8978=CARTESIAN_POINT('Ctrl Pts',(9.32513993233442,14.6200462430716,2.5));
#8979=CARTESIAN_POINT('',(9.13921426981688,15.0396528095007,2.5));
#8980=CARTESIAN_POINT('Ctrl Pts',(9.13921426981688,15.0396528095007,2.5));
#8981=CARTESIAN_POINT('Ctrl Pts',(9.32513993233442,14.8905923217535,2.5));
#8982=CARTESIAN_POINT('Ctrl Pts',(9.32513993233442,14.6200462430716,2.5));
#8983=CARTESIAN_POINT('',(9.13921426981688,15.0396528095007,2.5));
#8984=CARTESIAN_POINT('Ctrl Pts',(8.62185772508383,15.1887132972479,2.4));
#8985=CARTESIAN_POINT('Ctrl Pts',(8.62185772508383,15.1887132972479,2.5));
#8986=CARTESIAN_POINT('Ctrl Pts',(8.95328890532255,15.1887132972479,2.4));
#8987=CARTESIAN_POINT('Ctrl Pts',(8.95328890532255,15.1887132972479,2.5));
#8988=CARTESIAN_POINT('Ctrl Pts',(9.13921426981688,15.0396528095007,2.4));
#8989=CARTESIAN_POINT('Ctrl Pts',(9.13921426981688,15.0396528095007,2.5));
#8990=CARTESIAN_POINT('Ctrl Pts',(8.62185772508383,15.1887132972479,2.5));
#8991=CARTESIAN_POINT('Ctrl Pts',(8.95328890532255,15.1887132972479,2.5));
#8992=CARTESIAN_POINT('Ctrl Pts',(9.13921426981688,15.0396528095007,2.5));
#8993=CARTESIAN_POINT('Ctrl Pts',(9.16173201054335,14.6200462430716,2.4));
#8994=CARTESIAN_POINT('Ctrl Pts',(9.16173201054335,14.6200462430716,2.5));
#8995=CARTESIAN_POINT('Ctrl Pts',(9.16173201054335,14.4313021749258,2.4));
#8996=CARTESIAN_POINT('Ctrl Pts',(9.16173201054335,14.4313021749258,2.5));
#8997=CARTESIAN_POINT('Ctrl Pts',(9.02237366884947,14.3268939107656,2.4));
#8998=CARTESIAN_POINT('Ctrl Pts',(9.02237366884947,14.3268939107656,2.5));
#8999=CARTESIAN_POINT('',(9.16173201054335,14.6200462430716,2.5));
#9000=CARTESIAN_POINT('',(9.16173201054335,14.6200462430716,2.5));
#9001=CARTESIAN_POINT('',(9.02237366884947,14.3268939107656,2.5));
#9002=CARTESIAN_POINT('Ctrl Pts',(9.02237366884947,14.3268939107656,2.5));
#9003=CARTESIAN_POINT('Ctrl Pts',(9.16173201054335,14.4313021749258,2.5));
#9004=CARTESIAN_POINT('Ctrl Pts',(9.16173201054335,14.6200462430716,2.5));
#9005=CARTESIAN_POINT('',(9.02237366884947,14.3268939107656,2.5));
#9006=CARTESIAN_POINT('Ctrl Pts',(9.02237366884947,14.3268939107656,2.4));
#9007=CARTESIAN_POINT('Ctrl Pts',(9.02237366884947,14.3268939107656,2.5));
#9008=CARTESIAN_POINT('Ctrl Pts',(8.88301562517881,14.2224856466055,2.4));
#9009=CARTESIAN_POINT('Ctrl Pts',(8.88301562517881,14.2224856466055,2.5));
#9010=CARTESIAN_POINT('Ctrl Pts',(8.62185772508383,14.2224856466055,2.4));
#9011=CARTESIAN_POINT('Ctrl Pts',(8.62185772508383,14.2224856466055,2.5));
#9012=CARTESIAN_POINT('',(8.62185772508383,14.2224856466055,2.5));
#9013=CARTESIAN_POINT('Ctrl Pts',(8.62185772508383,14.2224856466055,2.5));
#9014=CARTESIAN_POINT('Ctrl Pts',(8.88301562517881,14.2224856466055,2.5));
#9015=CARTESIAN_POINT('Ctrl Pts',(9.02237366884947,14.3268939107656,2.5));
#9016=CARTESIAN_POINT('',(8.62185772508383,14.2224856466055,2.5));
#9017=CARTESIAN_POINT('Ctrl Pts',(8.62185772508383,14.2224856466055,2.4));
#9018=CARTESIAN_POINT('Ctrl Pts',(8.62185772508383,14.2224856466055,2.5));
#9019=CARTESIAN_POINT('Ctrl Pts',(8.35987489670515,14.2224856466055,2.4));
#9020=CARTESIAN_POINT('Ctrl Pts',(8.35987489670515,14.2224856466055,2.5));
#9021=CARTESIAN_POINT('Ctrl Pts',(8.22092916816473,14.3270315974951,2.4));
#9022=CARTESIAN_POINT('Ctrl Pts',(8.22092916816473,14.3270315974951,2.5));
#9023=CARTESIAN_POINT('',(8.22092916816473,14.3270315974951,2.5));
#9024=CARTESIAN_POINT('Ctrl Pts',(8.22092916816473,14.3270315974951,2.5));
#9025=CARTESIAN_POINT('Ctrl Pts',(8.35987489670515,14.2224856466055,2.5));
#9026=CARTESIAN_POINT('Ctrl Pts',(8.62185772508383,14.2224856466055,2.5));
#9027=CARTESIAN_POINT('',(8.22092916816473,14.3270315974951,2.5));
#9028=CARTESIAN_POINT('Ctrl Pts',(8.22092916816473,14.3270315974951,2.4));
#9029=CARTESIAN_POINT('Ctrl Pts',(8.22092916816473,14.3270315974951,2.5));
#9030=CARTESIAN_POINT('Ctrl Pts',(8.08198343962431,14.4315769523382,2.4));
#9031=CARTESIAN_POINT('Ctrl Pts',(8.08198343962431,14.4315769523382,2.5));
#9032=CARTESIAN_POINT('Ctrl Pts',(8.08198343962431,14.6200462430716,2.4));
#9033=CARTESIAN_POINT('Ctrl Pts',(8.08198343962431,14.6200462430716,2.5));
#9034=CARTESIAN_POINT('',(8.08198343962431,14.6200462430716,2.5));
#9035=CARTESIAN_POINT('Ctrl Pts',(8.08198343962431,14.6200462430716,2.5));
#9036=CARTESIAN_POINT('Ctrl Pts',(8.08198343962431,14.4315769523382,2.5));
#9037=CARTESIAN_POINT('Ctrl Pts',(8.22092916816473,14.3270315974951,2.5));
#9038=CARTESIAN_POINT('',(8.08198343962431,14.6200462430716,2.5));
#9039=CARTESIAN_POINT('Ctrl Pts',(8.08198343962431,14.6200462430716,2.4));
#9040=CARTESIAN_POINT('Ctrl Pts',(8.08198343962431,14.6200462430716,2.5));
#9041=CARTESIAN_POINT('Ctrl Pts',(8.08198343962431,14.8091235011816,2.4));
#9042=CARTESIAN_POINT('Ctrl Pts',(8.08198343962431,14.8091235011816,2.5));
#9043=CARTESIAN_POINT('Ctrl Pts',(8.22136130183935,14.9139931052923,2.4));
#9044=CARTESIAN_POINT('Ctrl Pts',(8.22136130183935,14.9139931052923,2.5));
#9045=CARTESIAN_POINT('',(8.22136130183935,14.9139931052923,2.5));
#9046=CARTESIAN_POINT('Ctrl Pts',(8.22136130183935,14.9139931052923,2.5));
#9047=CARTESIAN_POINT('Ctrl Pts',(8.08198343962431,14.8091235011816,2.5));
#9048=CARTESIAN_POINT('Ctrl Pts',(8.08198343962431,14.6200462430716,2.5));
#9049=CARTESIAN_POINT('',(8.22136130183935,14.9139931052923,2.5));
#9050=CARTESIAN_POINT('Ctrl Pts',(8.22136130183935,14.9139931052923,2.4));
#9051=CARTESIAN_POINT('Ctrl Pts',(8.22136130183935,14.9139931052923,2.5));
#9052=CARTESIAN_POINT('Ctrl Pts',(8.36073916405439,15.018862709403,2.4));
#9053=CARTESIAN_POINT('Ctrl Pts',(8.36073916405439,15.018862709403,2.5));
#9054=CARTESIAN_POINT('Ctrl Pts',(8.62185772508383,15.018862709403,2.4));
#9055=CARTESIAN_POINT('Ctrl Pts',(8.62185772508383,15.018862709403,2.5));
#9056=CARTESIAN_POINT('',(8.62185772508383,15.018862709403,2.5));
#9057=CARTESIAN_POINT('Ctrl Pts',(8.62185772508383,15.018862709403,2.5));
#9058=CARTESIAN_POINT('Ctrl Pts',(8.36073916405439,15.018862709403,2.5));
#9059=CARTESIAN_POINT('Ctrl Pts',(8.22136130183935,14.9139931052923,2.5));
#9060=CARTESIAN_POINT('',(8.62185772508383,15.018862709403,2.5));
#9061=CARTESIAN_POINT('Ctrl Pts',(8.62185772508383,15.018862709403,2.4));
#9062=CARTESIAN_POINT('Ctrl Pts',(8.62185772508383,15.018862709403,2.5));
#9063=CARTESIAN_POINT('Ctrl Pts',(8.88217102736235,15.018862709403,2.4));
#9064=CARTESIAN_POINT('Ctrl Pts',(8.88217102736235,15.018862709403,2.5));
#9065=CARTESIAN_POINT('Ctrl Pts',(9.02195166796446,14.9141313880682,2.4));
#9066=CARTESIAN_POINT('Ctrl Pts',(9.02195166796446,14.9141313880682,2.5));
#9067=CARTESIAN_POINT('',(9.02195166796446,14.9141313880682,2.5));
#9068=CARTESIAN_POINT('Ctrl Pts',(9.02195166796446,14.9141313880682,2.5));
#9069=CARTESIAN_POINT('Ctrl Pts',(8.88217102736235,15.018862709403,2.5));
#9070=CARTESIAN_POINT('Ctrl Pts',(8.62185772508383,15.018862709403,2.5));
#9071=CARTESIAN_POINT('',(9.02195166796446,14.9141313880682,2.5));
#9072=CARTESIAN_POINT('Ctrl Pts',(9.02195166796446,14.9141313880682,2.4));
#9073=CARTESIAN_POINT('Ctrl Pts',(9.02195166796446,14.9141313880682,2.5));
#9074=CARTESIAN_POINT('Ctrl Pts',(9.16173201054335,14.8093988746405,2.4));
#9075=CARTESIAN_POINT('Ctrl Pts',(9.16173201054335,14.8093988746405,2.5));
#9076=CARTESIAN_POINT('Ctrl Pts',(9.16173201054335,14.6200462430716,2.4));
#9077=CARTESIAN_POINT('Ctrl Pts',(9.16173201054335,14.6200462430716,2.5));
#9078=CARTESIAN_POINT('Ctrl Pts',(9.16173201054335,14.6200462430716,2.5));
#9079=CARTESIAN_POINT('Ctrl Pts',(9.16173201054335,14.8093988746405,2.5));
#9080=CARTESIAN_POINT('Ctrl Pts',(9.02195166796446,14.9141313880682,2.5));
#9081=CARTESIAN_POINT('Origin',(14.500000688713,14.500000688713,2.4));
#9082=CARTESIAN_POINT('',(9.32513993233442,8.86249326169491,2.4));
#9083=CARTESIAN_POINT('',(9.20389991253614,8.51216815412045,2.4));
#9084=CARTESIAN_POINT('Ctrl Pts',(9.32513993233442,8.86249326169491,2.4));
#9085=CARTESIAN_POINT('Ctrl Pts',(9.32513993233442,8.6294212192297,2.4));
#9086=CARTESIAN_POINT('Ctrl Pts',(9.20389991253614,8.51216815412045,2.4));
#9087=CARTESIAN_POINT('',(9.31577127426863,9.00586806237698,2.4));
#9088=CARTESIAN_POINT('Ctrl Pts',(9.31577127426863,9.00586806237698,2.4));
#9089=CARTESIAN_POINT('Ctrl Pts',(9.32513993233442,8.94015125930309,2.4));
#9090=CARTESIAN_POINT('Ctrl Pts',(9.32513993233442,8.86249326169491,2.4));
#9091=CARTESIAN_POINT('',(9.27872966974974,9.16249983012676,2.4));
#9092=CARTESIAN_POINT('Ctrl Pts',(9.27872966974974,9.16249983012676,2.4));
#9093=CARTESIAN_POINT('Ctrl Pts',(9.30640291422606,9.07158456742764,2.4));
#9094=CARTESIAN_POINT('Ctrl Pts',(9.31577127426863,9.00586806237698,2.4));
#9095=CARTESIAN_POINT('',(9.1259865090251,9.14498053491116,2.4));
#9096=CARTESIAN_POINT('',(9.1259865090251,9.14498053491116,2.4));
#9097=CARTESIAN_POINT('',(9.16173201054335,8.87482725083828,2.4));
#9098=CARTESIAN_POINT('Ctrl Pts',(9.16173201054335,8.87482725083828,2.4));
#9099=CARTESIAN_POINT('Ctrl Pts',(9.16173201054335,8.97159539163113,2.4));
#9100=CARTESIAN_POINT('Ctrl Pts',(9.1259865090251,9.14498053491116,2.4));
#9101=CARTESIAN_POINT('',(9.12689011543989,8.69946859776974,2.4));
#9102=CARTESIAN_POINT('Ctrl Pts',(9.12689011543989,8.69946859776974,2.4));
#9103=CARTESIAN_POINT('Ctrl Pts',(9.16173201054335,8.7680035084486,2.4));
#9104=CARTESIAN_POINT('Ctrl Pts',(9.16173201054335,8.87482725083828,2.4));
#9105=CARTESIAN_POINT('',(9.02280580252409,8.59661184251308,2.4));
#9106=CARTESIAN_POINT('Ctrl Pts',(9.02280580252409,8.59661184251308,2.4));
#9107=CARTESIAN_POINT('Ctrl Pts',(9.09204792231321,8.63093338906765,2.4));
#9108=CARTESIAN_POINT('Ctrl Pts',(9.12689011543989,8.69946859776974,2.4));
#9109=CARTESIAN_POINT('',(8.84402956813574,8.56229029595852,2.4));
#9110=CARTESIAN_POINT('Ctrl Pts',(8.84402956813574,8.56229029595852,2.4));
#9111=CARTESIAN_POINT('Ctrl Pts',(8.95356383174658,8.56229029595852,2.4));
#9112=CARTESIAN_POINT('Ctrl Pts',(9.02280580252409,8.59661184251308,2.4));
#9113=CARTESIAN_POINT('',(7.40069847553968,8.56229029595852,2.4));
#9114=CARTESIAN_POINT('',(7.40069847553968,8.56229029595852,2.4));
#9115=CARTESIAN_POINT('',(7.40069847553968,7.96726576983929,2.4));
#9116=CARTESIAN_POINT('',(7.40069847553968,8.39491508901119,2.4));
#9117=CARTESIAN_POINT('',(7.56159227341413,7.96726576983929,2.4));
#9118=CARTESIAN_POINT('',(7.56159227341413,7.96726576983929,2.4));
#9119=CARTESIAN_POINT('',(7.56159227341413,8.39491508901119,2.4));
#9120=CARTESIAN_POINT('',(7.56159227341413,8.4686254709959,2.4));
#9121=CARTESIAN_POINT('',(8.84379383176565,8.39491508901119,2.4));
#9122=CARTESIAN_POINT('',(8.84379383176565,8.39491508901119,2.4));
#9123=CARTESIAN_POINT('Ctrl Pts',(9.20389991253614,8.51216815412045,2.4));
#9124=CARTESIAN_POINT('Ctrl Pts',(9.08265989273787,8.39491508901119,2.4));
#9125=CARTESIAN_POINT('Ctrl Pts',(8.84379383176565,8.39491508901119,2.4));
#9126=CARTESIAN_POINT('Ctrl Pts',(9.32513993233442,8.86249326169491,2.4));
#9127=CARTESIAN_POINT('Ctrl Pts',(9.32513993233442,8.86249326169491,2.5));
#9128=CARTESIAN_POINT('Ctrl Pts',(9.32513993233442,8.6294212192297,2.4));
#9129=CARTESIAN_POINT('Ctrl Pts',(9.32513993233442,8.6294212192297,2.5));
#9130=CARTESIAN_POINT('Ctrl Pts',(9.20389991253614,8.51216815412045,2.4));
#9131=CARTESIAN_POINT('Ctrl Pts',(9.20389991253614,8.51216815412045,2.5));
#9132=CARTESIAN_POINT('',(9.20389991253614,8.51216815412045,2.5));
#9133=CARTESIAN_POINT('',(9.20389991253614,8.51216815412045,2.5));
#9134=CARTESIAN_POINT('',(9.32513993233442,8.86249326169491,2.5));
#9135=CARTESIAN_POINT('Ctrl Pts',(9.32513993233442,8.86249326169491,2.5));
#9136=CARTESIAN_POINT('Ctrl Pts',(9.32513993233442,8.6294212192297,2.5));
#9137=CARTESIAN_POINT('Ctrl Pts',(9.20389991253614,8.51216815412045,2.5));
#9138=CARTESIAN_POINT('',(9.32513993233442,8.86249326169491,2.5));
#9139=CARTESIAN_POINT('Ctrl Pts',(9.31577127426863,9.00586806237698,2.4));
#9140=CARTESIAN_POINT('Ctrl Pts',(9.31577127426863,9.00586806237698,2.5));
#9141=CARTESIAN_POINT('Ctrl Pts',(9.32513993233442,8.94015125930309,2.4));
#9142=CARTESIAN_POINT('Ctrl Pts',(9.32513993233442,8.94015125930309,2.5));
#9143=CARTESIAN_POINT('Ctrl Pts',(9.32513993233442,8.86249326169491,2.4));
#9144=CARTESIAN_POINT('Ctrl Pts',(9.32513993233442,8.86249326169491,2.5));
#9145=CARTESIAN_POINT('',(9.31577127426863,9.00586806237698,2.5));
#9146=CARTESIAN_POINT('Ctrl Pts',(9.31577127426863,9.00586806237698,2.5));
#9147=CARTESIAN_POINT('Ctrl Pts',(9.32513993233442,8.94015125930309,2.5));
#9148=CARTESIAN_POINT('Ctrl Pts',(9.32513993233442,8.86249326169491,2.5));
#9149=CARTESIAN_POINT('',(9.31577127426863,9.00586806237698,2.5));
#9150=CARTESIAN_POINT('Ctrl Pts',(9.27872966974974,9.16249983012676,2.4));
#9151=CARTESIAN_POINT('Ctrl Pts',(9.27872966974974,9.16249983012676,2.5));
#9152=CARTESIAN_POINT('Ctrl Pts',(9.30640291422606,9.07158456742764,2.4));
#9153=CARTESIAN_POINT('Ctrl Pts',(9.30640291422606,9.07158456742764,2.5));
#9154=CARTESIAN_POINT('Ctrl Pts',(9.31577127426863,9.00586806237698,2.4));
#9155=CARTESIAN_POINT('Ctrl Pts',(9.31577127426863,9.00586806237698,2.5));
#9156=CARTESIAN_POINT('',(9.27872966974974,9.16249983012676,2.5));
#9157=CARTESIAN_POINT('Ctrl Pts',(9.27872966974974,9.16249983012676,2.5));
#9158=CARTESIAN_POINT('Ctrl Pts',(9.30640291422606,9.07158456742764,2.5));
#9159=CARTESIAN_POINT('Ctrl Pts',(9.31577127426863,9.00586806237698,2.5));
#9160=CARTESIAN_POINT('',(9.27872966974974,9.16249983012676,2.5));
#9161=CARTESIAN_POINT('Origin',(9.20235808938742,9.15374018251896,2.5));
#9162=CARTESIAN_POINT('',(9.1259865090251,9.14498053491116,2.5));
#9163=CARTESIAN_POINT('',(12.1194059542981,9.48831897780496,2.5));
#9164=CARTESIAN_POINT('',(9.1259865090251,9.14498053491116,2.5));
#9165=CARTESIAN_POINT('Ctrl Pts',(9.16173201054335,8.87482725083828,2.4));
#9166=CARTESIAN_POINT('Ctrl Pts',(9.16173201054335,8.87482725083828,2.5));
#9167=CARTESIAN_POINT('Ctrl Pts',(9.16173201054335,8.97159539163113,2.4));
#9168=CARTESIAN_POINT('Ctrl Pts',(9.16173201054335,8.97159539163113,2.5));
#9169=CARTESIAN_POINT('Ctrl Pts',(9.1259865090251,9.14498053491116,2.4));
#9170=CARTESIAN_POINT('Ctrl Pts',(9.1259865090251,9.14498053491116,2.5));
#9171=CARTESIAN_POINT('',(9.16173201054335,8.87482725083828,2.5));
#9172=CARTESIAN_POINT('Ctrl Pts',(9.16173201054335,8.87482725083828,2.5));
#9173=CARTESIAN_POINT('Ctrl Pts',(9.16173201054335,8.97159539163113,2.5));
#9174=CARTESIAN_POINT('Ctrl Pts',(9.1259865090251,9.14498053491116,2.5));
#9175=CARTESIAN_POINT('',(9.16173201054335,8.87482725083828,2.5));
#9176=CARTESIAN_POINT('Ctrl Pts',(9.12689011543989,8.69946859776974,2.4));
#9177=CARTESIAN_POINT('Ctrl Pts',(9.12689011543989,8.69946859776974,2.5));
#9178=CARTESIAN_POINT('Ctrl Pts',(9.16173201054335,8.7680035084486,2.4));
#9179=CARTESIAN_POINT('Ctrl Pts',(9.16173201054335,8.7680035084486,2.5));
#9180=CARTESIAN_POINT('Ctrl Pts',(9.16173201054335,8.87482725083828,2.4));
#9181=CARTESIAN_POINT('Ctrl Pts',(9.16173201054335,8.87482725083828,2.5));
#9182=CARTESIAN_POINT('',(9.12689011543989,8.69946859776974,2.5));
#9183=CARTESIAN_POINT('Ctrl Pts',(9.12689011543989,8.69946859776974,2.5));
#9184=CARTESIAN_POINT('Ctrl Pts',(9.16173201054335,8.7680035084486,2.5));
#9185=CARTESIAN_POINT('Ctrl Pts',(9.16173201054335,8.87482725083828,2.5));
#9186=CARTESIAN_POINT('',(9.12689011543989,8.69946859776974,2.5));
#9187=CARTESIAN_POINT('Ctrl Pts',(9.02280580252409,8.59661184251308,2.4));
#9188=CARTESIAN_POINT('Ctrl Pts',(9.02280580252409,8.59661184251308,2.5));
#9189=CARTESIAN_POINT('Ctrl Pts',(9.09204792231321,8.63093338906765,2.4));
#9190=CARTESIAN_POINT('Ctrl Pts',(9.09204792231321,8.63093338906765,2.5));
#9191=CARTESIAN_POINT('Ctrl Pts',(9.12689011543989,8.69946859776974,2.4));
#9192=CARTESIAN_POINT('Ctrl Pts',(9.12689011543989,8.69946859776974,2.5));
#9193=CARTESIAN_POINT('',(9.02280580252409,8.59661184251308,2.5));
#9194=CARTESIAN_POINT('Ctrl Pts',(9.02280580252409,8.59661184251308,2.5));
#9195=CARTESIAN_POINT('Ctrl Pts',(9.09204792231321,8.63093338906765,2.5));
#9196=CARTESIAN_POINT('Ctrl Pts',(9.12689011543989,8.69946859776974,2.5));
#9197=CARTESIAN_POINT('',(9.02280580252409,8.59661184251308,2.5));
#9198=CARTESIAN_POINT('Ctrl Pts',(8.84402956813574,8.56229029595852,2.4));
#9199=CARTESIAN_POINT('Ctrl Pts',(8.84402956813574,8.56229029595852,2.5));
#9200=CARTESIAN_POINT('Ctrl Pts',(8.95356383174658,8.56229029595852,2.4));
#9201=CARTESIAN_POINT('Ctrl Pts',(8.95356383174658,8.56229029595852,2.5));
#9202=CARTESIAN_POINT('Ctrl Pts',(9.02280580252409,8.59661184251308,2.4));
#9203=CARTESIAN_POINT('Ctrl Pts',(9.02280580252409,8.59661184251308,2.5));
#9204=CARTESIAN_POINT('',(8.84402956813574,8.56229029595852,2.5));
#9205=CARTESIAN_POINT('Ctrl Pts',(8.84402956813574,8.56229029595852,2.5));
#9206=CARTESIAN_POINT('Ctrl Pts',(8.95356383174658,8.56229029595852,2.5));
#9207=CARTESIAN_POINT('Ctrl Pts',(9.02280580252409,8.59661184251308,2.5));
#9208=CARTESIAN_POINT('',(8.84402956813574,8.56229029595852,2.5));
#9209=CARTESIAN_POINT('Origin',(8.12236402183771,8.56229029595852,2.5));
#9210=CARTESIAN_POINT('',(7.40069847553968,8.56229029595852,2.5));
#9211=CARTESIAN_POINT('',(11.3111823552754,8.56229029595852,2.5));
#9212=CARTESIAN_POINT('',(7.40069847553968,8.56229029595852,2.5));
#9213=CARTESIAN_POINT('Origin',(7.40069847553968,8.2647780328989,2.5));
#9214=CARTESIAN_POINT('',(7.40069847553968,7.96726576983929,2.5));
#9215=CARTESIAN_POINT('',(7.40069847553968,11.382389360806,2.5));
#9216=CARTESIAN_POINT('',(7.40069847553968,7.96726576983929,2.5));
#9217=CARTESIAN_POINT('Origin',(7.48114537447691,7.96726576983929,2.5));
#9218=CARTESIAN_POINT('',(7.56159227341413,7.96726576983929,2.5));
#9219=CARTESIAN_POINT('',(10.990573031595,7.96726576983929,2.5));
#9220=CARTESIAN_POINT('',(7.56159227341413,7.96726576983929,2.5));
#9221=CARTESIAN_POINT('Origin',(7.56159227341413,8.18109042942524,2.5));
#9222=CARTESIAN_POINT('',(7.56159227341413,8.39491508901119,2.5));
#9223=CARTESIAN_POINT('',(7.56159227341413,11.3405455590691,2.5));
#9224=CARTESIAN_POINT('',(7.56159227341413,8.39491508901119,2.5));
#9225=CARTESIAN_POINT('Origin',(8.20269305258989,8.39491508901119,2.5));
#9226=CARTESIAN_POINT('',(8.84379383176565,8.39491508901119,2.5));
#9227=CARTESIAN_POINT('',(11.3513468706515,8.39491508901119,2.5));
#9228=CARTESIAN_POINT('',(8.84379383176565,8.39491508901119,2.5));
#9229=CARTESIAN_POINT('Ctrl Pts',(9.20389991253614,8.51216815412045,2.4));
#9230=CARTESIAN_POINT('Ctrl Pts',(9.20389991253614,8.51216815412045,2.5));
#9231=CARTESIAN_POINT('Ctrl Pts',(9.08265989273787,8.39491508901119,2.4));
#9232=CARTESIAN_POINT('Ctrl Pts',(9.08265989273787,8.39491508901119,2.5));
#9233=CARTESIAN_POINT('Ctrl Pts',(8.84379383176565,8.39491508901119,2.4));
#9234=CARTESIAN_POINT('Ctrl Pts',(8.84379383176565,8.39491508901119,2.5));
#9235=CARTESIAN_POINT('Ctrl Pts',(9.20389991253614,8.51216815412045,2.5));
#9236=CARTESIAN_POINT('Ctrl Pts',(9.08265989273787,8.39491508901119,2.5));
#9237=CARTESIAN_POINT('Ctrl Pts',(8.84379383176565,8.39491508901119,2.5));
#9238=CARTESIAN_POINT('Origin',(14.500000688713,14.500000688713,2.4));
#9239=CARTESIAN_POINT('',(8.10405921190977,7.4913015216589,2.4));
#9240=CARTESIAN_POINT('',(8.62185772508383,7.64052890241146,2.4));
#9241=CARTESIAN_POINT('Ctrl Pts',(8.10405921190977,7.4913015216589,2.4));
#9242=CARTESIAN_POINT('Ctrl Pts',(8.28954290598631,7.64052890241146,2.4));
#9243=CARTESIAN_POINT('Ctrl Pts',(8.62185772508383,7.64052890241146,2.4));
#9244=CARTESIAN_POINT('',(7.91857551783323,7.07186184823513,2.4));
#9245=CARTESIAN_POINT('Ctrl Pts',(7.91857551783323,7.07186184823513,2.4));
#9246=CARTESIAN_POINT('Ctrl Pts',(7.91857551783323,7.34207414090633,2.4));
#9247=CARTESIAN_POINT('Ctrl Pts',(8.10405921190977,7.4913015216589,2.4));
#9248=CARTESIAN_POINT('',(8.10362707823515,6.65397383272648,2.4));
#9249=CARTESIAN_POINT('Ctrl Pts',(8.10362707823515,6.65397383272648,2.4));
#9250=CARTESIAN_POINT('Ctrl Pts',(7.91857551783323,6.80349595844746,2.4));
#9251=CARTESIAN_POINT('Ctrl Pts',(7.91857551783323,7.07186184823513,2.4));
#9252=CARTESIAN_POINT('',(8.62185772508383,6.50445185601711,2.4));
#9253=CARTESIAN_POINT('Ctrl Pts',(8.62185772508383,6.50445185601711,2.4));
#9254=CARTESIAN_POINT('Ctrl Pts',(8.28867863863707,6.50445185601711,2.4));
#9255=CARTESIAN_POINT('Ctrl Pts',(8.10362707823515,6.65397383272648,2.4));
#9256=CARTESIAN_POINT('',(9.13965623825788,6.65379710495472,2.4));
#9257=CARTESIAN_POINT('Ctrl Pts',(9.13965623825788,6.65379710495472,2.4));
#9258=CARTESIAN_POINT('Ctrl Pts',(8.95417269319296,6.50445185601711,2.4));
#9259=CARTESIAN_POINT('Ctrl Pts',(8.62185772508383,6.50445185601711,2.4));
#9260=CARTESIAN_POINT('',(9.32513993233442,7.07186184823513,2.4));
#9261=CARTESIAN_POINT('Ctrl Pts',(9.32513993233442,7.07186184823513,2.4));
#9262=CARTESIAN_POINT('Ctrl Pts',(9.32513993233442,6.80314235389233,2.4));
#9263=CARTESIAN_POINT('Ctrl Pts',(9.13965623825788,6.65379710495472,2.4));
#9264=CARTESIAN_POINT('',(9.13921426981688,7.49146841466427,2.4));
#9265=CARTESIAN_POINT('Ctrl Pts',(9.13921426981688,7.49146841466427,2.4));
#9266=CARTESIAN_POINT('Ctrl Pts',(9.32513993233442,7.34240792691708,2.4));
#9267=CARTESIAN_POINT('Ctrl Pts',(9.32513993233442,7.07186184823513,2.4));
#9268=CARTESIAN_POINT('Ctrl Pts',(8.62185772508383,7.64052890241146,2.4));
#9269=CARTESIAN_POINT('Ctrl Pts',(8.95328890532255,7.64052890241146,2.4));
#9270=CARTESIAN_POINT('Ctrl Pts',(9.13921426981688,7.49146841466427,2.4));
#9271=CARTESIAN_POINT('',(9.16173201054335,7.07186184823513,2.4));
#9272=CARTESIAN_POINT('',(9.02237366884947,6.77870981395245,2.4));
#9273=CARTESIAN_POINT('Ctrl Pts',(9.16173201054335,7.07186184823513,2.4));
#9274=CARTESIAN_POINT('Ctrl Pts',(9.16173201054335,6.8831180781126,2.4));
#9275=CARTESIAN_POINT('Ctrl Pts',(9.02237366884947,6.77870981395245,2.4));
#9276=CARTESIAN_POINT('',(8.62185772508383,6.6743016988039,2.4));
#9277=CARTESIAN_POINT('Ctrl Pts',(9.02237366884947,6.77870981395245,2.4));
#9278=CARTESIAN_POINT('Ctrl Pts',(8.88301562517881,6.6743016988039,2.4));
#9279=CARTESIAN_POINT('Ctrl Pts',(8.62185772508383,6.6743016988039,2.4));
#9280=CARTESIAN_POINT('',(8.22092916816473,6.77884735167027,2.4));
#9281=CARTESIAN_POINT('Ctrl Pts',(8.62185772508383,6.6743016988039,2.4));
#9282=CARTESIAN_POINT('Ctrl Pts',(8.35987489670515,6.6743016988039,2.4));
#9283=CARTESIAN_POINT('Ctrl Pts',(8.22092916816473,6.77884735167027,2.4));
#9284=CARTESIAN_POINT('',(8.08198343962431,7.07186184823513,2.4));
#9285=CARTESIAN_POINT('Ctrl Pts',(8.22092916816473,6.77884735167027,2.4));
#9286=CARTESIAN_POINT('Ctrl Pts',(8.08198343962431,6.88339300453663,2.4));
#9287=CARTESIAN_POINT('Ctrl Pts',(8.08198343962431,7.07186184823513,2.4));
#9288=CARTESIAN_POINT('',(8.22136130183935,7.36580930650234,2.4));
#9289=CARTESIAN_POINT('Ctrl Pts',(8.08198343962431,7.07186184823513,2.4));
#9290=CARTESIAN_POINT('Ctrl Pts',(8.08198343962431,7.26093970239162,2.4));
#9291=CARTESIAN_POINT('Ctrl Pts',(8.22136130183935,7.36580930650234,2.4));
#9292=CARTESIAN_POINT('',(8.62185772508383,7.47067891061306,2.4));
#9293=CARTESIAN_POINT('Ctrl Pts',(8.22136130183935,7.36580930650234,2.4));
#9294=CARTESIAN_POINT('Ctrl Pts',(8.36073916405439,7.47067891061306,2.4));
#9295=CARTESIAN_POINT('Ctrl Pts',(8.62185772508383,7.47067891061306,2.4));
#9296=CARTESIAN_POINT('',(9.02195166796446,7.36594699323177,2.4));
#9297=CARTESIAN_POINT('Ctrl Pts',(8.62185772508383,7.47067891061306,2.4));
#9298=CARTESIAN_POINT('Ctrl Pts',(8.88217102736235,7.47067891061306,2.4));
#9299=CARTESIAN_POINT('Ctrl Pts',(9.02195166796446,7.36594699323177,2.4));
#9300=CARTESIAN_POINT('Ctrl Pts',(9.02195166796446,7.36594699323177,2.4));
#9301=CARTESIAN_POINT('Ctrl Pts',(9.16173201054335,7.26121462881565,2.4));
#9302=CARTESIAN_POINT('Ctrl Pts',(9.16173201054335,7.07186184823513,2.4));
#9303=CARTESIAN_POINT('Ctrl Pts',(8.10405921190977,7.4913015216589,2.4));
#9304=CARTESIAN_POINT('Ctrl Pts',(8.10405921190977,7.4913015216589,2.5));
#9305=CARTESIAN_POINT('Ctrl Pts',(8.28954290598631,7.64052890241146,2.4));
#9306=CARTESIAN_POINT('Ctrl Pts',(8.28954290598631,7.64052890241146,2.5));
#9307=CARTESIAN_POINT('Ctrl Pts',(8.62185772508383,7.64052890241146,2.4));
#9308=CARTESIAN_POINT('Ctrl Pts',(8.62185772508383,7.64052890241146,2.5));
#9309=CARTESIAN_POINT('',(8.62185772508383,7.64052890241146,2.5));
#9310=CARTESIAN_POINT('',(8.62185772508383,7.64052890241146,2.5));
#9311=CARTESIAN_POINT('',(8.10405921190977,7.4913015216589,2.5));
#9312=CARTESIAN_POINT('Ctrl Pts',(8.10405921190977,7.4913015216589,2.5));
#9313=CARTESIAN_POINT('Ctrl Pts',(8.28954290598631,7.64052890241146,2.5));
#9314=CARTESIAN_POINT('Ctrl Pts',(8.62185772508383,7.64052890241146,2.5));
#9315=CARTESIAN_POINT('',(8.10405921190977,7.4913015216589,2.5));
#9316=CARTESIAN_POINT('Ctrl Pts',(7.91857551783323,7.07186184823513,2.4));
#9317=CARTESIAN_POINT('Ctrl Pts',(7.91857551783323,7.07186184823513,2.5));
#9318=CARTESIAN_POINT('Ctrl Pts',(7.91857551783323,7.34207414090633,2.4));
#9319=CARTESIAN_POINT('Ctrl Pts',(7.91857551783323,7.34207414090633,2.5));
#9320=CARTESIAN_POINT('Ctrl Pts',(8.10405921190977,7.4913015216589,2.4));
#9321=CARTESIAN_POINT('Ctrl Pts',(8.10405921190977,7.4913015216589,2.5));
#9322=CARTESIAN_POINT('',(7.91857551783323,7.07186184823513,2.5));
#9323=CARTESIAN_POINT('Ctrl Pts',(7.91857551783323,7.07186184823513,2.5));
#9324=CARTESIAN_POINT('Ctrl Pts',(7.91857551783323,7.34207414090633,2.5));
#9325=CARTESIAN_POINT('Ctrl Pts',(8.10405921190977,7.4913015216589,2.5));
#9326=CARTESIAN_POINT('',(7.91857551783323,7.07186184823513,2.5));
#9327=CARTESIAN_POINT('Ctrl Pts',(8.10362707823515,6.65397383272648,2.4));
#9328=CARTESIAN_POINT('Ctrl Pts',(8.10362707823515,6.65397383272648,2.5));
#9329=CARTESIAN_POINT('Ctrl Pts',(7.91857551783323,6.80349595844746,2.4));
#9330=CARTESIAN_POINT('Ctrl Pts',(7.91857551783323,6.80349595844746,2.5));
#9331=CARTESIAN_POINT('Ctrl Pts',(7.91857551783323,7.07186184823513,2.4));
#9332=CARTESIAN_POINT('Ctrl Pts',(7.91857551783323,7.07186184823513,2.5));
#9333=CARTESIAN_POINT('',(8.10362707823515,6.65397383272648,2.5));
#9334=CARTESIAN_POINT('Ctrl Pts',(8.10362707823515,6.65397383272648,2.5));
#9335=CARTESIAN_POINT('Ctrl Pts',(7.91857551783323,6.80349595844746,2.5));
#9336=CARTESIAN_POINT('Ctrl Pts',(7.91857551783323,7.07186184823513,2.5));
#9337=CARTESIAN_POINT('',(8.10362707823515,6.65397383272648,2.5));
#9338=CARTESIAN_POINT('Ctrl Pts',(8.62185772508383,6.50445185601711,2.4));
#9339=CARTESIAN_POINT('Ctrl Pts',(8.62185772508383,6.50445185601711,2.5));
#9340=CARTESIAN_POINT('Ctrl Pts',(8.28867863863707,6.50445185601711,2.4));
#9341=CARTESIAN_POINT('Ctrl Pts',(8.28867863863707,6.50445185601711,2.5));
#9342=CARTESIAN_POINT('Ctrl Pts',(8.10362707823515,6.65397383272648,2.4));
#9343=CARTESIAN_POINT('Ctrl Pts',(8.10362707823515,6.65397383272648,2.5));
#9344=CARTESIAN_POINT('',(8.62185772508383,6.50445185601711,2.5));
#9345=CARTESIAN_POINT('Ctrl Pts',(8.62185772508383,6.50445185601711,2.5));
#9346=CARTESIAN_POINT('Ctrl Pts',(8.28867863863707,6.50445185601711,2.5));
#9347=CARTESIAN_POINT('Ctrl Pts',(8.10362707823515,6.65397383272648,2.5));
#9348=CARTESIAN_POINT('',(8.62185772508383,6.50445185601711,2.5));
#9349=CARTESIAN_POINT('Ctrl Pts',(9.13965623825788,6.65379710495472,2.4));
#9350=CARTESIAN_POINT('Ctrl Pts',(9.13965623825788,6.65379710495472,2.5));
#9351=CARTESIAN_POINT('Ctrl Pts',(8.95417269319296,6.50445185601711,2.4));
#9352=CARTESIAN_POINT('Ctrl Pts',(8.95417269319296,6.50445185601711,2.5));
#9353=CARTESIAN_POINT('Ctrl Pts',(8.62185772508383,6.50445185601711,2.4));
#9354=CARTESIAN_POINT('Ctrl Pts',(8.62185772508383,6.50445185601711,2.5));
#9355=CARTESIAN_POINT('',(9.13965623825788,6.65379710495472,2.5));
#9356=CARTESIAN_POINT('Ctrl Pts',(9.13965623825788,6.65379710495472,2.5));
#9357=CARTESIAN_POINT('Ctrl Pts',(8.95417269319296,6.50445185601711,2.5));
#9358=CARTESIAN_POINT('Ctrl Pts',(8.62185772508383,6.50445185601711,2.5));
#9359=CARTESIAN_POINT('',(9.13965623825788,6.65379710495472,2.5));
#9360=CARTESIAN_POINT('Ctrl Pts',(9.32513993233442,7.07186184823513,2.4));
#9361=CARTESIAN_POINT('Ctrl Pts',(9.32513993233442,7.07186184823513,2.5));
#9362=CARTESIAN_POINT('Ctrl Pts',(9.32513993233442,6.80314235389233,2.4));
#9363=CARTESIAN_POINT('Ctrl Pts',(9.32513993233442,6.80314235389233,2.5));
#9364=CARTESIAN_POINT('Ctrl Pts',(9.13965623825788,6.65379710495472,2.4));
#9365=CARTESIAN_POINT('Ctrl Pts',(9.13965623825788,6.65379710495472,2.5));
#9366=CARTESIAN_POINT('',(9.32513993233442,7.07186184823513,2.5));
#9367=CARTESIAN_POINT('Ctrl Pts',(9.32513993233442,7.07186184823513,2.5));
#9368=CARTESIAN_POINT('Ctrl Pts',(9.32513993233442,6.80314235389233,2.5));
#9369=CARTESIAN_POINT('Ctrl Pts',(9.13965623825788,6.65379710495472,2.5));
#9370=CARTESIAN_POINT('',(9.32513993233442,7.07186184823513,2.5));
#9371=CARTESIAN_POINT('Ctrl Pts',(9.13921426981688,7.49146841466427,2.4));
#9372=CARTESIAN_POINT('Ctrl Pts',(9.13921426981688,7.49146841466427,2.5));
#9373=CARTESIAN_POINT('Ctrl Pts',(9.32513993233442,7.34240792691708,2.4));
#9374=CARTESIAN_POINT('Ctrl Pts',(9.32513993233442,7.34240792691708,2.5));
#9375=CARTESIAN_POINT('Ctrl Pts',(9.32513993233442,7.07186184823513,2.4));
#9376=CARTESIAN_POINT('Ctrl Pts',(9.32513993233442,7.07186184823513,2.5));
#9377=CARTESIAN_POINT('',(9.13921426981688,7.49146841466427,2.5));
#9378=CARTESIAN_POINT('Ctrl Pts',(9.13921426981688,7.49146841466427,2.5));
#9379=CARTESIAN_POINT('Ctrl Pts',(9.32513993233442,7.34240792691708,2.5));
#9380=CARTESIAN_POINT('Ctrl Pts',(9.32513993233442,7.07186184823513,2.5));
#9381=CARTESIAN_POINT('',(9.13921426981688,7.49146841466427,2.5));
#9382=CARTESIAN_POINT('Ctrl Pts',(8.62185772508383,7.64052890241146,2.4));
#9383=CARTESIAN_POINT('Ctrl Pts',(8.62185772508383,7.64052890241146,2.5));
#9384=CARTESIAN_POINT('Ctrl Pts',(8.95328890532255,7.64052890241146,2.4));
#9385=CARTESIAN_POINT('Ctrl Pts',(8.95328890532255,7.64052890241146,2.5));
#9386=CARTESIAN_POINT('Ctrl Pts',(9.13921426981688,7.49146841466427,2.4));
#9387=CARTESIAN_POINT('Ctrl Pts',(9.13921426981688,7.49146841466427,2.5));
#9388=CARTESIAN_POINT('Ctrl Pts',(8.62185772508383,7.64052890241146,2.5));
#9389=CARTESIAN_POINT('Ctrl Pts',(8.95328890532255,7.64052890241146,2.5));
#9390=CARTESIAN_POINT('Ctrl Pts',(9.13921426981688,7.49146841466427,2.5));
#9391=CARTESIAN_POINT('Ctrl Pts',(9.16173201054335,7.07186184823513,2.4));
#9392=CARTESIAN_POINT('Ctrl Pts',(9.16173201054335,7.07186184823513,2.5));
#9393=CARTESIAN_POINT('Ctrl Pts',(9.16173201054335,6.8831180781126,2.4));
#9394=CARTESIAN_POINT('Ctrl Pts',(9.16173201054335,6.8831180781126,2.5));
#9395=CARTESIAN_POINT('Ctrl Pts',(9.02237366884947,6.77870981395245,2.4));
#9396=CARTESIAN_POINT('Ctrl Pts',(9.02237366884947,6.77870981395245,2.5));
#9397=CARTESIAN_POINT('',(9.16173201054335,7.07186184823513,2.5));
#9398=CARTESIAN_POINT('',(9.16173201054335,7.07186184823513,2.5));
#9399=CARTESIAN_POINT('',(9.02237366884947,6.77870981395245,2.5));
#9400=CARTESIAN_POINT('Ctrl Pts',(9.02237366884947,6.77870981395245,2.5));
#9401=CARTESIAN_POINT('Ctrl Pts',(9.16173201054335,6.8831180781126,2.5));
#9402=CARTESIAN_POINT('Ctrl Pts',(9.16173201054335,7.07186184823513,2.5));
#9403=CARTESIAN_POINT('',(9.02237366884947,6.77870981395245,2.5));
#9404=CARTESIAN_POINT('Ctrl Pts',(9.02237366884947,6.77870981395245,2.4));
#9405=CARTESIAN_POINT('Ctrl Pts',(9.02237366884947,6.77870981395245,2.5));
#9406=CARTESIAN_POINT('Ctrl Pts',(8.88301562517881,6.6743016988039,2.4));
#9407=CARTESIAN_POINT('Ctrl Pts',(8.88301562517881,6.6743016988039,2.5));
#9408=CARTESIAN_POINT('Ctrl Pts',(8.62185772508383,6.6743016988039,2.4));
#9409=CARTESIAN_POINT('Ctrl Pts',(8.62185772508383,6.6743016988039,2.5));
#9410=CARTESIAN_POINT('',(8.62185772508383,6.6743016988039,2.5));
#9411=CARTESIAN_POINT('Ctrl Pts',(8.62185772508383,6.6743016988039,2.5));
#9412=CARTESIAN_POINT('Ctrl Pts',(8.88301562517881,6.6743016988039,2.5));
#9413=CARTESIAN_POINT('Ctrl Pts',(9.02237366884947,6.77870981395245,2.5));
#9414=CARTESIAN_POINT('',(8.62185772508383,6.6743016988039,2.5));
#9415=CARTESIAN_POINT('Ctrl Pts',(8.62185772508383,6.6743016988039,2.4));
#9416=CARTESIAN_POINT('Ctrl Pts',(8.62185772508383,6.6743016988039,2.5));
#9417=CARTESIAN_POINT('Ctrl Pts',(8.35987489670515,6.6743016988039,2.4));
#9418=CARTESIAN_POINT('Ctrl Pts',(8.35987489670515,6.6743016988039,2.5));
#9419=CARTESIAN_POINT('Ctrl Pts',(8.22092916816473,6.77884735167027,2.4));
#9420=CARTESIAN_POINT('Ctrl Pts',(8.22092916816473,6.77884735167027,2.5));
#9421=CARTESIAN_POINT('',(8.22092916816473,6.77884735167027,2.5));
#9422=CARTESIAN_POINT('Ctrl Pts',(8.22092916816473,6.77884735167027,2.5));
#9423=CARTESIAN_POINT('Ctrl Pts',(8.35987489670515,6.6743016988039,2.5));
#9424=CARTESIAN_POINT('Ctrl Pts',(8.62185772508383,6.6743016988039,2.5));
#9425=CARTESIAN_POINT('',(8.22092916816473,6.77884735167027,2.5));
#9426=CARTESIAN_POINT('Ctrl Pts',(8.22092916816473,6.77884735167027,2.4));
#9427=CARTESIAN_POINT('Ctrl Pts',(8.22092916816473,6.77884735167027,2.5));
#9428=CARTESIAN_POINT('Ctrl Pts',(8.08198343962431,6.88339300453663,2.4));
#9429=CARTESIAN_POINT('Ctrl Pts',(8.08198343962431,6.88339300453663,2.5));
#9430=CARTESIAN_POINT('Ctrl Pts',(8.08198343962431,7.07186184823513,2.4));
#9431=CARTESIAN_POINT('Ctrl Pts',(8.08198343962431,7.07186184823513,2.5));
#9432=CARTESIAN_POINT('',(8.08198343962431,7.07186184823513,2.5));
#9433=CARTESIAN_POINT('Ctrl Pts',(8.08198343962431,7.07186184823513,2.5));
#9434=CARTESIAN_POINT('Ctrl Pts',(8.08198343962431,6.88339300453663,2.5));
#9435=CARTESIAN_POINT('Ctrl Pts',(8.22092916816473,6.77884735167027,2.5));
#9436=CARTESIAN_POINT('',(8.08198343962431,7.07186184823513,2.5));
#9437=CARTESIAN_POINT('Ctrl Pts',(8.08198343962431,7.07186184823513,2.4));
#9438=CARTESIAN_POINT('Ctrl Pts',(8.08198343962431,7.07186184823513,2.5));
#9439=CARTESIAN_POINT('Ctrl Pts',(8.08198343962431,7.26093970239162,2.4));
#9440=CARTESIAN_POINT('Ctrl Pts',(8.08198343962431,7.26093970239162,2.5));
#9441=CARTESIAN_POINT('Ctrl Pts',(8.22136130183935,7.36580930650234,2.4));
#9442=CARTESIAN_POINT('Ctrl Pts',(8.22136130183935,7.36580930650234,2.5));
#9443=CARTESIAN_POINT('',(8.22136130183935,7.36580930650234,2.5));
#9444=CARTESIAN_POINT('Ctrl Pts',(8.22136130183935,7.36580930650234,2.5));
#9445=CARTESIAN_POINT('Ctrl Pts',(8.08198343962431,7.26093970239162,2.5));
#9446=CARTESIAN_POINT('Ctrl Pts',(8.08198343962431,7.07186184823513,2.5));
#9447=CARTESIAN_POINT('',(8.22136130183935,7.36580930650234,2.5));
#9448=CARTESIAN_POINT('Ctrl Pts',(8.22136130183935,7.36580930650234,2.4));
#9449=CARTESIAN_POINT('Ctrl Pts',(8.22136130183935,7.36580930650234,2.5));
#9450=CARTESIAN_POINT('Ctrl Pts',(8.36073916405439,7.47067891061306,2.4));
#9451=CARTESIAN_POINT('Ctrl Pts',(8.36073916405439,7.47067891061306,2.5));
#9452=CARTESIAN_POINT('Ctrl Pts',(8.62185772508383,7.47067891061306,2.4));
#9453=CARTESIAN_POINT('Ctrl Pts',(8.62185772508383,7.47067891061306,2.5));
#9454=CARTESIAN_POINT('',(8.62185772508383,7.47067891061306,2.5));
#9455=CARTESIAN_POINT('Ctrl Pts',(8.62185772508383,7.47067891061306,2.5));
#9456=CARTESIAN_POINT('Ctrl Pts',(8.36073916405439,7.47067891061306,2.5));
#9457=CARTESIAN_POINT('Ctrl Pts',(8.22136130183935,7.36580930650234,2.5));
#9458=CARTESIAN_POINT('',(8.62185772508383,7.47067891061306,2.5));
#9459=CARTESIAN_POINT('Ctrl Pts',(8.62185772508383,7.47067891061306,2.4));
#9460=CARTESIAN_POINT('Ctrl Pts',(8.62185772508383,7.47067891061306,2.5));
#9461=CARTESIAN_POINT('Ctrl Pts',(8.88217102736235,7.47067891061306,2.4));
#9462=CARTESIAN_POINT('Ctrl Pts',(8.88217102736235,7.47067891061306,2.5));
#9463=CARTESIAN_POINT('Ctrl Pts',(9.02195166796446,7.36594699323177,2.4));
#9464=CARTESIAN_POINT('Ctrl Pts',(9.02195166796446,7.36594699323177,2.5));
#9465=CARTESIAN_POINT('',(9.02195166796446,7.36594699323177,2.5));
#9466=CARTESIAN_POINT('Ctrl Pts',(9.02195166796446,7.36594699323177,2.5));
#9467=CARTESIAN_POINT('Ctrl Pts',(8.88217102736235,7.47067891061306,2.5));
#9468=CARTESIAN_POINT('Ctrl Pts',(8.62185772508383,7.47067891061306,2.5));
#9469=CARTESIAN_POINT('',(9.02195166796446,7.36594699323177,2.5));
#9470=CARTESIAN_POINT('Ctrl Pts',(9.02195166796446,7.36594699323177,2.4));
#9471=CARTESIAN_POINT('Ctrl Pts',(9.02195166796446,7.36594699323177,2.5));
#9472=CARTESIAN_POINT('Ctrl Pts',(9.16173201054335,7.26121462881565,2.4));
#9473=CARTESIAN_POINT('Ctrl Pts',(9.16173201054335,7.26121462881565,2.5));
#9474=CARTESIAN_POINT('Ctrl Pts',(9.16173201054335,7.07186184823513,2.4));
#9475=CARTESIAN_POINT('Ctrl Pts',(9.16173201054335,7.07186184823513,2.5));
#9476=CARTESIAN_POINT('Ctrl Pts',(9.16173201054335,7.07186184823513,2.5));
#9477=CARTESIAN_POINT('Ctrl Pts',(9.16173201054335,7.26121462881565,2.5));
#9478=CARTESIAN_POINT('Ctrl Pts',(9.02195166796446,7.36594699323177,2.5));
#9479=CARTESIAN_POINT('Origin',(14.500000688713,14.500000688713,2.4));
#9480=CARTESIAN_POINT('',(9.30000018328428,13.282184228301,2.4));
#9481=CARTESIAN_POINT('',(8.18355467968819,13.0987902404855,2.4));
#9482=CARTESIAN_POINT('',(9.30000018328428,13.282184228301,2.4));
#9483=CARTESIAN_POINT('',(9.30000018328428,13.504336103797,2.4));
#9484=CARTESIAN_POINT('',(9.30000018328428,13.504336103797,2.4));
#9485=CARTESIAN_POINT('',(7.94371526688337,13.760426864028,2.4));
#9486=CARTESIAN_POINT('',(7.94371526688337,13.760426864028,2.4));
#9487=CARTESIAN_POINT('',(7.94371526688337,13.6095889657736,2.4));
#9488=CARTESIAN_POINT('',(7.94371526688337,13.6095889657736,2.4));
#9489=CARTESIAN_POINT('',(9.07411743752594,13.401994584249,2.4));
#9490=CARTESIAN_POINT('',(9.15167611092329,13.3877512067556,2.4));
#9491=CARTESIAN_POINT('',(7.94371526688337,13.2116951793432,2.4));
#9492=CARTESIAN_POINT('',(7.94371526688337,13.2116951793432,2.4));
#9493=CARTESIAN_POINT('',(7.94371526688337,12.9865767806768,2.4));
#9494=CARTESIAN_POINT('',(7.94371526688337,12.9865767806768,2.4));
#9495=CARTESIAN_POINT('',(9.06729541924871,12.7962748837866,2.4));
#9496=CARTESIAN_POINT('',(9.15167611092329,12.7819832414389,2.4));
#9497=CARTESIAN_POINT('',(7.94371526688337,12.6128604263067,2.4));
#9498=CARTESIAN_POINT('',(7.94371526688337,12.6128604263067,2.4));
#9499=CARTESIAN_POINT('',(7.94371526688337,12.4616684764624,2.4));
#9500=CARTESIAN_POINT('',(7.94371526688337,12.4616684764624,2.4));
#9501=CARTESIAN_POINT('',(9.30000018328428,12.6795198768377,2.4));
#9502=CARTESIAN_POINT('',(9.30000018328428,12.6795198768377,2.4));
#9503=CARTESIAN_POINT('',(9.30000018328428,12.9210963100195,2.4));
#9504=CARTESIAN_POINT('',(9.30000018328428,12.9210963100195,2.4));
#9505=CARTESIAN_POINT('',(8.09203933924437,13.1133558601141,2.4));
#9506=CARTESIAN_POINT('Origin',(8.74177743148624,13.1904872343933,2.5));
#9507=CARTESIAN_POINT('',(8.18355467968819,13.0987902404855,2.5));
#9508=CARTESIAN_POINT('',(8.18355467968819,13.0987902404855,2.5));
#9509=CARTESIAN_POINT('',(9.30000018328428,13.282184228301,2.5));
#9510=CARTESIAN_POINT('',(11.6499706376293,13.6682043712304,2.5));
#9511=CARTESIAN_POINT('',(9.30000018328428,13.282184228301,2.5));
#9512=CARTESIAN_POINT('Origin',(9.30000018328428,13.393260166049,2.5));
#9513=CARTESIAN_POINT('',(9.30000018328428,13.504336103797,2.5));
#9514=CARTESIAN_POINT('',(9.30000018328428,13.946630427381,2.5));
#9515=CARTESIAN_POINT('',(9.30000018328428,13.504336103797,2.5));
#9516=CARTESIAN_POINT('Origin',(8.62185772508383,13.6323814839125,2.5));
#9517=CARTESIAN_POINT('',(7.94371526688337,13.760426864028,2.5));
#9518=CARTESIAN_POINT('',(11.3806609068603,13.1114702833192,2.5));
#9519=CARTESIAN_POINT('',(7.94371526688337,13.760426864028,2.5));
#9520=CARTESIAN_POINT('Origin',(7.94371526688337,13.6850079149008,2.5));
#9521=CARTESIAN_POINT('',(7.94371526688337,13.6095889657736,2.5));
#9522=CARTESIAN_POINT('',(7.94371526688337,14.0925043018069,2.5));
#9523=CARTESIAN_POINT('',(7.94371526688337,13.6095889657736,2.5));
#9524=CARTESIAN_POINT('Origin',(8.50891635220465,13.5057917750113,2.5));
#9525=CARTESIAN_POINT('',(9.07411743752594,13.401994584249,2.5));
#9526=CARTESIAN_POINT('',(11.318413838755,12.989837446311,2.5));
#9527=CARTESIAN_POINT('',(9.07411743752594,13.401994584249,2.5));
#9528=CARTESIAN_POINT('Origin',(8.50891635220465,13.3068448817961,2.5));
#9529=CARTESIAN_POINT('',(7.94371526688337,13.2116951793432,2.5));
#9530=CARTESIAN_POINT('',(11.5195667934789,13.8136777614854,2.5));
#9531=CARTESIAN_POINT('',(7.94371526688337,13.2116951793432,2.5));
#9532=CARTESIAN_POINT('Origin',(7.94371526688337,13.09913598001,2.5));
#9533=CARTESIAN_POINT('',(7.94371526688337,12.9865767806768,2.5));
#9534=CARTESIAN_POINT('',(7.94371526688337,13.7995683343615,2.5));
#9535=CARTESIAN_POINT('',(7.94371526688337,12.9865767806768,2.5));
#9536=CARTESIAN_POINT('Origin',(8.50550534306604,12.8914258322317,2.5));
#9537=CARTESIAN_POINT('',(9.06729541924871,12.7962748837866,2.5));
#9538=CARTESIAN_POINT('',(11.2867458893112,12.4203643324852,2.5));
#9539=CARTESIAN_POINT('',(9.06729541924871,12.7962748837866,2.5));
#9540=CARTESIAN_POINT('Origin',(8.50550534306604,12.7045676550466,2.5));
#9541=CARTESIAN_POINT('',(7.94371526688337,12.6128604263067,2.5));
#9542=CARTESIAN_POINT('',(11.5676970152948,13.2044431851357,2.5));
#9543=CARTESIAN_POINT('',(7.94371526688337,12.6128604263067,2.5));
#9544=CARTESIAN_POINT('Origin',(7.94371526688337,12.5372644513845,2.5));
#9545=CARTESIAN_POINT('',(7.94371526688337,12.4616684764624,2.5));
#9546=CARTESIAN_POINT('',(7.94371526688337,13.5186325700488,2.5));
#9547=CARTESIAN_POINT('',(7.94371526688337,12.4616684764624,2.5));
#9548=CARTESIAN_POINT('Origin',(8.62185772508383,12.57059417665,2.5));
#9549=CARTESIAN_POINT('',(9.30000018328428,12.6795198768377,2.5));
#9550=CARTESIAN_POINT('',(11.6380653386046,13.0550683785545,2.5));
#9551=CARTESIAN_POINT('',(9.30000018328428,12.6795198768377,2.5));
#9552=CARTESIAN_POINT('Origin',(9.30000018328428,12.8003080934286,2.5));
#9553=CARTESIAN_POINT('',(9.30000018328428,12.9210963100195,2.5));
#9554=CARTESIAN_POINT('',(9.30000018328428,13.6501543910708,2.5));
#9555=CARTESIAN_POINT('',(9.30000018328428,12.9210963100195,2.5));
#9556=CARTESIAN_POINT('Origin',(8.74177743148624,13.0099432752525,2.5));
#9557=CARTESIAN_POINT('',(11.4341077672434,12.5814308597941,2.5));
#9558=CARTESIAN_POINT('Origin',(14.500000688713,14.500000688713,2.4));
#9559=CARTESIAN_POINT('',(8.32081031054258,18.5371794551611,2.4));
#9560=CARTESIAN_POINT('',(8.32081031054258,19.7619917243719,2.4));
#9561=CARTESIAN_POINT('',(8.32081031054258,18.5371794551611,2.4));
#9562=CARTESIAN_POINT('',(8.48170410841703,18.5371794551611,2.4));
#9563=CARTESIAN_POINT('',(8.48170410841703,18.5371794551611,2.4));
#9564=CARTESIAN_POINT('',(8.48170410841703,19.7619917243719,2.4));
#9565=CARTESIAN_POINT('',(8.48170410841703,19.7619917243719,2.4));
#9566=CARTESIAN_POINT('',(8.32081031054258,19.7619917243719,2.4));
#9567=CARTESIAN_POINT('Origin',(8.32081031054258,19.1495855897665,2.5));
#9568=CARTESIAN_POINT('',(8.32081031054258,19.7619917243719,2.5));
#9569=CARTESIAN_POINT('',(8.32081031054258,19.7619917243719,2.5));
#9570=CARTESIAN_POINT('',(8.32081031054258,18.5371794551611,2.5));
#9571=CARTESIAN_POINT('',(8.32081031054258,16.8247931392398,2.5));
#9572=CARTESIAN_POINT('',(8.32081031054258,18.5371794551611,2.5));
#9573=CARTESIAN_POINT('Origin',(8.40125720947981,18.5371794551611,2.5));
#9574=CARTESIAN_POINT('',(8.48170410841703,18.5371794551611,2.5));
#9575=CARTESIAN_POINT('',(11.4506289490964,18.5371794551611,2.5));
#9576=CARTESIAN_POINT('',(8.48170410841703,18.5371794551611,2.5));
#9577=CARTESIAN_POINT('Origin',(8.48170410841703,19.1495855897665,2.5));
#9578=CARTESIAN_POINT('',(8.48170410841703,19.7619917243719,2.5));
#9579=CARTESIAN_POINT('',(8.48170410841703,16.8247931392398,2.5));
#9580=CARTESIAN_POINT('',(8.48170410841703,19.7619917243719,2.5));
#9581=CARTESIAN_POINT('Origin',(8.40125720947981,19.7619917243719,2.5));
#9582=CARTESIAN_POINT('',(11.4506289490964,19.7619917243719,2.5));
#9583=CARTESIAN_POINT('Origin',(14.500000688713,14.500000688713,2.4));
#9584=CARTESIAN_POINT('',(9.24972098320723,20.1846327632666,2.4));
#9585=CARTESIAN_POINT('',(9.19189970940351,20.1846327632666,2.4));
#9586=CARTESIAN_POINT('',(9.24972098320723,20.1846327632666,2.4));
#9587=CARTESIAN_POINT('',(9.24972098320723,20.6149723380804,2.4));
#9588=CARTESIAN_POINT('',(9.24972098320723,20.6396212428808,2.4));
#9589=CARTESIAN_POINT('',(9.30000018328428,20.6149723380804,2.4));
#9590=CARTESIAN_POINT('',(9.30000018328428,20.6149723380804,2.4));
#9591=CARTESIAN_POINT('',(9.30000018328428,21.2124719470739,2.4));
#9592=CARTESIAN_POINT('',(9.30000018328428,20.7774176448584,2.4));
#9593=CARTESIAN_POINT('',(9.14162021130323,21.2124719470739,2.4));
#9594=CARTESIAN_POINT('',(9.14162021130323,21.2124719470739,2.4));
#9595=CARTESIAN_POINT('',(9.14162021130323,20.7774176448584,2.4));
#9596=CARTESIAN_POINT('',(9.14162021130323,20.7012333720922,2.4));
#9597=CARTESIAN_POINT('',(7.50000026077032,20.7774176448584,2.4));
#9598=CARTESIAN_POINT('',(7.50000026077032,20.7774176448584,2.4));
#9599=CARTESIAN_POINT('',(7.50000026077032,20.6149723380804,2.4));
#9600=CARTESIAN_POINT('',(7.50000026077032,20.6149723380804,2.4));
#9601=CARTESIAN_POINT('',(7.51570553663472,20.6149723380804,2.4));
#9602=CARTESIAN_POINT('',(9.30000018328428,20.6149723380804,2.4));
#9603=CARTESIAN_POINT('',(7.65504118055105,20.1577451080084,2.4));
#9604=CARTESIAN_POINT('',(7.65504118055105,20.1577451080084,2.4));
#9605=CARTESIAN_POINT('',(7.81128030270338,20.1577451080084,2.4));
#9606=CARTESIAN_POINT('',(7.81128030270338,20.1577451080084,2.4));
#9607=CARTESIAN_POINT('',(7.67699266351709,20.6149723380804,2.4));
#9608=CARTESIAN_POINT('',(7.66185637563467,20.666508898139,2.4));
#9609=CARTESIAN_POINT('',(9.19189970940351,20.6149723380804,2.4));
#9610=CARTESIAN_POINT('',(9.30000018328428,20.6149723380804,2.4));
#9611=CARTESIAN_POINT('',(9.19189970940351,20.1846327632666,2.4));
#9612=CARTESIAN_POINT('Origin',(9.22081034630537,20.1846327632666,2.5));
#9613=CARTESIAN_POINT('',(9.19189970940351,20.1846327632666,2.5));
#9614=CARTESIAN_POINT('',(9.19189970940351,20.1846327632666,2.5));
#9615=CARTESIAN_POINT('',(9.24972098320723,20.1846327632666,2.5));
#9616=CARTESIAN_POINT('',(11.8604055175092,20.1846327632666,2.5));
#9617=CARTESIAN_POINT('',(9.24972098320723,20.1846327632666,2.5));
#9618=CARTESIAN_POINT('Origin',(9.24972098320723,20.3998025506735,2.5));
#9619=CARTESIAN_POINT('',(9.24972098320723,20.6149723380804,2.5));
#9620=CARTESIAN_POINT('',(9.24972098320723,17.4499016196933,2.5));
#9621=CARTESIAN_POINT('',(9.24972098320723,20.6149723380804,2.5));
#9622=CARTESIAN_POINT('Origin',(9.27486058324575,20.6149723380804,2.5));
#9623=CARTESIAN_POINT('',(9.30000018328428,20.6149723380804,2.5));
#9624=CARTESIAN_POINT('',(11.8874306359794,20.6149723380804,2.5));
#9625=CARTESIAN_POINT('',(9.30000018328428,20.6149723380804,2.5));
#9626=CARTESIAN_POINT('Origin',(9.30000018328428,20.9137221425772,2.5));
#9627=CARTESIAN_POINT('',(9.30000018328428,21.2124719470739,2.5));
#9628=CARTESIAN_POINT('',(9.30000018328428,17.7068614156451,2.5));
#9629=CARTESIAN_POINT('',(9.30000018328428,21.2124719470739,2.5));
#9630=CARTESIAN_POINT('Origin',(9.22081019729376,21.2124719470739,2.5));
#9631=CARTESIAN_POINT('',(9.14162021130323,21.2124719470739,2.5));
#9632=CARTESIAN_POINT('',(11.8604054430034,21.2124719470739,2.5));
#9633=CARTESIAN_POINT('',(9.14162021130323,21.2124719470739,2.5));
#9634=CARTESIAN_POINT('Origin',(9.14162021130323,20.9949447959661,2.5));
#9635=CARTESIAN_POINT('',(9.14162021130323,20.7774176448584,2.5));
#9636=CARTESIAN_POINT('',(9.14162021130323,17.7474727423396,2.5));
#9637=CARTESIAN_POINT('',(9.14162021130323,20.7774176448584,2.5));
#9638=CARTESIAN_POINT('Origin',(8.32081023603678,20.7774176448584,2.5));
#9639=CARTESIAN_POINT('',(7.50000026077032,20.7774176448584,2.5));
#9640=CARTESIAN_POINT('',(11.4104054623749,20.7774176448584,2.5));
#9641=CARTESIAN_POINT('',(7.50000026077032,20.7774176448584,2.5));
#9642=CARTESIAN_POINT('Origin',(7.50000026077032,20.6961949914694,2.5));
#9643=CARTESIAN_POINT('',(7.50000026077032,20.6149723380804,2.5));
#9644=CARTESIAN_POINT('',(7.50000026077032,17.5980978400912,2.5));
#9645=CARTESIAN_POINT('',(7.50000026077032,20.6149723380804,2.5));
#9646=CARTESIAN_POINT('Origin',(7.50785289870252,20.6149723380804,2.5));
#9647=CARTESIAN_POINT('',(7.51570553663472,20.6149723380804,2.5));
#9648=CARTESIAN_POINT('',(11.0039267937078,20.6149723380804,2.5));
#9649=CARTESIAN_POINT('',(7.51570553663472,20.6149723380804,2.5));
#9650=CARTESIAN_POINT('Origin',(7.58537335859289,20.3863587230444,2.5));
#9651=CARTESIAN_POINT('',(7.65504118055105,20.1577451080084,2.5));
#9652=CARTESIAN_POINT('',(8.69985074412763,16.7292226619232,2.5));
#9653=CARTESIAN_POINT('',(7.65504118055105,20.1577451080084,2.5));
#9654=CARTESIAN_POINT('Origin',(7.73316074162722,20.1577451080084,2.5));
#9655=CARTESIAN_POINT('',(7.81128030270338,20.1577451080084,2.5));
#9656=CARTESIAN_POINT('',(11.1165807151701,20.1577451080084,2.5));
#9657=CARTESIAN_POINT('',(7.81128030270338,20.1577451080084,2.5));
#9658=CARTESIAN_POINT('Origin',(7.74413648311023,20.3863587230444,2.5));
#9659=CARTESIAN_POINT('',(7.67699266351709,20.6149723380804,2.5));
#9660=CARTESIAN_POINT('',(8.80814638805277,16.7635807476927,2.5));
#9661=CARTESIAN_POINT('',(7.67699266351709,20.6149723380804,2.5));
#9662=CARTESIAN_POINT('Origin',(8.4344461864603,20.6149723380804,2.5));
#9663=CARTESIAN_POINT('',(9.19189970940351,20.6149723380804,2.5));
#9664=CARTESIAN_POINT('',(11.4672234375867,20.6149723380804,2.5));
#9665=CARTESIAN_POINT('',(9.19189970940351,20.6149723380804,2.5));
#9666=CARTESIAN_POINT('Origin',(9.19189970940351,20.3998025506735,2.5));
#9667=CARTESIAN_POINT('',(9.19189970940351,17.4499016196933,2.5));
#9668=CARTESIAN_POINT('Origin',(14.500000688713,14.500000688713,2.4));
#9669=CARTESIAN_POINT('',(8.10405921190977,16.549122557044,2.4));
#9670=CARTESIAN_POINT('',(8.62185772508383,16.6983499377966,2.4));
#9671=CARTESIAN_POINT('Ctrl Pts',(8.10405921190977,16.549122557044,2.4));
#9672=CARTESIAN_POINT('Ctrl Pts',(8.28954290598631,16.6983499377966,2.4));
#9673=CARTESIAN_POINT('Ctrl Pts',(8.62185772508383,16.6983499377966,2.4));
#9674=CARTESIAN_POINT('',(7.91857551783323,16.1296822875738,2.4));
#9675=CARTESIAN_POINT('Ctrl Pts',(7.91857551783323,16.1296822875738,2.4));
#9676=CARTESIAN_POINT('Ctrl Pts',(7.91857551783323,16.3998951762915,2.4));
#9677=CARTESIAN_POINT('Ctrl Pts',(8.10405921190977,16.549122557044,2.4));
#9678=CARTESIAN_POINT('',(8.10362707823515,15.7117941230536,2.4));
#9679=CARTESIAN_POINT('Ctrl Pts',(8.10362707823515,15.7117941230536,2.4));
#9680=CARTESIAN_POINT('Ctrl Pts',(7.91857551783323,15.8613171428442,2.4));
#9681=CARTESIAN_POINT('Ctrl Pts',(7.91857551783323,16.1296822875738,2.4));
#9682=CARTESIAN_POINT('',(8.62185772508383,15.5622722953558,2.4));
#9683=CARTESIAN_POINT('Ctrl Pts',(8.62185772508383,15.5622722953558,2.4));
#9684=CARTESIAN_POINT('Ctrl Pts',(8.28867863863707,15.5622722953558,2.4));
#9685=CARTESIAN_POINT('Ctrl Pts',(8.10362707823515,15.7117941230536,2.4));
#9686=CARTESIAN_POINT('',(9.13965623825788,15.711617693305,2.4));
#9687=CARTESIAN_POINT('Ctrl Pts',(9.13965623825788,15.711617693305,2.4));
#9688=CARTESIAN_POINT('Ctrl Pts',(8.95417269319296,15.5622722953558,2.4));
#9689=CARTESIAN_POINT('Ctrl Pts',(8.62185772508383,15.5622722953558,2.4));
#9690=CARTESIAN_POINT('',(9.32513993233442,16.1296822875738,2.4));
#9691=CARTESIAN_POINT('Ctrl Pts',(9.32513993233442,16.1296822875738,2.4));
#9692=CARTESIAN_POINT('Ctrl Pts',(9.32513993233442,15.8609630912542,2.4));
#9693=CARTESIAN_POINT('Ctrl Pts',(9.13965623825788,15.711617693305,2.4));
#9694=CARTESIAN_POINT('',(9.13921426981688,16.5492894500494,2.4));
#9695=CARTESIAN_POINT('Ctrl Pts',(9.13921426981688,16.5492894500494,2.4));
#9696=CARTESIAN_POINT('Ctrl Pts',(9.32513993233442,16.4002289623022,2.4));
#9697=CARTESIAN_POINT('Ctrl Pts',(9.32513993233442,16.1296822875738,2.4));
#9698=CARTESIAN_POINT('Ctrl Pts',(8.62185772508383,16.6983499377966,2.4));
#9699=CARTESIAN_POINT('Ctrl Pts',(8.95328890532255,16.6983499377966,2.4));
#9700=CARTESIAN_POINT('Ctrl Pts',(9.13921426981688,16.5492894500494,2.4));
#9701=CARTESIAN_POINT('',(9.16173201054335,16.1296822875738,2.4));
#9702=CARTESIAN_POINT('',(9.02237366884947,15.8365299552679,2.4));
#9703=CARTESIAN_POINT('Ctrl Pts',(9.16173201054335,16.1296822875738,2.4));
#9704=CARTESIAN_POINT('Ctrl Pts',(9.16173201054335,15.9409382194281,2.4));
#9705=CARTESIAN_POINT('Ctrl Pts',(9.02237366884947,15.8365299552679,2.4));
#9706=CARTESIAN_POINT('',(8.62185772508383,15.7321228832006,2.4));
#9707=CARTESIAN_POINT('Ctrl Pts',(9.02237366884947,15.8365299552679,2.4));
#9708=CARTESIAN_POINT('Ctrl Pts',(8.88301562517881,15.7321228832006,2.4));
#9709=CARTESIAN_POINT('Ctrl Pts',(8.62185772508383,15.7321228832006,2.4));
#9710=CARTESIAN_POINT('',(8.22092916816473,15.8366682380438,2.4));
#9711=CARTESIAN_POINT('Ctrl Pts',(8.62185772508383,15.7321228832006,2.4));
#9712=CARTESIAN_POINT('Ctrl Pts',(8.35987489670515,15.7321228832006,2.4));
#9713=CARTESIAN_POINT('Ctrl Pts',(8.22092916816473,15.8366682380438,2.4));
#9714=CARTESIAN_POINT('',(8.08198343962431,16.1296822875738,2.4));
#9715=CARTESIAN_POINT('Ctrl Pts',(8.22092916816473,15.8366682380438,2.4));
#9716=CARTESIAN_POINT('Ctrl Pts',(8.08198343962431,15.9412135928869,2.4));
#9717=CARTESIAN_POINT('Ctrl Pts',(8.08198343962431,16.1296822875738,2.4));
#9718=CARTESIAN_POINT('',(8.22136130183935,16.423629745841,2.4));
#9719=CARTESIAN_POINT('Ctrl Pts',(8.08198343962431,16.1296822875738,2.4));
#9720=CARTESIAN_POINT('Ctrl Pts',(8.08198343962431,16.3187601417303,2.4));
#9721=CARTESIAN_POINT('Ctrl Pts',(8.22136130183935,16.423629745841,2.4));
#9722=CARTESIAN_POINT('',(8.62185772508383,16.5284993499517,2.4));
#9723=CARTESIAN_POINT('Ctrl Pts',(8.22136130183935,16.423629745841,2.4));
#9724=CARTESIAN_POINT('Ctrl Pts',(8.36073916405439,16.5284993499517,2.4));
#9725=CARTESIAN_POINT('Ctrl Pts',(8.62185772508383,16.5284993499517,2.4));
#9726=CARTESIAN_POINT('',(9.02195166796446,16.4237680286169,2.4));
#9727=CARTESIAN_POINT('Ctrl Pts',(8.62185772508383,16.5284993499517,2.4));
#9728=CARTESIAN_POINT('Ctrl Pts',(8.88217102736235,16.5284993499517,2.4));
#9729=CARTESIAN_POINT('Ctrl Pts',(9.02195166796446,16.4237680286169,2.4));
#9730=CARTESIAN_POINT('Ctrl Pts',(9.02195166796446,16.4237680286169,2.4));
#9731=CARTESIAN_POINT('Ctrl Pts',(9.16173201054335,16.3190355151892,2.4));
#9732=CARTESIAN_POINT('Ctrl Pts',(9.16173201054335,16.1296822875738,2.4));
#9733=CARTESIAN_POINT('Ctrl Pts',(8.10405921190977,16.549122557044,2.4));
#9734=CARTESIAN_POINT('Ctrl Pts',(8.10405921190977,16.549122557044,2.5));
#9735=CARTESIAN_POINT('Ctrl Pts',(8.28954290598631,16.6983499377966,2.4));
#9736=CARTESIAN_POINT('Ctrl Pts',(8.28954290598631,16.6983499377966,2.5));
#9737=CARTESIAN_POINT('Ctrl Pts',(8.62185772508383,16.6983499377966,2.4));
#9738=CARTESIAN_POINT('Ctrl Pts',(8.62185772508383,16.6983499377966,2.5));
#9739=CARTESIAN_POINT('',(8.62185772508383,16.6983499377966,2.5));
#9740=CARTESIAN_POINT('',(8.62185772508383,16.6983499377966,2.5));
#9741=CARTESIAN_POINT('',(8.10405921190977,16.549122557044,2.5));
#9742=CARTESIAN_POINT('Ctrl Pts',(8.10405921190977,16.549122557044,2.5));
#9743=CARTESIAN_POINT('Ctrl Pts',(8.28954290598631,16.6983499377966,2.5));
#9744=CARTESIAN_POINT('Ctrl Pts',(8.62185772508383,16.6983499377966,2.5));
#9745=CARTESIAN_POINT('',(8.10405921190977,16.549122557044,2.5));
#9746=CARTESIAN_POINT('Ctrl Pts',(7.91857551783323,16.1296822875738,2.4));
#9747=CARTESIAN_POINT('Ctrl Pts',(7.91857551783323,16.1296822875738,2.5));
#9748=CARTESIAN_POINT('Ctrl Pts',(7.91857551783323,16.3998951762915,2.4));
#9749=CARTESIAN_POINT('Ctrl Pts',(7.91857551783323,16.3998951762915,2.5));
#9750=CARTESIAN_POINT('Ctrl Pts',(8.10405921190977,16.549122557044,2.4));
#9751=CARTESIAN_POINT('Ctrl Pts',(8.10405921190977,16.549122557044,2.5));
#9752=CARTESIAN_POINT('',(7.91857551783323,16.1296822875738,2.5));
#9753=CARTESIAN_POINT('Ctrl Pts',(7.91857551783323,16.1296822875738,2.5));
#9754=CARTESIAN_POINT('Ctrl Pts',(7.91857551783323,16.3998951762915,2.5));
#9755=CARTESIAN_POINT('Ctrl Pts',(8.10405921190977,16.549122557044,2.5));
#9756=CARTESIAN_POINT('',(7.91857551783323,16.1296822875738,2.5));
#9757=CARTESIAN_POINT('Ctrl Pts',(8.10362707823515,15.7117941230536,2.4));
#9758=CARTESIAN_POINT('Ctrl Pts',(8.10362707823515,15.7117941230536,2.5));
#9759=CARTESIAN_POINT('Ctrl Pts',(7.91857551783323,15.8613171428442,2.4));
#9760=CARTESIAN_POINT('Ctrl Pts',(7.91857551783323,15.8613171428442,2.5));
#9761=CARTESIAN_POINT('Ctrl Pts',(7.91857551783323,16.1296822875738,2.4));
#9762=CARTESIAN_POINT('Ctrl Pts',(7.91857551783323,16.1296822875738,2.5));
#9763=CARTESIAN_POINT('',(8.10362707823515,15.7117941230536,2.5));
#9764=CARTESIAN_POINT('Ctrl Pts',(8.10362707823515,15.7117941230536,2.5));
#9765=CARTESIAN_POINT('Ctrl Pts',(7.91857551783323,15.8613171428442,2.5));
#9766=CARTESIAN_POINT('Ctrl Pts',(7.91857551783323,16.1296822875738,2.5));
#9767=CARTESIAN_POINT('',(8.10362707823515,15.7117941230536,2.5));
#9768=CARTESIAN_POINT('Ctrl Pts',(8.62185772508383,15.5622722953558,2.4));
#9769=CARTESIAN_POINT('Ctrl Pts',(8.62185772508383,15.5622722953558,2.5));
#9770=CARTESIAN_POINT('Ctrl Pts',(8.28867863863707,15.5622722953558,2.4));
#9771=CARTESIAN_POINT('Ctrl Pts',(8.28867863863707,15.5622722953558,2.5));
#9772=CARTESIAN_POINT('Ctrl Pts',(8.10362707823515,15.7117941230536,2.4));
#9773=CARTESIAN_POINT('Ctrl Pts',(8.10362707823515,15.7117941230536,2.5));
#9774=CARTESIAN_POINT('',(8.62185772508383,15.5622722953558,2.5));
#9775=CARTESIAN_POINT('Ctrl Pts',(8.62185772508383,15.5622722953558,2.5));
#9776=CARTESIAN_POINT('Ctrl Pts',(8.28867863863707,15.5622722953558,2.5));
#9777=CARTESIAN_POINT('Ctrl Pts',(8.10362707823515,15.7117941230536,2.5));
#9778=CARTESIAN_POINT('',(8.62185772508383,15.5622722953558,2.5));
#9779=CARTESIAN_POINT('Ctrl Pts',(9.13965623825788,15.711617693305,2.4));
#9780=CARTESIAN_POINT('Ctrl Pts',(9.13965623825788,15.711617693305,2.5));
#9781=CARTESIAN_POINT('Ctrl Pts',(8.95417269319296,15.5622722953558,2.4));
#9782=CARTESIAN_POINT('Ctrl Pts',(8.95417269319296,15.5622722953558,2.5));
#9783=CARTESIAN_POINT('Ctrl Pts',(8.62185772508383,15.5622722953558,2.4));
#9784=CARTESIAN_POINT('Ctrl Pts',(8.62185772508383,15.5622722953558,2.5));
#9785=CARTESIAN_POINT('',(9.13965623825788,15.711617693305,2.5));
#9786=CARTESIAN_POINT('Ctrl Pts',(9.13965623825788,15.711617693305,2.5));
#9787=CARTESIAN_POINT('Ctrl Pts',(8.95417269319296,15.5622722953558,2.5));
#9788=CARTESIAN_POINT('Ctrl Pts',(8.62185772508383,15.5622722953558,2.5));
#9789=CARTESIAN_POINT('',(9.13965623825788,15.711617693305,2.5));
#9790=CARTESIAN_POINT('Ctrl Pts',(9.32513993233442,16.1296822875738,2.4));
#9791=CARTESIAN_POINT('Ctrl Pts',(9.32513993233442,16.1296822875738,2.5));
#9792=CARTESIAN_POINT('Ctrl Pts',(9.32513993233442,15.8609630912542,2.4));
#9793=CARTESIAN_POINT('Ctrl Pts',(9.32513993233442,15.8609630912542,2.5));
#9794=CARTESIAN_POINT('Ctrl Pts',(9.13965623825788,15.711617693305,2.4));
#9795=CARTESIAN_POINT('Ctrl Pts',(9.13965623825788,15.711617693305,2.5));
#9796=CARTESIAN_POINT('',(9.32513993233442,16.1296822875738,2.5));
#9797=CARTESIAN_POINT('Ctrl Pts',(9.32513993233442,16.1296822875738,2.5));
#9798=CARTESIAN_POINT('Ctrl Pts',(9.32513993233442,15.8609630912542,2.5));
#9799=CARTESIAN_POINT('Ctrl Pts',(9.13965623825788,15.711617693305,2.5));
#9800=CARTESIAN_POINT('',(9.32513993233442,16.1296822875738,2.5));
#9801=CARTESIAN_POINT('Ctrl Pts',(9.13921426981688,16.5492894500494,2.4));
#9802=CARTESIAN_POINT('Ctrl Pts',(9.13921426981688,16.5492894500494,2.5));
#9803=CARTESIAN_POINT('Ctrl Pts',(9.32513993233442,16.4002289623022,2.4));
#9804=CARTESIAN_POINT('Ctrl Pts',(9.32513993233442,16.4002289623022,2.5));
#9805=CARTESIAN_POINT('Ctrl Pts',(9.32513993233442,16.1296822875738,2.4));
#9806=CARTESIAN_POINT('Ctrl Pts',(9.32513993233442,16.1296822875738,2.5));
#9807=CARTESIAN_POINT('',(9.13921426981688,16.5492894500494,2.5));
#9808=CARTESIAN_POINT('Ctrl Pts',(9.13921426981688,16.5492894500494,2.5));
#9809=CARTESIAN_POINT('Ctrl Pts',(9.32513993233442,16.4002289623022,2.5));
#9810=CARTESIAN_POINT('Ctrl Pts',(9.32513993233442,16.1296822875738,2.5));
#9811=CARTESIAN_POINT('',(9.13921426981688,16.5492894500494,2.5));
#9812=CARTESIAN_POINT('Ctrl Pts',(8.62185772508383,16.6983499377966,2.4));
#9813=CARTESIAN_POINT('Ctrl Pts',(8.62185772508383,16.6983499377966,2.5));
#9814=CARTESIAN_POINT('Ctrl Pts',(8.95328890532255,16.6983499377966,2.4));
#9815=CARTESIAN_POINT('Ctrl Pts',(8.95328890532255,16.6983499377966,2.5));
#9816=CARTESIAN_POINT('Ctrl Pts',(9.13921426981688,16.5492894500494,2.4));
#9817=CARTESIAN_POINT('Ctrl Pts',(9.13921426981688,16.5492894500494,2.5));
#9818=CARTESIAN_POINT('Ctrl Pts',(8.62185772508383,16.6983499377966,2.5));
#9819=CARTESIAN_POINT('Ctrl Pts',(8.95328890532255,16.6983499377966,2.5));
#9820=CARTESIAN_POINT('Ctrl Pts',(9.13921426981688,16.5492894500494,2.5));
#9821=CARTESIAN_POINT('Ctrl Pts',(9.16173201054335,16.1296822875738,2.4));
#9822=CARTESIAN_POINT('Ctrl Pts',(9.16173201054335,16.1296822875738,2.5));
#9823=CARTESIAN_POINT('Ctrl Pts',(9.16173201054335,15.9409382194281,2.4));
#9824=CARTESIAN_POINT('Ctrl Pts',(9.16173201054335,15.9409382194281,2.5));
#9825=CARTESIAN_POINT('Ctrl Pts',(9.02237366884947,15.8365299552679,2.4));
#9826=CARTESIAN_POINT('Ctrl Pts',(9.02237366884947,15.8365299552679,2.5));
#9827=CARTESIAN_POINT('',(9.16173201054335,16.1296822875738,2.5));
#9828=CARTESIAN_POINT('',(9.16173201054335,16.1296822875738,2.5));
#9829=CARTESIAN_POINT('',(9.02237366884947,15.8365299552679,2.5));
#9830=CARTESIAN_POINT('Ctrl Pts',(9.02237366884947,15.8365299552679,2.5));
#9831=CARTESIAN_POINT('Ctrl Pts',(9.16173201054335,15.9409382194281,2.5));
#9832=CARTESIAN_POINT('Ctrl Pts',(9.16173201054335,16.1296822875738,2.5));
#9833=CARTESIAN_POINT('',(9.02237366884947,15.8365299552679,2.5));
#9834=CARTESIAN_POINT('Ctrl Pts',(9.02237366884947,15.8365299552679,2.4));
#9835=CARTESIAN_POINT('Ctrl Pts',(9.02237366884947,15.8365299552679,2.5));
#9836=CARTESIAN_POINT('Ctrl Pts',(8.88301562517881,15.7321228832006,2.4));
#9837=CARTESIAN_POINT('Ctrl Pts',(8.88301562517881,15.7321228832006,2.5));
#9838=CARTESIAN_POINT('Ctrl Pts',(8.62185772508383,15.7321228832006,2.4));
#9839=CARTESIAN_POINT('Ctrl Pts',(8.62185772508383,15.7321228832006,2.5));
#9840=CARTESIAN_POINT('',(8.62185772508383,15.7321228832006,2.5));
#9841=CARTESIAN_POINT('Ctrl Pts',(8.62185772508383,15.7321228832006,2.5));
#9842=CARTESIAN_POINT('Ctrl Pts',(8.88301562517881,15.7321228832006,2.5));
#9843=CARTESIAN_POINT('Ctrl Pts',(9.02237366884947,15.8365299552679,2.5));
#9844=CARTESIAN_POINT('',(8.62185772508383,15.7321228832006,2.5));
#9845=CARTESIAN_POINT('Ctrl Pts',(8.62185772508383,15.7321228832006,2.4));
#9846=CARTESIAN_POINT('Ctrl Pts',(8.62185772508383,15.7321228832006,2.5));
#9847=CARTESIAN_POINT('Ctrl Pts',(8.35987489670515,15.7321228832006,2.4));
#9848=CARTESIAN_POINT('Ctrl Pts',(8.35987489670515,15.7321228832006,2.5));
#9849=CARTESIAN_POINT('Ctrl Pts',(8.22092916816473,15.8366682380438,2.4));
#9850=CARTESIAN_POINT('Ctrl Pts',(8.22092916816473,15.8366682380438,2.5));
#9851=CARTESIAN_POINT('',(8.22092916816473,15.8366682380438,2.5));
#9852=CARTESIAN_POINT('Ctrl Pts',(8.22092916816473,15.8366682380438,2.5));
#9853=CARTESIAN_POINT('Ctrl Pts',(8.35987489670515,15.7321228832006,2.5));
#9854=CARTESIAN_POINT('Ctrl Pts',(8.62185772508383,15.7321228832006,2.5));
#9855=CARTESIAN_POINT('',(8.22092916816473,15.8366682380438,2.5));
#9856=CARTESIAN_POINT('Ctrl Pts',(8.22092916816473,15.8366682380438,2.4));
#9857=CARTESIAN_POINT('Ctrl Pts',(8.22092916816473,15.8366682380438,2.5));
#9858=CARTESIAN_POINT('Ctrl Pts',(8.08198343962431,15.9412135928869,2.4));
#9859=CARTESIAN_POINT('Ctrl Pts',(8.08198343962431,15.9412135928869,2.5));
#9860=CARTESIAN_POINT('Ctrl Pts',(8.08198343962431,16.1296822875738,2.4));
#9861=CARTESIAN_POINT('Ctrl Pts',(8.08198343962431,16.1296822875738,2.5));
#9862=CARTESIAN_POINT('',(8.08198343962431,16.1296822875738,2.5));
#9863=CARTESIAN_POINT('Ctrl Pts',(8.08198343962431,16.1296822875738,2.5));
#9864=CARTESIAN_POINT('Ctrl Pts',(8.08198343962431,15.9412135928869,2.5));
#9865=CARTESIAN_POINT('Ctrl Pts',(8.22092916816473,15.8366682380438,2.5));
#9866=CARTESIAN_POINT('',(8.08198343962431,16.1296822875738,2.5));
#9867=CARTESIAN_POINT('Ctrl Pts',(8.08198343962431,16.1296822875738,2.4));
#9868=CARTESIAN_POINT('Ctrl Pts',(8.08198343962431,16.1296822875738,2.5));
#9869=CARTESIAN_POINT('Ctrl Pts',(8.08198343962431,16.3187601417303,2.4));
#9870=CARTESIAN_POINT('Ctrl Pts',(8.08198343962431,16.3187601417303,2.5));
#9871=CARTESIAN_POINT('Ctrl Pts',(8.22136130183935,16.423629745841,2.4));
#9872=CARTESIAN_POINT('Ctrl Pts',(8.22136130183935,16.423629745841,2.5));
#9873=CARTESIAN_POINT('',(8.22136130183935,16.423629745841,2.5));
#9874=CARTESIAN_POINT('Ctrl Pts',(8.22136130183935,16.423629745841,2.5));
#9875=CARTESIAN_POINT('Ctrl Pts',(8.08198343962431,16.3187601417303,2.5));
#9876=CARTESIAN_POINT('Ctrl Pts',(8.08198343962431,16.1296822875738,2.5));
#9877=CARTESIAN_POINT('',(8.22136130183935,16.423629745841,2.5));
#9878=CARTESIAN_POINT('Ctrl Pts',(8.22136130183935,16.423629745841,2.4));
#9879=CARTESIAN_POINT('Ctrl Pts',(8.22136130183935,16.423629745841,2.5));
#9880=CARTESIAN_POINT('Ctrl Pts',(8.36073916405439,16.5284993499517,2.4));
#9881=CARTESIAN_POINT('Ctrl Pts',(8.36073916405439,16.5284993499517,2.5));
#9882=CARTESIAN_POINT('Ctrl Pts',(8.62185772508383,16.5284993499517,2.4));
#9883=CARTESIAN_POINT('Ctrl Pts',(8.62185772508383,16.5284993499517,2.5));
#9884=CARTESIAN_POINT('',(8.62185772508383,16.5284993499517,2.5));
#9885=CARTESIAN_POINT('Ctrl Pts',(8.62185772508383,16.5284993499517,2.5));
#9886=CARTESIAN_POINT('Ctrl Pts',(8.36073916405439,16.5284993499517,2.5));
#9887=CARTESIAN_POINT('Ctrl Pts',(8.22136130183935,16.423629745841,2.5));
#9888=CARTESIAN_POINT('',(8.62185772508383,16.5284993499517,2.5));
#9889=CARTESIAN_POINT('Ctrl Pts',(8.62185772508383,16.5284993499517,2.4));
#9890=CARTESIAN_POINT('Ctrl Pts',(8.62185772508383,16.5284993499517,2.5));
#9891=CARTESIAN_POINT('Ctrl Pts',(8.88217102736235,16.5284993499517,2.4));
#9892=CARTESIAN_POINT('Ctrl Pts',(8.88217102736235,16.5284993499517,2.5));
#9893=CARTESIAN_POINT('Ctrl Pts',(9.02195166796446,16.4237680286169,2.4));
#9894=CARTESIAN_POINT('Ctrl Pts',(9.02195166796446,16.4237680286169,2.5));
#9895=CARTESIAN_POINT('',(9.02195166796446,16.4237680286169,2.5));
#9896=CARTESIAN_POINT('Ctrl Pts',(9.02195166796446,16.4237680286169,2.5));
#9897=CARTESIAN_POINT('Ctrl Pts',(8.88217102736235,16.5284993499517,2.5));
#9898=CARTESIAN_POINT('Ctrl Pts',(8.62185772508383,16.5284993499517,2.5));
#9899=CARTESIAN_POINT('',(9.02195166796446,16.4237680286169,2.5));
#9900=CARTESIAN_POINT('Ctrl Pts',(9.02195166796446,16.4237680286169,2.4));
#9901=CARTESIAN_POINT('Ctrl Pts',(9.02195166796446,16.4237680286169,2.5));
#9902=CARTESIAN_POINT('Ctrl Pts',(9.16173201054335,16.3190355151892,2.4));
#9903=CARTESIAN_POINT('Ctrl Pts',(9.16173201054335,16.3190355151892,2.5));
#9904=CARTESIAN_POINT('Ctrl Pts',(9.16173201054335,16.1296822875738,2.4));
#9905=CARTESIAN_POINT('Ctrl Pts',(9.16173201054335,16.1296822875738,2.5));
#9906=CARTESIAN_POINT('Ctrl Pts',(9.16173201054335,16.1296822875738,2.5));
#9907=CARTESIAN_POINT('Ctrl Pts',(9.16173201054335,16.3190355151892,2.5));
#9908=CARTESIAN_POINT('Ctrl Pts',(9.02195166796446,16.4237680286169,2.5));
#9909=CARTESIAN_POINT('Origin',(14.500000688713,14.500000688713,2.4));
#9910=CARTESIAN_POINT('',(9.32513993233442,10.3721299022436,2.4));
#9911=CARTESIAN_POINT('',(9.20389991253614,10.0218047946692,2.4));
#9912=CARTESIAN_POINT('Ctrl Pts',(9.32513993233442,10.3721299022436,2.4));
#9913=CARTESIAN_POINT('Ctrl Pts',(9.32513993233442,10.1390578597784,2.4));
#9914=CARTESIAN_POINT('Ctrl Pts',(9.20389991253614,10.0218047946692,2.4));
#9915=CARTESIAN_POINT('',(9.31577127426863,10.5155047029257,2.4));
#9916=CARTESIAN_POINT('Ctrl Pts',(9.31577127426863,10.5155047029257,2.4));
#9917=CARTESIAN_POINT('Ctrl Pts',(9.32513993233442,10.449788197875,2.4));
#9918=CARTESIAN_POINT('Ctrl Pts',(9.32513993233442,10.3721299022436,2.4));
#9919=CARTESIAN_POINT('',(9.27872966974974,10.6721367686987,2.4));
#9920=CARTESIAN_POINT('Ctrl Pts',(9.27872966974974,10.6721367686987,2.4));
#9921=CARTESIAN_POINT('Ctrl Pts',(9.30640291422606,10.5812218040228,2.4));
#9922=CARTESIAN_POINT('Ctrl Pts',(9.31577127426863,10.5155047029257,2.4));
#9923=CARTESIAN_POINT('',(9.1259865090251,10.6546177715063,2.4));
#9924=CARTESIAN_POINT('',(9.1259865090251,10.6546177715063,2.4));
#9925=CARTESIAN_POINT('',(9.16173201054335,10.3844644874334,2.4));
#9926=CARTESIAN_POINT('Ctrl Pts',(9.16173201054335,10.3844644874334,2.4));
#9927=CARTESIAN_POINT('Ctrl Pts',(9.16173201054335,10.4812326282263,2.4));
#9928=CARTESIAN_POINT('Ctrl Pts',(9.1259865090251,10.6546177715063,2.4));
#9929=CARTESIAN_POINT('',(9.12689011543989,10.2091052383184,2.4));
#9930=CARTESIAN_POINT('Ctrl Pts',(9.12689011543989,10.2091052383184,2.4));
#9931=CARTESIAN_POINT('Ctrl Pts',(9.16173201054335,10.2776404470205,2.4));
#9932=CARTESIAN_POINT('Ctrl Pts',(9.16173201054335,10.3844644874334,2.4));
#9933=CARTESIAN_POINT('',(9.02280580252409,10.1062490791082,2.4));
#9934=CARTESIAN_POINT('Ctrl Pts',(9.02280580252409,10.1062490791082,2.4));
#9935=CARTESIAN_POINT('Ctrl Pts',(9.09204792231321,10.1405706256628,2.4));
#9936=CARTESIAN_POINT('Ctrl Pts',(9.12689011543989,10.2091052383184,2.4));
#9937=CARTESIAN_POINT('',(8.84402956813574,10.0719275325537,2.4));
#9938=CARTESIAN_POINT('Ctrl Pts',(8.84402956813574,10.0719275325537,2.4));
#9939=CARTESIAN_POINT('Ctrl Pts',(8.95356383174658,10.0719275325537,2.4));
#9940=CARTESIAN_POINT('Ctrl Pts',(9.02280580252409,10.1062490791082,2.4));
#9941=CARTESIAN_POINT('',(7.40069847553968,10.0719275325537,2.4));
#9942=CARTESIAN_POINT('',(7.40069847553968,10.0719275325537,2.4));
#9943=CARTESIAN_POINT('',(7.40069847553968,9.47690270841122,2.4));
#9944=CARTESIAN_POINT('',(7.40069847553968,9.90455232560635,2.4));
#9945=CARTESIAN_POINT('',(7.56159227341413,9.47690270841122,2.4));
#9946=CARTESIAN_POINT('',(7.56159227341413,9.47690270841122,2.4));
#9947=CARTESIAN_POINT('',(7.56159227341413,9.90455232560635,2.4));
#9948=CARTESIAN_POINT('',(7.56159227341413,9.97826240956783,2.4));
#9949=CARTESIAN_POINT('',(8.84379383176565,9.90455232560635,2.4));
#9950=CARTESIAN_POINT('',(8.84379383176565,9.90455232560635,2.4));
#9951=CARTESIAN_POINT('Ctrl Pts',(9.20389991253614,10.0218047946692,2.4));
#9952=CARTESIAN_POINT('Ctrl Pts',(9.08265989273787,9.90455232560635,2.4));
#9953=CARTESIAN_POINT('Ctrl Pts',(8.84379383176565,9.90455232560635,2.4));
#9954=CARTESIAN_POINT('Ctrl Pts',(9.32513993233442,10.3721299022436,2.4));
#9955=CARTESIAN_POINT('Ctrl Pts',(9.32513993233442,10.3721299022436,2.5));
#9956=CARTESIAN_POINT('Ctrl Pts',(9.32513993233442,10.1390578597784,2.4));
#9957=CARTESIAN_POINT('Ctrl Pts',(9.32513993233442,10.1390578597784,2.5));
#9958=CARTESIAN_POINT('Ctrl Pts',(9.20389991253614,10.0218047946692,2.4));
#9959=CARTESIAN_POINT('Ctrl Pts',(9.20389991253614,10.0218047946692,2.5));
#9960=CARTESIAN_POINT('',(9.20389991253614,10.0218047946692,2.5));
#9961=CARTESIAN_POINT('',(9.20389991253614,10.0218047946692,2.5));
#9962=CARTESIAN_POINT('',(9.32513993233442,10.3721299022436,2.5));
#9963=CARTESIAN_POINT('Ctrl Pts',(9.32513993233442,10.3721299022436,2.5));
#9964=CARTESIAN_POINT('Ctrl Pts',(9.32513993233442,10.1390578597784,2.5));
#9965=CARTESIAN_POINT('Ctrl Pts',(9.20389991253614,10.0218047946692,2.5));
#9966=CARTESIAN_POINT('',(9.32513993233442,10.3721299022436,2.5));
#9967=CARTESIAN_POINT('Ctrl Pts',(9.31577127426863,10.5155047029257,2.4));
#9968=CARTESIAN_POINT('Ctrl Pts',(9.31577127426863,10.5155047029257,2.5));
#9969=CARTESIAN_POINT('Ctrl Pts',(9.32513993233442,10.449788197875,2.4));
#9970=CARTESIAN_POINT('Ctrl Pts',(9.32513993233442,10.449788197875,2.5));
#9971=CARTESIAN_POINT('Ctrl Pts',(9.32513993233442,10.3721299022436,2.4));
#9972=CARTESIAN_POINT('Ctrl Pts',(9.32513993233442,10.3721299022436,2.5));
#9973=CARTESIAN_POINT('',(9.31577127426863,10.5155047029257,2.5));
#9974=CARTESIAN_POINT('Ctrl Pts',(9.31577127426863,10.5155047029257,2.5));
#9975=CARTESIAN_POINT('Ctrl Pts',(9.32513993233442,10.449788197875,2.5));
#9976=CARTESIAN_POINT('Ctrl Pts',(9.32513993233442,10.3721299022436,2.5));
#9977=CARTESIAN_POINT('',(9.31577127426863,10.5155047029257,2.5));
#9978=CARTESIAN_POINT('Ctrl Pts',(9.27872966974974,10.6721367686987,2.4));
#9979=CARTESIAN_POINT('Ctrl Pts',(9.27872966974974,10.6721367686987,2.5));
#9980=CARTESIAN_POINT('Ctrl Pts',(9.30640291422606,10.5812218040228,2.4));
#9981=CARTESIAN_POINT('Ctrl Pts',(9.30640291422606,10.5812218040228,2.5));
#9982=CARTESIAN_POINT('Ctrl Pts',(9.31577127426863,10.5155047029257,2.4));
#9983=CARTESIAN_POINT('Ctrl Pts',(9.31577127426863,10.5155047029257,2.5));
#9984=CARTESIAN_POINT('',(9.27872966974974,10.6721367686987,2.5));
#9985=CARTESIAN_POINT('Ctrl Pts',(9.27872966974974,10.6721367686987,2.5));
#9986=CARTESIAN_POINT('Ctrl Pts',(9.30640291422606,10.5812218040228,2.5));
#9987=CARTESIAN_POINT('Ctrl Pts',(9.31577127426863,10.5155047029257,2.5));
#9988=CARTESIAN_POINT('',(9.27872966974974,10.6721367686987,2.5));
#9989=CARTESIAN_POINT('Origin',(9.20235808938742,10.6633772701025,2.5));
#9990=CARTESIAN_POINT('',(9.1259865090251,10.6546177715063,2.5));
#9991=CARTESIAN_POINT('',(12.0339516978459,10.9881491305329,2.5));
#9992=CARTESIAN_POINT('',(9.1259865090251,10.6546177715063,2.5));
#9993=CARTESIAN_POINT('Ctrl Pts',(9.16173201054335,10.3844644874334,2.4));
#9994=CARTESIAN_POINT('Ctrl Pts',(9.16173201054335,10.3844644874334,2.5));
#9995=CARTESIAN_POINT('Ctrl Pts',(9.16173201054335,10.4812326282263,2.4));
#9996=CARTESIAN_POINT('Ctrl Pts',(9.16173201054335,10.4812326282263,2.5));
#9997=CARTESIAN_POINT('Ctrl Pts',(9.1259865090251,10.6546177715063,2.4));
#9998=CARTESIAN_POINT('Ctrl Pts',(9.1259865090251,10.6546177715063,2.5));
#9999=CARTESIAN_POINT('',(9.16173201054335,10.3844644874334,2.5));
#10000=CARTESIAN_POINT('Ctrl Pts',(9.16173201054335,10.3844644874334,2.5));
#10001=CARTESIAN_POINT('Ctrl Pts',(9.16173201054335,10.4812326282263,2.5));
#10002=CARTESIAN_POINT('Ctrl Pts',(9.1259865090251,10.6546177715063,2.5));
#10003=CARTESIAN_POINT('',(9.16173201054335,10.3844644874334,2.5));
#10004=CARTESIAN_POINT('Ctrl Pts',(9.12689011543989,10.2091052383184,2.4));
#10005=CARTESIAN_POINT('Ctrl Pts',(9.12689011543989,10.2091052383184,2.5));
#10006=CARTESIAN_POINT('Ctrl Pts',(9.16173201054335,10.2776404470205,2.4));
#10007=CARTESIAN_POINT('Ctrl Pts',(9.16173201054335,10.2776404470205,2.5));
#10008=CARTESIAN_POINT('Ctrl Pts',(9.16173201054335,10.3844644874334,2.4));
#10009=CARTESIAN_POINT('Ctrl Pts',(9.16173201054335,10.3844644874334,2.5));
#10010=CARTESIAN_POINT('',(9.12689011543989,10.2091052383184,2.5));
#10011=CARTESIAN_POINT('Ctrl Pts',(9.12689011543989,10.2091052383184,2.5));
#10012=CARTESIAN_POINT('Ctrl Pts',(9.16173201054335,10.2776404470205,2.5));
#10013=CARTESIAN_POINT('Ctrl Pts',(9.16173201054335,10.3844644874334,2.5));
#10014=CARTESIAN_POINT('',(9.12689011543989,10.2091052383184,2.5));
#10015=CARTESIAN_POINT('Ctrl Pts',(9.02280580252409,10.1062490791082,2.4));
#10016=CARTESIAN_POINT('Ctrl Pts',(9.02280580252409,10.1062490791082,2.5));
#10017=CARTESIAN_POINT('Ctrl Pts',(9.09204792231321,10.1405706256628,2.4));
#10018=CARTESIAN_POINT('Ctrl Pts',(9.09204792231321,10.1405706256628,2.5));
#10019=CARTESIAN_POINT('Ctrl Pts',(9.12689011543989,10.2091052383184,2.4));
#10020=CARTESIAN_POINT('Ctrl Pts',(9.12689011543989,10.2091052383184,2.5));
#10021=CARTESIAN_POINT('',(9.02280580252409,10.1062490791082,2.5));
#10022=CARTESIAN_POINT('Ctrl Pts',(9.02280580252409,10.1062490791082,2.5));
#10023=CARTESIAN_POINT('Ctrl Pts',(9.09204792231321,10.1405706256628,2.5));
#10024=CARTESIAN_POINT('Ctrl Pts',(9.12689011543989,10.2091052383184,2.5));
#10025=CARTESIAN_POINT('',(9.02280580252409,10.1062490791082,2.5));
#10026=CARTESIAN_POINT('Ctrl Pts',(8.84402956813574,10.0719275325537,2.4));
#10027=CARTESIAN_POINT('Ctrl Pts',(8.84402956813574,10.0719275325537,2.5));
#10028=CARTESIAN_POINT('Ctrl Pts',(8.95356383174658,10.0719275325537,2.4));
#10029=CARTESIAN_POINT('Ctrl Pts',(8.95356383174658,10.0719275325537,2.5));
#10030=CARTESIAN_POINT('Ctrl Pts',(9.02280580252409,10.1062490791082,2.4));
#10031=CARTESIAN_POINT('Ctrl Pts',(9.02280580252409,10.1062490791082,2.5));
#10032=CARTESIAN_POINT('',(8.84402956813574,10.0719275325537,2.5));
#10033=CARTESIAN_POINT('Ctrl Pts',(8.84402956813574,10.0719275325537,2.5));
#10034=CARTESIAN_POINT('Ctrl Pts',(8.95356383174658,10.0719275325537,2.5));
#10035=CARTESIAN_POINT('Ctrl Pts',(9.02280580252409,10.1062490791082,2.5));
#10036=CARTESIAN_POINT('',(8.84402956813574,10.0719275325537,2.5));
#10037=CARTESIAN_POINT('Origin',(8.12236402183771,10.0719275325537,2.5));
#10038=CARTESIAN_POINT('',(7.40069847553968,10.0719275325537,2.5));
#10039=CARTESIAN_POINT('',(11.3111823552754,10.0719275325537,2.5));
#10040=CARTESIAN_POINT('',(7.40069847553968,10.0719275325537,2.5));
#10041=CARTESIAN_POINT('Origin',(7.40069847553968,9.77441512048244,2.5));
#10042=CARTESIAN_POINT('',(7.40069847553968,9.47690270841122,2.5));
#10043=CARTESIAN_POINT('',(7.40069847553968,12.1372079045977,2.5));
#10044=CARTESIAN_POINT('',(7.40069847553968,9.47690270841122,2.5));
#10045=CARTESIAN_POINT('Origin',(7.48114537447691,9.47690270841122,2.5));
#10046=CARTESIAN_POINT('',(7.56159227341413,9.47690270841122,2.5));
#10047=CARTESIAN_POINT('',(10.990573031595,9.47690270841122,2.5));
#10048=CARTESIAN_POINT('',(7.56159227341413,9.47690270841122,2.5));
#10049=CARTESIAN_POINT('Origin',(7.56159227341413,9.69072751700878,2.5));
#10050=CARTESIAN_POINT('',(7.56159227341413,9.90455232560635,2.5));
#10051=CARTESIAN_POINT('',(7.56159227341413,12.0953641028609,2.5));
#10052=CARTESIAN_POINT('',(7.56159227341413,9.90455232560635,2.5));
#10053=CARTESIAN_POINT('Origin',(8.20269305258989,9.90455232560635,2.5));
#10054=CARTESIAN_POINT('',(8.84379383176565,9.90455232560635,2.5));
#10055=CARTESIAN_POINT('',(11.3513468706515,9.90455232560635,2.5));
#10056=CARTESIAN_POINT('',(8.84379383176565,9.90455232560635,2.5));
#10057=CARTESIAN_POINT('Ctrl Pts',(9.20389991253614,10.0218047946692,2.4));
#10058=CARTESIAN_POINT('Ctrl Pts',(9.20389991253614,10.0218047946692,2.5));
#10059=CARTESIAN_POINT('Ctrl Pts',(9.08265989273787,9.90455232560635,2.4));
#10060=CARTESIAN_POINT('Ctrl Pts',(9.08265989273787,9.90455232560635,2.5));
#10061=CARTESIAN_POINT('Ctrl Pts',(8.84379383176565,9.90455232560635,2.4));
#10062=CARTESIAN_POINT('Ctrl Pts',(8.84379383176565,9.90455232560635,2.5));
#10063=CARTESIAN_POINT('Ctrl Pts',(9.20389991253614,10.0218047946692,2.5));
#10064=CARTESIAN_POINT('Ctrl Pts',(9.08265989273787,9.90455232560635,2.5));
#10065=CARTESIAN_POINT('Ctrl Pts',(8.84379383176565,9.90455232560635,2.5));
#10066=CARTESIAN_POINT('Origin',(14.500000688713,14.500000688713,2.4));
#10067=CARTESIAN_POINT('',(7.50000026077032,6.12596236169338,2.4));
#10068=CARTESIAN_POINT('',(9.30000018328428,6.12596236169338,2.4));
#10069=CARTESIAN_POINT('',(7.50000026077032,6.12596236169338,2.4));
#10070=CARTESIAN_POINT('',(7.50000026077032,5.96351698040962,2.4));
#10071=CARTESIAN_POINT('',(7.50000026077032,5.96351698040962,2.4));
#10072=CARTESIAN_POINT('',(8.37486054748297,5.96351698040962,2.4));
#10073=CARTESIAN_POINT('',(9.30000018328428,5.96351698040962,2.4));
#10074=CARTESIAN_POINT('',(8.37486054748297,5.16220983117819,2.4));
#10075=CARTESIAN_POINT('',(8.37486054748297,5.10305307805538,2.4));
#10076=CARTESIAN_POINT('',(7.50000026077032,5.16220983117819,2.4));
#10077=CARTESIAN_POINT('',(7.50000026077032,5.16220983117819,2.4));
#10078=CARTESIAN_POINT('',(7.50000026077032,4.9997447617352,2.4));
#10079=CARTESIAN_POINT('',(7.50000026077032,4.9997447617352,2.4));
#10080=CARTESIAN_POINT('',(9.30000018328428,4.9997447617352,2.4));
#10081=CARTESIAN_POINT('',(9.30000018328428,4.9997447617352,2.4));
#10082=CARTESIAN_POINT('',(9.30000018328428,5.16220983117819,2.4));
#10083=CARTESIAN_POINT('',(9.30000018328428,5.16220983117819,2.4));
#10084=CARTESIAN_POINT('',(8.43268167227507,5.16220983117819,2.4));
#10085=CARTESIAN_POINT('',(7.50000026077032,5.16220983117819,2.4));
#10086=CARTESIAN_POINT('',(8.43268167227507,5.96351698040962,2.4));
#10087=CARTESIAN_POINT('',(8.43268167227507,6.02882124483585,2.4));
#10088=CARTESIAN_POINT('',(9.30000018328428,5.96351698040962,2.4));
#10089=CARTESIAN_POINT('',(9.30000018328428,5.96351698040962,2.4));
#10090=CARTESIAN_POINT('',(9.30000018328428,6.12596236169338,2.4));
#10091=CARTESIAN_POINT('Origin',(8.4000002220273,6.12596236169338,2.5));
#10092=CARTESIAN_POINT('',(9.30000018328428,6.12596236169338,2.5));
#10093=CARTESIAN_POINT('',(9.30000018328428,6.12596236169338,2.5));
#10094=CARTESIAN_POINT('',(7.50000026077032,6.12596236169338,2.5));
#10095=CARTESIAN_POINT('',(11.4500004553702,6.12596236169338,2.5));
#10096=CARTESIAN_POINT('',(7.50000026077032,6.12596236169338,2.5));
#10097=CARTESIAN_POINT('Origin',(7.50000026077032,6.0447396710515,2.5));
#10098=CARTESIAN_POINT('',(7.50000026077032,5.96351698040962,2.5));
#10099=CARTESIAN_POINT('',(7.50000026077032,10.2723701798823,2.5));
#10100=CARTESIAN_POINT('',(7.50000026077032,5.96351698040962,2.5));
#10101=CARTESIAN_POINT('Origin',(7.93743040412664,5.96351698040962,2.5));
#10102=CARTESIAN_POINT('',(8.37486054748297,5.96351698040962,2.5));
#10103=CARTESIAN_POINT('',(11.2187155464198,5.96351698040962,2.5));
#10104=CARTESIAN_POINT('',(8.37486054748297,5.96351698040962,2.5));
#10105=CARTESIAN_POINT('Origin',(8.37486054748297,5.56286340579391,2.5));
#10106=CARTESIAN_POINT('',(8.37486054748297,5.16220983117819,2.5));
#10107=CARTESIAN_POINT('',(8.37486054748297,10.0314320472535,2.5));
#10108=CARTESIAN_POINT('',(8.37486054748297,5.16220983117819,2.5));
#10109=CARTESIAN_POINT('Origin',(7.93743040412664,5.16220983117819,2.5));
#10110=CARTESIAN_POINT('',(7.50000026077032,5.16220983117819,2.5));
#10111=CARTESIAN_POINT('',(11.2187155464198,5.16220983117819,2.5));
#10112=CARTESIAN_POINT('',(7.50000026077032,5.16220983117819,2.5));
#10113=CARTESIAN_POINT('Origin',(7.50000026077032,5.08097729645669,2.5));
#10114=CARTESIAN_POINT('',(7.50000026077032,4.9997447617352,2.5));
#10115=CARTESIAN_POINT('',(7.50000026077032,9.79048899258487,2.5));
#10116=CARTESIAN_POINT('',(7.50000026077032,4.9997447617352,2.5));
#10117=CARTESIAN_POINT('Origin',(8.4000002220273,4.9997447617352,2.5));
#10118=CARTESIAN_POINT('',(9.30000018328428,4.9997447617352,2.5));
#10119=CARTESIAN_POINT('',(11.4500004553702,4.9997447617352,2.5));
#10120=CARTESIAN_POINT('',(9.30000018328428,4.9997447617352,2.5));
#10121=CARTESIAN_POINT('Origin',(9.30000018328428,5.08097729645669,2.5));
#10122=CARTESIAN_POINT('',(9.30000018328428,5.16220983117819,2.5));
#10123=CARTESIAN_POINT('',(9.30000018328428,9.79048899258487,2.5));
#10124=CARTESIAN_POINT('',(9.30000018328428,5.16220983117819,2.5));
#10125=CARTESIAN_POINT('Origin',(8.86634092777967,5.16220983117819,2.5));
#10126=CARTESIAN_POINT('',(8.43268167227507,5.16220983117819,2.5));
#10127=CARTESIAN_POINT('',(11.6831708082464,5.16220983117819,2.5));
#10128=CARTESIAN_POINT('',(8.43268167227507,5.16220983117819,2.5));
#10129=CARTESIAN_POINT('Origin',(8.43268167227507,5.56286340579391,2.5));
#10130=CARTESIAN_POINT('',(8.43268167227507,5.96351698040962,2.5));
#10131=CARTESIAN_POINT('',(8.43268167227507,10.0314320472535,2.5));
#10132=CARTESIAN_POINT('',(8.43268167227507,5.96351698040962,2.5));
#10133=CARTESIAN_POINT('Origin',(8.86634092777967,5.96351698040962,2.5));
#10134=CARTESIAN_POINT('',(9.30000018328428,5.96351698040962,2.5));
#10135=CARTESIAN_POINT('',(11.6831708082464,5.96351698040962,2.5));
#10136=CARTESIAN_POINT('',(9.30000018328428,5.96351698040962,2.5));
#10137=CARTESIAN_POINT('Origin',(9.30000018328428,6.0447396710515,2.5));
#10138=CARTESIAN_POINT('',(9.30000018328428,10.2723701798823,2.5));
#10139=CARTESIAN_POINT('Origin',(14.500000688713,14.500000688713,2.4));
#10140=CARTESIAN_POINT('',(9.24288078709714,11.5434672013159,2.4));
#10141=CARTESIAN_POINT('',(7.99399461597204,10.9850665181875,2.4));
#10142=CARTESIAN_POINT('',(9.24972098320723,11.5465255826712,2.4));
#10143=CARTESIAN_POINT('',(9.43295549601316,11.4409097284079,2.4));
#10144=CARTESIAN_POINT('Ctrl Pts',(9.43295549601316,11.4409097284079,2.4));
#10145=CARTESIAN_POINT('Ctrl Pts',(9.35403402539611,11.4921208823376,2.4));
#10146=CARTESIAN_POINT('Ctrl Pts',(9.24288078709716,11.5434672013159,2.4));
#10147=CARTESIAN_POINT('',(9.62734621018171,11.2635078281164,2.4));
#10148=CARTESIAN_POINT('Ctrl Pts',(9.62734621018171,11.2635078281164,2.4));
#10149=CARTESIAN_POINT('Ctrl Pts',(9.56239532679319,11.3569178432226,2.4));
#10150=CARTESIAN_POINT('Ctrl Pts',(9.43295549601316,11.4409097284079,2.4));
#10151=CARTESIAN_POINT('',(9.71260499209166,11.0873731225729,2.4));
#10152=CARTESIAN_POINT('Ctrl Pts',(9.71260499209166,11.0873731225729,2.4));
#10153=CARTESIAN_POINT('Ctrl Pts',(9.69229679554701,11.1700984090567,2.4));
#10154=CARTESIAN_POINT('Ctrl Pts',(9.62734621018171,11.2635078281164,2.4));
#10155=CARTESIAN_POINT('',(9.73159711807966,10.9532495588064,2.4));
#10156=CARTESIAN_POINT('',(9.73159711807966,10.9532495588064,2.4));
#10157=CARTESIAN_POINT('',(9.88952528685331,10.9594162553549,2.4));
#10158=CARTESIAN_POINT('',(9.88952528685331,10.9594162553549,2.4));
#10159=CARTESIAN_POINT('',(9.87351845949888,11.0942669957876,2.4));
#10160=CARTESIAN_POINT('',(9.87351845949888,11.0942669957876,2.4));
#10161=CARTESIAN_POINT('',(9.77710377424955,11.3454081863165,2.4));
#10162=CARTESIAN_POINT('Ctrl Pts',(9.77710377424955,11.3454081863165,2.4));
#10163=CARTESIAN_POINT('Ctrl Pts',(9.8529351875186,11.2347545474768,2.4));
#10164=CARTESIAN_POINT('Ctrl Pts',(9.87351845949888,11.0942669957876,2.4));
#10165=CARTESIAN_POINT('',(9.55219220370054,11.5528400987387,2.4));
#10166=CARTESIAN_POINT('Ctrl Pts',(9.55219220370054,11.5528400987387,2.4));
#10167=CARTESIAN_POINT('Ctrl Pts',(9.70127236098051,11.4560624212027,2.4));
#10168=CARTESIAN_POINT('Ctrl Pts',(9.77710377424955,11.3454081863165,2.4));
#10169=CARTESIAN_POINT('',(9.16768293827772,11.745895370841,2.4));
#10170=CARTESIAN_POINT('Ctrl Pts',(9.16768293827772,11.745895370841,2.4));
#10171=CARTESIAN_POINT('Ctrl Pts',(9.40311204642057,11.6496177762747,2.4));
#10172=CARTESIAN_POINT('Ctrl Pts',(9.55219220370054,11.5528400987387,2.4));
#10173=CARTESIAN_POINT('',(7.94371526688337,12.2322883456945,2.4));
#10174=CARTESIAN_POINT('',(7.94371526688337,12.2322883456945,2.4));
#10175=CARTESIAN_POINT('',(7.94371526688337,12.0580198615789,2.4));
#10176=CARTESIAN_POINT('',(7.94371526688337,12.0580198615789,2.4));
#10177=CARTESIAN_POINT('',(9.08737372606993,11.6092570871115,2.4));
#10178=CARTESIAN_POINT('',(9.08737372606993,11.6092570871115,2.4));
#10179=CARTESIAN_POINT('',(9.16999688241791,11.5756843806126,2.4));
#10180=CARTESIAN_POINT('Ctrl Pts',(9.16999688241791,11.5756843806126,2.4));
#10181=CARTESIAN_POINT('Ctrl Pts',(9.13040344437479,11.5924635287811,2.4));
#10182=CARTESIAN_POINT('Ctrl Pts',(9.08737372606993,11.6092570871115,2.4));
#10183=CARTESIAN_POINT('',(7.99399461597204,11.0725250095129,2.4));
#10184=CARTESIAN_POINT('',(7.99399461597204,11.0725250095129,2.4));
#10185=CARTESIAN_POINT('',(7.99399461597204,10.9850665181875,2.4));
#10186=CARTESIAN_POINT('Origin',(8.61843770153458,11.2642668597517,2.5));
#10187=CARTESIAN_POINT('',(7.99399461597204,10.9850665181875,2.5));
#10188=CARTESIAN_POINT('',(7.99399461597204,10.9850665181875,2.5));
#10189=CARTESIAN_POINT('',(9.24288078709714,11.5434672013159,2.5));
#10190=CARTESIAN_POINT('',(11.6721201337285,12.629626166003,2.5));
#10191=CARTESIAN_POINT('',(9.24288078709714,11.5434672013159,2.5));
#10192=CARTESIAN_POINT('Ctrl Pts',(9.43295549601316,11.4409097284079,2.4));
#10193=CARTESIAN_POINT('Ctrl Pts',(9.43295549601316,11.4409097284079,2.5));
#10194=CARTESIAN_POINT('Ctrl Pts',(9.35403402539611,11.4921208823376,2.4));
#10195=CARTESIAN_POINT('Ctrl Pts',(9.35403402539611,11.4921208823376,2.5));
#10196=CARTESIAN_POINT('Ctrl Pts',(9.24288078709716,11.5434672013159,2.4));
#10197=CARTESIAN_POINT('Ctrl Pts',(9.24288078709716,11.5434672013159,2.5));
#10198=CARTESIAN_POINT('',(9.43295549601316,11.4409097284079,2.5));
#10199=CARTESIAN_POINT('Ctrl Pts',(9.43295549601316,11.4409097284079,2.5));
#10200=CARTESIAN_POINT('Ctrl Pts',(9.35403402539611,11.4921208823376,2.5));
#10201=CARTESIAN_POINT('Ctrl Pts',(9.24288078709716,11.5434672013159,2.5));
#10202=CARTESIAN_POINT('',(9.43295549601316,11.4409097284079,2.5));
#10203=CARTESIAN_POINT('Ctrl Pts',(9.62734621018171,11.2635078281164,2.4));
#10204=CARTESIAN_POINT('Ctrl Pts',(9.62734621018171,11.2635078281164,2.5));
#10205=CARTESIAN_POINT('Ctrl Pts',(9.56239532679319,11.3569178432226,2.4));
#10206=CARTESIAN_POINT('Ctrl Pts',(9.56239532679319,11.3569178432226,2.5));
#10207=CARTESIAN_POINT('Ctrl Pts',(9.43295549601316,11.4409097284079,2.4));
#10208=CARTESIAN_POINT('Ctrl Pts',(9.43295549601316,11.4409097284079,2.5));
#10209=CARTESIAN_POINT('',(9.62734621018171,11.2635078281164,2.5));
#10210=CARTESIAN_POINT('Ctrl Pts',(9.62734621018171,11.2635078281164,2.5));
#10211=CARTESIAN_POINT('Ctrl Pts',(9.56239532679319,11.3569178432226,2.5));
#10212=CARTESIAN_POINT('Ctrl Pts',(9.43295549601316,11.4409097284079,2.5));
#10213=CARTESIAN_POINT('',(9.62734621018171,11.2635078281164,2.5));
#10214=CARTESIAN_POINT('Ctrl Pts',(9.71260499209166,11.0873731225729,2.4));
#10215=CARTESIAN_POINT('Ctrl Pts',(9.71260499209166,11.0873731225729,2.5));
#10216=CARTESIAN_POINT('Ctrl Pts',(9.69229679554701,11.1700984090567,2.4));
#10217=CARTESIAN_POINT('Ctrl Pts',(9.69229679554701,11.1700984090567,2.5));
#10218=CARTESIAN_POINT('Ctrl Pts',(9.62734621018171,11.2635078281164,2.4));
#10219=CARTESIAN_POINT('Ctrl Pts',(9.62734621018171,11.2635078281164,2.5));
#10220=CARTESIAN_POINT('',(9.71260499209166,11.0873731225729,2.5));
#10221=CARTESIAN_POINT('Ctrl Pts',(9.71260499209166,11.0873731225729,2.5));
#10222=CARTESIAN_POINT('Ctrl Pts',(9.69229679554701,11.1700984090567,2.5));
#10223=CARTESIAN_POINT('Ctrl Pts',(9.62734621018171,11.2635078281164,2.5));
#10224=CARTESIAN_POINT('',(9.71260499209166,11.0873731225729,2.5));
#10225=CARTESIAN_POINT('Origin',(9.72210105508566,11.0203113406897,2.5));
#10226=CARTESIAN_POINT('',(9.73159711807966,10.9532495588064,2.5));
#10227=CARTESIAN_POINT('',(9.52753820100468,12.3943262025539,2.5));
#10228=CARTESIAN_POINT('',(9.73159711807966,10.9532495588064,2.5));
#10229=CARTESIAN_POINT('Origin',(9.81056120246649,10.9563329070807,2.5));
#10230=CARTESIAN_POINT('',(9.88952528685331,10.9594162553549,2.5));
#10231=CARTESIAN_POINT('',(12.2207916972004,11.0504463270506,2.5));
#10232=CARTESIAN_POINT('',(9.88952528685331,10.9594162553549,2.5));
#10233=CARTESIAN_POINT('Origin',(9.8815218731761,11.0268416255713,2.5));
#10234=CARTESIAN_POINT('',(9.87351845949888,11.0942669957876,2.5));
#10235=CARTESIAN_POINT('',(9.71033790082725,12.4689940840388,2.5));
#10236=CARTESIAN_POINT('',(9.87351845949888,11.0942669957876,2.5));
#10237=CARTESIAN_POINT('Ctrl Pts',(9.77710377424955,11.3454081863165,2.4));
#10238=CARTESIAN_POINT('Ctrl Pts',(9.77710377424955,11.3454081863165,2.5));
#10239=CARTESIAN_POINT('Ctrl Pts',(9.8529351875186,11.2347545474768,2.4));
#10240=CARTESIAN_POINT('Ctrl Pts',(9.8529351875186,11.2347545474768,2.5));
#10241=CARTESIAN_POINT('Ctrl Pts',(9.87351845949888,11.0942669957876,2.4));
#10242=CARTESIAN_POINT('Ctrl Pts',(9.87351845949888,11.0942669957876,2.5));
#10243=CARTESIAN_POINT('',(9.77710377424955,11.3454081863165,2.5));
#10244=CARTESIAN_POINT('Ctrl Pts',(9.77710377424955,11.3454081863165,2.5));
#10245=CARTESIAN_POINT('Ctrl Pts',(9.8529351875186,11.2347545474768,2.5));
#10246=CARTESIAN_POINT('Ctrl Pts',(9.87351845949888,11.0942669957876,2.5));
#10247=CARTESIAN_POINT('',(9.77710377424955,11.3454081863165,2.5));
#10248=CARTESIAN_POINT('Ctrl Pts',(9.55219220370054,11.5528400987387,2.4));
#10249=CARTESIAN_POINT('Ctrl Pts',(9.55219220370054,11.5528400987387,2.5));
#10250=CARTESIAN_POINT('Ctrl Pts',(9.70127236098051,11.4560624212027,2.4));
#10251=CARTESIAN_POINT('Ctrl Pts',(9.70127236098051,11.4560624212027,2.5));
#10252=CARTESIAN_POINT('Ctrl Pts',(9.77710377424955,11.3454081863165,2.4));
#10253=CARTESIAN_POINT('Ctrl Pts',(9.77710377424955,11.3454081863165,2.5));
#10254=CARTESIAN_POINT('',(9.55219220370054,11.5528400987387,2.5));
#10255=CARTESIAN_POINT('Ctrl Pts',(9.55219220370054,11.5528400987387,2.5));
#10256=CARTESIAN_POINT('Ctrl Pts',(9.70127236098051,11.4560624212027,2.5));
#10257=CARTESIAN_POINT('Ctrl Pts',(9.77710377424955,11.3454081863165,2.5));
#10258=CARTESIAN_POINT('',(9.55219220370054,11.5528400987387,2.5));
#10259=CARTESIAN_POINT('Ctrl Pts',(9.16768293827772,11.745895370841,2.4));
#10260=CARTESIAN_POINT('Ctrl Pts',(9.16768293827772,11.745895370841,2.5));
#10261=CARTESIAN_POINT('Ctrl Pts',(9.40311204642057,11.6496177762747,2.4));
#10262=CARTESIAN_POINT('Ctrl Pts',(9.40311204642057,11.6496177762747,2.5));
#10263=CARTESIAN_POINT('Ctrl Pts',(9.55219220370054,11.5528400987387,2.4));
#10264=CARTESIAN_POINT('Ctrl Pts',(9.55219220370054,11.5528400987387,2.5));
#10265=CARTESIAN_POINT('',(9.16768293827772,11.745895370841,2.5));
#10266=CARTESIAN_POINT('Ctrl Pts',(9.16768293827772,11.745895370841,2.5));
#10267=CARTESIAN_POINT('Ctrl Pts',(9.40311204642057,11.6496177762747,2.5));
#10268=CARTESIAN_POINT('Ctrl Pts',(9.55219220370054,11.5528400987387,2.5));
#10269=CARTESIAN_POINT('',(9.16768293827772,11.745895370841,2.5));
#10270=CARTESIAN_POINT('Origin',(8.55569910258055,11.9890918582678,2.5));
#10271=CARTESIAN_POINT('',(7.94371526688337,12.2322883456945,2.5));
#10272=CARTESIAN_POINT('',(10.6916387061951,11.1402900130965,2.5));
#10273=CARTESIAN_POINT('',(7.94371526688337,12.2322883456945,2.5));
#10274=CARTESIAN_POINT('Origin',(7.94371526688337,12.1451541036367,2.5));
#10275=CARTESIAN_POINT('',(7.94371526688337,12.0580198615789,2.5));
#10276=CARTESIAN_POINT('',(7.94371526688337,13.3225773961749,2.5));
#10277=CARTESIAN_POINT('',(7.94371526688337,12.0580198615789,2.5));
#10278=CARTESIAN_POINT('Origin',(8.51554449647665,11.8336384743452,2.5));
#10279=CARTESIAN_POINT('',(9.08737372606993,11.6092570871115,2.5));
#10280=CARTESIAN_POINT('',(10.6551966692876,10.9940554347121,2.5));
#10281=CARTESIAN_POINT('',(9.08737372606993,11.6092570871115,2.5));
#10282=CARTESIAN_POINT('Ctrl Pts',(9.16999688241791,11.5756843806126,2.4));
#10283=CARTESIAN_POINT('Ctrl Pts',(9.16999688241791,11.5756843806126,2.5));
#10284=CARTESIAN_POINT('Ctrl Pts',(9.13040344437479,11.5924635287811,2.4));
#10285=CARTESIAN_POINT('Ctrl Pts',(9.13040344437479,11.5924635287811,2.5));
#10286=CARTESIAN_POINT('Ctrl Pts',(9.08737372606993,11.6092570871115,2.4));
#10287=CARTESIAN_POINT('Ctrl Pts',(9.08737372606993,11.6092570871115,2.5));
#10288=CARTESIAN_POINT('',(9.16999688241791,11.5756843806126,2.5));
#10289=CARTESIAN_POINT('Ctrl Pts',(9.16999688241791,11.5756843806126,2.5));
#10290=CARTESIAN_POINT('Ctrl Pts',(9.13040344437479,11.5924635287811,2.5));
#10291=CARTESIAN_POINT('Ctrl Pts',(9.08737372606993,11.6092570871115,2.5));
#10292=CARTESIAN_POINT('',(9.16999688241791,11.5756843806126,2.5));
#10293=CARTESIAN_POINT('Origin',(8.58199574919498,11.3241046950628,2.5));
#10294=CARTESIAN_POINT('',(7.99399461597204,11.0725250095129,2.5));
#10295=CARTESIAN_POINT('',(11.6574217179354,12.6399434824929,2.5));
#10296=CARTESIAN_POINT('',(7.99399461597204,11.0725250095129,2.5));
#10297=CARTESIAN_POINT('Origin',(7.99399461597204,11.0287957638502,2.5));
#10298=CARTESIAN_POINT('',(7.99399461597204,12.7643982262816,2.5));
#10299=CARTESIAN_POINT('Origin',(14.500000688713,14.500000688713,2.4));
#10300=CARTESIAN_POINT('',(7.40069847553968,18.0011727660894,2.4));
#10301=CARTESIAN_POINT('',(7.40069847553968,18.1685485690832,2.4));
#10302=CARTESIAN_POINT('',(7.40069847553968,18.0011727660894,2.4));
#10303=CARTESIAN_POINT('',(8.13018891856989,18.0011727660894,2.4));
#10304=CARTESIAN_POINT('',(8.94694503396749,18.0011727660894,2.4));
#10305=CARTESIAN_POINT('',(8.00432544201612,17.8900577872992,2.4));
#10306=CARTESIAN_POINT('Ctrl Pts',(8.00432544201612,17.8900577872992,2.4));
#10307=CARTESIAN_POINT('Ctrl Pts',(8.05614392036528,17.9621778049748,2.4));
#10308=CARTESIAN_POINT('Ctrl Pts',(8.13018891856989,18.0011727660894,2.4));
#10309=CARTESIAN_POINT('',(7.91857551783323,17.5764705985785,2.4));
#10310=CARTESIAN_POINT('Ctrl Pts',(7.91857551783323,17.5764705985785,2.4));
#10311=CARTESIAN_POINT('Ctrl Pts',(7.91857551783323,17.7707125991583,2.4));
#10312=CARTESIAN_POINT('Ctrl Pts',(8.00432544201612,17.8900577872992,2.4));
#10313=CARTESIAN_POINT('',(8.10209523886442,17.1634235233068,2.4));
#10314=CARTESIAN_POINT('Ctrl Pts',(8.10209523886442,17.1634235233068,2.4));
#10315=CARTESIAN_POINT('Ctrl Pts',(7.91857551783323,17.3042347282171,2.4));
#10316=CARTESIAN_POINT('Ctrl Pts',(7.91857551783323,17.5764705985785,2.4));
#10317=CARTESIAN_POINT('',(8.63419186323881,17.0226123183966,2.4));
#10318=CARTESIAN_POINT('Ctrl Pts',(8.63419186323881,17.0226123183966,2.4));
#10319=CARTESIAN_POINT('Ctrl Pts',(8.28561466187239,17.0226123183966,2.4));
#10320=CARTESIAN_POINT('Ctrl Pts',(8.10209523886442,17.1634235233068,2.4));
#10321=CARTESIAN_POINT('',(9.14824884384871,17.1613409370184,2.4));
#10322=CARTESIAN_POINT('Ctrl Pts',(9.14824884384871,17.1613409370184,2.4));
#10323=CARTESIAN_POINT('Ctrl Pts',(8.97135805338621,17.0226123183966,2.4));
#10324=CARTESIAN_POINT('Ctrl Pts',(8.63419186323881,17.0226123183966,2.4));
#10325=CARTESIAN_POINT('',(9.32513993233442,17.5690653175116,2.4));
#10326=CARTESIAN_POINT('Ctrl Pts',(9.32513993233442,17.5690653175116,2.4));
#10327=CARTESIAN_POINT('Ctrl Pts',(9.32513993233442,17.3000707477331,2.4));
#10328=CARTESIAN_POINT('Ctrl Pts',(9.14824884384871,17.1613409370184,2.4));
#10329=CARTESIAN_POINT('',(9.2299921438098,17.8976883739233,2.4));
#10330=CARTESIAN_POINT('Ctrl Pts',(9.2299921438098,17.8976883739233,2.4));
#10331=CARTESIAN_POINT('Ctrl Pts',(9.32513993233442,17.7809455245733,2.4));
#10332=CARTESIAN_POINT('Ctrl Pts',(9.32513993233442,17.5690653175116,2.4));
#10333=CARTESIAN_POINT('',(9.08667566514763,18.0119762144553,2.4));
#10334=CARTESIAN_POINT('Ctrl Pts',(9.08667566514779,18.0119762144552,2.4));
#10335=CARTESIAN_POINT('Ctrl Pts',(9.16830767322002,17.9733721857632,2.4));
#10336=CARTESIAN_POINT('Ctrl Pts',(9.2299921438098,17.8976883739233,2.4));
#10337=CARTESIAN_POINT('',(9.30614750832319,18.0289449542761,2.4));
#10338=CARTESIAN_POINT('',(9.30614750832319,18.0289449542761,2.4));
#10339=CARTESIAN_POINT('',(9.29831098765135,18.1685485690832,2.4));
#10340=CARTESIAN_POINT('',(9.29831098765135,18.1685485690832,2.4));
#10341=CARTESIAN_POINT('',(7.40069847553968,18.1685485690832,2.4));
#10342=CARTESIAN_POINT('',(8.60412251204252,18.0011727660894,2.4));
#10343=CARTESIAN_POINT('',(8.64083033055067,18.0011727660894,2.4));
#10344=CARTESIAN_POINT('',(8.94694503396749,18.0011727660894,2.4));
#10345=CARTESIAN_POINT('',(8.62248330897493,18.0010684760108,2.4));
#10346=CARTESIAN_POINT('Ctrl Pts',(8.64083033055067,18.0011727660894,2.4));
#10347=CARTESIAN_POINT('Ctrl Pts',(8.63157713526437,18.0011727660894,2.4));
#10348=CARTESIAN_POINT('Ctrl Pts',(8.62248330897495,18.0010684760108,2.4));
#10349=CARTESIAN_POINT('',(9.0286685153842,17.8978457301855,2.4));
#10350=CARTESIAN_POINT('Ctrl Pts',(8.62248330897497,18.0010684760109,2.4));
#10351=CARTESIAN_POINT('Ctrl Pts',(8.89983256543231,17.9978900865903,2.4));
#10352=CARTESIAN_POINT('Ctrl Pts',(9.0286685153842,17.8978457301855,2.4));
#10353=CARTESIAN_POINT('',(9.16173201054335,17.593714222312,2.4));
#10354=CARTESIAN_POINT('Ctrl Pts',(9.0286685153842,17.8978457301855,2.4));
#10355=CARTESIAN_POINT('Ctrl Pts',(9.16173201054335,17.7945175021887,2.4));
#10356=CARTESIAN_POINT('Ctrl Pts',(9.16173201054335,17.593714222312,2.4));
#10357=CARTESIAN_POINT('',(9.02974884957075,17.2942378371954,2.4));
#10358=CARTESIAN_POINT('Ctrl Pts',(9.16173201054335,17.593714222312,2.4));
#10359=CARTESIAN_POINT('Ctrl Pts',(9.16173201054335,17.3960139602423,2.4));
#10360=CARTESIAN_POINT('Ctrl Pts',(9.02974884957075,17.2942378371954,2.4));
#10361=CARTESIAN_POINT('',(8.63419186323881,17.1924617141485,2.4));
#10362=CARTESIAN_POINT('Ctrl Pts',(9.02974884957075,17.2942378371954,2.4));
#10363=CARTESIAN_POINT('Ctrl Pts',(8.89776553958654,17.1924617141485,2.4));
#10364=CARTESIAN_POINT('Ctrl Pts',(8.63419186323881,17.1924617141485,2.4));
#10365=CARTESIAN_POINT('',(8.21942668408155,17.2938456386328,2.4));
#10366=CARTESIAN_POINT('Ctrl Pts',(8.63419186323881,17.1924617141485,2.4));
#10367=CARTESIAN_POINT('Ctrl Pts',(8.3568699285388,17.1924617141485,2.4));
#10368=CARTESIAN_POINT('Ctrl Pts',(8.21942668408155,17.2938456386328,2.4));
#10369=CARTESIAN_POINT('',(8.08198343962431,17.5912597030401,2.4));
#10370=CARTESIAN_POINT('Ctrl Pts',(8.21942668408155,17.2938456386328,2.4));
#10371=CARTESIAN_POINT('Ctrl Pts',(8.08198343962431,17.3952283710241,2.4));
#10372=CARTESIAN_POINT('Ctrl Pts',(8.08198343962431,17.5912597030401,2.4));
#10373=CARTESIAN_POINT('',(8.21525316685438,17.8970994800329,2.4));
#10374=CARTESIAN_POINT('Ctrl Pts',(8.08198343962431,17.5912597030401,2.4));
#10375=CARTESIAN_POINT('Ctrl Pts',(8.08198343962431,17.7930250018835,2.4));
#10376=CARTESIAN_POINT('Ctrl Pts',(8.21525316685438,17.8970994800329,2.4));
#10377=CARTESIAN_POINT('Ctrl Pts',(8.21525316685438,17.8970994800329,2.4));
#10378=CARTESIAN_POINT('Ctrl Pts',(8.34430414814106,17.997878253806,2.4));
#10379=CARTESIAN_POINT('Ctrl Pts',(8.62248330897492,18.0010684760108,2.4));
#10380=CARTESIAN_POINT('Ctrl Pts',(8.62248330897495,18.0010684760109,2.4));
#10381=CARTESIAN_POINT('Ctrl Pts',(8.61338285842485,18.0011727660894,2.4));
#10382=CARTESIAN_POINT('Ctrl Pts',(8.60412251204252,18.0011727660894,2.4));
#10383=CARTESIAN_POINT('Origin',(7.40069847553968,18.0848606675863,2.5));
#10384=CARTESIAN_POINT('',(7.40069847553968,18.1685485690832,2.5));
#10385=CARTESIAN_POINT('',(7.40069847553968,18.1685485690832,2.5));
#10386=CARTESIAN_POINT('',(7.40069847553968,18.0011727660894,2.5));
#10387=CARTESIAN_POINT('',(7.40069847553968,16.2924306781497,2.5));
#10388=CARTESIAN_POINT('',(7.40069847553968,18.0011727660894,2.5));
#10389=CARTESIAN_POINT('Origin',(7.76544369705479,18.0011727660894,2.5));
#10390=CARTESIAN_POINT('',(8.13018891856989,18.0011727660894,2.5));
#10391=CARTESIAN_POINT('',(11.1327221928839,18.0011727660894,2.5));
#10392=CARTESIAN_POINT('',(8.13018891856989,18.0011727660894,2.5));
#10393=CARTESIAN_POINT('Ctrl Pts',(8.00432544201612,17.8900577872992,2.4));
#10394=CARTESIAN_POINT('Ctrl Pts',(8.00432544201612,17.8900577872992,2.5));
#10395=CARTESIAN_POINT('Ctrl Pts',(8.05614392036528,17.9621778049748,2.4));
#10396=CARTESIAN_POINT('Ctrl Pts',(8.05614392036528,17.9621778049748,2.5));
#10397=CARTESIAN_POINT('Ctrl Pts',(8.13018891856989,18.0011727660894,2.4));
#10398=CARTESIAN_POINT('Ctrl Pts',(8.13018891856989,18.0011727660894,2.5));
#10399=CARTESIAN_POINT('',(8.00432544201612,17.8900577872992,2.5));
#10400=CARTESIAN_POINT('Ctrl Pts',(8.00432544201612,17.8900577872992,2.5));
#10401=CARTESIAN_POINT('Ctrl Pts',(8.05614392036528,17.9621778049748,2.5));
#10402=CARTESIAN_POINT('Ctrl Pts',(8.13018891856989,18.0011727660894,2.5));
#10403=CARTESIAN_POINT('',(8.00432544201612,17.8900577872992,2.5));
#10404=CARTESIAN_POINT('Ctrl Pts',(7.91857551783323,17.5764705985785,2.4));
#10405=CARTESIAN_POINT('Ctrl Pts',(7.91857551783323,17.5764705985785,2.5));
#10406=CARTESIAN_POINT('Ctrl Pts',(7.91857551783323,17.7707125991583,2.4));
#10407=CARTESIAN_POINT('Ctrl Pts',(7.91857551783323,17.7707125991583,2.5));
#10408=CARTESIAN_POINT('Ctrl Pts',(8.00432544201612,17.8900577872992,2.4));
#10409=CARTESIAN_POINT('Ctrl Pts',(8.00432544201612,17.8900577872992,2.5));
#10410=CARTESIAN_POINT('',(7.91857551783323,17.5764705985785,2.5));
#10411=CARTESIAN_POINT('Ctrl Pts',(7.91857551783323,17.5764705985785,2.5));
#10412=CARTESIAN_POINT('Ctrl Pts',(7.91857551783323,17.7707125991583,2.5));
#10413=CARTESIAN_POINT('Ctrl Pts',(8.00432544201612,17.8900577872992,2.5));
#10414=CARTESIAN_POINT('',(7.91857551783323,17.5764705985785,2.5));
#10415=CARTESIAN_POINT('Ctrl Pts',(8.10209523886442,17.1634235233068,2.4));
#10416=CARTESIAN_POINT('Ctrl Pts',(8.10209523886442,17.1634235233068,2.5));
#10417=CARTESIAN_POINT('Ctrl Pts',(7.91857551783323,17.3042347282171,2.4));
#10418=CARTESIAN_POINT('Ctrl Pts',(7.91857551783323,17.3042347282171,2.5));
#10419=CARTESIAN_POINT('Ctrl Pts',(7.91857551783323,17.5764705985785,2.4));
#10420=CARTESIAN_POINT('Ctrl Pts',(7.91857551783323,17.5764705985785,2.5));
#10421=CARTESIAN_POINT('',(8.10209523886442,17.1634235233068,2.5));
#10422=CARTESIAN_POINT('Ctrl Pts',(8.10209523886442,17.1634235233068,2.5));
#10423=CARTESIAN_POINT('Ctrl Pts',(7.91857551783323,17.3042347282171,2.5));
#10424=CARTESIAN_POINT('Ctrl Pts',(7.91857551783323,17.5764705985785,2.5));
#10425=CARTESIAN_POINT('',(8.10209523886442,17.1634235233068,2.5));
#10426=CARTESIAN_POINT('Ctrl Pts',(8.63419186323881,17.0226123183966,2.4));
#10427=CARTESIAN_POINT('Ctrl Pts',(8.63419186323881,17.0226123183966,2.5));
#10428=CARTESIAN_POINT('Ctrl Pts',(8.28561466187239,17.0226123183966,2.4));
#10429=CARTESIAN_POINT('Ctrl Pts',(8.28561466187239,17.0226123183966,2.5));
#10430=CARTESIAN_POINT('Ctrl Pts',(8.10209523886442,17.1634235233068,2.4));
#10431=CARTESIAN_POINT('Ctrl Pts',(8.10209523886442,17.1634235233068,2.5));
#10432=CARTESIAN_POINT('',(8.63419186323881,17.0226123183966,2.5));
#10433=CARTESIAN_POINT('Ctrl Pts',(8.63419186323881,17.0226123183966,2.5));
#10434=CARTESIAN_POINT('Ctrl Pts',(8.28561466187239,17.0226123183966,2.5));
#10435=CARTESIAN_POINT('Ctrl Pts',(8.10209523886442,17.1634235233068,2.5));
#10436=CARTESIAN_POINT('',(8.63419186323881,17.0226123183966,2.5));
#10437=CARTESIAN_POINT('Ctrl Pts',(9.14824884384871,17.1613409370184,2.4));
#10438=CARTESIAN_POINT('Ctrl Pts',(9.14824884384871,17.1613409370184,2.5));
#10439=CARTESIAN_POINT('Ctrl Pts',(8.97135805338621,17.0226123183966,2.4));
#10440=CARTESIAN_POINT('Ctrl Pts',(8.97135805338621,17.0226123183966,2.5));
#10441=CARTESIAN_POINT('Ctrl Pts',(8.63419186323881,17.0226123183966,2.4));
#10442=CARTESIAN_POINT('Ctrl Pts',(8.63419186323881,17.0226123183966,2.5));
#10443=CARTESIAN_POINT('',(9.14824884384871,17.1613409370184,2.5));
#10444=CARTESIAN_POINT('Ctrl Pts',(9.14824884384871,17.1613409370184,2.5));
#10445=CARTESIAN_POINT('Ctrl Pts',(8.97135805338621,17.0226123183966,2.5));
#10446=CARTESIAN_POINT('Ctrl Pts',(8.63419186323881,17.0226123183966,2.5));
#10447=CARTESIAN_POINT('',(9.14824884384871,17.1613409370184,2.5));
#10448=CARTESIAN_POINT('Ctrl Pts',(9.32513993233442,17.5690653175116,2.4));
#10449=CARTESIAN_POINT('Ctrl Pts',(9.32513993233442,17.5690653175116,2.5));
#10450=CARTESIAN_POINT('Ctrl Pts',(9.32513993233442,17.3000707477331,2.4));
#10451=CARTESIAN_POINT('Ctrl Pts',(9.32513993233442,17.3000707477331,2.5));
#10452=CARTESIAN_POINT('Ctrl Pts',(9.14824884384871,17.1613409370184,2.4));
#10453=CARTESIAN_POINT('Ctrl Pts',(9.14824884384871,17.1613409370184,2.5));
#10454=CARTESIAN_POINT('',(9.32513993233442,17.5690653175116,2.5));
#10455=CARTESIAN_POINT('Ctrl Pts',(9.32513993233442,17.5690653175116,2.5));
#10456=CARTESIAN_POINT('Ctrl Pts',(9.32513993233442,17.3000707477331,2.5));
#10457=CARTESIAN_POINT('Ctrl Pts',(9.14824884384871,17.1613409370184,2.5));
#10458=CARTESIAN_POINT('',(9.32513993233442,17.5690653175116,2.5));
#10459=CARTESIAN_POINT('Ctrl Pts',(9.2299921438098,17.8976883739233,2.4));
#10460=CARTESIAN_POINT('Ctrl Pts',(9.2299921438098,17.8976883739233,2.5));
#10461=CARTESIAN_POINT('Ctrl Pts',(9.32513993233442,17.7809455245733,2.4));
#10462=CARTESIAN_POINT('Ctrl Pts',(9.32513993233442,17.7809455245733,2.5));
#10463=CARTESIAN_POINT('Ctrl Pts',(9.32513993233442,17.5690653175116,2.4));
#10464=CARTESIAN_POINT('Ctrl Pts',(9.32513993233442,17.5690653175116,2.5));
#10465=CARTESIAN_POINT('',(9.2299921438098,17.8976883739233,2.5));
#10466=CARTESIAN_POINT('Ctrl Pts',(9.2299921438098,17.8976883739233,2.5));
#10467=CARTESIAN_POINT('Ctrl Pts',(9.32513993233442,17.7809455245733,2.5));
#10468=CARTESIAN_POINT('Ctrl Pts',(9.32513993233442,17.5690653175116,2.5));
#10469=CARTESIAN_POINT('',(9.2299921438098,17.8976883739233,2.5));
#10470=CARTESIAN_POINT('Ctrl Pts',(9.08667566514779,18.0119762144552,2.4));
#10471=CARTESIAN_POINT('Ctrl Pts',(9.08667566514779,18.0119762144552,2.5));
#10472=CARTESIAN_POINT('Ctrl Pts',(9.16830767322002,17.9733721857632,2.4));
#10473=CARTESIAN_POINT('Ctrl Pts',(9.16830767322002,17.9733721857632,2.5));
#10474=CARTESIAN_POINT('Ctrl Pts',(9.2299921438098,17.8976883739233,2.4));
#10475=CARTESIAN_POINT('Ctrl Pts',(9.2299921438098,17.8976883739233,2.5));
#10476=CARTESIAN_POINT('',(9.08667566514763,18.0119762144553,2.5));
#10477=CARTESIAN_POINT('Ctrl Pts',(9.08667566514779,18.0119762144552,2.5));
#10478=CARTESIAN_POINT('Ctrl Pts',(9.16830767322002,17.9733721857632,2.5));
#10479=CARTESIAN_POINT('Ctrl Pts',(9.2299921438098,17.8976883739233,2.5));
#10480=CARTESIAN_POINT('',(9.08667566514763,18.0119762144553,2.5));
#10481=CARTESIAN_POINT('Origin',(9.19641158673541,18.0204605843657,2.5));
#10482=CARTESIAN_POINT('',(9.30614750832319,18.0289449542761,2.5));
#10483=CARTESIAN_POINT('',(11.6971627630764,18.2138092866592,2.5));
#10484=CARTESIAN_POINT('',(9.30614750832319,18.0289449542761,2.5));
#10485=CARTESIAN_POINT('Origin',(9.30222924798727,18.0987467616796,2.5));
#10486=CARTESIAN_POINT('',(9.29831098765135,18.1685485690832,2.5));
#10487=CARTESIAN_POINT('',(9.41108158298874,16.1595979885514,2.5));
#10488=CARTESIAN_POINT('',(9.29831098765135,18.1685485690832,2.5));
#10489=CARTESIAN_POINT('Origin',(8.34950473159552,18.1685485690832,2.5));
#10490=CARTESIAN_POINT('',(11.4247527101543,18.1685485690832,2.5));
#10491=CARTESIAN_POINT('Origin',(8.6224764212966,18.0011727660894,2.5));
#10492=CARTESIAN_POINT('',(8.60412251204252,18.0011727660894,2.5));
#10493=CARTESIAN_POINT('',(8.60412251204252,18.0011727660894,2.5));
#10494=CARTESIAN_POINT('',(8.64083033055067,18.0011727660894,2.5));
#10495=CARTESIAN_POINT('',(11.5612385550048,18.0011727660894,2.5));
#10496=CARTESIAN_POINT('',(8.64083033055067,18.0011727660894,2.5));
#10497=CARTESIAN_POINT('Ctrl Pts',(8.64083033055067,18.0011727660894,2.4));
#10498=CARTESIAN_POINT('Ctrl Pts',(8.64083033055067,18.0011727660894,2.5));
#10499=CARTESIAN_POINT('Ctrl Pts',(8.63157713526437,18.0011727660894,2.4));
#10500=CARTESIAN_POINT('Ctrl Pts',(8.63157713526437,18.0011727660894,2.5));
#10501=CARTESIAN_POINT('Ctrl Pts',(8.62248330897495,18.0010684760108,2.4));
#10502=CARTESIAN_POINT('Ctrl Pts',(8.62248330897495,18.0010684760108,2.5));
#10503=CARTESIAN_POINT('',(8.62248330897493,18.0010684760108,2.5));
#10504=CARTESIAN_POINT('Ctrl Pts',(8.62248330897495,18.0010684760108,2.5));
#10505=CARTESIAN_POINT('Ctrl Pts',(8.63157713526437,18.0011727660894,2.5));
#10506=CARTESIAN_POINT('Ctrl Pts',(8.64083033055067,18.0011727660894,2.5));
#10507=CARTESIAN_POINT('',(8.62248330897493,18.0010684760108,2.5));
#10508=CARTESIAN_POINT('Ctrl Pts',(8.62248330897497,18.0010684760109,2.4));
#10509=CARTESIAN_POINT('Ctrl Pts',(8.62248330897497,18.0010684760109,2.5));
#10510=CARTESIAN_POINT('Ctrl Pts',(8.89983256543231,17.9978900865903,2.4));
#10511=CARTESIAN_POINT('Ctrl Pts',(8.89983256543231,17.9978900865903,2.5));
#10512=CARTESIAN_POINT('Ctrl Pts',(9.0286685153842,17.8978457301855,2.4));
#10513=CARTESIAN_POINT('Ctrl Pts',(9.0286685153842,17.8978457301855,2.5));
#10514=CARTESIAN_POINT('',(8.62248330897493,18.0010684760108,2.5));
#10515=CARTESIAN_POINT('',(9.0286685153842,17.8978457301855,2.5));
#10516=CARTESIAN_POINT('Ctrl Pts',(9.0286685153842,17.8978457301855,2.5));
#10517=CARTESIAN_POINT('Ctrl Pts',(8.89983256543231,17.9978900865903,2.5));
#10518=CARTESIAN_POINT('Ctrl Pts',(8.62248330897497,18.0010684760109,2.5));
#10519=CARTESIAN_POINT('',(9.0286685153842,17.8978457301855,2.5));
#10520=CARTESIAN_POINT('Ctrl Pts',(9.0286685153842,17.8978457301855,2.4));
#10521=CARTESIAN_POINT('Ctrl Pts',(9.0286685153842,17.8978457301855,2.5));
#10522=CARTESIAN_POINT('Ctrl Pts',(9.16173201054335,17.7945175021887,2.4));
#10523=CARTESIAN_POINT('Ctrl Pts',(9.16173201054335,17.7945175021887,2.5));
#10524=CARTESIAN_POINT('Ctrl Pts',(9.16173201054335,17.593714222312,2.4));
#10525=CARTESIAN_POINT('Ctrl Pts',(9.16173201054335,17.593714222312,2.5));
#10526=CARTESIAN_POINT('',(9.16173201054335,17.593714222312,2.5));
#10527=CARTESIAN_POINT('Ctrl Pts',(9.16173201054335,17.593714222312,2.5));
#10528=CARTESIAN_POINT('Ctrl Pts',(9.16173201054335,17.7945175021887,2.5));
#10529=CARTESIAN_POINT('Ctrl Pts',(9.0286685153842,17.8978457301855,2.5));
#10530=CARTESIAN_POINT('',(9.16173201054335,17.593714222312,2.5));
#10531=CARTESIAN_POINT('Ctrl Pts',(9.16173201054335,17.593714222312,2.4));
#10532=CARTESIAN_POINT('Ctrl Pts',(9.16173201054335,17.593714222312,2.5));
#10533=CARTESIAN_POINT('Ctrl Pts',(9.16173201054335,17.3960139602423,2.4));
#10534=CARTESIAN_POINT('Ctrl Pts',(9.16173201054335,17.3960139602423,2.5));
#10535=CARTESIAN_POINT('Ctrl Pts',(9.02974884957075,17.2942378371954,2.4));
#10536=CARTESIAN_POINT('Ctrl Pts',(9.02974884957075,17.2942378371954,2.5));
#10537=CARTESIAN_POINT('',(9.02974884957075,17.2942378371954,2.5));
#10538=CARTESIAN_POINT('Ctrl Pts',(9.02974884957075,17.2942378371954,2.5));
#10539=CARTESIAN_POINT('Ctrl Pts',(9.16173201054335,17.3960139602423,2.5));
#10540=CARTESIAN_POINT('Ctrl Pts',(9.16173201054335,17.593714222312,2.5));
#10541=CARTESIAN_POINT('',(9.02974884957075,17.2942378371954,2.5));
#10542=CARTESIAN_POINT('Ctrl Pts',(9.02974884957075,17.2942378371954,2.4));
#10543=CARTESIAN_POINT('Ctrl Pts',(9.02974884957075,17.2942378371954,2.5));
#10544=CARTESIAN_POINT('Ctrl Pts',(8.89776553958654,17.1924617141485,2.4));
#10545=CARTESIAN_POINT('Ctrl Pts',(8.89776553958654,17.1924617141485,2.5));
#10546=CARTESIAN_POINT('Ctrl Pts',(8.63419186323881,17.1924617141485,2.4));
#10547=CARTESIAN_POINT('Ctrl Pts',(8.63419186323881,17.1924617141485,2.5));
#10548=CARTESIAN_POINT('',(8.63419186323881,17.1924617141485,2.5));
#10549=CARTESIAN_POINT('Ctrl Pts',(8.63419186323881,17.1924617141485,2.5));
#10550=CARTESIAN_POINT('Ctrl Pts',(8.89776553958654,17.1924617141485,2.5));
#10551=CARTESIAN_POINT('Ctrl Pts',(9.02974884957075,17.2942378371954,2.5));
#10552=CARTESIAN_POINT('',(8.63419186323881,17.1924617141485,2.5));
#10553=CARTESIAN_POINT('Ctrl Pts',(8.63419186323881,17.1924617141485,2.4));
#10554=CARTESIAN_POINT('Ctrl Pts',(8.63419186323881,17.1924617141485,2.5));
#10555=CARTESIAN_POINT('Ctrl Pts',(8.3568699285388,17.1924617141485,2.4));
#10556=CARTESIAN_POINT('Ctrl Pts',(8.3568699285388,17.1924617141485,2.5));
#10557=CARTESIAN_POINT('Ctrl Pts',(8.21942668408155,17.2938456386328,2.4));
#10558=CARTESIAN_POINT('Ctrl Pts',(8.21942668408155,17.2938456386328,2.5));
#10559=CARTESIAN_POINT('',(8.21942668408155,17.2938456386328,2.5));
#10560=CARTESIAN_POINT('Ctrl Pts',(8.21942668408155,17.2938456386328,2.5));
#10561=CARTESIAN_POINT('Ctrl Pts',(8.3568699285388,17.1924617141485,2.5));
#10562=CARTESIAN_POINT('Ctrl Pts',(8.63419186323881,17.1924617141485,2.5));
#10563=CARTESIAN_POINT('',(8.21942668408155,17.2938456386328,2.5));
#10564=CARTESIAN_POINT('Ctrl Pts',(8.21942668408155,17.2938456386328,2.4));
#10565=CARTESIAN_POINT('Ctrl Pts',(8.21942668408155,17.2938456386328,2.5));
#10566=CARTESIAN_POINT('Ctrl Pts',(8.08198343962431,17.3952283710241,2.4));
#10567=CARTESIAN_POINT('Ctrl Pts',(8.08198343962431,17.3952283710241,2.5));
#10568=CARTESIAN_POINT('Ctrl Pts',(8.08198343962431,17.5912597030401,2.4));
#10569=CARTESIAN_POINT('Ctrl Pts',(8.08198343962431,17.5912597030401,2.5));
#10570=CARTESIAN_POINT('',(8.08198343962431,17.5912597030401,2.5));
#10571=CARTESIAN_POINT('Ctrl Pts',(8.08198343962431,17.5912597030401,2.5));
#10572=CARTESIAN_POINT('Ctrl Pts',(8.08198343962431,17.3952283710241,2.5));
#10573=CARTESIAN_POINT('Ctrl Pts',(8.21942668408155,17.2938456386328,2.5));
#10574=CARTESIAN_POINT('',(8.08198343962431,17.5912597030401,2.5));
#10575=CARTESIAN_POINT('Ctrl Pts',(8.08198343962431,17.5912597030401,2.4));
#10576=CARTESIAN_POINT('Ctrl Pts',(8.08198343962431,17.5912597030401,2.5));
#10577=CARTESIAN_POINT('Ctrl Pts',(8.08198343962431,17.7930250018835,2.4));
#10578=CARTESIAN_POINT('Ctrl Pts',(8.08198343962431,17.7930250018835,2.5));
#10579=CARTESIAN_POINT('Ctrl Pts',(8.21525316685438,17.8970994800329,2.4));
#10580=CARTESIAN_POINT('Ctrl Pts',(8.21525316685438,17.8970994800329,2.5));
#10581=CARTESIAN_POINT('',(8.21525316685438,17.8970994800329,2.5));
#10582=CARTESIAN_POINT('Ctrl Pts',(8.21525316685438,17.8970994800329,2.5));
#10583=CARTESIAN_POINT('Ctrl Pts',(8.08198343962431,17.7930250018835,2.5));
#10584=CARTESIAN_POINT('Ctrl Pts',(8.08198343962431,17.5912597030401,2.5));
#10585=CARTESIAN_POINT('',(8.21525316685438,17.8970994800329,2.5));
#10586=CARTESIAN_POINT('Ctrl Pts',(8.21525316685438,17.8970994800329,2.4));
#10587=CARTESIAN_POINT('Ctrl Pts',(8.21525316685438,17.8970994800329,2.5));
#10588=CARTESIAN_POINT('Ctrl Pts',(8.34430414814106,17.997878253806,2.4));
#10589=CARTESIAN_POINT('Ctrl Pts',(8.34430414814106,17.997878253806,2.5));
#10590=CARTESIAN_POINT('Ctrl Pts',(8.62248330897492,18.0010684760108,2.4));
#10591=CARTESIAN_POINT('Ctrl Pts',(8.62248330897492,18.0010684760108,2.5));
#10592=CARTESIAN_POINT('Ctrl Pts',(8.62248330897492,18.0010684760108,2.5));
#10593=CARTESIAN_POINT('Ctrl Pts',(8.34430414814106,17.997878253806,2.5));
#10594=CARTESIAN_POINT('Ctrl Pts',(8.21525316685438,17.8970994800329,2.5));
#10595=CARTESIAN_POINT('Ctrl Pts',(8.62248330897495,18.0010684760109,2.4));
#10596=CARTESIAN_POINT('Ctrl Pts',(8.62248330897495,18.0010684760109,2.5));
#10597=CARTESIAN_POINT('Ctrl Pts',(8.61338285842485,18.0011727660894,2.4));
#10598=CARTESIAN_POINT('Ctrl Pts',(8.61338285842485,18.0011727660894,2.5));
#10599=CARTESIAN_POINT('Ctrl Pts',(8.60412251204252,18.0011727660894,2.4));
#10600=CARTESIAN_POINT('Ctrl Pts',(8.60412251204252,18.0011727660894,2.5));
#10601=CARTESIAN_POINT('Ctrl Pts',(8.60412251204252,18.0011727660894,2.5));
#10602=CARTESIAN_POINT('Ctrl Pts',(8.61338285842485,18.0011727660894,2.5));
#10603=CARTESIAN_POINT('Ctrl Pts',(8.62248330897495,18.0010684760109,2.5));
#10604=CARTESIAN_POINT('Origin',(14.500000688713,14.500000688713,2.5));
#10605=CARTESIAN_POINT('Origin',(14.500000688713,14.500000688713,2.5));
#10606=CARTESIAN_POINT('Origin',(14.500000688713,14.500000688713,2.5));
#10607=CARTESIAN_POINT('Origin',(14.500000688713,14.500000688713,2.5));
#10608=CARTESIAN_POINT('Origin',(14.500000688713,14.500000688713,2.5));
#10609=CARTESIAN_POINT('Origin',(14.5,14.5,1.));
#10610=CARTESIAN_POINT('',(28.500000688713,27.5000006887131,1.));
#10611=CARTESIAN_POINT('',(27.5000006887131,28.500000688713,1.));
#10612=CARTESIAN_POINT('Origin',(27.5000006887131,27.500000688713,1.));
#10613=CARTESIAN_POINT('',(28.500000688713,1.50000068871304,1.));
#10614=CARTESIAN_POINT('',(28.500000688713,7.50000034435652,1.));
#10615=CARTESIAN_POINT('',(27.500000688713,0.500000688713043,1.));
#10616=CARTESIAN_POINT('Origin',(27.500000688713,1.50000068871304,1.));
#10617=CARTESIAN_POINT('',(1.50000068871304,0.500000688713043,1.));
#10618=CARTESIAN_POINT('',(7.50000034435652,0.500000688713043,1.));
#10619=CARTESIAN_POINT('',(0.500000688713043,1.50000068871304,1.));
#10620=CARTESIAN_POINT('Origin',(1.50000068871304,1.50000068871304,1.));
#10621=CARTESIAN_POINT('',(0.500000688713043,27.5000006887131,1.));
#10622=CARTESIAN_POINT('',(0.500000688713043,21.5000003443565,1.));
#10623=CARTESIAN_POINT('',(1.50000068871304,28.500000688713,1.));
#10624=CARTESIAN_POINT('Origin',(1.50000068871304,27.5000006887131,1.));
#10625=CARTESIAN_POINT('',(21.5000003443565,28.500000688713,1.));
#10626=CARTESIAN_POINT('Origin',(27.4165158277042,26.5000006887131,2.9));
#10627=CARTESIAN_POINT('',(27.4165158277042,24.500000688713,1.9));
#10628=CARTESIAN_POINT('',(26.500000688713,24.500000688713,2.5));
#10629=CARTESIAN_POINT('Origin',(27.4165158277042,24.500000688713,2.9));
#10630=CARTESIAN_POINT('',(26.500000688713,4.50000068871305,2.5));
#10631=CARTESIAN_POINT('',(26.500000688713,26.5000006887131,2.5));
#10632=CARTESIAN_POINT('',(27.4165158277042,4.50000068871305,1.9));
#10633=CARTESIAN_POINT('Origin',(27.4165158277042,4.50000068871306,2.9));
#10634=CARTESIAN_POINT('',(27.4165158277042,26.5000006887131,1.9));
#10635=CARTESIAN_POINT('Origin',(24.500000688713,24.500000688713,2.9));
#10636=CARTESIAN_POINT('',(24.500000688713,27.4165158277042,1.9));
#10637=CARTESIAN_POINT('',(24.500000688713,26.5000006887131,2.5));
#10638=CARTESIAN_POINT('Origin',(24.500000688713,27.4165158277042,2.9));
#10639=CARTESIAN_POINT('Origin',(24.500000688713,24.500000688713,2.5));
#10640=CARTESIAN_POINT('Origin',(24.500000688713,24.500000688713,1.9));
#10641=CARTESIAN_POINT('Origin',(24.500000688713,4.50000068871305,2.9));
#10642=CARTESIAN_POINT('',(24.500000688713,2.50000068871305,2.5));
#10643=CARTESIAN_POINT('',(24.500000688713,1.58348554972188,1.9));
#10644=CARTESIAN_POINT('Origin',(24.500000688713,1.58348554972188,2.9));
#10645=CARTESIAN_POINT('Origin',(24.500000688713,4.50000068871305,1.9));
#10646=CARTESIAN_POINT('Origin',(24.500000688713,4.50000068871305,2.5));
#10647=CARTESIAN_POINT('Origin',(2.50000068871304,27.4165158277042,2.9));
#10648=CARTESIAN_POINT('',(4.50000068871304,27.4165158277042,1.9));
#10649=CARTESIAN_POINT('',(4.50000068871304,26.5000006887131,2.5));
#10650=CARTESIAN_POINT('Origin',(4.50000068871304,27.4165158277042,2.9));
#10651=CARTESIAN_POINT('',(2.50000068871304,26.5000006887131,2.5));
#10652=CARTESIAN_POINT('',(2.50000068871304,27.4165158277042,1.9));
#10653=CARTESIAN_POINT('Origin',(26.500000688713,1.58348554972188,2.9));
#10654=CARTESIAN_POINT('',(4.50000068871304,2.50000068871305,2.5));
#10655=CARTESIAN_POINT('',(4.50000068871304,1.58348554972188,1.9));
#10656=CARTESIAN_POINT('Origin',(4.50000068871304,1.58348554972188,2.9));
#10657=CARTESIAN_POINT('',(26.500000688713,1.58348554972188,1.9));
#10658=CARTESIAN_POINT('',(26.500000688713,2.50000068871305,2.5));
#10659=CARTESIAN_POINT('Origin',(4.50000068871304,24.500000688713,2.9));
#10660=CARTESIAN_POINT('',(1.58348554972187,24.500000688713,1.9));
#10661=CARTESIAN_POINT('',(2.50000068871304,24.500000688713,2.5));
#10662=CARTESIAN_POINT('Origin',(1.58348554972187,24.500000688713,2.9));
#10663=CARTESIAN_POINT('Origin',(4.50000068871304,24.500000688713,2.5));
#10664=CARTESIAN_POINT('Origin',(4.50000068871304,24.500000688713,1.9));
#10665=CARTESIAN_POINT('Origin',(4.50000068871304,4.50000068871305,2.9));
#10666=CARTESIAN_POINT('',(2.50000068871304,4.50000068871305,2.5));
#10667=CARTESIAN_POINT('',(1.58348554972187,4.50000068871305,1.9));
#10668=CARTESIAN_POINT('Origin',(1.58348554972187,4.50000068871305,2.9));
#10669=CARTESIAN_POINT('Origin',(4.50000068871304,4.50000068871305,1.9));
#10670=CARTESIAN_POINT('Origin',(4.50000068871304,4.50000068871305,2.5));
#10671=CARTESIAN_POINT('Origin',(1.58348554972187,2.50000068871305,2.9));
#10672=CARTESIAN_POINT('',(2.50000068871304,2.50000068871305,2.5));
#10673=CARTESIAN_POINT('',(1.58348554972187,2.50000068871305,1.9));
#10674=CARTESIAN_POINT('Origin',(14.500000688713,14.500000688713,1.9));
#10675=CARTESIAN_POINT('',(1.50000068871304,0.500000688713043,1.9));
#10676=CARTESIAN_POINT('',(0.500000688713043,1.50000068871304,1.9));
#10677=CARTESIAN_POINT('Origin',(1.50000068871304,1.50000068871304,1.9));
#10678=CARTESIAN_POINT('',(27.500000688713,0.500000688713043,1.9));
#10679=CARTESIAN_POINT('',(0.500000688713043,0.500000688713043,1.9));
#10680=CARTESIAN_POINT('',(28.500000688713,1.50000068871304,1.9));
#10681=CARTESIAN_POINT('Origin',(27.500000688713,1.50000068871304,1.9));
#10682=CARTESIAN_POINT('',(28.500000688713,27.500000688713,1.9));
#10683=CARTESIAN_POINT('',(28.500000688713,14.500000688713,1.9));
#10684=CARTESIAN_POINT('',(27.5000006887131,28.500000688713,1.9));
#10685=CARTESIAN_POINT('Origin',(27.5000006887131,27.500000688713,1.9));
#10686=CARTESIAN_POINT('',(1.50000068871305,28.500000688713,1.9));
#10687=CARTESIAN_POINT('',(28.500000688713,28.500000688713,1.9));
#10688=CARTESIAN_POINT('',(0.500000688713043,27.5000006887131,1.9));
#10689=CARTESIAN_POINT('Origin',(1.50000068871304,27.5000006887131,1.9));
#10690=CARTESIAN_POINT('',(0.500000688713043,14.500000688713,1.9));
#10691=CARTESIAN_POINT('Origin',(14.500000688713,14.500000688713,2.5));
#10692=CARTESIAN_POINT('Origin',(1.50000068871304,1.50000068871304,1.));
#10693=CARTESIAN_POINT('',(0.500000688713043,1.50000068871304,1.));
#10694=CARTESIAN_POINT('',(1.50000068871304,0.500000688713043,1.));
#10695=CARTESIAN_POINT('Origin',(0.500000688713043,0.500000688713043,1.));
#10696=CARTESIAN_POINT('',(27.500000688713,0.500000688713043,1.));
#10697=CARTESIAN_POINT('Origin',(1.50000068871304,27.5000006887131,1.));
#10698=CARTESIAN_POINT('',(1.50000068871304,28.500000688713,1.));
#10699=CARTESIAN_POINT('',(0.500000688713043,27.5000006887131,1.));
#10700=CARTESIAN_POINT('Origin',(0.500000688713043,28.500000688713,1.));
#10701=CARTESIAN_POINT('Origin',(27.5000006887131,27.500000688713,1.));
#10702=CARTESIAN_POINT('',(28.500000688713,27.500000688713,1.));
#10703=CARTESIAN_POINT('',(27.5000006887131,28.500000688713,1.));
#10704=CARTESIAN_POINT('Origin',(28.500000688713,28.500000688713,1.));
#10705=CARTESIAN_POINT('Origin',(27.500000688713,1.50000068871304,1.));
#10706=CARTESIAN_POINT('',(28.500000688713,1.50000068871304,1.));
#10707=CARTESIAN_POINT('Origin',(28.500000688713,0.500000688713045,1.));
#10708=CARTESIAN_POINT('Origin',(1.22911663305403,0.537388706453459,1.));
#10709=CARTESIAN_POINT('',(1.22911663305403,0.537388706453459,1.));
#10710=CARTESIAN_POINT('',(1.22911663305403,0.,1.));
#10711=CARTESIAN_POINT('',(1.22911663305403,7.51869435322673,1.));
#10712=CARTESIAN_POINT('',(1.22911663305403,0.537388706453459,0.));
#10713=CARTESIAN_POINT('',(1.22911663305403,0.537388706453459,1.));
#10714=CARTESIAN_POINT('',(1.22911663305403,0.,0.));
#10715=CARTESIAN_POINT('',(1.22911663305403,7.51869435322673,0.));
#10716=CARTESIAN_POINT('',(1.22911663305403,0.,0.5));
#10717=CARTESIAN_POINT('Origin',(14.5,14.5,1.));
#10718=CARTESIAN_POINT('',(29.,0.,1.));
#10719=CARTESIAN_POINT('',(0.,0.,1.));
#10720=CARTESIAN_POINT('',(29.,0.500000688713043,1.));
#10721=CARTESIAN_POINT('',(29.,0.,1.));
#10722=CARTESIAN_POINT('',(1.50000068871304,0.500000688713043,1.));
#10723=CARTESIAN_POINT('',(8.00000034435652,0.500000688713043,1.));
#10724=CARTESIAN_POINT('Origin',(1.50000068871304,1.50000068871304,1.));
#10725=CARTESIAN_POINT('Origin',(0.,0.,0.));
#10726=CARTESIAN_POINT('',(29.,0.,0.));
#10727=CARTESIAN_POINT('',(0.,0.,0.));
#10728=CARTESIAN_POINT('',(29.,0.,0.));
#10729=CARTESIAN_POINT('Origin',(14.5,14.5,0.));
#10730=CARTESIAN_POINT('',(1.50000068871304,0.500000688713043,0.));
#10731=CARTESIAN_POINT('Origin',(1.50000068871304,1.50000068871304,0.));
#10732=CARTESIAN_POINT('',(29.,0.500000688713043,0.));
#10733=CARTESIAN_POINT('',(8.00000034435652,0.500000688713043,0.));
#10734=CARTESIAN_POINT('',(29.,0.,0.));
#10735=CARTESIAN_POINT('Origin',(1.50000068871304,1.50000068871304,1.));
#10736=CARTESIAN_POINT('',(1.50000068871304,0.500000688713043,1.));
#10737=CARTESIAN_POINT('Origin',(1.50000068871304,0.500000688713043,1.45));
#10738=CARTESIAN_POINT('',(29.,0.500000688713043,0.725000000000002));
#10739=CARTESIAN_POINT('Origin',(29.,0.,0.));
#10740=CARTESIAN_POINT('Origin',(29.,29.,0.));
#10741=CARTESIAN_POINT('',(0.50000068871304,29.,1.));
#10742=CARTESIAN_POINT('',(0.50000068871304,29.,0.));
#10743=CARTESIAN_POINT('',(0.50000068871304,29.,0.725000000000002));
#10744=CARTESIAN_POINT('',(0.,29.,0.));
#10745=CARTESIAN_POINT('',(29.,29.,0.));
#10746=CARTESIAN_POINT('',(0.,29.,1.));
#10747=CARTESIAN_POINT('',(0.,29.,0.));
#10748=CARTESIAN_POINT('',(29.,29.,1.));
#10749=CARTESIAN_POINT('Origin',(14.5,14.5,0.));
#10750=CARTESIAN_POINT('',(0.58348586103183,1.09999997541308,0.));
#10751=CARTESIAN_POINT('',(0.,1.09999997541308,0.));
#10752=CARTESIAN_POINT('',(7.25,1.09999997541308,0.));
#10753=CARTESIAN_POINT('',(0.,29.,0.));
#10754=CARTESIAN_POINT('',(0.500000688713043,1.50000068871304,0.));
#10755=CARTESIAN_POINT('',(0.500000688713043,8.00000034435652,0.));
#10756=CARTESIAN_POINT('Origin',(1.50000068871304,1.50000068871304,0.));
#10757=CARTESIAN_POINT('Origin',(0.500000688713043,1.50000068871304,1.45));
#10758=CARTESIAN_POINT('',(0.500000688713043,1.50000068871304,1.));
#10759=CARTESIAN_POINT('',(0.500000688713043,8.00000034435652,1.));
#10760=CARTESIAN_POINT('',(0.500000688713043,1.50000068871304,1.));
#10761=CARTESIAN_POINT('Origin',(1.50000068871304,1.50000068871304,1.));
#10762=CARTESIAN_POINT('',(0.58348586103183,1.09999997541308,1.));
#10763=CARTESIAN_POINT('',(0.583485861031829,1.09999997541308,1.));
#10764=CARTESIAN_POINT('Origin',(1.50000068871304,1.50000068871304,1.));
#10765=CARTESIAN_POINT('Origin',(14.5,14.5,1.));
#10766=CARTESIAN_POINT('',(0.,1.09999997541308,1.));
#10767=CARTESIAN_POINT('',(7.25,1.09999997541308,1.));
#10768=CARTESIAN_POINT('',(0.,29.,1.));
#10769=CARTESIAN_POINT('Origin',(0.,29.,0.));
#10770=CARTESIAN_POINT('',(0.,1.09999997541308,0.5));
#10771=CARTESIAN_POINT('Origin',(0.,1.09999997541308,1.));
#10772=CARTESIAN_POINT('Origin',(1.22911663305403,0.,1.));
#10773=CARTESIAN_POINT('',(0.,0.,1.));
#10774=CARTESIAN_POINT('',(1.22911663305403,0.,1.));
#10775=CARTESIAN_POINT('',(0.,0.,1.));
#10776=CARTESIAN_POINT('',(0.,0.,0.));
#10777=CARTESIAN_POINT('',(0.,0.,1.));
#10778=CARTESIAN_POINT('',(1.22911663305403,0.,0.));
#10779=CARTESIAN_POINT('',(0.,0.,0.));
#10780=CARTESIAN_POINT('',(1.22911663305403,0.,1.));
#10781=CARTESIAN_POINT('Origin',(1.22911663305403,0.537388706453459,1.));
#10782=CARTESIAN_POINT('',(1.22911663305403,0.537388706453459,1.));
#10783=CARTESIAN_POINT('',(1.22911663305403,1.09999997541308,1.));
#10784=CARTESIAN_POINT('',(1.22911663305403,0.537388706453459,0.));
#10785=CARTESIAN_POINT('',(1.22911663305403,1.09999997541308,0.));
#10786=CARTESIAN_POINT('',(1.22911663305403,0.537388706453459,1.));
#10787=CARTESIAN_POINT('Origin',(1.50000068871304,1.50000068871304,1.));
#10788=CARTESIAN_POINT('',(0.58348586103183,1.09999997541308,1.));
#10789=CARTESIAN_POINT('Origin',(1.50000068871304,1.50000068871304,1.));
#10790=CARTESIAN_POINT('',(0.58348586103183,1.09999997541308,0.));
#10791=CARTESIAN_POINT('Origin',(1.50000068871304,1.50000068871304,0.));
#10792=CARTESIAN_POINT('',(0.58348586103183,1.09999997541308,1.));
#10793=CARTESIAN_POINT('Origin',(0.,1.09999997541308,1.));
#10794=CARTESIAN_POINT('',(0.,1.09999997541308,1.));
#10795=CARTESIAN_POINT('',(0.,1.09999997541308,1.));
#10796=CARTESIAN_POINT('',(0.,1.09999997541308,0.));
#10797=CARTESIAN_POINT('',(0.,1.09999997541308,0.));
#10798=CARTESIAN_POINT('',(0.,1.09999997541308,1.));
#10799=CARTESIAN_POINT('Origin',(0.,0.,1.));
#10800=CARTESIAN_POINT('',(0.,29.,1.));
#10801=CARTESIAN_POINT('',(0.,29.,0.));
#10802=CARTESIAN_POINT('Origin',(0.614558316527017,0.549999987706542,1.));
#10803=CARTESIAN_POINT('Origin',(0.614558316527017,0.549999987706542,0.));
#10804=CARTESIAN_POINT('Ctrl Pts',(8.21942668408155,17.2938456386328,2.4));
#10805=CARTESIAN_POINT('Ctrl Pts',(8.21942668408155,17.2938456386328,2.5));
#10806=CARTESIAN_POINT('Ctrl Pts',(8.08198343962431,17.3952283710241,2.4));
#10807=CARTESIAN_POINT('Ctrl Pts',(8.08198343962431,17.3952283710241,2.5));
#10808=CARTESIAN_POINT('Ctrl Pts',(8.08198343962431,17.5912597030401,2.4));
#10809=CARTESIAN_POINT('Ctrl Pts',(8.08198343962431,17.5912597030401,2.5));
#10810=CARTESIAN_POINT('',(8.21942668408155,17.2938456386328,2.4));
#10811=CARTESIAN_POINT('',(8.08198343962431,17.5912597030401,2.4));
#10812=CARTESIAN_POINT('Ctrl Pts',(8.21942668408155,17.2938456386328,2.4));
#10813=CARTESIAN_POINT('Ctrl Pts',(8.08198343962431,17.3952283710241,2.4));
#10814=CARTESIAN_POINT('Ctrl Pts',(8.08198343962431,17.5912597030401,2.4));
#10815=CARTESIAN_POINT('',(8.08198343962431,17.5912597030401,2.5));
#10816=CARTESIAN_POINT('',(8.08198343962431,17.5912597030401,2.4));
#10817=CARTESIAN_POINT('',(8.21942668408155,17.2938456386328,2.5));
#10818=CARTESIAN_POINT('Ctrl Pts',(8.21942668408155,17.2938456386328,2.5));
#10819=CARTESIAN_POINT('Ctrl Pts',(8.08198343962431,17.3952283710241,2.5));
#10820=CARTESIAN_POINT('Ctrl Pts',(8.08198343962431,17.5912597030401,2.5));
#10821=CARTESIAN_POINT('',(8.21942668408155,17.2938456386328,2.4));
#10822=CARTESIAN_POINT('Ctrl Pts',(8.63419186323881,17.1924617141485,2.4));
#10823=CARTESIAN_POINT('Ctrl Pts',(8.63419186323881,17.1924617141485,2.5));
#10824=CARTESIAN_POINT('Ctrl Pts',(8.3568699285388,17.1924617141485,2.4));
#10825=CARTESIAN_POINT('Ctrl Pts',(8.3568699285388,17.1924617141485,2.5));
#10826=CARTESIAN_POINT('Ctrl Pts',(8.21942668408155,17.2938456386328,2.4));
#10827=CARTESIAN_POINT('Ctrl Pts',(8.21942668408155,17.2938456386328,2.5));
#10828=CARTESIAN_POINT('',(8.63419186323881,17.1924617141485,2.4));
#10829=CARTESIAN_POINT('Ctrl Pts',(8.63419186323881,17.1924617141485,2.4));
#10830=CARTESIAN_POINT('Ctrl Pts',(8.3568699285388,17.1924617141485,2.4));
#10831=CARTESIAN_POINT('Ctrl Pts',(8.21942668408155,17.2938456386328,2.4));
#10832=CARTESIAN_POINT('',(8.63419186323881,17.1924617141485,2.5));
#10833=CARTESIAN_POINT('Ctrl Pts',(8.63419186323881,17.1924617141485,2.5));
#10834=CARTESIAN_POINT('Ctrl Pts',(8.3568699285388,17.1924617141485,2.5));
#10835=CARTESIAN_POINT('Ctrl Pts',(8.21942668408155,17.2938456386328,2.5));
#10836=CARTESIAN_POINT('',(8.63419186323881,17.1924617141485,2.4));
#10837=CARTESIAN_POINT('Ctrl Pts',(9.02974884957075,17.2942378371954,2.4));
#10838=CARTESIAN_POINT('Ctrl Pts',(9.02974884957075,17.2942378371954,2.5));
#10839=CARTESIAN_POINT('Ctrl Pts',(8.89776553958654,17.1924617141485,2.4));
#10840=CARTESIAN_POINT('Ctrl Pts',(8.89776553958654,17.1924617141485,2.5));
#10841=CARTESIAN_POINT('Ctrl Pts',(8.63419186323881,17.1924617141485,2.4));
#10842=CARTESIAN_POINT('Ctrl Pts',(8.63419186323881,17.1924617141485,2.5));
#10843=CARTESIAN_POINT('',(9.02974884957075,17.2942378371954,2.4));
#10844=CARTESIAN_POINT('Ctrl Pts',(9.02974884957075,17.2942378371954,2.4));
#10845=CARTESIAN_POINT('Ctrl Pts',(8.89776553958654,17.1924617141485,2.4));
#10846=CARTESIAN_POINT('Ctrl Pts',(8.63419186323881,17.1924617141485,2.4));
#10847=CARTESIAN_POINT('',(9.02974884957075,17.2942378371954,2.5));
#10848=CARTESIAN_POINT('Ctrl Pts',(9.02974884957075,17.2942378371954,2.5));
#10849=CARTESIAN_POINT('Ctrl Pts',(8.89776553958654,17.1924617141485,2.5));
#10850=CARTESIAN_POINT('Ctrl Pts',(8.63419186323881,17.1924617141485,2.5));
#10851=CARTESIAN_POINT('',(9.02974884957075,17.2942378371954,2.4));
#10852=CARTESIAN_POINT('Ctrl Pts',(9.16173201054335,17.593714222312,2.4));
#10853=CARTESIAN_POINT('Ctrl Pts',(9.16173201054335,17.593714222312,2.5));
#10854=CARTESIAN_POINT('Ctrl Pts',(9.16173201054335,17.3960139602423,2.4));
#10855=CARTESIAN_POINT('Ctrl Pts',(9.16173201054335,17.3960139602423,2.5));
#10856=CARTESIAN_POINT('Ctrl Pts',(9.02974884957075,17.2942378371954,2.4));
#10857=CARTESIAN_POINT('Ctrl Pts',(9.02974884957075,17.2942378371954,2.5));
#10858=CARTESIAN_POINT('',(9.16173201054335,17.593714222312,2.4));
#10859=CARTESIAN_POINT('Ctrl Pts',(9.16173201054335,17.593714222312,2.4));
#10860=CARTESIAN_POINT('Ctrl Pts',(9.16173201054335,17.3960139602423,2.4));
#10861=CARTESIAN_POINT('Ctrl Pts',(9.02974884957075,17.2942378371954,2.4));
#10862=CARTESIAN_POINT('',(9.16173201054335,17.593714222312,2.5));
#10863=CARTESIAN_POINT('Ctrl Pts',(9.16173201054335,17.593714222312,2.5));
#10864=CARTESIAN_POINT('Ctrl Pts',(9.16173201054335,17.3960139602423,2.5));
#10865=CARTESIAN_POINT('Ctrl Pts',(9.02974884957075,17.2942378371954,2.5));
#10866=CARTESIAN_POINT('',(9.16173201054335,17.593714222312,2.4));
#10867=CARTESIAN_POINT('Ctrl Pts',(9.0286685153842,17.8978457301855,2.4));
#10868=CARTESIAN_POINT('Ctrl Pts',(9.0286685153842,17.8978457301855,2.5));
#10869=CARTESIAN_POINT('Ctrl Pts',(9.16173201054335,17.7945175021887,2.4));
#10870=CARTESIAN_POINT('Ctrl Pts',(9.16173201054335,17.7945175021887,2.5));
#10871=CARTESIAN_POINT('Ctrl Pts',(9.16173201054335,17.593714222312,2.4));
#10872=CARTESIAN_POINT('Ctrl Pts',(9.16173201054335,17.593714222312,2.5));
#10873=CARTESIAN_POINT('',(9.0286685153842,17.8978457301855,2.4));
#10874=CARTESIAN_POINT('Ctrl Pts',(9.0286685153842,17.8978457301855,2.4));
#10875=CARTESIAN_POINT('Ctrl Pts',(9.16173201054335,17.7945175021887,2.4));
#10876=CARTESIAN_POINT('Ctrl Pts',(9.16173201054335,17.593714222312,2.4));
#10877=CARTESIAN_POINT('',(9.0286685153842,17.8978457301855,2.5));
#10878=CARTESIAN_POINT('Ctrl Pts',(9.0286685153842,17.8978457301855,2.5));
#10879=CARTESIAN_POINT('Ctrl Pts',(9.16173201054335,17.7945175021887,2.5));
#10880=CARTESIAN_POINT('Ctrl Pts',(9.16173201054335,17.593714222312,2.5));
#10881=CARTESIAN_POINT('',(9.0286685153842,17.8978457301855,2.4));
#10882=CARTESIAN_POINT('Ctrl Pts',(8.62248330897497,18.0010684760109,2.4));
#10883=CARTESIAN_POINT('Ctrl Pts',(8.62248330897497,18.0010684760109,2.5));
#10884=CARTESIAN_POINT('Ctrl Pts',(8.89983256543231,17.9978900865903,2.4));
#10885=CARTESIAN_POINT('Ctrl Pts',(8.89983256543231,17.9978900865903,2.5));
#10886=CARTESIAN_POINT('Ctrl Pts',(9.0286685153842,17.8978457301855,2.4));
#10887=CARTESIAN_POINT('Ctrl Pts',(9.0286685153842,17.8978457301855,2.5));
#10888=CARTESIAN_POINT('',(8.62248330897495,18.0010684760109,2.4));
#10889=CARTESIAN_POINT('Ctrl Pts',(8.62248330897497,18.0010684760109,2.4));
#10890=CARTESIAN_POINT('Ctrl Pts',(8.89983256543231,17.9978900865903,2.4));
#10891=CARTESIAN_POINT('Ctrl Pts',(9.0286685153842,17.8978457301855,2.4));
#10892=CARTESIAN_POINT('',(8.62248330897495,18.0010684760109,2.5));
#10893=CARTESIAN_POINT('Ctrl Pts',(8.62248330897497,18.0010684760109,2.5));
#10894=CARTESIAN_POINT('Ctrl Pts',(8.89983256543231,17.9978900865903,2.5));
#10895=CARTESIAN_POINT('Ctrl Pts',(9.0286685153842,17.8978457301855,2.5));
#10896=CARTESIAN_POINT('',(8.62248330897495,18.0010684760109,2.4));
#10897=CARTESIAN_POINT('Ctrl Pts',(8.64083033055067,18.0011727660894,2.4));
#10898=CARTESIAN_POINT('Ctrl Pts',(8.64083033055067,18.0011727660894,2.5));
#10899=CARTESIAN_POINT('Ctrl Pts',(8.63157713526437,18.0011727660894,2.4));
#10900=CARTESIAN_POINT('Ctrl Pts',(8.63157713526437,18.0011727660894,2.5));
#10901=CARTESIAN_POINT('Ctrl Pts',(8.62248330897495,18.0010684760108,2.4));
#10902=CARTESIAN_POINT('Ctrl Pts',(8.62248330897495,18.0010684760108,2.5));
#10903=CARTESIAN_POINT('',(8.64083033055067,18.0011727660894,2.4));
#10904=CARTESIAN_POINT('Ctrl Pts',(8.64083033055067,18.0011727660894,2.4));
#10905=CARTESIAN_POINT('Ctrl Pts',(8.63157713526437,18.0011727660894,2.4));
#10906=CARTESIAN_POINT('Ctrl Pts',(8.62248330897495,18.0010684760108,2.4));
#10907=CARTESIAN_POINT('',(8.64083033055067,18.0011727660894,2.5));
#10908=CARTESIAN_POINT('Ctrl Pts',(8.64083033055067,18.0011727660894,2.5));
#10909=CARTESIAN_POINT('Ctrl Pts',(8.63157713526437,18.0011727660894,2.5));
#10910=CARTESIAN_POINT('Ctrl Pts',(8.62248330897495,18.0010684760108,2.5));
#10911=CARTESIAN_POINT('',(8.64083033055067,18.0011727660894,2.4));
#10912=CARTESIAN_POINT('Origin',(8.60412251204252,18.0011727660894,2.4));
#10913=CARTESIAN_POINT('',(8.60412251204252,18.0011727660894,2.4));
#10914=CARTESIAN_POINT('',(8.94694503396749,18.0011727660894,2.4));
#10915=CARTESIAN_POINT('',(8.60412251204252,18.0011727660894,2.5));
#10916=CARTESIAN_POINT('',(8.94694503396749,18.0011727660894,2.5));
#10917=CARTESIAN_POINT('',(8.60412251204252,18.0011727660894,2.4));
#10918=CARTESIAN_POINT('Ctrl Pts',(8.62248330897495,18.0010684760109,2.4));
#10919=CARTESIAN_POINT('Ctrl Pts',(8.62248330897495,18.0010684760109,2.5));
#10920=CARTESIAN_POINT('Ctrl Pts',(8.61338285842485,18.0011727660894,2.4));
#10921=CARTESIAN_POINT('Ctrl Pts',(8.61338285842485,18.0011727660894,2.5));
#10922=CARTESIAN_POINT('Ctrl Pts',(8.60412251204252,18.0011727660894,2.4));
#10923=CARTESIAN_POINT('Ctrl Pts',(8.60412251204252,18.0011727660894,2.5));
#10924=CARTESIAN_POINT('Ctrl Pts',(8.62248330897495,18.0010684760109,2.4));
#10925=CARTESIAN_POINT('Ctrl Pts',(8.61338285842485,18.0011727660894,2.4));
#10926=CARTESIAN_POINT('Ctrl Pts',(8.60412251204252,18.0011727660894,2.4));
#10927=CARTESIAN_POINT('Ctrl Pts',(8.62248330897495,18.0010684760109,2.5));
#10928=CARTESIAN_POINT('Ctrl Pts',(8.61338285842485,18.0011727660894,2.5));
#10929=CARTESIAN_POINT('Ctrl Pts',(8.60412251204252,18.0011727660894,2.5));
#10930=CARTESIAN_POINT('',(8.62248330897495,18.0010684760109,2.4));
#10931=CARTESIAN_POINT('Ctrl Pts',(8.21525316685438,17.8970994800329,2.4));
#10932=CARTESIAN_POINT('Ctrl Pts',(8.21525316685438,17.8970994800329,2.5));
#10933=CARTESIAN_POINT('Ctrl Pts',(8.34430414814107,17.997878253806,2.4));
#10934=CARTESIAN_POINT('Ctrl Pts',(8.34430414814107,17.997878253806,2.5));
#10935=CARTESIAN_POINT('Ctrl Pts',(8.62248330897493,18.0010684760108,2.4));
#10936=CARTESIAN_POINT('Ctrl Pts',(8.62248330897493,18.0010684760108,2.5));
#10937=CARTESIAN_POINT('',(8.21525316685438,17.8970994800329,2.4));
#10938=CARTESIAN_POINT('Ctrl Pts',(8.21525316685438,17.8970994800329,2.4));
#10939=CARTESIAN_POINT('Ctrl Pts',(8.34430414814107,17.997878253806,2.4));
#10940=CARTESIAN_POINT('Ctrl Pts',(8.62248330897493,18.0010684760108,2.4));
#10941=CARTESIAN_POINT('',(8.21525316685438,17.8970994800329,2.5));
#10942=CARTESIAN_POINT('Ctrl Pts',(8.21525316685438,17.8970994800329,2.5));
#10943=CARTESIAN_POINT('Ctrl Pts',(8.34430414814107,17.997878253806,2.5));
#10944=CARTESIAN_POINT('Ctrl Pts',(8.62248330897493,18.0010684760108,2.5));
#10945=CARTESIAN_POINT('',(8.21525316685438,17.8970994800329,2.4));
#10946=CARTESIAN_POINT('Ctrl Pts',(8.08198343962431,17.5912597030401,2.4));
#10947=CARTESIAN_POINT('Ctrl Pts',(8.08198343962431,17.5912597030401,2.5));
#10948=CARTESIAN_POINT('Ctrl Pts',(8.08198343962431,17.7930250018835,2.4));
#10949=CARTESIAN_POINT('Ctrl Pts',(8.08198343962431,17.7930250018835,2.5));
#10950=CARTESIAN_POINT('Ctrl Pts',(8.21525316685438,17.8970994800329,2.4));
#10951=CARTESIAN_POINT('Ctrl Pts',(8.21525316685438,17.8970994800329,2.5));
#10952=CARTESIAN_POINT('Ctrl Pts',(8.08198343962431,17.5912597030401,2.4));
#10953=CARTESIAN_POINT('Ctrl Pts',(8.08198343962431,17.7930250018835,2.4));
#10954=CARTESIAN_POINT('Ctrl Pts',(8.21525316685438,17.8970994800329,2.4));
#10955=CARTESIAN_POINT('Ctrl Pts',(8.08198343962431,17.5912597030401,2.5));
#10956=CARTESIAN_POINT('Ctrl Pts',(8.08198343962431,17.7930250018835,2.5));
#10957=CARTESIAN_POINT('Ctrl Pts',(8.21525316685438,17.8970994800329,2.5));
#10958=CARTESIAN_POINT('Origin',(9.30614750832319,18.0289449542761,2.4));
#10959=CARTESIAN_POINT('',(9.29831098765135,18.1685485690832,2.4));
#10960=CARTESIAN_POINT('',(9.30614750832319,18.0289449542761,2.4));
#10961=CARTESIAN_POINT('',(9.29831098765135,18.1685485690832,2.4));
#10962=CARTESIAN_POINT('',(9.29831098765135,18.1685485690832,2.5));
#10963=CARTESIAN_POINT('',(9.29831098765135,18.1685485690832,2.4));
#10964=CARTESIAN_POINT('',(9.30614750832319,18.0289449542761,2.5));
#10965=CARTESIAN_POINT('',(9.29831098765135,18.1685485690832,2.5));
#10966=CARTESIAN_POINT('',(9.30614750832319,18.0289449542761,2.4));
#10967=CARTESIAN_POINT('Origin',(9.08667566514763,18.0119762144553,2.4));
#10968=CARTESIAN_POINT('',(9.08667566514763,18.0119762144553,2.4));
#10969=CARTESIAN_POINT('',(9.30614750832319,18.0289449542761,2.4));
#10970=CARTESIAN_POINT('',(9.08667566514763,18.0119762144553,2.5));
#10971=CARTESIAN_POINT('',(9.30614750832319,18.0289449542761,2.5));
#10972=CARTESIAN_POINT('',(9.08667566514763,18.0119762144553,2.4));
#10973=CARTESIAN_POINT('Ctrl Pts',(9.2299921438098,17.8976883739233,2.4));
#10974=CARTESIAN_POINT('Ctrl Pts',(9.2299921438098,17.8976883739233,2.5));
#10975=CARTESIAN_POINT('Ctrl Pts',(9.16830767322002,17.9733721857632,2.4));
#10976=CARTESIAN_POINT('Ctrl Pts',(9.16830767322002,17.9733721857632,2.5));
#10977=CARTESIAN_POINT('Ctrl Pts',(9.08667566514779,18.0119762144552,2.4));
#10978=CARTESIAN_POINT('Ctrl Pts',(9.08667566514779,18.0119762144552,2.5));
#10979=CARTESIAN_POINT('',(9.2299921438098,17.8976883739233,2.4));
#10980=CARTESIAN_POINT('Ctrl Pts',(9.08667566514763,18.0119762144552,2.4));
#10981=CARTESIAN_POINT('Ctrl Pts',(9.16830767321996,17.9733721857632,2.4));
#10982=CARTESIAN_POINT('Ctrl Pts',(9.2299921438098,17.8976883739233,2.4));
#10983=CARTESIAN_POINT('',(9.2299921438098,17.8976883739233,2.5));
#10984=CARTESIAN_POINT('Ctrl Pts',(9.2299921438098,17.8976883739233,2.5));
#10985=CARTESIAN_POINT('Ctrl Pts',(9.16830767322002,17.9733721857632,2.5));
#10986=CARTESIAN_POINT('Ctrl Pts',(9.08667566514779,18.0119762144552,2.5));
#10987=CARTESIAN_POINT('',(9.2299921438098,17.8976883739233,2.4));
#10988=CARTESIAN_POINT('Ctrl Pts',(9.32513993233442,17.5690653175116,2.4));
#10989=CARTESIAN_POINT('Ctrl Pts',(9.32513993233442,17.5690653175116,2.5));
#10990=CARTESIAN_POINT('Ctrl Pts',(9.32513993233442,17.7809455245733,2.4));
#10991=CARTESIAN_POINT('Ctrl Pts',(9.32513993233442,17.7809455245733,2.5));
#10992=CARTESIAN_POINT('Ctrl Pts',(9.2299921438098,17.8976883739233,2.4));
#10993=CARTESIAN_POINT('Ctrl Pts',(9.2299921438098,17.8976883739233,2.5));
#10994=CARTESIAN_POINT('',(9.32513993233442,17.5690653175116,2.4));
#10995=CARTESIAN_POINT('Ctrl Pts',(9.2299921438098,17.8976883739233,2.4));
#10996=CARTESIAN_POINT('Ctrl Pts',(9.32513993233442,17.7809455245733,2.4));
#10997=CARTESIAN_POINT('Ctrl Pts',(9.32513993233442,17.5690653175116,2.4));
#10998=CARTESIAN_POINT('',(9.32513993233442,17.5690653175116,2.5));
#10999=CARTESIAN_POINT('Ctrl Pts',(9.32513993233442,17.5690653175116,2.5));
#11000=CARTESIAN_POINT('Ctrl Pts',(9.32513993233442,17.7809455245733,2.5));
#11001=CARTESIAN_POINT('Ctrl Pts',(9.2299921438098,17.8976883739233,2.5));
#11002=CARTESIAN_POINT('',(9.32513993233442,17.5690653175116,2.4));
#11003=CARTESIAN_POINT('Ctrl Pts',(9.14824884384871,17.1613409370184,2.4));
#11004=CARTESIAN_POINT('Ctrl Pts',(9.14824884384871,17.1613409370184,2.5));
#11005=CARTESIAN_POINT('Ctrl Pts',(9.32513993233442,17.3000707477331,2.4));
#11006=CARTESIAN_POINT('Ctrl Pts',(9.32513993233442,17.3000707477331,2.5));
#11007=CARTESIAN_POINT('Ctrl Pts',(9.32513993233442,17.5690653175116,2.4));
#11008=CARTESIAN_POINT('Ctrl Pts',(9.32513993233442,17.5690653175116,2.5));
#11009=CARTESIAN_POINT('',(9.14824884384871,17.1613409370184,2.4));
#11010=CARTESIAN_POINT('Ctrl Pts',(9.32513993233442,17.5690653175116,2.4));
#11011=CARTESIAN_POINT('Ctrl Pts',(9.32513993233442,17.3000707477331,2.4));
#11012=CARTESIAN_POINT('Ctrl Pts',(9.14824884384871,17.1613409370184,2.4));
#11013=CARTESIAN_POINT('',(9.14824884384871,17.1613409370184,2.5));
#11014=CARTESIAN_POINT('Ctrl Pts',(9.14824884384871,17.1613409370184,2.5));
#11015=CARTESIAN_POINT('Ctrl Pts',(9.32513993233442,17.3000707477331,2.5));
#11016=CARTESIAN_POINT('Ctrl Pts',(9.32513993233442,17.5690653175116,2.5));
#11017=CARTESIAN_POINT('',(9.14824884384871,17.1613409370184,2.4));
#11018=CARTESIAN_POINT('Ctrl Pts',(8.63419186323881,17.0226123183966,2.4));
#11019=CARTESIAN_POINT('Ctrl Pts',(8.63419186323881,17.0226123183966,2.5));
#11020=CARTESIAN_POINT('Ctrl Pts',(8.97135805338621,17.0226123183966,2.4));
#11021=CARTESIAN_POINT('Ctrl Pts',(8.97135805338621,17.0226123183966,2.5));
#11022=CARTESIAN_POINT('Ctrl Pts',(9.14824884384871,17.1613409370184,2.4));
#11023=CARTESIAN_POINT('Ctrl Pts',(9.14824884384871,17.1613409370184,2.5));
#11024=CARTESIAN_POINT('',(8.63419186323881,17.0226123183966,2.4));
#11025=CARTESIAN_POINT('Ctrl Pts',(9.14824884384871,17.1613409370184,2.4));
#11026=CARTESIAN_POINT('Ctrl Pts',(8.97135805338621,17.0226123183966,2.4));
#11027=CARTESIAN_POINT('Ctrl Pts',(8.63419186323881,17.0226123183966,2.4));
#11028=CARTESIAN_POINT('',(8.63419186323881,17.0226123183966,2.5));
#11029=CARTESIAN_POINT('Ctrl Pts',(8.63419186323881,17.0226123183966,2.5));
#11030=CARTESIAN_POINT('Ctrl Pts',(8.97135805338621,17.0226123183966,2.5));
#11031=CARTESIAN_POINT('Ctrl Pts',(9.14824884384871,17.1613409370184,2.5));
#11032=CARTESIAN_POINT('',(8.63419186323881,17.0226123183966,2.4));
#11033=CARTESIAN_POINT('Ctrl Pts',(8.10209523886442,17.1634235233068,2.4));
#11034=CARTESIAN_POINT('Ctrl Pts',(8.10209523886442,17.1634235233068,2.5));
#11035=CARTESIAN_POINT('Ctrl Pts',(8.28561466187239,17.0226123183966,2.4));
#11036=CARTESIAN_POINT('Ctrl Pts',(8.28561466187239,17.0226123183966,2.5));
#11037=CARTESIAN_POINT('Ctrl Pts',(8.63419186323881,17.0226123183966,2.4));
#11038=CARTESIAN_POINT('Ctrl Pts',(8.63419186323881,17.0226123183966,2.5));
#11039=CARTESIAN_POINT('',(8.10209523886442,17.1634235233068,2.4));
#11040=CARTESIAN_POINT('Ctrl Pts',(8.63419186323881,17.0226123183966,2.4));
#11041=CARTESIAN_POINT('Ctrl Pts',(8.28561466187239,17.0226123183966,2.4));
#11042=CARTESIAN_POINT('Ctrl Pts',(8.10209523886442,17.1634235233068,2.4));
#11043=CARTESIAN_POINT('',(8.10209523886442,17.1634235233068,2.5));
#11044=CARTESIAN_POINT('Ctrl Pts',(8.10209523886442,17.1634235233068,2.5));
#11045=CARTESIAN_POINT('Ctrl Pts',(8.28561466187239,17.0226123183966,2.5));
#11046=CARTESIAN_POINT('Ctrl Pts',(8.63419186323881,17.0226123183966,2.5));
#11047=CARTESIAN_POINT('',(8.10209523886442,17.1634235233068,2.4));
#11048=CARTESIAN_POINT('Ctrl Pts',(7.91857551783323,17.5764705985785,2.4));
#11049=CARTESIAN_POINT('Ctrl Pts',(7.91857551783323,17.5764705985785,2.5));
#11050=CARTESIAN_POINT('Ctrl Pts',(7.91857551783323,17.3042347282171,2.4));
#11051=CARTESIAN_POINT('Ctrl Pts',(7.91857551783323,17.3042347282171,2.5));
#11052=CARTESIAN_POINT('Ctrl Pts',(8.10209523886442,17.1634235233068,2.4));
#11053=CARTESIAN_POINT('Ctrl Pts',(8.10209523886442,17.1634235233068,2.5));
#11054=CARTESIAN_POINT('',(7.91857551783323,17.5764705985785,2.4));
#11055=CARTESIAN_POINT('Ctrl Pts',(8.10209523886442,17.1634235233068,2.4));
#11056=CARTESIAN_POINT('Ctrl Pts',(7.91857551783323,17.3042347282171,2.4));
#11057=CARTESIAN_POINT('Ctrl Pts',(7.91857551783323,17.5764705985785,2.4));
#11058=CARTESIAN_POINT('',(7.91857551783323,17.5764705985785,2.5));
#11059=CARTESIAN_POINT('Ctrl Pts',(7.91857551783323,17.5764705985785,2.5));
#11060=CARTESIAN_POINT('Ctrl Pts',(7.91857551783323,17.3042347282171,2.5));
#11061=CARTESIAN_POINT('Ctrl Pts',(8.10209523886442,17.1634235233068,2.5));
#11062=CARTESIAN_POINT('',(7.91857551783323,17.5764705985785,2.4));
#11063=CARTESIAN_POINT('Ctrl Pts',(8.00432544201612,17.8900577872992,2.4));
#11064=CARTESIAN_POINT('Ctrl Pts',(8.00432544201612,17.8900577872992,2.5));
#11065=CARTESIAN_POINT('Ctrl Pts',(7.91857551783323,17.7707125991583,2.4));
#11066=CARTESIAN_POINT('Ctrl Pts',(7.91857551783323,17.7707125991583,2.5));
#11067=CARTESIAN_POINT('Ctrl Pts',(7.91857551783323,17.5764705985785,2.4));
#11068=CARTESIAN_POINT('Ctrl Pts',(7.91857551783323,17.5764705985785,2.5));
#11069=CARTESIAN_POINT('',(8.00432544201612,17.8900577872992,2.4));
#11070=CARTESIAN_POINT('Ctrl Pts',(7.91857551783323,17.5764705985785,2.4));
#11071=CARTESIAN_POINT('Ctrl Pts',(7.91857551783323,17.7707125991583,2.4));
#11072=CARTESIAN_POINT('Ctrl Pts',(8.00432544201612,17.8900577872992,2.4));
#11073=CARTESIAN_POINT('',(8.00432544201612,17.8900577872992,2.5));
#11074=CARTESIAN_POINT('Ctrl Pts',(8.00432544201612,17.8900577872992,2.5));
#11075=CARTESIAN_POINT('Ctrl Pts',(7.91857551783323,17.7707125991583,2.5));
#11076=CARTESIAN_POINT('Ctrl Pts',(7.91857551783323,17.5764705985785,2.5));
#11077=CARTESIAN_POINT('',(8.00432544201612,17.8900577872992,2.4));
#11078=CARTESIAN_POINT('Ctrl Pts',(8.13018891856989,18.0011727660894,2.4));
#11079=CARTESIAN_POINT('Ctrl Pts',(8.13018891856989,18.0011727660894,2.5));
#11080=CARTESIAN_POINT('Ctrl Pts',(8.05614392036528,17.9621778049748,2.4));
#11081=CARTESIAN_POINT('Ctrl Pts',(8.05614392036528,17.9621778049748,2.5));
#11082=CARTESIAN_POINT('Ctrl Pts',(8.00432544201612,17.8900577872992,2.4));
#11083=CARTESIAN_POINT('Ctrl Pts',(8.00432544201612,17.8900577872992,2.5));
#11084=CARTESIAN_POINT('',(8.13018891856989,18.0011727660894,2.4));
#11085=CARTESIAN_POINT('Ctrl Pts',(8.00432544201612,17.8900577872992,2.4));
#11086=CARTESIAN_POINT('Ctrl Pts',(8.05614392036528,17.9621778049748,2.4));
#11087=CARTESIAN_POINT('Ctrl Pts',(8.13018891856989,18.0011727660894,2.4));
#11088=CARTESIAN_POINT('',(8.13018891856989,18.0011727660894,2.5));
#11089=CARTESIAN_POINT('Ctrl Pts',(8.13018891856989,18.0011727660894,2.5));
#11090=CARTESIAN_POINT('Ctrl Pts',(8.05614392036528,17.9621778049748,2.5));
#11091=CARTESIAN_POINT('Ctrl Pts',(8.00432544201612,17.8900577872992,2.5));
#11092=CARTESIAN_POINT('',(8.13018891856989,18.0011727660894,2.4));
#11093=CARTESIAN_POINT('Origin',(7.40069847553968,18.0011727660894,2.4));
#11094=CARTESIAN_POINT('',(7.40069847553968,18.0011727660894,2.4));
#11095=CARTESIAN_POINT('',(8.94694503396749,18.0011727660894,2.4));
#11096=CARTESIAN_POINT('',(7.40069847553968,18.0011727660894,2.5));
#11097=CARTESIAN_POINT('',(8.94694503396749,18.0011727660894,2.5));
#11098=CARTESIAN_POINT('',(7.40069847553968,18.0011727660894,2.4));
#11099=CARTESIAN_POINT('Origin',(7.40069847553968,18.1685485690832,2.4));
#11100=CARTESIAN_POINT('',(7.40069847553968,18.1685485690832,2.4));
#11101=CARTESIAN_POINT('',(7.40069847553968,18.0011727660894,2.4));
#11102=CARTESIAN_POINT('',(7.40069847553968,18.1685485690832,2.5));
#11103=CARTESIAN_POINT('',(7.40069847553968,18.0011727660894,2.5));
#11104=CARTESIAN_POINT('',(7.40069847553968,18.1685485690832,2.4));
#11105=CARTESIAN_POINT('Origin',(9.29831098765135,18.1685485690832,2.4));
#11106=CARTESIAN_POINT('',(7.40069847553968,18.1685485690832,2.4));
#11107=CARTESIAN_POINT('',(7.40069847553968,18.1685485690832,2.5));
#11108=CARTESIAN_POINT('Origin',(8.36291920393705,17.5955804437399,2.5));
#11109=CARTESIAN_POINT('Origin',(8.36291920393705,17.5955804437399,2.4));
#11110=CARTESIAN_POINT('Origin',(9.16999688241791,11.5756843806126,2.4));
#11111=CARTESIAN_POINT('',(7.99399461597204,11.0725250095129,2.4));
#11112=CARTESIAN_POINT('',(9.16999688241791,11.5756843806126,2.4));
#11113=CARTESIAN_POINT('',(7.99399461597204,11.0725250095129,2.4));
#11114=CARTESIAN_POINT('',(7.99399461597204,11.0725250095129,2.5));
#11115=CARTESIAN_POINT('',(7.99399461597204,11.0725250095129,2.4));
#11116=CARTESIAN_POINT('',(9.16999688241791,11.5756843806126,2.5));
#11117=CARTESIAN_POINT('',(7.99399461597204,11.0725250095129,2.5));
#11118=CARTESIAN_POINT('',(9.16999688241791,11.5756843806126,2.4));
#11119=CARTESIAN_POINT('Ctrl Pts',(9.08737372606993,11.6092570871115,2.4));
#11120=CARTESIAN_POINT('Ctrl Pts',(9.08737372606993,11.6092570871115,2.5));
#11121=CARTESIAN_POINT('Ctrl Pts',(9.13040344437479,11.5924635287811,2.4));
#11122=CARTESIAN_POINT('Ctrl Pts',(9.13040344437479,11.5924635287811,2.5));
#11123=CARTESIAN_POINT('Ctrl Pts',(9.16999688241791,11.5756843806126,2.4));
#11124=CARTESIAN_POINT('Ctrl Pts',(9.16999688241791,11.5756843806126,2.5));
#11125=CARTESIAN_POINT('',(9.08737372606993,11.6092570871115,2.4));
#11126=CARTESIAN_POINT('Ctrl Pts',(9.16999688241791,11.5756843806126,2.4));
#11127=CARTESIAN_POINT('Ctrl Pts',(9.13040344437479,11.5924635287811,2.4));
#11128=CARTESIAN_POINT('Ctrl Pts',(9.08737372606993,11.6092570871115,2.4));
#11129=CARTESIAN_POINT('',(9.08737372606993,11.6092570871115,2.5));
#11130=CARTESIAN_POINT('Ctrl Pts',(9.08737372606993,11.6092570871115,2.5));
#11131=CARTESIAN_POINT('Ctrl Pts',(9.13040344437479,11.5924635287811,2.5));
#11132=CARTESIAN_POINT('Ctrl Pts',(9.16999688241791,11.5756843806126,2.5));
#11133=CARTESIAN_POINT('',(9.08737372606993,11.6092570871115,2.4));
#11134=CARTESIAN_POINT('Origin',(7.94371526688337,12.0580198615789,2.4));
#11135=CARTESIAN_POINT('',(7.94371526688337,12.0580198615789,2.4));
#11136=CARTESIAN_POINT('',(9.08737372606993,11.6092570871115,2.4));
#11137=CARTESIAN_POINT('',(7.94371526688337,12.0580198615789,2.5));
#11138=CARTESIAN_POINT('',(9.08737372606993,11.6092570871115,2.5));
#11139=CARTESIAN_POINT('',(7.94371526688337,12.0580198615789,2.4));
#11140=CARTESIAN_POINT('Origin',(7.94371526688337,12.2322883456945,2.4));
#11141=CARTESIAN_POINT('',(7.94371526688337,12.2322883456945,2.4));
#11142=CARTESIAN_POINT('',(7.94371526688337,12.0580198615789,2.4));
#11143=CARTESIAN_POINT('',(7.94371526688337,12.2322883456945,2.5));
#11144=CARTESIAN_POINT('',(7.94371526688337,12.0580198615789,2.5));
#11145=CARTESIAN_POINT('',(7.94371526688337,12.2322883456945,2.4));
#11146=CARTESIAN_POINT('Origin',(9.16768293827772,11.745895370841,2.4));
#11147=CARTESIAN_POINT('',(9.16768293827772,11.745895370841,2.4));
#11148=CARTESIAN_POINT('',(7.94371526688337,12.2322883456945,2.4));
#11149=CARTESIAN_POINT('',(9.16768293827772,11.745895370841,2.5));
#11150=CARTESIAN_POINT('',(7.94371526688337,12.2322883456945,2.5));
#11151=CARTESIAN_POINT('',(9.16768293827772,11.745895370841,2.4));
#11152=CARTESIAN_POINT('Ctrl Pts',(9.55219220370054,11.5528400987387,2.4));
#11153=CARTESIAN_POINT('Ctrl Pts',(9.55219220370054,11.5528400987387,2.5));
#11154=CARTESIAN_POINT('Ctrl Pts',(9.40311204642057,11.6496177762747,2.4));
#11155=CARTESIAN_POINT('Ctrl Pts',(9.40311204642057,11.6496177762747,2.5));
#11156=CARTESIAN_POINT('Ctrl Pts',(9.16768293827772,11.745895370841,2.4));
#11157=CARTESIAN_POINT('Ctrl Pts',(9.16768293827772,11.745895370841,2.5));
#11158=CARTESIAN_POINT('',(9.55219220370054,11.5528400987387,2.4));
#11159=CARTESIAN_POINT('Ctrl Pts',(9.16768293827772,11.745895370841,2.4));
#11160=CARTESIAN_POINT('Ctrl Pts',(9.40311204642057,11.6496177762747,2.4));
#11161=CARTESIAN_POINT('Ctrl Pts',(9.55219220370054,11.5528400987387,2.4));
#11162=CARTESIAN_POINT('',(9.55219220370054,11.5528400987387,2.5));
#11163=CARTESIAN_POINT('Ctrl Pts',(9.55219220370054,11.5528400987387,2.5));
#11164=CARTESIAN_POINT('Ctrl Pts',(9.40311204642057,11.6496177762747,2.5));
#11165=CARTESIAN_POINT('Ctrl Pts',(9.16768293827772,11.745895370841,2.5));
#11166=CARTESIAN_POINT('',(9.55219220370054,11.5528400987387,2.4));
#11167=CARTESIAN_POINT('Ctrl Pts',(9.77710377424955,11.3454081863165,2.4));
#11168=CARTESIAN_POINT('Ctrl Pts',(9.77710377424955,11.3454081863165,2.5));
#11169=CARTESIAN_POINT('Ctrl Pts',(9.70127236098051,11.4560624212027,2.4));
#11170=CARTESIAN_POINT('Ctrl Pts',(9.70127236098051,11.4560624212027,2.5));
#11171=CARTESIAN_POINT('Ctrl Pts',(9.55219220370054,11.5528400987387,2.4));
#11172=CARTESIAN_POINT('Ctrl Pts',(9.55219220370054,11.5528400987387,2.5));
#11173=CARTESIAN_POINT('',(9.77710377424955,11.3454081863165,2.4));
#11174=CARTESIAN_POINT('Ctrl Pts',(9.55219220370054,11.5528400987387,2.4));
#11175=CARTESIAN_POINT('Ctrl Pts',(9.70127236098051,11.4560624212027,2.4));
#11176=CARTESIAN_POINT('Ctrl Pts',(9.77710377424955,11.3454081863165,2.4));
#11177=CARTESIAN_POINT('',(9.77710377424955,11.3454081863165,2.5));
#11178=CARTESIAN_POINT('Ctrl Pts',(9.77710377424955,11.3454081863165,2.5));
#11179=CARTESIAN_POINT('Ctrl Pts',(9.70127236098051,11.4560624212027,2.5));
#11180=CARTESIAN_POINT('Ctrl Pts',(9.55219220370054,11.5528400987387,2.5));
#11181=CARTESIAN_POINT('',(9.77710377424955,11.3454081863165,2.4));
#11182=CARTESIAN_POINT('Ctrl Pts',(9.87351845949888,11.0942669957876,2.4));
#11183=CARTESIAN_POINT('Ctrl Pts',(9.87351845949888,11.0942669957876,2.5));
#11184=CARTESIAN_POINT('Ctrl Pts',(9.8529351875186,11.2347545474768,2.4));
#11185=CARTESIAN_POINT('Ctrl Pts',(9.8529351875186,11.2347545474768,2.5));
#11186=CARTESIAN_POINT('Ctrl Pts',(9.77710377424955,11.3454081863165,2.4));
#11187=CARTESIAN_POINT('Ctrl Pts',(9.77710377424955,11.3454081863165,2.5));
#11188=CARTESIAN_POINT('',(9.87351845949888,11.0942669957876,2.4));
#11189=CARTESIAN_POINT('Ctrl Pts',(9.77710377424955,11.3454081863165,2.4));
#11190=CARTESIAN_POINT('Ctrl Pts',(9.8529351875186,11.2347545474768,2.4));
#11191=CARTESIAN_POINT('Ctrl Pts',(9.87351845949888,11.0942669957876,2.4));
#11192=CARTESIAN_POINT('',(9.87351845949888,11.0942669957876,2.5));
#11193=CARTESIAN_POINT('Ctrl Pts',(9.87351845949888,11.0942669957876,2.5));
#11194=CARTESIAN_POINT('Ctrl Pts',(9.8529351875186,11.2347545474768,2.5));
#11195=CARTESIAN_POINT('Ctrl Pts',(9.77710377424955,11.3454081863165,2.5));
#11196=CARTESIAN_POINT('',(9.87351845949888,11.0942669957876,2.4));
#11197=CARTESIAN_POINT('Origin',(9.88952528685331,10.9594162553549,2.4));
#11198=CARTESIAN_POINT('',(9.88952528685331,10.9594162553549,2.4));
#11199=CARTESIAN_POINT('',(9.87351845949888,11.0942669957876,2.4));
#11200=CARTESIAN_POINT('',(9.88952528685331,10.9594162553549,2.5));
#11201=CARTESIAN_POINT('',(9.87351845949888,11.0942669957876,2.5));
#11202=CARTESIAN_POINT('',(9.88952528685331,10.9594162553549,2.4));
#11203=CARTESIAN_POINT('Origin',(9.73159711807966,10.9532495588064,2.4));
#11204=CARTESIAN_POINT('',(9.73159711807966,10.9532495588064,2.4));
#11205=CARTESIAN_POINT('',(9.88952528685331,10.9594162553549,2.4));
#11206=CARTESIAN_POINT('',(9.73159711807966,10.9532495588064,2.5));
#11207=CARTESIAN_POINT('',(9.88952528685331,10.9594162553549,2.5));
#11208=CARTESIAN_POINT('',(9.73159711807966,10.9532495588064,2.4));
#11209=CARTESIAN_POINT('Origin',(9.71260499209166,11.0873731225729,2.4));
#11210=CARTESIAN_POINT('',(9.71260499209166,11.0873731225729,2.4));
#11211=CARTESIAN_POINT('',(9.73159711807966,10.9532495588064,2.4));
#11212=CARTESIAN_POINT('',(9.71260499209166,11.0873731225729,2.5));
#11213=CARTESIAN_POINT('',(9.73159711807966,10.9532495588064,2.5));
#11214=CARTESIAN_POINT('',(9.71260499209166,11.0873731225729,2.4));
#11215=CARTESIAN_POINT('Ctrl Pts',(9.62734621018171,11.2635078281164,2.4));
#11216=CARTESIAN_POINT('Ctrl Pts',(9.62734621018171,11.2635078281164,2.5));
#11217=CARTESIAN_POINT('Ctrl Pts',(9.69229679554701,11.1700984090567,2.4));
#11218=CARTESIAN_POINT('Ctrl Pts',(9.69229679554701,11.1700984090567,2.5));
#11219=CARTESIAN_POINT('Ctrl Pts',(9.71260499209166,11.0873731225729,2.4));
#11220=CARTESIAN_POINT('Ctrl Pts',(9.71260499209166,11.0873731225729,2.5));
#11221=CARTESIAN_POINT('',(9.62734621018171,11.2635078281164,2.4));
#11222=CARTESIAN_POINT('Ctrl Pts',(9.71260499209166,11.0873731225729,2.4));
#11223=CARTESIAN_POINT('Ctrl Pts',(9.69229679554701,11.1700984090567,2.4));
#11224=CARTESIAN_POINT('Ctrl Pts',(9.62734621018171,11.2635078281164,2.4));
#11225=CARTESIAN_POINT('',(9.62734621018171,11.2635078281164,2.5));
#11226=CARTESIAN_POINT('Ctrl Pts',(9.62734621018171,11.2635078281164,2.5));
#11227=CARTESIAN_POINT('Ctrl Pts',(9.69229679554701,11.1700984090567,2.5));
#11228=CARTESIAN_POINT('Ctrl Pts',(9.71260499209166,11.0873731225729,2.5));
#11229=CARTESIAN_POINT('',(9.62734621018171,11.2635078281164,2.4));
#11230=CARTESIAN_POINT('Ctrl Pts',(9.43295549601316,11.4409097284079,2.4));
#11231=CARTESIAN_POINT('Ctrl Pts',(9.43295549601316,11.4409097284079,2.5));
#11232=CARTESIAN_POINT('Ctrl Pts',(9.56239532679319,11.3569178432226,2.4));
#11233=CARTESIAN_POINT('Ctrl Pts',(9.56239532679319,11.3569178432226,2.5));
#11234=CARTESIAN_POINT('Ctrl Pts',(9.62734621018171,11.2635078281164,2.4));
#11235=CARTESIAN_POINT('Ctrl Pts',(9.62734621018171,11.2635078281164,2.5));
#11236=CARTESIAN_POINT('',(9.43295549601316,11.4409097284079,2.4));
#11237=CARTESIAN_POINT('Ctrl Pts',(9.62734621018171,11.2635078281164,2.4));
#11238=CARTESIAN_POINT('Ctrl Pts',(9.56239532679319,11.3569178432226,2.4));
#11239=CARTESIAN_POINT('Ctrl Pts',(9.43295549601316,11.4409097284079,2.4));
#11240=CARTESIAN_POINT('',(9.43295549601316,11.4409097284079,2.5));
#11241=CARTESIAN_POINT('Ctrl Pts',(9.43295549601316,11.4409097284079,2.5));
#11242=CARTESIAN_POINT('Ctrl Pts',(9.56239532679319,11.3569178432226,2.5));
#11243=CARTESIAN_POINT('Ctrl Pts',(9.62734621018171,11.2635078281164,2.5));
#11244=CARTESIAN_POINT('',(9.43295549601316,11.4409097284079,2.4));
#11245=CARTESIAN_POINT('Ctrl Pts',(9.24288078709714,11.5434672013159,2.4));
#11246=CARTESIAN_POINT('Ctrl Pts',(9.24288078709714,11.5434672013159,2.5));
#11247=CARTESIAN_POINT('Ctrl Pts',(9.3540340253961,11.4921208823376,2.4));
#11248=CARTESIAN_POINT('Ctrl Pts',(9.3540340253961,11.4921208823376,2.5));
#11249=CARTESIAN_POINT('Ctrl Pts',(9.43295549601316,11.4409097284079,2.4));
#11250=CARTESIAN_POINT('Ctrl Pts',(9.43295549601316,11.4409097284079,2.5));
#11251=CARTESIAN_POINT('',(9.24288078709712,11.5434672013159,2.4));
#11252=CARTESIAN_POINT('Ctrl Pts',(9.43295549601316,11.4409097284079,2.4));
#11253=CARTESIAN_POINT('Ctrl Pts',(9.3540340253961,11.4921208823376,2.4));
#11254=CARTESIAN_POINT('Ctrl Pts',(9.24288078709712,11.5434672013159,2.4));
#11255=CARTESIAN_POINT('',(9.24288078709712,11.5434672013159,2.5));
#11256=CARTESIAN_POINT('Ctrl Pts',(9.24288078709714,11.5434672013159,2.5));
#11257=CARTESIAN_POINT('Ctrl Pts',(9.3540340253961,11.4921208823376,2.5));
#11258=CARTESIAN_POINT('Ctrl Pts',(9.43295549601316,11.4409097284079,2.5));
#11259=CARTESIAN_POINT('',(9.24288078709712,11.5434672013159,2.4));
#11260=CARTESIAN_POINT('Origin',(7.99399461597204,10.9850665181875,2.4));
#11261=CARTESIAN_POINT('',(7.99399461597204,10.9850665181875,2.4));
#11262=CARTESIAN_POINT('',(9.24972098320723,11.5465255826712,2.4));
#11263=CARTESIAN_POINT('',(7.99399461597204,10.9850665181875,2.5));
#11264=CARTESIAN_POINT('',(9.24972098320723,11.5465255826712,2.5));
#11265=CARTESIAN_POINT('',(7.99399461597204,10.9850665181875,2.4));
#11266=CARTESIAN_POINT('Origin',(7.99399461597204,11.0725250095129,2.4));
#11267=CARTESIAN_POINT('',(7.99399461597204,10.9850665181875,2.4));
#11268=CARTESIAN_POINT('',(7.99399461597204,10.9850665181875,2.5));
#11269=CARTESIAN_POINT('Origin',(8.91662027686834,11.5927689522505,2.5));
#11270=CARTESIAN_POINT('Origin',(8.91662027686834,11.5927689522505,2.4));
#11271=CARTESIAN_POINT('Origin',(8.43268167227507,5.96351698040962,2.4));
#11272=CARTESIAN_POINT('',(9.30000018328428,5.96351698040962,2.4));
#11273=CARTESIAN_POINT('',(8.43268167227507,5.96351698040962,2.4));
#11274=CARTESIAN_POINT('',(9.30000018328428,5.96351698040962,2.4));
#11275=CARTESIAN_POINT('',(9.30000018328428,5.96351698040962,2.5));
#11276=CARTESIAN_POINT('',(9.30000018328428,5.96351698040962,2.4));
#11277=CARTESIAN_POINT('',(8.43268167227507,5.96351698040962,2.5));
#11278=CARTESIAN_POINT('',(9.30000018328428,5.96351698040962,2.5));
#11279=CARTESIAN_POINT('',(8.43268167227507,5.96351698040962,2.4));
#11280=CARTESIAN_POINT('Origin',(8.43268167227507,5.16220983117819,2.4));
#11281=CARTESIAN_POINT('',(8.43268167227507,5.16220983117819,2.4));
#11282=CARTESIAN_POINT('',(8.43268167227507,6.02882124483585,2.4));
#11283=CARTESIAN_POINT('',(8.43268167227507,5.16220983117819,2.5));
#11284=CARTESIAN_POINT('',(8.43268167227507,6.02882124483585,2.5));
#11285=CARTESIAN_POINT('',(8.43268167227507,5.16220983117819,2.4));
#11286=CARTESIAN_POINT('Origin',(9.30000018328428,5.16220983117819,2.4));
#11287=CARTESIAN_POINT('',(9.30000018328428,5.16220983117819,2.4));
#11288=CARTESIAN_POINT('',(7.50000026077032,5.16220983117819,2.4));
#11289=CARTESIAN_POINT('',(9.30000018328428,5.16220983117819,2.5));
#11290=CARTESIAN_POINT('',(7.50000026077032,5.16220983117819,2.5));
#11291=CARTESIAN_POINT('',(9.30000018328428,5.16220983117819,2.4));
#11292=CARTESIAN_POINT('Origin',(9.30000018328428,4.9997447617352,2.4));
#11293=CARTESIAN_POINT('',(9.30000018328428,4.9997447617352,2.4));
#11294=CARTESIAN_POINT('',(9.30000018328428,5.16220983117819,2.4));
#11295=CARTESIAN_POINT('',(9.30000018328428,4.9997447617352,2.5));
#11296=CARTESIAN_POINT('',(9.30000018328428,5.16220983117819,2.5));
#11297=CARTESIAN_POINT('',(9.30000018328428,4.9997447617352,2.4));
#11298=CARTESIAN_POINT('Origin',(7.50000026077032,4.9997447617352,2.4));
#11299=CARTESIAN_POINT('',(7.50000026077032,4.9997447617352,2.4));
#11300=CARTESIAN_POINT('',(9.30000018328428,4.9997447617352,2.4));
#11301=CARTESIAN_POINT('',(7.50000026077032,4.9997447617352,2.5));
#11302=CARTESIAN_POINT('',(9.30000018328428,4.9997447617352,2.5));
#11303=CARTESIAN_POINT('',(7.50000026077032,4.9997447617352,2.4));
#11304=CARTESIAN_POINT('Origin',(7.50000026077032,5.16220983117819,2.4));
#11305=CARTESIAN_POINT('',(7.50000026077032,5.16220983117819,2.4));
#11306=CARTESIAN_POINT('',(7.50000026077032,4.9997447617352,2.4));
#11307=CARTESIAN_POINT('',(7.50000026077032,5.16220983117819,2.5));
#11308=CARTESIAN_POINT('',(7.50000026077032,4.9997447617352,2.5));
#11309=CARTESIAN_POINT('',(7.50000026077032,5.16220983117819,2.4));
#11310=CARTESIAN_POINT('Origin',(8.37486054748297,5.16220983117819,2.4));
#11311=CARTESIAN_POINT('',(8.37486054748297,5.16220983117819,2.4));
#11312=CARTESIAN_POINT('',(7.50000026077032,5.16220983117819,2.4));
#11313=CARTESIAN_POINT('',(8.37486054748297,5.16220983117819,2.5));
#11314=CARTESIAN_POINT('',(7.50000026077032,5.16220983117819,2.5));
#11315=CARTESIAN_POINT('',(8.37486054748297,5.16220983117819,2.4));
#11316=CARTESIAN_POINT('Origin',(8.37486054748297,5.96351698040962,2.4));
#11317=CARTESIAN_POINT('',(8.37486054748297,5.96351698040962,2.4));
#11318=CARTESIAN_POINT('',(8.37486054748297,5.10305307805538,2.4));
#11319=CARTESIAN_POINT('',(8.37486054748297,5.96351698040962,2.5));
#11320=CARTESIAN_POINT('',(8.37486054748297,5.10305307805538,2.5));
#11321=CARTESIAN_POINT('',(8.37486054748297,5.96351698040962,2.4));
#11322=CARTESIAN_POINT('Origin',(7.50000026077032,5.96351698040962,2.4));
#11323=CARTESIAN_POINT('',(7.50000026077032,5.96351698040962,2.4));
#11324=CARTESIAN_POINT('',(9.30000018328428,5.96351698040962,2.4));
#11325=CARTESIAN_POINT('',(7.50000026077032,5.96351698040962,2.5));
#11326=CARTESIAN_POINT('',(9.30000018328428,5.96351698040962,2.5));
#11327=CARTESIAN_POINT('',(7.50000026077032,5.96351698040962,2.4));
#11328=CARTESIAN_POINT('Origin',(7.50000026077032,6.12596236169338,2.4));
#11329=CARTESIAN_POINT('',(7.50000026077032,6.12596236169338,2.4));
#11330=CARTESIAN_POINT('',(7.50000026077032,5.96351698040962,2.4));
#11331=CARTESIAN_POINT('',(7.50000026077032,6.12596236169338,2.5));
#11332=CARTESIAN_POINT('',(7.50000026077032,5.96351698040962,2.5));
#11333=CARTESIAN_POINT('',(7.50000026077032,6.12596236169338,2.4));
#11334=CARTESIAN_POINT('Origin',(9.30000018328428,6.12596236169338,2.4));
#11335=CARTESIAN_POINT('',(9.30000018328428,6.12596236169338,2.4));
#11336=CARTESIAN_POINT('',(7.50000026077032,6.12596236169338,2.4));
#11337=CARTESIAN_POINT('',(9.30000018328428,6.12596236169338,2.5));
#11338=CARTESIAN_POINT('',(7.50000026077032,6.12596236169338,2.5));
#11339=CARTESIAN_POINT('',(9.30000018328428,6.12596236169338,2.4));
#11340=CARTESIAN_POINT('Origin',(9.30000018328428,5.96351698040962,2.4));
#11341=CARTESIAN_POINT('',(9.30000018328428,6.12596236169338,2.4));
#11342=CARTESIAN_POINT('',(9.30000018328428,6.12596236169338,2.5));
#11343=CARTESIAN_POINT('Origin',(8.4000002220273,5.56285356171429,2.5));
#11344=CARTESIAN_POINT('Origin',(8.4000002220273,5.56285356171429,2.4));
#11345=CARTESIAN_POINT('Origin',(7.56159227341413,9.90455232560635,2.4));
#11346=CARTESIAN_POINT('',(8.84379383176565,9.90455232560635,2.4));
#11347=CARTESIAN_POINT('',(7.56159227341413,9.90455232560635,2.4));
#11348=CARTESIAN_POINT('',(8.84379383176565,9.90455232560635,2.4));
#11349=CARTESIAN_POINT('',(8.84379383176565,9.90455232560635,2.5));
#11350=CARTESIAN_POINT('',(8.84379383176565,9.90455232560635,2.4));
#11351=CARTESIAN_POINT('',(7.56159227341413,9.90455232560635,2.5));
#11352=CARTESIAN_POINT('',(8.84379383176565,9.90455232560635,2.5));
#11353=CARTESIAN_POINT('',(7.56159227341413,9.90455232560635,2.4));
#11354=CARTESIAN_POINT('Origin',(7.56159227341413,9.47690270841122,2.4));
#11355=CARTESIAN_POINT('',(7.56159227341413,9.47690270841122,2.4));
#11356=CARTESIAN_POINT('',(7.56159227341413,9.97826240956783,2.4));
#11357=CARTESIAN_POINT('',(7.56159227341413,9.47690270841122,2.5));
#11358=CARTESIAN_POINT('',(7.56159227341413,9.97826240956783,2.5));
#11359=CARTESIAN_POINT('',(7.56159227341413,9.47690270841122,2.4));
#11360=CARTESIAN_POINT('Origin',(7.40069847553968,9.47690270841122,2.4));
#11361=CARTESIAN_POINT('',(7.40069847553968,9.47690270841122,2.4));
#11362=CARTESIAN_POINT('',(7.56159227341413,9.47690270841122,2.4));
#11363=CARTESIAN_POINT('',(7.40069847553968,9.47690270841122,2.5));
#11364=CARTESIAN_POINT('',(7.56159227341413,9.47690270841122,2.5));
#11365=CARTESIAN_POINT('',(7.40069847553968,9.47690270841122,2.4));
#11366=CARTESIAN_POINT('Origin',(7.40069847553968,10.0719275325537,2.4));
#11367=CARTESIAN_POINT('',(7.40069847553968,10.0719275325537,2.4));
#11368=CARTESIAN_POINT('',(7.40069847553968,9.90455232560635,2.4));
#11369=CARTESIAN_POINT('',(7.40069847553968,10.0719275325537,2.5));
#11370=CARTESIAN_POINT('',(7.40069847553968,9.90455232560635,2.5));
#11371=CARTESIAN_POINT('',(7.40069847553968,10.0719275325537,2.4));
#11372=CARTESIAN_POINT('Origin',(8.84402956813574,10.0719275325537,2.4));
#11373=CARTESIAN_POINT('',(8.84402956813574,10.0719275325537,2.4));
#11374=CARTESIAN_POINT('',(7.40069847553968,10.0719275325537,2.4));
#11375=CARTESIAN_POINT('',(8.84402956813574,10.0719275325537,2.5));
#11376=CARTESIAN_POINT('',(7.40069847553968,10.0719275325537,2.5));
#11377=CARTESIAN_POINT('',(8.84402956813574,10.0719275325537,2.4));
#11378=CARTESIAN_POINT('Ctrl Pts',(9.02280580252409,10.1062490791082,2.4));
#11379=CARTESIAN_POINT('Ctrl Pts',(9.02280580252409,10.1062490791082,2.5));
#11380=CARTESIAN_POINT('Ctrl Pts',(8.95356383174658,10.0719275325537,2.4));
#11381=CARTESIAN_POINT('Ctrl Pts',(8.95356383174658,10.0719275325537,2.5));
#11382=CARTESIAN_POINT('Ctrl Pts',(8.84402956813574,10.0719275325537,2.4));
#11383=CARTESIAN_POINT('Ctrl Pts',(8.84402956813574,10.0719275325537,2.5));
#11384=CARTESIAN_POINT('',(9.02280580252409,10.1062490791082,2.4));
#11385=CARTESIAN_POINT('Ctrl Pts',(8.84402956813574,10.0719275325537,2.4));
#11386=CARTESIAN_POINT('Ctrl Pts',(8.95356383174658,10.0719275325537,2.4));
#11387=CARTESIAN_POINT('Ctrl Pts',(9.02280580252409,10.1062490791082,2.4));
#11388=CARTESIAN_POINT('',(9.02280580252409,10.1062490791082,2.5));
#11389=CARTESIAN_POINT('Ctrl Pts',(9.02280580252409,10.1062490791082,2.5));
#11390=CARTESIAN_POINT('Ctrl Pts',(8.95356383174658,10.0719275325537,2.5));
#11391=CARTESIAN_POINT('Ctrl Pts',(8.84402956813574,10.0719275325537,2.5));
#11392=CARTESIAN_POINT('',(9.02280580252409,10.1062490791082,2.4));
#11393=CARTESIAN_POINT('Ctrl Pts',(9.12689011543989,10.2091052383184,2.4));
#11394=CARTESIAN_POINT('Ctrl Pts',(9.12689011543989,10.2091052383184,2.5));
#11395=CARTESIAN_POINT('Ctrl Pts',(9.09204792231321,10.1405706256628,2.4));
#11396=CARTESIAN_POINT('Ctrl Pts',(9.09204792231321,10.1405706256628,2.5));
#11397=CARTESIAN_POINT('Ctrl Pts',(9.02280580252409,10.1062490791082,2.4));
#11398=CARTESIAN_POINT('Ctrl Pts',(9.02280580252409,10.1062490791082,2.5));
#11399=CARTESIAN_POINT('',(9.12689011543989,10.2091052383184,2.4));
#11400=CARTESIAN_POINT('Ctrl Pts',(9.02280580252409,10.1062490791082,2.4));
#11401=CARTESIAN_POINT('Ctrl Pts',(9.09204792231321,10.1405706256628,2.4));
#11402=CARTESIAN_POINT('Ctrl Pts',(9.12689011543989,10.2091052383184,2.4));
#11403=CARTESIAN_POINT('',(9.12689011543989,10.2091052383184,2.5));
#11404=CARTESIAN_POINT('Ctrl Pts',(9.12689011543989,10.2091052383184,2.5));
#11405=CARTESIAN_POINT('Ctrl Pts',(9.09204792231321,10.1405706256628,2.5));
#11406=CARTESIAN_POINT('Ctrl Pts',(9.02280580252409,10.1062490791082,2.5));
#11407=CARTESIAN_POINT('',(9.12689011543989,10.2091052383184,2.4));
#11408=CARTESIAN_POINT('Ctrl Pts',(9.16173201054335,10.3844644874334,2.4));
#11409=CARTESIAN_POINT('Ctrl Pts',(9.16173201054335,10.3844644874334,2.5));
#11410=CARTESIAN_POINT('Ctrl Pts',(9.16173201054335,10.2776404470205,2.4));
#11411=CARTESIAN_POINT('Ctrl Pts',(9.16173201054335,10.2776404470205,2.5));
#11412=CARTESIAN_POINT('Ctrl Pts',(9.12689011543989,10.2091052383184,2.4));
#11413=CARTESIAN_POINT('Ctrl Pts',(9.12689011543989,10.2091052383184,2.5));
#11414=CARTESIAN_POINT('',(9.16173201054335,10.3844644874334,2.4));
#11415=CARTESIAN_POINT('Ctrl Pts',(9.12689011543989,10.2091052383184,2.4));
#11416=CARTESIAN_POINT('Ctrl Pts',(9.16173201054335,10.2776404470205,2.4));
#11417=CARTESIAN_POINT('Ctrl Pts',(9.16173201054335,10.3844644874334,2.4));
#11418=CARTESIAN_POINT('',(9.16173201054335,10.3844644874334,2.5));
#11419=CARTESIAN_POINT('Ctrl Pts',(9.16173201054335,10.3844644874334,2.5));
#11420=CARTESIAN_POINT('Ctrl Pts',(9.16173201054335,10.2776404470205,2.5));
#11421=CARTESIAN_POINT('Ctrl Pts',(9.12689011543989,10.2091052383184,2.5));
#11422=CARTESIAN_POINT('',(9.16173201054335,10.3844644874334,2.4));
#11423=CARTESIAN_POINT('Ctrl Pts',(9.1259865090251,10.6546177715063,2.4));
#11424=CARTESIAN_POINT('Ctrl Pts',(9.1259865090251,10.6546177715063,2.5));
#11425=CARTESIAN_POINT('Ctrl Pts',(9.16173201054335,10.4812326282263,2.4));
#11426=CARTESIAN_POINT('Ctrl Pts',(9.16173201054335,10.4812326282263,2.5));
#11427=CARTESIAN_POINT('Ctrl Pts',(9.16173201054335,10.3844644874334,2.4));
#11428=CARTESIAN_POINT('Ctrl Pts',(9.16173201054335,10.3844644874334,2.5));
#11429=CARTESIAN_POINT('',(9.1259865090251,10.6546177715063,2.4));
#11430=CARTESIAN_POINT('Ctrl Pts',(9.16173201054335,10.3844644874334,2.4));
#11431=CARTESIAN_POINT('Ctrl Pts',(9.16173201054335,10.4812326282263,2.4));
#11432=CARTESIAN_POINT('Ctrl Pts',(9.1259865090251,10.6546177715063,2.4));
#11433=CARTESIAN_POINT('',(9.1259865090251,10.6546177715063,2.5));
#11434=CARTESIAN_POINT('Ctrl Pts',(9.1259865090251,10.6546177715063,2.5));
#11435=CARTESIAN_POINT('Ctrl Pts',(9.16173201054335,10.4812326282263,2.5));
#11436=CARTESIAN_POINT('Ctrl Pts',(9.16173201054335,10.3844644874334,2.5));
#11437=CARTESIAN_POINT('',(9.1259865090251,10.6546177715063,2.4));
#11438=CARTESIAN_POINT('Origin',(9.27872966974974,10.6721367686987,2.4));
#11439=CARTESIAN_POINT('',(9.27872966974974,10.6721367686987,2.4));
#11440=CARTESIAN_POINT('',(9.1259865090251,10.6546177715063,2.4));
#11441=CARTESIAN_POINT('',(9.27872966974974,10.6721367686987,2.5));
#11442=CARTESIAN_POINT('',(9.1259865090251,10.6546177715063,2.5));
#11443=CARTESIAN_POINT('',(9.27872966974974,10.6721367686987,2.4));
#11444=CARTESIAN_POINT('Ctrl Pts',(9.31577127426863,10.5155047029257,2.4));
#11445=CARTESIAN_POINT('Ctrl Pts',(9.31577127426863,10.5155047029257,2.5));
#11446=CARTESIAN_POINT('Ctrl Pts',(9.30640291422606,10.5812218040228,2.4));
#11447=CARTESIAN_POINT('Ctrl Pts',(9.30640291422606,10.5812218040228,2.5));
#11448=CARTESIAN_POINT('Ctrl Pts',(9.27872966974974,10.6721367686987,2.4));
#11449=CARTESIAN_POINT('Ctrl Pts',(9.27872966974974,10.6721367686987,2.5));
#11450=CARTESIAN_POINT('',(9.31577127426863,10.5155047029257,2.4));
#11451=CARTESIAN_POINT('Ctrl Pts',(9.27872966974974,10.6721367686987,2.4));
#11452=CARTESIAN_POINT('Ctrl Pts',(9.30640291422606,10.5812218040228,2.4));
#11453=CARTESIAN_POINT('Ctrl Pts',(9.31577127426863,10.5155047029257,2.4));
#11454=CARTESIAN_POINT('',(9.31577127426863,10.5155047029257,2.5));
#11455=CARTESIAN_POINT('Ctrl Pts',(9.31577127426863,10.5155047029257,2.5));
#11456=CARTESIAN_POINT('Ctrl Pts',(9.30640291422606,10.5812218040228,2.5));
#11457=CARTESIAN_POINT('Ctrl Pts',(9.27872966974974,10.6721367686987,2.5));
#11458=CARTESIAN_POINT('',(9.31577127426863,10.5155047029257,2.4));
#11459=CARTESIAN_POINT('Ctrl Pts',(9.32513993233442,10.3721299022436,2.4));
#11460=CARTESIAN_POINT('Ctrl Pts',(9.32513993233442,10.3721299022436,2.5));
#11461=CARTESIAN_POINT('Ctrl Pts',(9.32513993233442,10.449788197875,2.4));
#11462=CARTESIAN_POINT('Ctrl Pts',(9.32513993233442,10.449788197875,2.5));
#11463=CARTESIAN_POINT('Ctrl Pts',(9.31577127426863,10.5155047029257,2.4));
#11464=CARTESIAN_POINT('Ctrl Pts',(9.31577127426863,10.5155047029257,2.5));
#11465=CARTESIAN_POINT('',(9.32513993233442,10.3721299022436,2.4));
#11466=CARTESIAN_POINT('Ctrl Pts',(9.31577127426863,10.5155047029257,2.4));
#11467=CARTESIAN_POINT('Ctrl Pts',(9.32513993233442,10.449788197875,2.4));
#11468=CARTESIAN_POINT('Ctrl Pts',(9.32513993233442,10.3721299022436,2.4));
#11469=CARTESIAN_POINT('',(9.32513993233442,10.3721299022436,2.5));
#11470=CARTESIAN_POINT('Ctrl Pts',(9.32513993233442,10.3721299022436,2.5));
#11471=CARTESIAN_POINT('Ctrl Pts',(9.32513993233442,10.449788197875,2.5));
#11472=CARTESIAN_POINT('Ctrl Pts',(9.31577127426863,10.5155047029257,2.5));
#11473=CARTESIAN_POINT('',(9.32513993233442,10.3721299022436,2.4));
#11474=CARTESIAN_POINT('Ctrl Pts',(9.20389991253614,10.0218047946692,2.4));
#11475=CARTESIAN_POINT('Ctrl Pts',(9.20389991253614,10.0218047946692,2.5));
#11476=CARTESIAN_POINT('Ctrl Pts',(9.32513993233442,10.1390578597784,2.4));
#11477=CARTESIAN_POINT('Ctrl Pts',(9.32513993233442,10.1390578597784,2.5));
#11478=CARTESIAN_POINT('Ctrl Pts',(9.32513993233442,10.3721299022436,2.4));
#11479=CARTESIAN_POINT('Ctrl Pts',(9.32513993233442,10.3721299022436,2.5));
#11480=CARTESIAN_POINT('',(9.20389991253614,10.0218047946692,2.4));
#11481=CARTESIAN_POINT('Ctrl Pts',(9.32513993233442,10.3721299022436,2.4));
#11482=CARTESIAN_POINT('Ctrl Pts',(9.32513993233442,10.1390578597784,2.4));
#11483=CARTESIAN_POINT('Ctrl Pts',(9.20389991253614,10.0218047946692,2.4));
#11484=CARTESIAN_POINT('',(9.20389991253614,10.0218047946692,2.5));
#11485=CARTESIAN_POINT('Ctrl Pts',(9.20389991253614,10.0218047946692,2.5));
#11486=CARTESIAN_POINT('Ctrl Pts',(9.32513993233442,10.1390578597784,2.5));
#11487=CARTESIAN_POINT('Ctrl Pts',(9.32513993233442,10.3721299022436,2.5));
#11488=CARTESIAN_POINT('',(9.20389991253614,10.0218047946692,2.4));
#11489=CARTESIAN_POINT('Ctrl Pts',(8.84379383176565,9.90455232560635,2.4));
#11490=CARTESIAN_POINT('Ctrl Pts',(8.84379383176565,9.90455232560635,2.5));
#11491=CARTESIAN_POINT('Ctrl Pts',(9.08265989273787,9.90455232560635,2.4));
#11492=CARTESIAN_POINT('Ctrl Pts',(9.08265989273787,9.90455232560635,2.5));
#11493=CARTESIAN_POINT('Ctrl Pts',(9.20389991253614,10.0218047946692,2.4));
#11494=CARTESIAN_POINT('Ctrl Pts',(9.20389991253614,10.0218047946692,2.5));
#11495=CARTESIAN_POINT('Ctrl Pts',(9.20389991253614,10.0218047946692,2.4));
#11496=CARTESIAN_POINT('Ctrl Pts',(9.08265989273787,9.90455232560635,2.4));
#11497=CARTESIAN_POINT('Ctrl Pts',(8.84379383176565,9.90455232560635,2.4));
#11498=CARTESIAN_POINT('Ctrl Pts',(8.84379383176565,9.90455232560635,2.5));
#11499=CARTESIAN_POINT('Ctrl Pts',(9.08265989273787,9.90455232560635,2.5));
#11500=CARTESIAN_POINT('Ctrl Pts',(9.20389991253614,10.0218047946692,2.5));
#11501=CARTESIAN_POINT('Origin',(8.36291920393705,10.074519738555,2.5));
#11502=CARTESIAN_POINT('Origin',(8.36291920393705,10.074519738555,2.4));
#11503=CARTESIAN_POINT('Ctrl Pts',(9.02195166796446,16.4237680286169,2.4));
#11504=CARTESIAN_POINT('Ctrl Pts',(9.02195166796446,16.4237680286169,2.5));
#11505=CARTESIAN_POINT('Ctrl Pts',(9.16173201054335,16.3190355151892,2.4));
#11506=CARTESIAN_POINT('Ctrl Pts',(9.16173201054335,16.3190355151892,2.5));
#11507=CARTESIAN_POINT('Ctrl Pts',(9.16173201054335,16.1296822875738,2.4));
#11508=CARTESIAN_POINT('Ctrl Pts',(9.16173201054335,16.1296822875738,2.5));
#11509=CARTESIAN_POINT('',(9.02195166796446,16.4237680286169,2.4));
#11510=CARTESIAN_POINT('',(9.16173201054335,16.1296822875738,2.4));
#11511=CARTESIAN_POINT('Ctrl Pts',(9.02195166796446,16.4237680286169,2.4));
#11512=CARTESIAN_POINT('Ctrl Pts',(9.16173201054335,16.3190355151892,2.4));
#11513=CARTESIAN_POINT('Ctrl Pts',(9.16173201054335,16.1296822875738,2.4));
#11514=CARTESIAN_POINT('',(9.16173201054335,16.1296822875738,2.5));
#11515=CARTESIAN_POINT('',(9.16173201054335,16.1296822875738,2.4));
#11516=CARTESIAN_POINT('',(9.02195166796446,16.4237680286169,2.5));
#11517=CARTESIAN_POINT('Ctrl Pts',(9.02195166796446,16.4237680286169,2.5));
#11518=CARTESIAN_POINT('Ctrl Pts',(9.16173201054335,16.3190355151892,2.5));
#11519=CARTESIAN_POINT('Ctrl Pts',(9.16173201054335,16.1296822875738,2.5));
#11520=CARTESIAN_POINT('',(9.02195166796446,16.4237680286169,2.4));
#11521=CARTESIAN_POINT('Ctrl Pts',(8.62185772508383,16.5284993499517,2.4));
#11522=CARTESIAN_POINT('Ctrl Pts',(8.62185772508383,16.5284993499517,2.5));
#11523=CARTESIAN_POINT('Ctrl Pts',(8.88217102736235,16.5284993499517,2.4));
#11524=CARTESIAN_POINT('Ctrl Pts',(8.88217102736235,16.5284993499517,2.5));
#11525=CARTESIAN_POINT('Ctrl Pts',(9.02195166796446,16.4237680286169,2.4));
#11526=CARTESIAN_POINT('Ctrl Pts',(9.02195166796446,16.4237680286169,2.5));
#11527=CARTESIAN_POINT('',(8.62185772508383,16.5284993499517,2.4));
#11528=CARTESIAN_POINT('Ctrl Pts',(8.62185772508383,16.5284993499517,2.4));
#11529=CARTESIAN_POINT('Ctrl Pts',(8.88217102736235,16.5284993499517,2.4));
#11530=CARTESIAN_POINT('Ctrl Pts',(9.02195166796446,16.4237680286169,2.4));
#11531=CARTESIAN_POINT('',(8.62185772508383,16.5284993499517,2.5));
#11532=CARTESIAN_POINT('Ctrl Pts',(8.62185772508383,16.5284993499517,2.5));
#11533=CARTESIAN_POINT('Ctrl Pts',(8.88217102736235,16.5284993499517,2.5));
#11534=CARTESIAN_POINT('Ctrl Pts',(9.02195166796446,16.4237680286169,2.5));
#11535=CARTESIAN_POINT('',(8.62185772508383,16.5284993499517,2.4));
#11536=CARTESIAN_POINT('Ctrl Pts',(8.22136130183935,16.423629745841,2.4));
#11537=CARTESIAN_POINT('Ctrl Pts',(8.22136130183935,16.423629745841,2.5));
#11538=CARTESIAN_POINT('Ctrl Pts',(8.36073916405439,16.5284993499517,2.4));
#11539=CARTESIAN_POINT('Ctrl Pts',(8.36073916405439,16.5284993499517,2.5));
#11540=CARTESIAN_POINT('Ctrl Pts',(8.62185772508383,16.5284993499517,2.4));
#11541=CARTESIAN_POINT('Ctrl Pts',(8.62185772508383,16.5284993499517,2.5));
#11542=CARTESIAN_POINT('',(8.22136130183935,16.423629745841,2.4));
#11543=CARTESIAN_POINT('Ctrl Pts',(8.22136130183935,16.423629745841,2.4));
#11544=CARTESIAN_POINT('Ctrl Pts',(8.36073916405439,16.5284993499517,2.4));
#11545=CARTESIAN_POINT('Ctrl Pts',(8.62185772508383,16.5284993499517,2.4));
#11546=CARTESIAN_POINT('',(8.22136130183935,16.423629745841,2.5));
#11547=CARTESIAN_POINT('Ctrl Pts',(8.22136130183935,16.423629745841,2.5));
#11548=CARTESIAN_POINT('Ctrl Pts',(8.36073916405439,16.5284993499517,2.5));
#11549=CARTESIAN_POINT('Ctrl Pts',(8.62185772508383,16.5284993499517,2.5));
#11550=CARTESIAN_POINT('',(8.22136130183935,16.423629745841,2.4));
#11551=CARTESIAN_POINT('Ctrl Pts',(8.08198343962431,16.1296822875738,2.4));
#11552=CARTESIAN_POINT('Ctrl Pts',(8.08198343962431,16.1296822875738,2.5));
#11553=CARTESIAN_POINT('Ctrl Pts',(8.08198343962431,16.3187601417303,2.4));
#11554=CARTESIAN_POINT('Ctrl Pts',(8.08198343962431,16.3187601417303,2.5));
#11555=CARTESIAN_POINT('Ctrl Pts',(8.22136130183935,16.423629745841,2.4));
#11556=CARTESIAN_POINT('Ctrl Pts',(8.22136130183935,16.423629745841,2.5));
#11557=CARTESIAN_POINT('',(8.08198343962431,16.1296822875738,2.4));
#11558=CARTESIAN_POINT('Ctrl Pts',(8.08198343962431,16.1296822875738,2.4));
#11559=CARTESIAN_POINT('Ctrl Pts',(8.08198343962431,16.3187601417303,2.4));
#11560=CARTESIAN_POINT('Ctrl Pts',(8.22136130183935,16.423629745841,2.4));
#11561=CARTESIAN_POINT('',(8.08198343962431,16.1296822875738,2.5));
#11562=CARTESIAN_POINT('Ctrl Pts',(8.08198343962431,16.1296822875738,2.5));
#11563=CARTESIAN_POINT('Ctrl Pts',(8.08198343962431,16.3187601417303,2.5));
#11564=CARTESIAN_POINT('Ctrl Pts',(8.22136130183935,16.423629745841,2.5));
#11565=CARTESIAN_POINT('',(8.08198343962431,16.1296822875738,2.4));
#11566=CARTESIAN_POINT('Ctrl Pts',(8.22092916816473,15.8366682380438,2.4));
#11567=CARTESIAN_POINT('Ctrl Pts',(8.22092916816473,15.8366682380438,2.5));
#11568=CARTESIAN_POINT('Ctrl Pts',(8.08198343962431,15.9412135928869,2.4));
#11569=CARTESIAN_POINT('Ctrl Pts',(8.08198343962431,15.9412135928869,2.5));
#11570=CARTESIAN_POINT('Ctrl Pts',(8.08198343962431,16.1296822875738,2.4));
#11571=CARTESIAN_POINT('Ctrl Pts',(8.08198343962431,16.1296822875738,2.5));
#11572=CARTESIAN_POINT('',(8.22092916816473,15.8366682380438,2.4));
#11573=CARTESIAN_POINT('Ctrl Pts',(8.22092916816473,15.8366682380438,2.4));
#11574=CARTESIAN_POINT('Ctrl Pts',(8.08198343962431,15.9412135928869,2.4));
#11575=CARTESIAN_POINT('Ctrl Pts',(8.08198343962431,16.1296822875738,2.4));
#11576=CARTESIAN_POINT('',(8.22092916816473,15.8366682380438,2.5));
#11577=CARTESIAN_POINT('Ctrl Pts',(8.22092916816473,15.8366682380438,2.5));
#11578=CARTESIAN_POINT('Ctrl Pts',(8.08198343962431,15.9412135928869,2.5));
#11579=CARTESIAN_POINT('Ctrl Pts',(8.08198343962431,16.1296822875738,2.5));
#11580=CARTESIAN_POINT('',(8.22092916816473,15.8366682380438,2.4));
#11581=CARTESIAN_POINT('Ctrl Pts',(8.62185772508383,15.7321228832006,2.4));
#11582=CARTESIAN_POINT('Ctrl Pts',(8.62185772508383,15.7321228832006,2.5));
#11583=CARTESIAN_POINT('Ctrl Pts',(8.35987489670515,15.7321228832006,2.4));
#11584=CARTESIAN_POINT('Ctrl Pts',(8.35987489670515,15.7321228832006,2.5));
#11585=CARTESIAN_POINT('Ctrl Pts',(8.22092916816473,15.8366682380438,2.4));
#11586=CARTESIAN_POINT('Ctrl Pts',(8.22092916816473,15.8366682380438,2.5));
#11587=CARTESIAN_POINT('',(8.62185772508383,15.7321228832006,2.4));
#11588=CARTESIAN_POINT('Ctrl Pts',(8.62185772508383,15.7321228832006,2.4));
#11589=CARTESIAN_POINT('Ctrl Pts',(8.35987489670515,15.7321228832006,2.4));
#11590=CARTESIAN_POINT('Ctrl Pts',(8.22092916816473,15.8366682380438,2.4));
#11591=CARTESIAN_POINT('',(8.62185772508383,15.7321228832006,2.5));
#11592=CARTESIAN_POINT('Ctrl Pts',(8.62185772508383,15.7321228832006,2.5));
#11593=CARTESIAN_POINT('Ctrl Pts',(8.35987489670515,15.7321228832006,2.5));
#11594=CARTESIAN_POINT('Ctrl Pts',(8.22092916816473,15.8366682380438,2.5));
#11595=CARTESIAN_POINT('',(8.62185772508383,15.7321228832006,2.4));
#11596=CARTESIAN_POINT('Ctrl Pts',(9.02237366884947,15.8365299552679,2.4));
#11597=CARTESIAN_POINT('Ctrl Pts',(9.02237366884947,15.8365299552679,2.5));
#11598=CARTESIAN_POINT('Ctrl Pts',(8.88301562517881,15.7321228832006,2.4));
#11599=CARTESIAN_POINT('Ctrl Pts',(8.88301562517881,15.7321228832006,2.5));
#11600=CARTESIAN_POINT('Ctrl Pts',(8.62185772508383,15.7321228832006,2.4));
#11601=CARTESIAN_POINT('Ctrl Pts',(8.62185772508383,15.7321228832006,2.5));
#11602=CARTESIAN_POINT('',(9.02237366884947,15.8365299552679,2.4));
#11603=CARTESIAN_POINT('Ctrl Pts',(9.02237366884947,15.8365299552679,2.4));
#11604=CARTESIAN_POINT('Ctrl Pts',(8.88301562517881,15.7321228832006,2.4));
#11605=CARTESIAN_POINT('Ctrl Pts',(8.62185772508383,15.7321228832006,2.4));
#11606=CARTESIAN_POINT('',(9.02237366884947,15.8365299552679,2.5));
#11607=CARTESIAN_POINT('Ctrl Pts',(9.02237366884947,15.8365299552679,2.5));
#11608=CARTESIAN_POINT('Ctrl Pts',(8.88301562517881,15.7321228832006,2.5));
#11609=CARTESIAN_POINT('Ctrl Pts',(8.62185772508383,15.7321228832006,2.5));
#11610=CARTESIAN_POINT('',(9.02237366884947,15.8365299552679,2.4));
#11611=CARTESIAN_POINT('Ctrl Pts',(9.16173201054335,16.1296822875738,2.4));
#11612=CARTESIAN_POINT('Ctrl Pts',(9.16173201054335,16.1296822875738,2.5));
#11613=CARTESIAN_POINT('Ctrl Pts',(9.16173201054335,15.9409382194281,2.4));
#11614=CARTESIAN_POINT('Ctrl Pts',(9.16173201054335,15.9409382194281,2.5));
#11615=CARTESIAN_POINT('Ctrl Pts',(9.02237366884947,15.8365299552679,2.4));
#11616=CARTESIAN_POINT('Ctrl Pts',(9.02237366884947,15.8365299552679,2.5));
#11617=CARTESIAN_POINT('Ctrl Pts',(9.16173201054335,16.1296822875738,2.4));
#11618=CARTESIAN_POINT('Ctrl Pts',(9.16173201054335,15.9409382194281,2.4));
#11619=CARTESIAN_POINT('Ctrl Pts',(9.02237366884947,15.8365299552679,2.4));
#11620=CARTESIAN_POINT('Ctrl Pts',(9.16173201054335,16.1296822875738,2.5));
#11621=CARTESIAN_POINT('Ctrl Pts',(9.16173201054335,15.9409382194281,2.5));
#11622=CARTESIAN_POINT('Ctrl Pts',(9.02237366884947,15.8365299552679,2.5));
#11623=CARTESIAN_POINT('Ctrl Pts',(9.32513993233442,16.1296822875738,2.4));
#11624=CARTESIAN_POINT('Ctrl Pts',(9.32513993233442,16.1296822875738,2.5));
#11625=CARTESIAN_POINT('Ctrl Pts',(9.32513993233442,16.4002289623022,2.4));
#11626=CARTESIAN_POINT('Ctrl Pts',(9.32513993233442,16.4002289623022,2.5));
#11627=CARTESIAN_POINT('Ctrl Pts',(9.13921426981688,16.5492894500494,2.4));
#11628=CARTESIAN_POINT('Ctrl Pts',(9.13921426981688,16.5492894500494,2.5));
#11629=CARTESIAN_POINT('',(9.13921426981688,16.5492894500494,2.4));
#11630=CARTESIAN_POINT('',(9.32513993233442,16.1296822875738,2.4));
#11631=CARTESIAN_POINT('Ctrl Pts',(9.13921426981688,16.5492894500494,2.4));
#11632=CARTESIAN_POINT('Ctrl Pts',(9.32513993233442,16.4002289623022,2.4));
#11633=CARTESIAN_POINT('Ctrl Pts',(9.32513993233442,16.1296822875738,2.4));
#11634=CARTESIAN_POINT('',(9.13921426981688,16.5492894500494,2.5));
#11635=CARTESIAN_POINT('',(9.13921426981688,16.5492894500494,2.4));
#11636=CARTESIAN_POINT('',(9.32513993233442,16.1296822875738,2.5));
#11637=CARTESIAN_POINT('Ctrl Pts',(9.32513993233442,16.1296822875738,2.5));
#11638=CARTESIAN_POINT('Ctrl Pts',(9.32513993233442,16.4002289623022,2.5));
#11639=CARTESIAN_POINT('Ctrl Pts',(9.13921426981688,16.5492894500494,2.5));
#11640=CARTESIAN_POINT('',(9.32513993233442,16.1296822875738,2.4));
#11641=CARTESIAN_POINT('Ctrl Pts',(9.13965623825788,15.711617693305,2.4));
#11642=CARTESIAN_POINT('Ctrl Pts',(9.13965623825788,15.711617693305,2.5));
#11643=CARTESIAN_POINT('Ctrl Pts',(9.32513993233442,15.8609630912542,2.4));
#11644=CARTESIAN_POINT('Ctrl Pts',(9.32513993233442,15.8609630912542,2.5));
#11645=CARTESIAN_POINT('Ctrl Pts',(9.32513993233442,16.1296822875738,2.4));
#11646=CARTESIAN_POINT('Ctrl Pts',(9.32513993233442,16.1296822875738,2.5));
#11647=CARTESIAN_POINT('',(9.13965623825788,15.711617693305,2.4));
#11648=CARTESIAN_POINT('Ctrl Pts',(9.32513993233442,16.1296822875738,2.4));
#11649=CARTESIAN_POINT('Ctrl Pts',(9.32513993233442,15.8609630912542,2.4));
#11650=CARTESIAN_POINT('Ctrl Pts',(9.13965623825788,15.711617693305,2.4));
#11651=CARTESIAN_POINT('',(9.13965623825788,15.711617693305,2.5));
#11652=CARTESIAN_POINT('Ctrl Pts',(9.13965623825788,15.711617693305,2.5));
#11653=CARTESIAN_POINT('Ctrl Pts',(9.32513993233442,15.8609630912542,2.5));
#11654=CARTESIAN_POINT('Ctrl Pts',(9.32513993233442,16.1296822875738,2.5));
#11655=CARTESIAN_POINT('',(9.13965623825788,15.711617693305,2.4));
#11656=CARTESIAN_POINT('Ctrl Pts',(8.62185772508383,15.5622722953558,2.4));
#11657=CARTESIAN_POINT('Ctrl Pts',(8.62185772508383,15.5622722953558,2.5));
#11658=CARTESIAN_POINT('Ctrl Pts',(8.95417269319296,15.5622722953558,2.4));
#11659=CARTESIAN_POINT('Ctrl Pts',(8.95417269319296,15.5622722953558,2.5));
#11660=CARTESIAN_POINT('Ctrl Pts',(9.13965623825788,15.711617693305,2.4));
#11661=CARTESIAN_POINT('Ctrl Pts',(9.13965623825788,15.711617693305,2.5));
#11662=CARTESIAN_POINT('',(8.62185772508383,15.5622722953558,2.4));
#11663=CARTESIAN_POINT('Ctrl Pts',(9.13965623825788,15.711617693305,2.4));
#11664=CARTESIAN_POINT('Ctrl Pts',(8.95417269319296,15.5622722953558,2.4));
#11665=CARTESIAN_POINT('Ctrl Pts',(8.62185772508383,15.5622722953558,2.4));
#11666=CARTESIAN_POINT('',(8.62185772508383,15.5622722953558,2.5));
#11667=CARTESIAN_POINT('Ctrl Pts',(8.62185772508383,15.5622722953558,2.5));
#11668=CARTESIAN_POINT('Ctrl Pts',(8.95417269319296,15.5622722953558,2.5));
#11669=CARTESIAN_POINT('Ctrl Pts',(9.13965623825788,15.711617693305,2.5));
#11670=CARTESIAN_POINT('',(8.62185772508383,15.5622722953558,2.4));
#11671=CARTESIAN_POINT('Ctrl Pts',(8.10362707823515,15.7117941230536,2.4));
#11672=CARTESIAN_POINT('Ctrl Pts',(8.10362707823515,15.7117941230536,2.5));
#11673=CARTESIAN_POINT('Ctrl Pts',(8.28867863863707,15.5622722953558,2.4));
#11674=CARTESIAN_POINT('Ctrl Pts',(8.28867863863707,15.5622722953558,2.5));
#11675=CARTESIAN_POINT('Ctrl Pts',(8.62185772508383,15.5622722953558,2.4));
#11676=CARTESIAN_POINT('Ctrl Pts',(8.62185772508383,15.5622722953558,2.5));
#11677=CARTESIAN_POINT('',(8.10362707823515,15.7117941230536,2.4));
#11678=CARTESIAN_POINT('Ctrl Pts',(8.62185772508383,15.5622722953558,2.4));
#11679=CARTESIAN_POINT('Ctrl Pts',(8.28867863863707,15.5622722953558,2.4));
#11680=CARTESIAN_POINT('Ctrl Pts',(8.10362707823515,15.7117941230536,2.4));
#11681=CARTESIAN_POINT('',(8.10362707823515,15.7117941230536,2.5));
#11682=CARTESIAN_POINT('Ctrl Pts',(8.10362707823515,15.7117941230536,2.5));
#11683=CARTESIAN_POINT('Ctrl Pts',(8.28867863863707,15.5622722953558,2.5));
#11684=CARTESIAN_POINT('Ctrl Pts',(8.62185772508383,15.5622722953558,2.5));
#11685=CARTESIAN_POINT('',(8.10362707823515,15.7117941230536,2.4));
#11686=CARTESIAN_POINT('Ctrl Pts',(7.91857551783323,16.1296822875738,2.4));
#11687=CARTESIAN_POINT('Ctrl Pts',(7.91857551783323,16.1296822875738,2.5));
#11688=CARTESIAN_POINT('Ctrl Pts',(7.91857551783323,15.8613171428442,2.4));
#11689=CARTESIAN_POINT('Ctrl Pts',(7.91857551783323,15.8613171428442,2.5));
#11690=CARTESIAN_POINT('Ctrl Pts',(8.10362707823515,15.7117941230536,2.4));
#11691=CARTESIAN_POINT('Ctrl Pts',(8.10362707823515,15.7117941230536,2.5));
#11692=CARTESIAN_POINT('',(7.91857551783323,16.1296822875738,2.4));
#11693=CARTESIAN_POINT('Ctrl Pts',(8.10362707823515,15.7117941230536,2.4));
#11694=CARTESIAN_POINT('Ctrl Pts',(7.91857551783323,15.8613171428442,2.4));
#11695=CARTESIAN_POINT('Ctrl Pts',(7.91857551783323,16.1296822875738,2.4));
#11696=CARTESIAN_POINT('',(7.91857551783323,16.1296822875738,2.5));
#11697=CARTESIAN_POINT('Ctrl Pts',(7.91857551783323,16.1296822875738,2.5));
#11698=CARTESIAN_POINT('Ctrl Pts',(7.91857551783323,15.8613171428442,2.5));
#11699=CARTESIAN_POINT('Ctrl Pts',(8.10362707823515,15.7117941230536,2.5));
#11700=CARTESIAN_POINT('',(7.91857551783323,16.1296822875738,2.4));
#11701=CARTESIAN_POINT('Ctrl Pts',(8.10405921190977,16.549122557044,2.4));
#11702=CARTESIAN_POINT('Ctrl Pts',(8.10405921190977,16.549122557044,2.5));
#11703=CARTESIAN_POINT('Ctrl Pts',(7.91857551783323,16.3998951762915,2.4));
#11704=CARTESIAN_POINT('Ctrl Pts',(7.91857551783323,16.3998951762915,2.5));
#11705=CARTESIAN_POINT('Ctrl Pts',(7.91857551783323,16.1296822875738,2.4));
#11706=CARTESIAN_POINT('Ctrl Pts',(7.91857551783323,16.1296822875738,2.5));
#11707=CARTESIAN_POINT('',(8.10405921190977,16.549122557044,2.4));
#11708=CARTESIAN_POINT('Ctrl Pts',(7.91857551783323,16.1296822875738,2.4));
#11709=CARTESIAN_POINT('Ctrl Pts',(7.91857551783323,16.3998951762915,2.4));
#11710=CARTESIAN_POINT('Ctrl Pts',(8.10405921190977,16.549122557044,2.4));
#11711=CARTESIAN_POINT('',(8.10405921190977,16.549122557044,2.5));
#11712=CARTESIAN_POINT('Ctrl Pts',(8.10405921190977,16.549122557044,2.5));
#11713=CARTESIAN_POINT('Ctrl Pts',(7.91857551783323,16.3998951762915,2.5));
#11714=CARTESIAN_POINT('Ctrl Pts',(7.91857551783323,16.1296822875738,2.5));
#11715=CARTESIAN_POINT('',(8.10405921190977,16.549122557044,2.4));
#11716=CARTESIAN_POINT('Ctrl Pts',(8.62185772508383,16.6983499377966,2.4));
#11717=CARTESIAN_POINT('Ctrl Pts',(8.62185772508383,16.6983499377966,2.5));
#11718=CARTESIAN_POINT('Ctrl Pts',(8.28954290598631,16.6983499377966,2.4));
#11719=CARTESIAN_POINT('Ctrl Pts',(8.28954290598631,16.6983499377966,2.5));
#11720=CARTESIAN_POINT('Ctrl Pts',(8.10405921190977,16.549122557044,2.4));
#11721=CARTESIAN_POINT('Ctrl Pts',(8.10405921190977,16.549122557044,2.5));
#11722=CARTESIAN_POINT('',(8.62185772508383,16.6983499377966,2.4));
#11723=CARTESIAN_POINT('Ctrl Pts',(8.10405921190977,16.549122557044,2.4));
#11724=CARTESIAN_POINT('Ctrl Pts',(8.28954290598631,16.6983499377966,2.4));
#11725=CARTESIAN_POINT('Ctrl Pts',(8.62185772508383,16.6983499377966,2.4));
#11726=CARTESIAN_POINT('',(8.62185772508383,16.6983499377966,2.5));
#11727=CARTESIAN_POINT('Ctrl Pts',(8.62185772508383,16.6983499377966,2.5));
#11728=CARTESIAN_POINT('Ctrl Pts',(8.28954290598631,16.6983499377966,2.5));
#11729=CARTESIAN_POINT('Ctrl Pts',(8.10405921190977,16.549122557044,2.5));
#11730=CARTESIAN_POINT('',(8.62185772508383,16.6983499377966,2.4));
#11731=CARTESIAN_POINT('Ctrl Pts',(9.13921426981688,16.5492894500494,2.4));
#11732=CARTESIAN_POINT('Ctrl Pts',(9.13921426981688,16.5492894500494,2.5));
#11733=CARTESIAN_POINT('Ctrl Pts',(8.95328890532255,16.6983499377966,2.4));
#11734=CARTESIAN_POINT('Ctrl Pts',(8.95328890532255,16.6983499377966,2.5));
#11735=CARTESIAN_POINT('Ctrl Pts',(8.62185772508383,16.6983499377966,2.4));
#11736=CARTESIAN_POINT('Ctrl Pts',(8.62185772508383,16.6983499377966,2.5));
#11737=CARTESIAN_POINT('Ctrl Pts',(8.62185772508383,16.6983499377966,2.4));
#11738=CARTESIAN_POINT('Ctrl Pts',(8.95328890532255,16.6983499377966,2.4));
#11739=CARTESIAN_POINT('Ctrl Pts',(9.13921426981688,16.5492894500494,2.4));
#11740=CARTESIAN_POINT('Ctrl Pts',(9.13921426981688,16.5492894500494,2.5));
#11741=CARTESIAN_POINT('Ctrl Pts',(8.95328890532255,16.6983499377966,2.5));
#11742=CARTESIAN_POINT('Ctrl Pts',(8.62185772508383,16.6983499377966,2.5));
#11743=CARTESIAN_POINT('Origin',(8.62185772508383,16.1303111165762,2.5));
#11744=CARTESIAN_POINT('Origin',(8.62185772508383,16.1303111165762,2.4));
#11745=CARTESIAN_POINT('Origin',(8.48170410841703,18.5371794551611,2.4));
#11746=CARTESIAN_POINT('',(8.48170410841703,19.7619917243719,2.4));
#11747=CARTESIAN_POINT('',(8.48170410841703,18.5371794551611,2.4));
#11748=CARTESIAN_POINT('',(8.48170410841703,19.7619917243719,2.4));
#11749=CARTESIAN_POINT('',(8.48170410841703,19.7619917243719,2.5));
#11750=CARTESIAN_POINT('',(8.48170410841703,19.7619917243719,2.4));
#11751=CARTESIAN_POINT('',(8.48170410841703,18.5371794551611,2.5));
#11752=CARTESIAN_POINT('',(8.48170410841703,19.7619917243719,2.5));
#11753=CARTESIAN_POINT('',(8.48170410841703,18.5371794551611,2.4));
#11754=CARTESIAN_POINT('Origin',(8.32081031054258,18.5371794551611,2.4));
#11755=CARTESIAN_POINT('',(8.32081031054258,18.5371794551611,2.4));
#11756=CARTESIAN_POINT('',(8.48170410841703,18.5371794551611,2.4));
#11757=CARTESIAN_POINT('',(8.32081031054258,18.5371794551611,2.5));
#11758=CARTESIAN_POINT('',(8.48170410841703,18.5371794551611,2.5));
#11759=CARTESIAN_POINT('',(8.32081031054258,18.5371794551611,2.4));
#11760=CARTESIAN_POINT('Origin',(8.32081031054258,19.7619917243719,2.4));
#11761=CARTESIAN_POINT('',(8.32081031054258,19.7619917243719,2.4));
#11762=CARTESIAN_POINT('',(8.32081031054258,18.5371794551611,2.4));
#11763=CARTESIAN_POINT('',(8.32081031054258,19.7619917243719,2.5));
#11764=CARTESIAN_POINT('',(8.32081031054258,18.5371794551611,2.5));
#11765=CARTESIAN_POINT('',(8.32081031054258,19.7619917243719,2.4));
#11766=CARTESIAN_POINT('Origin',(8.48170410841703,19.7619917243719,2.4));
#11767=CARTESIAN_POINT('',(8.32081031054258,19.7619917243719,2.4));
#11768=CARTESIAN_POINT('',(8.32081031054258,19.7619917243719,2.5));
#11769=CARTESIAN_POINT('Origin',(8.40125720947981,19.1495855897665,2.5));
#11770=CARTESIAN_POINT('Origin',(8.40125720947981,19.1495855897665,2.4));
#11771=CARTESIAN_POINT('Origin',(9.30000018328428,12.6795198768377,2.4));
#11772=CARTESIAN_POINT('',(9.30000018328428,12.9210963100195,2.4));
#11773=CARTESIAN_POINT('',(9.30000018328428,12.6795198768377,2.4));
#11774=CARTESIAN_POINT('',(9.30000018328428,12.9210963100195,2.4));
#11775=CARTESIAN_POINT('',(9.30000018328428,12.9210963100195,2.5));
#11776=CARTESIAN_POINT('',(9.30000018328428,12.9210963100195,2.4));
#11777=CARTESIAN_POINT('',(9.30000018328428,12.6795198768377,2.5));
#11778=CARTESIAN_POINT('',(9.30000018328428,12.9210963100195,2.5));
#11779=CARTESIAN_POINT('',(9.30000018328428,12.6795198768377,2.4));
#11780=CARTESIAN_POINT('Origin',(7.94371526688337,12.4616684764624,2.4));
#11781=CARTESIAN_POINT('',(7.94371526688337,12.4616684764624,2.4));
#11782=CARTESIAN_POINT('',(9.30000018328428,12.6795198768377,2.4));
#11783=CARTESIAN_POINT('',(7.94371526688337,12.4616684764624,2.5));
#11784=CARTESIAN_POINT('',(9.30000018328428,12.6795198768377,2.5));
#11785=CARTESIAN_POINT('',(7.94371526688337,12.4616684764624,2.4));
#11786=CARTESIAN_POINT('Origin',(7.94371526688337,12.6128604263067,2.4));
#11787=CARTESIAN_POINT('',(7.94371526688337,12.6128604263067,2.4));
#11788=CARTESIAN_POINT('',(7.94371526688337,12.4616684764624,2.4));
#11789=CARTESIAN_POINT('',(7.94371526688337,12.6128604263067,2.5));
#11790=CARTESIAN_POINT('',(7.94371526688337,12.4616684764624,2.5));
#11791=CARTESIAN_POINT('',(7.94371526688337,12.6128604263067,2.4));
#11792=CARTESIAN_POINT('Origin',(9.06729541924871,12.7962748837866,2.4));
#11793=CARTESIAN_POINT('',(9.06729541924871,12.7962748837866,2.4));
#11794=CARTESIAN_POINT('',(7.94371526688337,12.6128604263067,2.4));
#11795=CARTESIAN_POINT('',(9.06729541924871,12.7962748837866,2.5));
#11796=CARTESIAN_POINT('',(7.94371526688337,12.6128604263067,2.5));
#11797=CARTESIAN_POINT('',(9.06729541924871,12.7962748837866,2.4));
#11798=CARTESIAN_POINT('Origin',(7.94371526688337,12.9865767806768,2.4));
#11799=CARTESIAN_POINT('',(7.94371526688337,12.9865767806768,2.4));
#11800=CARTESIAN_POINT('',(9.15167611092329,12.7819832414389,2.4));
#11801=CARTESIAN_POINT('',(7.94371526688337,12.9865767806768,2.5));
#11802=CARTESIAN_POINT('',(9.15167611092329,12.7819832414389,2.5));
#11803=CARTESIAN_POINT('',(7.94371526688337,12.9865767806768,2.4));
#11804=CARTESIAN_POINT('Origin',(7.94371526688337,13.2116951793432,2.4));
#11805=CARTESIAN_POINT('',(7.94371526688337,13.2116951793432,2.4));
#11806=CARTESIAN_POINT('',(7.94371526688337,12.9865767806768,2.4));
#11807=CARTESIAN_POINT('',(7.94371526688337,13.2116951793432,2.5));
#11808=CARTESIAN_POINT('',(7.94371526688337,12.9865767806768,2.5));
#11809=CARTESIAN_POINT('',(7.94371526688337,13.2116951793432,2.4));
#11810=CARTESIAN_POINT('Origin',(9.07411743752594,13.401994584249,2.4));
#11811=CARTESIAN_POINT('',(9.07411743752594,13.401994584249,2.4));
#11812=CARTESIAN_POINT('',(7.94371526688337,13.2116951793432,2.4));
#11813=CARTESIAN_POINT('',(9.07411743752594,13.401994584249,2.5));
#11814=CARTESIAN_POINT('',(7.94371526688337,13.2116951793432,2.5));
#11815=CARTESIAN_POINT('',(9.07411743752594,13.401994584249,2.4));
#11816=CARTESIAN_POINT('Origin',(7.94371526688337,13.6095889657736,2.4));
#11817=CARTESIAN_POINT('',(7.94371526688337,13.6095889657736,2.4));
#11818=CARTESIAN_POINT('',(9.15167611092329,13.3877512067556,2.4));
#11819=CARTESIAN_POINT('',(7.94371526688337,13.6095889657736,2.5));
#11820=CARTESIAN_POINT('',(9.15167611092329,13.3877512067556,2.5));
#11821=CARTESIAN_POINT('',(7.94371526688337,13.6095889657736,2.4));
#11822=CARTESIAN_POINT('Origin',(7.94371526688337,13.760426864028,2.4));
#11823=CARTESIAN_POINT('',(7.94371526688337,13.760426864028,2.4));
#11824=CARTESIAN_POINT('',(7.94371526688337,13.6095889657736,2.4));
#11825=CARTESIAN_POINT('',(7.94371526688337,13.760426864028,2.5));
#11826=CARTESIAN_POINT('',(7.94371526688337,13.6095889657736,2.5));
#11827=CARTESIAN_POINT('',(7.94371526688337,13.760426864028,2.4));
#11828=CARTESIAN_POINT('Origin',(9.30000018328428,13.504336103797,2.4));
#11829=CARTESIAN_POINT('',(9.30000018328428,13.504336103797,2.4));
#11830=CARTESIAN_POINT('',(7.94371526688337,13.760426864028,2.4));
#11831=CARTESIAN_POINT('',(9.30000018328428,13.504336103797,2.5));
#11832=CARTESIAN_POINT('',(7.94371526688337,13.760426864028,2.5));
#11833=CARTESIAN_POINT('',(9.30000018328428,13.504336103797,2.4));
#11834=CARTESIAN_POINT('Origin',(9.30000018328428,13.282184228301,2.4));
#11835=CARTESIAN_POINT('',(9.30000018328428,13.282184228301,2.4));
#11836=CARTESIAN_POINT('',(9.30000018328428,13.504336103797,2.4));
#11837=CARTESIAN_POINT('',(9.30000018328428,13.282184228301,2.5));
#11838=CARTESIAN_POINT('',(9.30000018328428,13.504336103797,2.5));
#11839=CARTESIAN_POINT('',(9.30000018328428,13.282184228301,2.4));
#11840=CARTESIAN_POINT('Origin',(8.18355467968819,13.0987902404855,2.4));
#11841=CARTESIAN_POINT('',(8.18355467968819,13.0987902404855,2.4));
#11842=CARTESIAN_POINT('',(9.30000018328428,13.282184228301,2.4));
#11843=CARTESIAN_POINT('',(8.18355467968819,13.0987902404855,2.5));
#11844=CARTESIAN_POINT('',(9.30000018328428,13.282184228301,2.5));
#11845=CARTESIAN_POINT('',(8.18355467968819,13.0987902404855,2.4));
#11846=CARTESIAN_POINT('Origin',(9.30000018328428,12.9210963100195,2.4));
#11847=CARTESIAN_POINT('',(8.09203933924437,13.1133558601141,2.4));
#11848=CARTESIAN_POINT('',(8.09203933924437,13.1133558601141,2.5));
#11849=CARTESIAN_POINT('Origin',(8.62185772508383,13.1110476702452,2.5));
#11850=CARTESIAN_POINT('Origin',(8.62185772508383,13.1110476702452,2.4));
#11851=CARTESIAN_POINT('Ctrl Pts',(9.02195166796446,7.36594699323177,2.4));
#11852=CARTESIAN_POINT('Ctrl Pts',(9.02195166796446,7.36594699323177,2.5));
#11853=CARTESIAN_POINT('Ctrl Pts',(9.16173201054335,7.26121462881565,2.4));
#11854=CARTESIAN_POINT('Ctrl Pts',(9.16173201054335,7.26121462881565,2.5));
#11855=CARTESIAN_POINT('Ctrl Pts',(9.16173201054335,7.07186184823513,2.4));
#11856=CARTESIAN_POINT('Ctrl Pts',(9.16173201054335,7.07186184823513,2.5));
#11857=CARTESIAN_POINT('',(9.02195166796446,7.36594699323177,2.4));
#11858=CARTESIAN_POINT('',(9.16173201054335,7.07186184823513,2.4));
#11859=CARTESIAN_POINT('Ctrl Pts',(9.02195166796446,7.36594699323177,2.4));
#11860=CARTESIAN_POINT('Ctrl Pts',(9.16173201054335,7.26121462881565,2.4));
#11861=CARTESIAN_POINT('Ctrl Pts',(9.16173201054335,7.07186184823513,2.4));
#11862=CARTESIAN_POINT('',(9.16173201054335,7.07186184823513,2.5));
#11863=CARTESIAN_POINT('',(9.16173201054335,7.07186184823513,2.4));
#11864=CARTESIAN_POINT('',(9.02195166796446,7.36594699323177,2.5));
#11865=CARTESIAN_POINT('Ctrl Pts',(9.02195166796446,7.36594699323177,2.5));
#11866=CARTESIAN_POINT('Ctrl Pts',(9.16173201054335,7.26121462881565,2.5));
#11867=CARTESIAN_POINT('Ctrl Pts',(9.16173201054335,7.07186184823513,2.5));
#11868=CARTESIAN_POINT('',(9.02195166796446,7.36594699323177,2.4));
#11869=CARTESIAN_POINT('Ctrl Pts',(8.62185772508383,7.47067891061306,2.4));
#11870=CARTESIAN_POINT('Ctrl Pts',(8.62185772508383,7.47067891061306,2.5));
#11871=CARTESIAN_POINT('Ctrl Pts',(8.88217102736235,7.47067891061306,2.4));
#11872=CARTESIAN_POINT('Ctrl Pts',(8.88217102736235,7.47067891061306,2.5));
#11873=CARTESIAN_POINT('Ctrl Pts',(9.02195166796446,7.36594699323177,2.4));
#11874=CARTESIAN_POINT('Ctrl Pts',(9.02195166796446,7.36594699323177,2.5));
#11875=CARTESIAN_POINT('',(8.62185772508383,7.47067891061306,2.4));
#11876=CARTESIAN_POINT('Ctrl Pts',(8.62185772508383,7.47067891061306,2.4));
#11877=CARTESIAN_POINT('Ctrl Pts',(8.88217102736235,7.47067891061306,2.4));
#11878=CARTESIAN_POINT('Ctrl Pts',(9.02195166796446,7.36594699323177,2.4));
#11879=CARTESIAN_POINT('',(8.62185772508383,7.47067891061306,2.5));
#11880=CARTESIAN_POINT('Ctrl Pts',(8.62185772508383,7.47067891061306,2.5));
#11881=CARTESIAN_POINT('Ctrl Pts',(8.88217102736235,7.47067891061306,2.5));
#11882=CARTESIAN_POINT('Ctrl Pts',(9.02195166796446,7.36594699323177,2.5));
#11883=CARTESIAN_POINT('',(8.62185772508383,7.47067891061306,2.4));
#11884=CARTESIAN_POINT('Ctrl Pts',(8.22136130183935,7.36580930650234,2.4));
#11885=CARTESIAN_POINT('Ctrl Pts',(8.22136130183935,7.36580930650234,2.5));
#11886=CARTESIAN_POINT('Ctrl Pts',(8.36073916405439,7.47067891061306,2.4));
#11887=CARTESIAN_POINT('Ctrl Pts',(8.36073916405439,7.47067891061306,2.5));
#11888=CARTESIAN_POINT('Ctrl Pts',(8.62185772508383,7.47067891061306,2.4));
#11889=CARTESIAN_POINT('Ctrl Pts',(8.62185772508383,7.47067891061306,2.5));
#11890=CARTESIAN_POINT('',(8.22136130183935,7.36580930650234,2.4));
#11891=CARTESIAN_POINT('Ctrl Pts',(8.22136130183935,7.36580930650234,2.4));
#11892=CARTESIAN_POINT('Ctrl Pts',(8.36073916405439,7.47067891061306,2.4));
#11893=CARTESIAN_POINT('Ctrl Pts',(8.62185772508383,7.47067891061306,2.4));
#11894=CARTESIAN_POINT('',(8.22136130183935,7.36580930650234,2.5));
#11895=CARTESIAN_POINT('Ctrl Pts',(8.22136130183935,7.36580930650234,2.5));
#11896=CARTESIAN_POINT('Ctrl Pts',(8.36073916405439,7.47067891061306,2.5));
#11897=CARTESIAN_POINT('Ctrl Pts',(8.62185772508383,7.47067891061306,2.5));
#11898=CARTESIAN_POINT('',(8.22136130183935,7.36580930650234,2.4));
#11899=CARTESIAN_POINT('Ctrl Pts',(8.08198343962431,7.07186184823513,2.4));
#11900=CARTESIAN_POINT('Ctrl Pts',(8.08198343962431,7.07186184823513,2.5));
#11901=CARTESIAN_POINT('Ctrl Pts',(8.08198343962431,7.26093970239162,2.4));
#11902=CARTESIAN_POINT('Ctrl Pts',(8.08198343962431,7.26093970239162,2.5));
#11903=CARTESIAN_POINT('Ctrl Pts',(8.22136130183935,7.36580930650234,2.4));
#11904=CARTESIAN_POINT('Ctrl Pts',(8.22136130183935,7.36580930650234,2.5));
#11905=CARTESIAN_POINT('',(8.08198343962431,7.07186184823513,2.4));
#11906=CARTESIAN_POINT('Ctrl Pts',(8.08198343962431,7.07186184823513,2.4));
#11907=CARTESIAN_POINT('Ctrl Pts',(8.08198343962431,7.26093970239162,2.4));
#11908=CARTESIAN_POINT('Ctrl Pts',(8.22136130183935,7.36580930650234,2.4));
#11909=CARTESIAN_POINT('',(8.08198343962431,7.07186184823513,2.5));
#11910=CARTESIAN_POINT('Ctrl Pts',(8.08198343962431,7.07186184823513,2.5));
#11911=CARTESIAN_POINT('Ctrl Pts',(8.08198343962431,7.26093970239162,2.5));
#11912=CARTESIAN_POINT('Ctrl Pts',(8.22136130183935,7.36580930650234,2.5));
#11913=CARTESIAN_POINT('',(8.08198343962431,7.07186184823513,2.4));
#11914=CARTESIAN_POINT('Ctrl Pts',(8.22092916816473,6.77884735167027,2.4));
#11915=CARTESIAN_POINT('Ctrl Pts',(8.22092916816473,6.77884735167027,2.5));
#11916=CARTESIAN_POINT('Ctrl Pts',(8.08198343962431,6.88339300453663,2.4));
#11917=CARTESIAN_POINT('Ctrl Pts',(8.08198343962431,6.88339300453663,2.5));
#11918=CARTESIAN_POINT('Ctrl Pts',(8.08198343962431,7.07186184823513,2.4));
#11919=CARTESIAN_POINT('Ctrl Pts',(8.08198343962431,7.07186184823513,2.5));
#11920=CARTESIAN_POINT('',(8.22092916816473,6.77884735167027,2.4));
#11921=CARTESIAN_POINT('Ctrl Pts',(8.22092916816473,6.77884735167027,2.4));
#11922=CARTESIAN_POINT('Ctrl Pts',(8.08198343962431,6.88339300453663,2.4));
#11923=CARTESIAN_POINT('Ctrl Pts',(8.08198343962431,7.07186184823513,2.4));
#11924=CARTESIAN_POINT('',(8.22092916816473,6.77884735167027,2.5));
#11925=CARTESIAN_POINT('Ctrl Pts',(8.22092916816473,6.77884735167027,2.5));
#11926=CARTESIAN_POINT('Ctrl Pts',(8.08198343962431,6.88339300453663,2.5));
#11927=CARTESIAN_POINT('Ctrl Pts',(8.08198343962431,7.07186184823513,2.5));
#11928=CARTESIAN_POINT('',(8.22092916816473,6.77884735167027,2.4));
#11929=CARTESIAN_POINT('Ctrl Pts',(8.62185772508383,6.6743016988039,2.4));
#11930=CARTESIAN_POINT('Ctrl Pts',(8.62185772508383,6.6743016988039,2.5));
#11931=CARTESIAN_POINT('Ctrl Pts',(8.35987489670515,6.6743016988039,2.4));
#11932=CARTESIAN_POINT('Ctrl Pts',(8.35987489670515,6.6743016988039,2.5));
#11933=CARTESIAN_POINT('Ctrl Pts',(8.22092916816473,6.77884735167027,2.4));
#11934=CARTESIAN_POINT('Ctrl Pts',(8.22092916816473,6.77884735167027,2.5));
#11935=CARTESIAN_POINT('',(8.62185772508383,6.6743016988039,2.4));
#11936=CARTESIAN_POINT('Ctrl Pts',(8.62185772508383,6.6743016988039,2.4));
#11937=CARTESIAN_POINT('Ctrl Pts',(8.35987489670515,6.6743016988039,2.4));
#11938=CARTESIAN_POINT('Ctrl Pts',(8.22092916816473,6.77884735167027,2.4));
#11939=CARTESIAN_POINT('',(8.62185772508383,6.6743016988039,2.5));
#11940=CARTESIAN_POINT('Ctrl Pts',(8.62185772508383,6.6743016988039,2.5));
#11941=CARTESIAN_POINT('Ctrl Pts',(8.35987489670515,6.6743016988039,2.5));
#11942=CARTESIAN_POINT('Ctrl Pts',(8.22092916816473,6.77884735167027,2.5));
#11943=CARTESIAN_POINT('',(8.62185772508383,6.6743016988039,2.4));
#11944=CARTESIAN_POINT('Ctrl Pts',(9.02237366884947,6.77870981395245,2.4));
#11945=CARTESIAN_POINT('Ctrl Pts',(9.02237366884947,6.77870981395245,2.5));
#11946=CARTESIAN_POINT('Ctrl Pts',(8.88301562517881,6.6743016988039,2.4));
#11947=CARTESIAN_POINT('Ctrl Pts',(8.88301562517881,6.6743016988039,2.5));
#11948=CARTESIAN_POINT('Ctrl Pts',(8.62185772508383,6.6743016988039,2.4));
#11949=CARTESIAN_POINT('Ctrl Pts',(8.62185772508383,6.6743016988039,2.5));
#11950=CARTESIAN_POINT('',(9.02237366884947,6.77870981395245,2.4));
#11951=CARTESIAN_POINT('Ctrl Pts',(9.02237366884947,6.77870981395245,2.4));
#11952=CARTESIAN_POINT('Ctrl Pts',(8.88301562517881,6.6743016988039,2.4));
#11953=CARTESIAN_POINT('Ctrl Pts',(8.62185772508383,6.6743016988039,2.4));
#11954=CARTESIAN_POINT('',(9.02237366884947,6.77870981395245,2.5));
#11955=CARTESIAN_POINT('Ctrl Pts',(9.02237366884947,6.77870981395245,2.5));
#11956=CARTESIAN_POINT('Ctrl Pts',(8.88301562517881,6.6743016988039,2.5));
#11957=CARTESIAN_POINT('Ctrl Pts',(8.62185772508383,6.6743016988039,2.5));
#11958=CARTESIAN_POINT('',(9.02237366884947,6.77870981395245,2.4));
#11959=CARTESIAN_POINT('Ctrl Pts',(9.16173201054335,7.07186184823513,2.4));
#11960=CARTESIAN_POINT('Ctrl Pts',(9.16173201054335,7.07186184823513,2.5));
#11961=CARTESIAN_POINT('Ctrl Pts',(9.16173201054335,6.8831180781126,2.4));
#11962=CARTESIAN_POINT('Ctrl Pts',(9.16173201054335,6.8831180781126,2.5));
#11963=CARTESIAN_POINT('Ctrl Pts',(9.02237366884947,6.77870981395245,2.4));
#11964=CARTESIAN_POINT('Ctrl Pts',(9.02237366884947,6.77870981395245,2.5));
#11965=CARTESIAN_POINT('Ctrl Pts',(9.16173201054335,7.07186184823513,2.4));
#11966=CARTESIAN_POINT('Ctrl Pts',(9.16173201054335,6.8831180781126,2.4));
#11967=CARTESIAN_POINT('Ctrl Pts',(9.02237366884947,6.77870981395245,2.4));
#11968=CARTESIAN_POINT('Ctrl Pts',(9.16173201054335,7.07186184823513,2.5));
#11969=CARTESIAN_POINT('Ctrl Pts',(9.16173201054335,6.8831180781126,2.5));
#11970=CARTESIAN_POINT('Ctrl Pts',(9.02237366884947,6.77870981395245,2.5));
#11971=CARTESIAN_POINT('Ctrl Pts',(9.32513993233442,7.07186184823513,2.4));
#11972=CARTESIAN_POINT('Ctrl Pts',(9.32513993233442,7.07186184823513,2.5));
#11973=CARTESIAN_POINT('Ctrl Pts',(9.32513993233442,7.34240792691708,2.4));
#11974=CARTESIAN_POINT('Ctrl Pts',(9.32513993233442,7.34240792691708,2.5));
#11975=CARTESIAN_POINT('Ctrl Pts',(9.13921426981688,7.49146841466427,2.4));
#11976=CARTESIAN_POINT('Ctrl Pts',(9.13921426981688,7.49146841466427,2.5));
#11977=CARTESIAN_POINT('',(9.13921426981688,7.49146841466427,2.4));
#11978=CARTESIAN_POINT('',(9.32513993233442,7.07186184823513,2.4));
#11979=CARTESIAN_POINT('Ctrl Pts',(9.13921426981688,7.49146841466427,2.4));
#11980=CARTESIAN_POINT('Ctrl Pts',(9.32513993233442,7.34240792691708,2.4));
#11981=CARTESIAN_POINT('Ctrl Pts',(9.32513993233442,7.07186184823513,2.4));
#11982=CARTESIAN_POINT('',(9.13921426981688,7.49146841466427,2.5));
#11983=CARTESIAN_POINT('',(9.13921426981688,7.49146841466427,2.4));
#11984=CARTESIAN_POINT('',(9.32513993233442,7.07186184823513,2.5));
#11985=CARTESIAN_POINT('Ctrl Pts',(9.32513993233442,7.07186184823513,2.5));
#11986=CARTESIAN_POINT('Ctrl Pts',(9.32513993233442,7.34240792691708,2.5));
#11987=CARTESIAN_POINT('Ctrl Pts',(9.13921426981688,7.49146841466427,2.5));
#11988=CARTESIAN_POINT('',(9.32513993233442,7.07186184823513,2.4));
#11989=CARTESIAN_POINT('Ctrl Pts',(9.13965623825788,6.65379710495472,2.4));
#11990=CARTESIAN_POINT('Ctrl Pts',(9.13965623825788,6.65379710495472,2.5));
#11991=CARTESIAN_POINT('Ctrl Pts',(9.32513993233442,6.80314235389233,2.4));
#11992=CARTESIAN_POINT('Ctrl Pts',(9.32513993233442,6.80314235389233,2.5));
#11993=CARTESIAN_POINT('Ctrl Pts',(9.32513993233442,7.07186184823513,2.4));
#11994=CARTESIAN_POINT('Ctrl Pts',(9.32513993233442,7.07186184823513,2.5));
#11995=CARTESIAN_POINT('',(9.13965623825788,6.65379710495472,2.4));
#11996=CARTESIAN_POINT('Ctrl Pts',(9.32513993233442,7.07186184823513,2.4));
#11997=CARTESIAN_POINT('Ctrl Pts',(9.32513993233442,6.80314235389233,2.4));
#11998=CARTESIAN_POINT('Ctrl Pts',(9.13965623825788,6.65379710495472,2.4));
#11999=CARTESIAN_POINT('',(9.13965623825788,6.65379710495472,2.5));
#12000=CARTESIAN_POINT('Ctrl Pts',(9.13965623825788,6.65379710495472,2.5));
#12001=CARTESIAN_POINT('Ctrl Pts',(9.32513993233442,6.80314235389233,2.5));
#12002=CARTESIAN_POINT('Ctrl Pts',(9.32513993233442,7.07186184823513,2.5));
#12003=CARTESIAN_POINT('',(9.13965623825788,6.65379710495472,2.4));
#12004=CARTESIAN_POINT('Ctrl Pts',(8.62185772508383,6.50445185601711,2.4));
#12005=CARTESIAN_POINT('Ctrl Pts',(8.62185772508383,6.50445185601711,2.5));
#12006=CARTESIAN_POINT('Ctrl Pts',(8.95417269319296,6.50445185601711,2.4));
#12007=CARTESIAN_POINT('Ctrl Pts',(8.95417269319296,6.50445185601711,2.5));
#12008=CARTESIAN_POINT('Ctrl Pts',(9.13965623825788,6.65379710495472,2.4));
#12009=CARTESIAN_POINT('Ctrl Pts',(9.13965623825788,6.65379710495472,2.5));
#12010=CARTESIAN_POINT('',(8.62185772508383,6.50445185601711,2.4));
#12011=CARTESIAN_POINT('Ctrl Pts',(9.13965623825788,6.65379710495472,2.4));
#12012=CARTESIAN_POINT('Ctrl Pts',(8.95417269319296,6.50445185601711,2.4));
#12013=CARTESIAN_POINT('Ctrl Pts',(8.62185772508383,6.50445185601711,2.4));
#12014=CARTESIAN_POINT('',(8.62185772508383,6.50445185601711,2.5));
#12015=CARTESIAN_POINT('Ctrl Pts',(8.62185772508383,6.50445185601711,2.5));
#12016=CARTESIAN_POINT('Ctrl Pts',(8.95417269319296,6.50445185601711,2.5));
#12017=CARTESIAN_POINT('Ctrl Pts',(9.13965623825788,6.65379710495472,2.5));
#12018=CARTESIAN_POINT('',(8.62185772508383,6.50445185601711,2.4));
#12019=CARTESIAN_POINT('Ctrl Pts',(8.10362707823515,6.65397383272648,2.4));
#12020=CARTESIAN_POINT('Ctrl Pts',(8.10362707823515,6.65397383272648,2.5));
#12021=CARTESIAN_POINT('Ctrl Pts',(8.28867863863707,6.50445185601711,2.4));
#12022=CARTESIAN_POINT('Ctrl Pts',(8.28867863863707,6.50445185601711,2.5));
#12023=CARTESIAN_POINT('Ctrl Pts',(8.62185772508383,6.50445185601711,2.4));
#12024=CARTESIAN_POINT('Ctrl Pts',(8.62185772508383,6.50445185601711,2.5));
#12025=CARTESIAN_POINT('',(8.10362707823515,6.65397383272648,2.4));
#12026=CARTESIAN_POINT('Ctrl Pts',(8.62185772508383,6.50445185601711,2.4));
#12027=CARTESIAN_POINT('Ctrl Pts',(8.28867863863707,6.50445185601711,2.4));
#12028=CARTESIAN_POINT('Ctrl Pts',(8.10362707823515,6.65397383272648,2.4));
#12029=CARTESIAN_POINT('',(8.10362707823515,6.65397383272648,2.5));
#12030=CARTESIAN_POINT('Ctrl Pts',(8.10362707823515,6.65397383272648,2.5));
#12031=CARTESIAN_POINT('Ctrl Pts',(8.28867863863707,6.50445185601711,2.5));
#12032=CARTESIAN_POINT('Ctrl Pts',(8.62185772508383,6.50445185601711,2.5));
#12033=CARTESIAN_POINT('',(8.10362707823515,6.65397383272648,2.4));
#12034=CARTESIAN_POINT('Ctrl Pts',(7.91857551783323,7.07186184823513,2.4));
#12035=CARTESIAN_POINT('Ctrl Pts',(7.91857551783323,7.07186184823513,2.5));
#12036=CARTESIAN_POINT('Ctrl Pts',(7.91857551783323,6.80349595844746,2.4));
#12037=CARTESIAN_POINT('Ctrl Pts',(7.91857551783323,6.80349595844746,2.5));
#12038=CARTESIAN_POINT('Ctrl Pts',(8.10362707823515,6.65397383272648,2.4));
#12039=CARTESIAN_POINT('Ctrl Pts',(8.10362707823515,6.65397383272648,2.5));
#12040=CARTESIAN_POINT('',(7.91857551783323,7.07186184823513,2.4));
#12041=CARTESIAN_POINT('Ctrl Pts',(8.10362707823515,6.65397383272648,2.4));
#12042=CARTESIAN_POINT('Ctrl Pts',(7.91857551783323,6.80349595844746,2.4));
#12043=CARTESIAN_POINT('Ctrl Pts',(7.91857551783323,7.07186184823513,2.4));
#12044=CARTESIAN_POINT('',(7.91857551783323,7.07186184823513,2.5));
#12045=CARTESIAN_POINT('Ctrl Pts',(7.91857551783323,7.07186184823513,2.5));
#12046=CARTESIAN_POINT('Ctrl Pts',(7.91857551783323,6.80349595844746,2.5));
#12047=CARTESIAN_POINT('Ctrl Pts',(8.10362707823515,6.65397383272648,2.5));
#12048=CARTESIAN_POINT('',(7.91857551783323,7.07186184823513,2.4));
#12049=CARTESIAN_POINT('Ctrl Pts',(8.10405921190977,7.4913015216589,2.4));
#12050=CARTESIAN_POINT('Ctrl Pts',(8.10405921190977,7.4913015216589,2.5));
#12051=CARTESIAN_POINT('Ctrl Pts',(7.91857551783323,7.34207414090633,2.4));
#12052=CARTESIAN_POINT('Ctrl Pts',(7.91857551783323,7.34207414090633,2.5));
#12053=CARTESIAN_POINT('Ctrl Pts',(7.91857551783323,7.07186184823513,2.4));
#12054=CARTESIAN_POINT('Ctrl Pts',(7.91857551783323,7.07186184823513,2.5));
#12055=CARTESIAN_POINT('',(8.10405921190977,7.4913015216589,2.4));
#12056=CARTESIAN_POINT('Ctrl Pts',(7.91857551783323,7.07186184823513,2.4));
#12057=CARTESIAN_POINT('Ctrl Pts',(7.91857551783323,7.34207414090633,2.4));
#12058=CARTESIAN_POINT('Ctrl Pts',(8.10405921190977,7.4913015216589,2.4));
#12059=CARTESIAN_POINT('',(8.10405921190977,7.4913015216589,2.5));
#12060=CARTESIAN_POINT('Ctrl Pts',(8.10405921190977,7.4913015216589,2.5));
#12061=CARTESIAN_POINT('Ctrl Pts',(7.91857551783323,7.34207414090633,2.5));
#12062=CARTESIAN_POINT('Ctrl Pts',(7.91857551783323,7.07186184823513,2.5));
#12063=CARTESIAN_POINT('',(8.10405921190977,7.4913015216589,2.4));
#12064=CARTESIAN_POINT('Ctrl Pts',(8.62185772508383,7.64052890241146,2.4));
#12065=CARTESIAN_POINT('Ctrl Pts',(8.62185772508383,7.64052890241146,2.5));
#12066=CARTESIAN_POINT('Ctrl Pts',(8.28954290598631,7.64052890241146,2.4));
#12067=CARTESIAN_POINT('Ctrl Pts',(8.28954290598631,7.64052890241146,2.5));
#12068=CARTESIAN_POINT('Ctrl Pts',(8.10405921190977,7.4913015216589,2.4));
#12069=CARTESIAN_POINT('Ctrl Pts',(8.10405921190977,7.4913015216589,2.5));
#12070=CARTESIAN_POINT('',(8.62185772508383,7.64052890241146,2.4));
#12071=CARTESIAN_POINT('Ctrl Pts',(8.10405921190977,7.4913015216589,2.4));
#12072=CARTESIAN_POINT('Ctrl Pts',(8.28954290598631,7.64052890241146,2.4));
#12073=CARTESIAN_POINT('Ctrl Pts',(8.62185772508383,7.64052890241146,2.4));
#12074=CARTESIAN_POINT('',(8.62185772508383,7.64052890241146,2.5));
#12075=CARTESIAN_POINT('Ctrl Pts',(8.62185772508383,7.64052890241146,2.5));
#12076=CARTESIAN_POINT('Ctrl Pts',(8.28954290598631,7.64052890241146,2.5));
#12077=CARTESIAN_POINT('Ctrl Pts',(8.10405921190977,7.4913015216589,2.5));
#12078=CARTESIAN_POINT('',(8.62185772508383,7.64052890241146,2.4));
#12079=CARTESIAN_POINT('Ctrl Pts',(9.13921426981688,7.49146841466427,2.4));
#12080=CARTESIAN_POINT('Ctrl Pts',(9.13921426981688,7.49146841466427,2.5));
#12081=CARTESIAN_POINT('Ctrl Pts',(8.95328890532255,7.64052890241146,2.4));
#12082=CARTESIAN_POINT('Ctrl Pts',(8.95328890532255,7.64052890241146,2.5));
#12083=CARTESIAN_POINT('Ctrl Pts',(8.62185772508383,7.64052890241146,2.4));
#12084=CARTESIAN_POINT('Ctrl Pts',(8.62185772508383,7.64052890241146,2.5));
#12085=CARTESIAN_POINT('Ctrl Pts',(8.62185772508383,7.64052890241146,2.4));
#12086=CARTESIAN_POINT('Ctrl Pts',(8.95328890532255,7.64052890241146,2.4));
#12087=CARTESIAN_POINT('Ctrl Pts',(9.13921426981688,7.49146841466427,2.4));
#12088=CARTESIAN_POINT('Ctrl Pts',(9.13921426981688,7.49146841466427,2.5));
#12089=CARTESIAN_POINT('Ctrl Pts',(8.95328890532255,7.64052890241146,2.5));
#12090=CARTESIAN_POINT('Ctrl Pts',(8.62185772508383,7.64052890241146,2.5));
#12091=CARTESIAN_POINT('Origin',(8.62185772508383,7.07249037921429,2.5));
#12092=CARTESIAN_POINT('Origin',(8.62185772508383,7.07249037921429,2.4));
#12093=CARTESIAN_POINT('Origin',(7.56159227341413,8.39491508901119,2.4));
#12094=CARTESIAN_POINT('',(8.84379383176565,8.39491508901119,2.4));
#12095=CARTESIAN_POINT('',(7.56159227341413,8.39491508901119,2.4));
#12096=CARTESIAN_POINT('',(8.84379383176565,8.39491508901119,2.4));
#12097=CARTESIAN_POINT('',(8.84379383176565,8.39491508901119,2.5));
#12098=CARTESIAN_POINT('',(8.84379383176565,8.39491508901119,2.4));
#12099=CARTESIAN_POINT('',(7.56159227341413,8.39491508901119,2.5));
#12100=CARTESIAN_POINT('',(8.84379383176565,8.39491508901119,2.5));
#12101=CARTESIAN_POINT('',(7.56159227341413,8.39491508901119,2.4));
#12102=CARTESIAN_POINT('Origin',(7.56159227341413,7.96726576983929,2.4));
#12103=CARTESIAN_POINT('',(7.56159227341413,7.96726576983929,2.4));
#12104=CARTESIAN_POINT('',(7.56159227341413,8.4686254709959,2.4));
#12105=CARTESIAN_POINT('',(7.56159227341413,7.96726576983929,2.5));
#12106=CARTESIAN_POINT('',(7.56159227341413,8.4686254709959,2.5));
#12107=CARTESIAN_POINT('',(7.56159227341413,7.96726576983929,2.4));
#12108=CARTESIAN_POINT('Origin',(7.40069847553968,7.96726576983929,2.4));
#12109=CARTESIAN_POINT('',(7.40069847553968,7.96726576983929,2.4));
#12110=CARTESIAN_POINT('',(7.56159227341413,7.96726576983929,2.4));
#12111=CARTESIAN_POINT('',(7.40069847553968,7.96726576983929,2.5));
#12112=CARTESIAN_POINT('',(7.56159227341413,7.96726576983929,2.5));
#12113=CARTESIAN_POINT('',(7.40069847553968,7.96726576983929,2.4));
#12114=CARTESIAN_POINT('Origin',(7.40069847553968,8.56229029595852,2.4));
#12115=CARTESIAN_POINT('',(7.40069847553968,8.56229029595852,2.4));
#12116=CARTESIAN_POINT('',(7.40069847553968,8.39491508901119,2.4));
#12117=CARTESIAN_POINT('',(7.40069847553968,8.56229029595852,2.5));
#12118=CARTESIAN_POINT('',(7.40069847553968,8.39491508901119,2.5));
#12119=CARTESIAN_POINT('',(7.40069847553968,8.56229029595852,2.4));
#12120=CARTESIAN_POINT('Origin',(8.84402956813574,8.56229029595852,2.4));
#12121=CARTESIAN_POINT('',(8.84402956813574,8.56229029595852,2.4));
#12122=CARTESIAN_POINT('',(7.40069847553968,8.56229029595852,2.4));
#12123=CARTESIAN_POINT('',(8.84402956813574,8.56229029595852,2.5));
#12124=CARTESIAN_POINT('',(7.40069847553968,8.56229029595852,2.5));
#12125=CARTESIAN_POINT('',(8.84402956813574,8.56229029595852,2.4));
#12126=CARTESIAN_POINT('Ctrl Pts',(9.02280580252409,8.59661184251308,2.4));
#12127=CARTESIAN_POINT('Ctrl Pts',(9.02280580252409,8.59661184251308,2.5));
#12128=CARTESIAN_POINT('Ctrl Pts',(8.95356383174658,8.56229029595852,2.4));
#12129=CARTESIAN_POINT('Ctrl Pts',(8.95356383174658,8.56229029595852,2.5));
#12130=CARTESIAN_POINT('Ctrl Pts',(8.84402956813574,8.56229029595852,2.4));
#12131=CARTESIAN_POINT('Ctrl Pts',(8.84402956813574,8.56229029595852,2.5));
#12132=CARTESIAN_POINT('',(9.02280580252409,8.59661184251308,2.4));
#12133=CARTESIAN_POINT('Ctrl Pts',(8.84402956813574,8.56229029595852,2.4));
#12134=CARTESIAN_POINT('Ctrl Pts',(8.95356383174658,8.56229029595852,2.4));
#12135=CARTESIAN_POINT('Ctrl Pts',(9.02280580252409,8.59661184251308,2.4));
#12136=CARTESIAN_POINT('',(9.02280580252409,8.59661184251308,2.5));
#12137=CARTESIAN_POINT('Ctrl Pts',(9.02280580252409,8.59661184251308,2.5));
#12138=CARTESIAN_POINT('Ctrl Pts',(8.95356383174658,8.56229029595852,2.5));
#12139=CARTESIAN_POINT('Ctrl Pts',(8.84402956813574,8.56229029595852,2.5));
#12140=CARTESIAN_POINT('',(9.02280580252409,8.59661184251308,2.4));
#12141=CARTESIAN_POINT('Ctrl Pts',(9.12689011543989,8.69946859776974,2.4));
#12142=CARTESIAN_POINT('Ctrl Pts',(9.12689011543989,8.69946859776974,2.5));
#12143=CARTESIAN_POINT('Ctrl Pts',(9.09204792231321,8.63093338906765,2.4));
#12144=CARTESIAN_POINT('Ctrl Pts',(9.09204792231321,8.63093338906765,2.5));
#12145=CARTESIAN_POINT('Ctrl Pts',(9.02280580252409,8.59661184251308,2.4));
#12146=CARTESIAN_POINT('Ctrl Pts',(9.02280580252409,8.59661184251308,2.5));
#12147=CARTESIAN_POINT('',(9.12689011543989,8.69946859776974,2.4));
#12148=CARTESIAN_POINT('Ctrl Pts',(9.02280580252409,8.59661184251308,2.4));
#12149=CARTESIAN_POINT('Ctrl Pts',(9.09204792231321,8.63093338906765,2.4));
#12150=CARTESIAN_POINT('Ctrl Pts',(9.12689011543989,8.69946859776974,2.4));
#12151=CARTESIAN_POINT('',(9.12689011543989,8.69946859776974,2.5));
#12152=CARTESIAN_POINT('Ctrl Pts',(9.12689011543989,8.69946859776974,2.5));
#12153=CARTESIAN_POINT('Ctrl Pts',(9.09204792231321,8.63093338906765,2.5));
#12154=CARTESIAN_POINT('Ctrl Pts',(9.02280580252409,8.59661184251308,2.5));
#12155=CARTESIAN_POINT('',(9.12689011543989,8.69946859776974,2.4));
#12156=CARTESIAN_POINT('Ctrl Pts',(9.16173201054335,8.87482725083828,2.4));
#12157=CARTESIAN_POINT('Ctrl Pts',(9.16173201054335,8.87482725083828,2.5));
#12158=CARTESIAN_POINT('Ctrl Pts',(9.16173201054335,8.7680035084486,2.4));
#12159=CARTESIAN_POINT('Ctrl Pts',(9.16173201054335,8.7680035084486,2.5));
#12160=CARTESIAN_POINT('Ctrl Pts',(9.12689011543989,8.69946859776974,2.4));
#12161=CARTESIAN_POINT('Ctrl Pts',(9.12689011543989,8.69946859776974,2.5));
#12162=CARTESIAN_POINT('',(9.16173201054335,8.87482725083828,2.4));
#12163=CARTESIAN_POINT('Ctrl Pts',(9.12689011543989,8.69946859776974,2.4));
#12164=CARTESIAN_POINT('Ctrl Pts',(9.16173201054335,8.7680035084486,2.4));
#12165=CARTESIAN_POINT('Ctrl Pts',(9.16173201054335,8.87482725083828,2.4));
#12166=CARTESIAN_POINT('',(9.16173201054335,8.87482725083828,2.5));
#12167=CARTESIAN_POINT('Ctrl Pts',(9.16173201054335,8.87482725083828,2.5));
#12168=CARTESIAN_POINT('Ctrl Pts',(9.16173201054335,8.7680035084486,2.5));
#12169=CARTESIAN_POINT('Ctrl Pts',(9.12689011543989,8.69946859776974,2.5));
#12170=CARTESIAN_POINT('',(9.16173201054335,8.87482725083828,2.4));
#12171=CARTESIAN_POINT('Ctrl Pts',(9.1259865090251,9.14498053491116,2.4));
#12172=CARTESIAN_POINT('Ctrl Pts',(9.1259865090251,9.14498053491116,2.5));
#12173=CARTESIAN_POINT('Ctrl Pts',(9.16173201054335,8.97159539163113,2.4));
#12174=CARTESIAN_POINT('Ctrl Pts',(9.16173201054335,8.97159539163113,2.5));
#12175=CARTESIAN_POINT('Ctrl Pts',(9.16173201054335,8.87482725083828,2.4));
#12176=CARTESIAN_POINT('Ctrl Pts',(9.16173201054335,8.87482725083828,2.5));
#12177=CARTESIAN_POINT('',(9.1259865090251,9.14498053491116,2.4));
#12178=CARTESIAN_POINT('Ctrl Pts',(9.16173201054335,8.87482725083828,2.4));
#12179=CARTESIAN_POINT('Ctrl Pts',(9.16173201054335,8.97159539163113,2.4));
#12180=CARTESIAN_POINT('Ctrl Pts',(9.1259865090251,9.14498053491116,2.4));
#12181=CARTESIAN_POINT('',(9.1259865090251,9.14498053491116,2.5));
#12182=CARTESIAN_POINT('Ctrl Pts',(9.1259865090251,9.14498053491116,2.5));
#12183=CARTESIAN_POINT('Ctrl Pts',(9.16173201054335,8.97159539163113,2.5));
#12184=CARTESIAN_POINT('Ctrl Pts',(9.16173201054335,8.87482725083828,2.5));
#12185=CARTESIAN_POINT('',(9.1259865090251,9.14498053491116,2.4));
#12186=CARTESIAN_POINT('Origin',(9.27872966974974,9.16249983012676,2.4));
#12187=CARTESIAN_POINT('',(9.27872966974974,9.16249983012676,2.4));
#12188=CARTESIAN_POINT('',(9.1259865090251,9.14498053491116,2.4));
#12189=CARTESIAN_POINT('',(9.27872966974974,9.16249983012676,2.5));
#12190=CARTESIAN_POINT('',(9.1259865090251,9.14498053491116,2.5));
#12191=CARTESIAN_POINT('',(9.27872966974974,9.16249983012676,2.4));
#12192=CARTESIAN_POINT('Ctrl Pts',(9.31577127426863,9.00586806237698,2.4));
#12193=CARTESIAN_POINT('Ctrl Pts',(9.31577127426863,9.00586806237698,2.5));
#12194=CARTESIAN_POINT('Ctrl Pts',(9.30640291422606,9.07158456742764,2.4));
#12195=CARTESIAN_POINT('Ctrl Pts',(9.30640291422606,9.07158456742764,2.5));
#12196=CARTESIAN_POINT('Ctrl Pts',(9.27872966974974,9.16249983012676,2.4));
#12197=CARTESIAN_POINT('Ctrl Pts',(9.27872966974974,9.16249983012676,2.5));
#12198=CARTESIAN_POINT('',(9.31577127426863,9.00586806237698,2.4));
#12199=CARTESIAN_POINT('Ctrl Pts',(9.27872966974974,9.16249983012676,2.4));
#12200=CARTESIAN_POINT('Ctrl Pts',(9.30640291422606,9.07158456742764,2.4));
#12201=CARTESIAN_POINT('Ctrl Pts',(9.31577127426863,9.00586806237698,2.4));
#12202=CARTESIAN_POINT('',(9.31577127426863,9.00586806237698,2.5));
#12203=CARTESIAN_POINT('Ctrl Pts',(9.31577127426863,9.00586806237698,2.5));
#12204=CARTESIAN_POINT('Ctrl Pts',(9.30640291422606,9.07158456742764,2.5));
#12205=CARTESIAN_POINT('Ctrl Pts',(9.27872966974974,9.16249983012676,2.5));
#12206=CARTESIAN_POINT('',(9.31577127426863,9.00586806237698,2.4));
#12207=CARTESIAN_POINT('Ctrl Pts',(9.32513993233442,8.86249326169491,2.4));
#12208=CARTESIAN_POINT('Ctrl Pts',(9.32513993233442,8.86249326169491,2.5));
#12209=CARTESIAN_POINT('Ctrl Pts',(9.32513993233442,8.94015125930309,2.4));
#12210=CARTESIAN_POINT('Ctrl Pts',(9.32513993233442,8.94015125930309,2.5));
#12211=CARTESIAN_POINT('Ctrl Pts',(9.31577127426863,9.00586806237698,2.4));
#12212=CARTESIAN_POINT('Ctrl Pts',(9.31577127426863,9.00586806237698,2.5));
#12213=CARTESIAN_POINT('',(9.32513993233442,8.86249326169491,2.4));
#12214=CARTESIAN_POINT('Ctrl Pts',(9.31577127426863,9.00586806237698,2.4));
#12215=CARTESIAN_POINT('Ctrl Pts',(9.32513993233442,8.94015125930309,2.4));
#12216=CARTESIAN_POINT('Ctrl Pts',(9.32513993233442,8.86249326169491,2.4));
#12217=CARTESIAN_POINT('',(9.32513993233442,8.86249326169491,2.5));
#12218=CARTESIAN_POINT('Ctrl Pts',(9.32513993233442,8.86249326169491,2.5));
#12219=CARTESIAN_POINT('Ctrl Pts',(9.32513993233442,8.94015125930309,2.5));
#12220=CARTESIAN_POINT('Ctrl Pts',(9.31577127426863,9.00586806237698,2.5));
#12221=CARTESIAN_POINT('',(9.32513993233442,8.86249326169491,2.4));
#12222=CARTESIAN_POINT('Ctrl Pts',(9.20389991253614,8.51216815412045,2.4));
#12223=CARTESIAN_POINT('Ctrl Pts',(9.20389991253614,8.51216815412045,2.5));
#12224=CARTESIAN_POINT('Ctrl Pts',(9.32513993233442,8.6294212192297,2.4));
#12225=CARTESIAN_POINT('Ctrl Pts',(9.32513993233442,8.6294212192297,2.5));
#12226=CARTESIAN_POINT('Ctrl Pts',(9.32513993233442,8.86249326169491,2.4));
#12227=CARTESIAN_POINT('Ctrl Pts',(9.32513993233442,8.86249326169491,2.5));
#12228=CARTESIAN_POINT('',(9.20389991253614,8.51216815412045,2.4));
#12229=CARTESIAN_POINT('Ctrl Pts',(9.32513993233442,8.86249326169491,2.4));
#12230=CARTESIAN_POINT('Ctrl Pts',(9.32513993233442,8.6294212192297,2.4));
#12231=CARTESIAN_POINT('Ctrl Pts',(9.20389991253614,8.51216815412045,2.4));
#12232=CARTESIAN_POINT('',(9.20389991253614,8.51216815412045,2.5));
#12233=CARTESIAN_POINT('Ctrl Pts',(9.20389991253614,8.51216815412045,2.5));
#12234=CARTESIAN_POINT('Ctrl Pts',(9.32513993233442,8.6294212192297,2.5));
#12235=CARTESIAN_POINT('Ctrl Pts',(9.32513993233442,8.86249326169491,2.5));
#12236=CARTESIAN_POINT('',(9.20389991253614,8.51216815412045,2.4));
#12237=CARTESIAN_POINT('Ctrl Pts',(8.84379383176565,8.39491508901119,2.4));
#12238=CARTESIAN_POINT('Ctrl Pts',(8.84379383176565,8.39491508901119,2.5));
#12239=CARTESIAN_POINT('Ctrl Pts',(9.08265989273787,8.39491508901119,2.4));
#12240=CARTESIAN_POINT('Ctrl Pts',(9.08265989273787,8.39491508901119,2.5));
#12241=CARTESIAN_POINT('Ctrl Pts',(9.20389991253614,8.51216815412045,2.4));
#12242=CARTESIAN_POINT('Ctrl Pts',(9.20389991253614,8.51216815412045,2.5));
#12243=CARTESIAN_POINT('Ctrl Pts',(9.20389991253614,8.51216815412045,2.4));
#12244=CARTESIAN_POINT('Ctrl Pts',(9.08265989273787,8.39491508901119,2.4));
#12245=CARTESIAN_POINT('Ctrl Pts',(8.84379383176565,8.39491508901119,2.4));
#12246=CARTESIAN_POINT('Ctrl Pts',(8.84379383176565,8.39491508901119,2.5));
#12247=CARTESIAN_POINT('Ctrl Pts',(9.08265989273787,8.39491508901119,2.5));
#12248=CARTESIAN_POINT('Ctrl Pts',(9.20389991253614,8.51216815412045,2.5));
#12249=CARTESIAN_POINT('Origin',(8.36291920393705,8.56488279998302,2.5));
#12250=CARTESIAN_POINT('Origin',(8.36291920393705,8.56488279998302,2.4));
#12251=CARTESIAN_POINT('Ctrl Pts',(9.02195166796446,14.9141313880682,2.4));
#12252=CARTESIAN_POINT('Ctrl Pts',(9.02195166796446,14.9141313880682,2.5));
#12253=CARTESIAN_POINT('Ctrl Pts',(9.16173201054335,14.8093988746405,2.4));
#12254=CARTESIAN_POINT('Ctrl Pts',(9.16173201054335,14.8093988746405,2.5));
#12255=CARTESIAN_POINT('Ctrl Pts',(9.16173201054335,14.6200462430716,2.4));
#12256=CARTESIAN_POINT('Ctrl Pts',(9.16173201054335,14.6200462430716,2.5));
#12257=CARTESIAN_POINT('',(9.02195166796446,14.9141313880682,2.4));
#12258=CARTESIAN_POINT('',(9.16173201054335,14.6200462430716,2.4));
#12259=CARTESIAN_POINT('Ctrl Pts',(9.02195166796446,14.9141313880682,2.4));
#12260=CARTESIAN_POINT('Ctrl Pts',(9.16173201054335,14.8093988746405,2.4));
#12261=CARTESIAN_POINT('Ctrl Pts',(9.16173201054335,14.6200462430716,2.4));
#12262=CARTESIAN_POINT('',(9.16173201054335,14.6200462430716,2.5));
#12263=CARTESIAN_POINT('',(9.16173201054335,14.6200462430716,2.4));
#12264=CARTESIAN_POINT('',(9.02195166796446,14.9141313880682,2.5));
#12265=CARTESIAN_POINT('Ctrl Pts',(9.02195166796446,14.9141313880682,2.5));
#12266=CARTESIAN_POINT('Ctrl Pts',(9.16173201054335,14.8093988746405,2.5));
#12267=CARTESIAN_POINT('Ctrl Pts',(9.16173201054335,14.6200462430716,2.5));
#12268=CARTESIAN_POINT('',(9.02195166796446,14.9141313880682,2.4));
#12269=CARTESIAN_POINT('Ctrl Pts',(8.62185772508383,15.018862709403,2.4));
#12270=CARTESIAN_POINT('Ctrl Pts',(8.62185772508383,15.018862709403,2.5));
#12271=CARTESIAN_POINT('Ctrl Pts',(8.88217102736235,15.018862709403,2.4));
#12272=CARTESIAN_POINT('Ctrl Pts',(8.88217102736235,15.018862709403,2.5));
#12273=CARTESIAN_POINT('Ctrl Pts',(9.02195166796446,14.9141313880682,2.4));
#12274=CARTESIAN_POINT('Ctrl Pts',(9.02195166796446,14.9141313880682,2.5));
#12275=CARTESIAN_POINT('',(8.62185772508383,15.018862709403,2.4));
#12276=CARTESIAN_POINT('Ctrl Pts',(8.62185772508383,15.018862709403,2.4));
#12277=CARTESIAN_POINT('Ctrl Pts',(8.88217102736235,15.018862709403,2.4));
#12278=CARTESIAN_POINT('Ctrl Pts',(9.02195166796446,14.9141313880682,2.4));
#12279=CARTESIAN_POINT('',(8.62185772508383,15.018862709403,2.5));
#12280=CARTESIAN_POINT('Ctrl Pts',(8.62185772508383,15.018862709403,2.5));
#12281=CARTESIAN_POINT('Ctrl Pts',(8.88217102736235,15.018862709403,2.5));
#12282=CARTESIAN_POINT('Ctrl Pts',(9.02195166796446,14.9141313880682,2.5));
#12283=CARTESIAN_POINT('',(8.62185772508383,15.018862709403,2.4));
#12284=CARTESIAN_POINT('Ctrl Pts',(8.22136130183935,14.9139931052923,2.4));
#12285=CARTESIAN_POINT('Ctrl Pts',(8.22136130183935,14.9139931052923,2.5));
#12286=CARTESIAN_POINT('Ctrl Pts',(8.36073916405439,15.018862709403,2.4));
#12287=CARTESIAN_POINT('Ctrl Pts',(8.36073916405439,15.018862709403,2.5));
#12288=CARTESIAN_POINT('Ctrl Pts',(8.62185772508383,15.018862709403,2.4));
#12289=CARTESIAN_POINT('Ctrl Pts',(8.62185772508383,15.018862709403,2.5));
#12290=CARTESIAN_POINT('',(8.22136130183935,14.9139931052923,2.4));
#12291=CARTESIAN_POINT('Ctrl Pts',(8.22136130183935,14.9139931052923,2.4));
#12292=CARTESIAN_POINT('Ctrl Pts',(8.36073916405439,15.018862709403,2.4));
#12293=CARTESIAN_POINT('Ctrl Pts',(8.62185772508383,15.018862709403,2.4));
#12294=CARTESIAN_POINT('',(8.22136130183935,14.9139931052923,2.5));
#12295=CARTESIAN_POINT('Ctrl Pts',(8.22136130183935,14.9139931052923,2.5));
#12296=CARTESIAN_POINT('Ctrl Pts',(8.36073916405439,15.018862709403,2.5));
#12297=CARTESIAN_POINT('Ctrl Pts',(8.62185772508383,15.018862709403,2.5));
#12298=CARTESIAN_POINT('',(8.22136130183935,14.9139931052923,2.4));
#12299=CARTESIAN_POINT('Ctrl Pts',(8.08198343962431,14.6200462430716,2.4));
#12300=CARTESIAN_POINT('Ctrl Pts',(8.08198343962431,14.6200462430716,2.5));
#12301=CARTESIAN_POINT('Ctrl Pts',(8.08198343962431,14.8091235011816,2.4));
#12302=CARTESIAN_POINT('Ctrl Pts',(8.08198343962431,14.8091235011816,2.5));
#12303=CARTESIAN_POINT('Ctrl Pts',(8.22136130183935,14.9139931052923,2.4));
#12304=CARTESIAN_POINT('Ctrl Pts',(8.22136130183935,14.9139931052923,2.5));
#12305=CARTESIAN_POINT('',(8.08198343962431,14.6200462430716,2.4));
#12306=CARTESIAN_POINT('Ctrl Pts',(8.08198343962431,14.6200462430716,2.4));
#12307=CARTESIAN_POINT('Ctrl Pts',(8.08198343962431,14.8091235011816,2.4));
#12308=CARTESIAN_POINT('Ctrl Pts',(8.22136130183935,14.9139931052923,2.4));
#12309=CARTESIAN_POINT('',(8.08198343962431,14.6200462430716,2.5));
#12310=CARTESIAN_POINT('Ctrl Pts',(8.08198343962431,14.6200462430716,2.5));
#12311=CARTESIAN_POINT('Ctrl Pts',(8.08198343962431,14.8091235011816,2.5));
#12312=CARTESIAN_POINT('Ctrl Pts',(8.22136130183935,14.9139931052923,2.5));
#12313=CARTESIAN_POINT('',(8.08198343962431,14.6200462430716,2.4));
#12314=CARTESIAN_POINT('Ctrl Pts',(8.22092916816473,14.3270315974951,2.4));
#12315=CARTESIAN_POINT('Ctrl Pts',(8.22092916816473,14.3270315974951,2.5));
#12316=CARTESIAN_POINT('Ctrl Pts',(8.08198343962431,14.4315769523382,2.4));
#12317=CARTESIAN_POINT('Ctrl Pts',(8.08198343962431,14.4315769523382,2.5));
#12318=CARTESIAN_POINT('Ctrl Pts',(8.08198343962431,14.6200462430716,2.4));
#12319=CARTESIAN_POINT('Ctrl Pts',(8.08198343962431,14.6200462430716,2.5));
#12320=CARTESIAN_POINT('',(8.22092916816473,14.3270315974951,2.4));
#12321=CARTESIAN_POINT('Ctrl Pts',(8.22092916816473,14.3270315974951,2.4));
#12322=CARTESIAN_POINT('Ctrl Pts',(8.08198343962431,14.4315769523382,2.4));
#12323=CARTESIAN_POINT('Ctrl Pts',(8.08198343962431,14.6200462430716,2.4));
#12324=CARTESIAN_POINT('',(8.22092916816473,14.3270315974951,2.5));
#12325=CARTESIAN_POINT('Ctrl Pts',(8.22092916816473,14.3270315974951,2.5));
#12326=CARTESIAN_POINT('Ctrl Pts',(8.08198343962431,14.4315769523382,2.5));
#12327=CARTESIAN_POINT('Ctrl Pts',(8.08198343962431,14.6200462430716,2.5));
#12328=CARTESIAN_POINT('',(8.22092916816473,14.3270315974951,2.4));
#12329=CARTESIAN_POINT('Ctrl Pts',(8.62185772508383,14.2224856466055,2.4));
#12330=CARTESIAN_POINT('Ctrl Pts',(8.62185772508383,14.2224856466055,2.5));
#12331=CARTESIAN_POINT('Ctrl Pts',(8.35987489670515,14.2224856466055,2.4));
#12332=CARTESIAN_POINT('Ctrl Pts',(8.35987489670515,14.2224856466055,2.5));
#12333=CARTESIAN_POINT('Ctrl Pts',(8.22092916816473,14.3270315974951,2.4));
#12334=CARTESIAN_POINT('Ctrl Pts',(8.22092916816473,14.3270315974951,2.5));
#12335=CARTESIAN_POINT('',(8.62185772508383,14.2224856466055,2.4));
#12336=CARTESIAN_POINT('Ctrl Pts',(8.62185772508383,14.2224856466055,2.4));
#12337=CARTESIAN_POINT('Ctrl Pts',(8.35987489670515,14.2224856466055,2.4));
#12338=CARTESIAN_POINT('Ctrl Pts',(8.22092916816473,14.3270315974951,2.4));
#12339=CARTESIAN_POINT('',(8.62185772508383,14.2224856466055,2.5));
#12340=CARTESIAN_POINT('Ctrl Pts',(8.62185772508383,14.2224856466055,2.5));
#12341=CARTESIAN_POINT('Ctrl Pts',(8.35987489670515,14.2224856466055,2.5));
#12342=CARTESIAN_POINT('Ctrl Pts',(8.22092916816473,14.3270315974951,2.5));
#12343=CARTESIAN_POINT('',(8.62185772508383,14.2224856466055,2.4));
#12344=CARTESIAN_POINT('Ctrl Pts',(9.02237366884947,14.3268939107656,2.4));
#12345=CARTESIAN_POINT('Ctrl Pts',(9.02237366884947,14.3268939107656,2.5));
#12346=CARTESIAN_POINT('Ctrl Pts',(8.88301562517881,14.2224856466055,2.4));
#12347=CARTESIAN_POINT('Ctrl Pts',(8.88301562517881,14.2224856466055,2.5));
#12348=CARTESIAN_POINT('Ctrl Pts',(8.62185772508383,14.2224856466055,2.4));
#12349=CARTESIAN_POINT('Ctrl Pts',(8.62185772508383,14.2224856466055,2.5));
#12350=CARTESIAN_POINT('',(9.02237366884947,14.3268939107656,2.4));
#12351=CARTESIAN_POINT('Ctrl Pts',(9.02237366884947,14.3268939107656,2.4));
#12352=CARTESIAN_POINT('Ctrl Pts',(8.88301562517881,14.2224856466055,2.4));
#12353=CARTESIAN_POINT('Ctrl Pts',(8.62185772508383,14.2224856466055,2.4));
#12354=CARTESIAN_POINT('',(9.02237366884947,14.3268939107656,2.5));
#12355=CARTESIAN_POINT('Ctrl Pts',(9.02237366884947,14.3268939107656,2.5));
#12356=CARTESIAN_POINT('Ctrl Pts',(8.88301562517881,14.2224856466055,2.5));
#12357=CARTESIAN_POINT('Ctrl Pts',(8.62185772508383,14.2224856466055,2.5));
#12358=CARTESIAN_POINT('',(9.02237366884947,14.3268939107656,2.4));
#12359=CARTESIAN_POINT('Ctrl Pts',(9.16173201054335,14.6200462430716,2.4));
#12360=CARTESIAN_POINT('Ctrl Pts',(9.16173201054335,14.6200462430716,2.5));
#12361=CARTESIAN_POINT('Ctrl Pts',(9.16173201054335,14.4313021749258,2.4));
#12362=CARTESIAN_POINT('Ctrl Pts',(9.16173201054335,14.4313021749258,2.5));
#12363=CARTESIAN_POINT('Ctrl Pts',(9.02237366884947,14.3268939107656,2.4));
#12364=CARTESIAN_POINT('Ctrl Pts',(9.02237366884947,14.3268939107656,2.5));
#12365=CARTESIAN_POINT('Ctrl Pts',(9.16173201054335,14.6200462430716,2.4));
#12366=CARTESIAN_POINT('Ctrl Pts',(9.16173201054335,14.4313021749258,2.4));
#12367=CARTESIAN_POINT('Ctrl Pts',(9.02237366884947,14.3268939107656,2.4));
#12368=CARTESIAN_POINT('Ctrl Pts',(9.16173201054335,14.6200462430716,2.5));
#12369=CARTESIAN_POINT('Ctrl Pts',(9.16173201054335,14.4313021749258,2.5));
#12370=CARTESIAN_POINT('Ctrl Pts',(9.02237366884947,14.3268939107656,2.5));
#12371=CARTESIAN_POINT('Ctrl Pts',(9.32513993233442,14.6200462430716,2.4));
#12372=CARTESIAN_POINT('Ctrl Pts',(9.32513993233442,14.6200462430716,2.5));
#12373=CARTESIAN_POINT('Ctrl Pts',(9.32513993233442,14.8905923217535,2.4));
#12374=CARTESIAN_POINT('Ctrl Pts',(9.32513993233442,14.8905923217535,2.5));
#12375=CARTESIAN_POINT('Ctrl Pts',(9.13921426981688,15.0396528095007,2.4));
#12376=CARTESIAN_POINT('Ctrl Pts',(9.13921426981688,15.0396528095007,2.5));
#12377=CARTESIAN_POINT('',(9.13921426981688,15.0396528095007,2.4));
#12378=CARTESIAN_POINT('',(9.32513993233442,14.6200462430716,2.4));
#12379=CARTESIAN_POINT('Ctrl Pts',(9.13921426981688,15.0396528095007,2.4));
#12380=CARTESIAN_POINT('Ctrl Pts',(9.32513993233442,14.8905923217535,2.4));
#12381=CARTESIAN_POINT('Ctrl Pts',(9.32513993233442,14.6200462430716,2.4));
#12382=CARTESIAN_POINT('',(9.13921426981688,15.0396528095007,2.5));
#12383=CARTESIAN_POINT('',(9.13921426981688,15.0396528095007,2.4));
#12384=CARTESIAN_POINT('',(9.32513993233442,14.6200462430716,2.5));
#12385=CARTESIAN_POINT('Ctrl Pts',(9.32513993233442,14.6200462430716,2.5));
#12386=CARTESIAN_POINT('Ctrl Pts',(9.32513993233442,14.8905923217535,2.5));
#12387=CARTESIAN_POINT('Ctrl Pts',(9.13921426981688,15.0396528095007,2.5));
#12388=CARTESIAN_POINT('',(9.32513993233442,14.6200462430716,2.4));
#12389=CARTESIAN_POINT('Ctrl Pts',(9.13965623825788,14.2019810527563,2.4));
#12390=CARTESIAN_POINT('Ctrl Pts',(9.13965623825788,14.2019810527563,2.5));
#12391=CARTESIAN_POINT('Ctrl Pts',(9.32513993233442,14.3513264507055,2.4));
#12392=CARTESIAN_POINT('Ctrl Pts',(9.32513993233442,14.3513264507055,2.5));
#12393=CARTESIAN_POINT('Ctrl Pts',(9.32513993233442,14.6200462430716,2.4));
#12394=CARTESIAN_POINT('Ctrl Pts',(9.32513993233442,14.6200462430716,2.5));
#12395=CARTESIAN_POINT('',(9.13965623825788,14.2019810527563,2.4));
#12396=CARTESIAN_POINT('Ctrl Pts',(9.32513993233442,14.6200462430716,2.4));
#12397=CARTESIAN_POINT('Ctrl Pts',(9.32513993233442,14.3513264507055,2.4));
#12398=CARTESIAN_POINT('Ctrl Pts',(9.13965623825788,14.2019810527563,2.4));
#12399=CARTESIAN_POINT('',(9.13965623825788,14.2019810527563,2.5));
#12400=CARTESIAN_POINT('Ctrl Pts',(9.13965623825788,14.2019810527563,2.5));
#12401=CARTESIAN_POINT('Ctrl Pts',(9.32513993233442,14.3513264507055,2.5));
#12402=CARTESIAN_POINT('Ctrl Pts',(9.32513993233442,14.6200462430716,2.5));
#12403=CARTESIAN_POINT('',(9.13965623825788,14.2019810527563,2.4));
#12404=CARTESIAN_POINT('Ctrl Pts',(8.62185772508383,14.0526356548071,2.4));
#12405=CARTESIAN_POINT('Ctrl Pts',(8.62185772508383,14.0526356548071,2.5));
#12406=CARTESIAN_POINT('Ctrl Pts',(8.95417269319296,14.0526356548071,2.4));
#12407=CARTESIAN_POINT('Ctrl Pts',(8.95417269319296,14.0526356548071,2.5));
#12408=CARTESIAN_POINT('Ctrl Pts',(9.13965623825788,14.2019810527563,2.4));
#12409=CARTESIAN_POINT('Ctrl Pts',(9.13965623825788,14.2019810527563,2.5));
#12410=CARTESIAN_POINT('',(8.62185772508383,14.0526356548071,2.4));
#12411=CARTESIAN_POINT('Ctrl Pts',(9.13965623825788,14.2019810527563,2.4));
#12412=CARTESIAN_POINT('Ctrl Pts',(8.95417269319296,14.0526356548071,2.4));
#12413=CARTESIAN_POINT('Ctrl Pts',(8.62185772508383,14.0526356548071,2.4));
#12414=CARTESIAN_POINT('',(8.62185772508383,14.0526356548071,2.5));
#12415=CARTESIAN_POINT('Ctrl Pts',(8.62185772508383,14.0526356548071,2.5));
#12416=CARTESIAN_POINT('Ctrl Pts',(8.95417269319296,14.0526356548071,2.5));
#12417=CARTESIAN_POINT('Ctrl Pts',(9.13965623825788,14.2019810527563,2.5));
#12418=CARTESIAN_POINT('',(8.62185772508383,14.0526356548071,2.4));
#12419=CARTESIAN_POINT('Ctrl Pts',(8.10362707823515,14.2021580785513,2.4));
#12420=CARTESIAN_POINT('Ctrl Pts',(8.10362707823515,14.2021580785513,2.5));
#12421=CARTESIAN_POINT('Ctrl Pts',(8.28867863863707,14.0526356548071,2.4));
#12422=CARTESIAN_POINT('Ctrl Pts',(8.28867863863707,14.0526356548071,2.5));
#12423=CARTESIAN_POINT('Ctrl Pts',(8.62185772508383,14.0526356548071,2.4));
#12424=CARTESIAN_POINT('Ctrl Pts',(8.62185772508383,14.0526356548071,2.5));
#12425=CARTESIAN_POINT('',(8.10362707823515,14.2021580785513,2.4));
#12426=CARTESIAN_POINT('Ctrl Pts',(8.62185772508383,14.0526356548071,2.4));
#12427=CARTESIAN_POINT('Ctrl Pts',(8.28867863863707,14.0526356548071,2.4));
#12428=CARTESIAN_POINT('Ctrl Pts',(8.10362707823515,14.2021580785513,2.4));
#12429=CARTESIAN_POINT('',(8.10362707823515,14.2021580785513,2.5));
#12430=CARTESIAN_POINT('Ctrl Pts',(8.10362707823515,14.2021580785513,2.5));
#12431=CARTESIAN_POINT('Ctrl Pts',(8.28867863863707,14.0526356548071,2.5));
#12432=CARTESIAN_POINT('Ctrl Pts',(8.62185772508383,14.0526356548071,2.5));
#12433=CARTESIAN_POINT('',(8.10362707823515,14.2021580785513,2.4));
#12434=CARTESIAN_POINT('Ctrl Pts',(7.91857551783323,14.6200462430716,2.4));
#12435=CARTESIAN_POINT('Ctrl Pts',(7.91857551783323,14.6200462430716,2.5));
#12436=CARTESIAN_POINT('Ctrl Pts',(7.91857551783323,14.351679906249,2.4));
#12437=CARTESIAN_POINT('Ctrl Pts',(7.91857551783323,14.351679906249,2.5));
#12438=CARTESIAN_POINT('Ctrl Pts',(8.10362707823515,14.2021580785513,2.4));
#12439=CARTESIAN_POINT('Ctrl Pts',(8.10362707823515,14.2021580785513,2.5));
#12440=CARTESIAN_POINT('',(7.91857551783323,14.6200462430716,2.4));
#12441=CARTESIAN_POINT('Ctrl Pts',(8.10362707823515,14.2021580785513,2.4));
#12442=CARTESIAN_POINT('Ctrl Pts',(7.91857551783323,14.351679906249,2.4));
#12443=CARTESIAN_POINT('Ctrl Pts',(7.91857551783323,14.6200462430716,2.4));
#12444=CARTESIAN_POINT('',(7.91857551783323,14.6200462430716,2.5));
#12445=CARTESIAN_POINT('Ctrl Pts',(7.91857551783323,14.6200462430716,2.5));
#12446=CARTESIAN_POINT('Ctrl Pts',(7.91857551783323,14.351679906249,2.5));
#12447=CARTESIAN_POINT('Ctrl Pts',(8.10362707823515,14.2021580785513,2.5));
#12448=CARTESIAN_POINT('',(7.91857551783323,14.6200462430716,2.4));
#12449=CARTESIAN_POINT('Ctrl Pts',(8.10405921190977,15.0394859164953,2.4));
#12450=CARTESIAN_POINT('Ctrl Pts',(8.10405921190977,15.0394859164953,2.5));
#12451=CARTESIAN_POINT('Ctrl Pts',(7.91857551783323,14.8902585357428,2.4));
#12452=CARTESIAN_POINT('Ctrl Pts',(7.91857551783323,14.8902585357428,2.5));
#12453=CARTESIAN_POINT('Ctrl Pts',(7.91857551783323,14.6200462430716,2.4));
#12454=CARTESIAN_POINT('Ctrl Pts',(7.91857551783323,14.6200462430716,2.5));
#12455=CARTESIAN_POINT('',(8.10405921190977,15.0394859164953,2.4));
#12456=CARTESIAN_POINT('Ctrl Pts',(7.91857551783323,14.6200462430716,2.4));
#12457=CARTESIAN_POINT('Ctrl Pts',(7.91857551783323,14.8902585357428,2.4));
#12458=CARTESIAN_POINT('Ctrl Pts',(8.10405921190977,15.0394859164953,2.4));
#12459=CARTESIAN_POINT('',(8.10405921190977,15.0394859164953,2.5));
#12460=CARTESIAN_POINT('Ctrl Pts',(8.10405921190977,15.0394859164953,2.5));
#12461=CARTESIAN_POINT('Ctrl Pts',(7.91857551783323,14.8902585357428,2.5));
#12462=CARTESIAN_POINT('Ctrl Pts',(7.91857551783323,14.6200462430716,2.5));
#12463=CARTESIAN_POINT('',(8.10405921190977,15.0394859164953,2.4));
#12464=CARTESIAN_POINT('Ctrl Pts',(8.62185772508383,15.1887132972479,2.4));
#12465=CARTESIAN_POINT('Ctrl Pts',(8.62185772508383,15.1887132972479,2.5));
#12466=CARTESIAN_POINT('Ctrl Pts',(8.28954290598631,15.1887132972479,2.4));
#12467=CARTESIAN_POINT('Ctrl Pts',(8.28954290598631,15.1887132972479,2.5));
#12468=CARTESIAN_POINT('Ctrl Pts',(8.10405921190977,15.0394859164953,2.4));
#12469=CARTESIAN_POINT('Ctrl Pts',(8.10405921190977,15.0394859164953,2.5));
#12470=CARTESIAN_POINT('',(8.62185772508383,15.1887132972479,2.4));
#12471=CARTESIAN_POINT('Ctrl Pts',(8.10405921190977,15.0394859164953,2.4));
#12472=CARTESIAN_POINT('Ctrl Pts',(8.28954290598631,15.1887132972479,2.4));
#12473=CARTESIAN_POINT('Ctrl Pts',(8.62185772508383,15.1887132972479,2.4));
#12474=CARTESIAN_POINT('',(8.62185772508383,15.1887132972479,2.5));
#12475=CARTESIAN_POINT('Ctrl Pts',(8.62185772508383,15.1887132972479,2.5));
#12476=CARTESIAN_POINT('Ctrl Pts',(8.28954290598631,15.1887132972479,2.5));
#12477=CARTESIAN_POINT('Ctrl Pts',(8.10405921190977,15.0394859164953,2.5));
#12478=CARTESIAN_POINT('',(8.62185772508383,15.1887132972479,2.4));
#12479=CARTESIAN_POINT('Ctrl Pts',(9.13921426981688,15.0396528095007,2.4));
#12480=CARTESIAN_POINT('Ctrl Pts',(9.13921426981688,15.0396528095007,2.5));
#12481=CARTESIAN_POINT('Ctrl Pts',(8.95328890532255,15.1887132972479,2.4));
#12482=CARTESIAN_POINT('Ctrl Pts',(8.95328890532255,15.1887132972479,2.5));
#12483=CARTESIAN_POINT('Ctrl Pts',(8.62185772508383,15.1887132972479,2.4));
#12484=CARTESIAN_POINT('Ctrl Pts',(8.62185772508383,15.1887132972479,2.5));
#12485=CARTESIAN_POINT('Ctrl Pts',(8.62185772508383,15.1887132972479,2.4));
#12486=CARTESIAN_POINT('Ctrl Pts',(8.95328890532255,15.1887132972479,2.4));
#12487=CARTESIAN_POINT('Ctrl Pts',(9.13921426981688,15.0396528095007,2.4));
#12488=CARTESIAN_POINT('Ctrl Pts',(9.13921426981688,15.0396528095007,2.5));
#12489=CARTESIAN_POINT('Ctrl Pts',(8.95328890532255,15.1887132972479,2.5));
#12490=CARTESIAN_POINT('Ctrl Pts',(8.62185772508383,15.1887132972479,2.5));
#12491=CARTESIAN_POINT('Origin',(8.62185772508383,14.6206744760275,2.5));
#12492=CARTESIAN_POINT('Origin',(8.62185772508383,14.6206744760275,2.4));
#12493=CARTESIAN_POINT('Origin',(7.67699266351709,20.6149723380804,2.4));
#12494=CARTESIAN_POINT('',(9.19189970940351,20.6149723380804,2.4));
#12495=CARTESIAN_POINT('',(7.67699266351709,20.6149723380804,2.4));
#12496=CARTESIAN_POINT('',(9.30000018328428,20.6149723380804,2.4));
#12497=CARTESIAN_POINT('',(9.19189970940351,20.6149723380804,2.5));
#12498=CARTESIAN_POINT('',(9.19189970940351,20.6149723380804,2.4));
#12499=CARTESIAN_POINT('',(7.67699266351709,20.6149723380804,2.5));
#12500=CARTESIAN_POINT('',(9.30000018328428,20.6149723380804,2.5));
#12501=CARTESIAN_POINT('',(7.67699266351709,20.6149723380804,2.4));
#12502=CARTESIAN_POINT('Origin',(7.81128030270338,20.1577451080084,2.4));
#12503=CARTESIAN_POINT('',(7.81128030270338,20.1577451080084,2.4));
#12504=CARTESIAN_POINT('',(7.66185637563467,20.666508898139,2.4));
#12505=CARTESIAN_POINT('',(7.81128030270338,20.1577451080084,2.5));
#12506=CARTESIAN_POINT('',(7.66185637563467,20.666508898139,2.5));
#12507=CARTESIAN_POINT('',(7.81128030270338,20.1577451080084,2.4));
#12508=CARTESIAN_POINT('Origin',(7.65504118055105,20.1577451080084,2.4));
#12509=CARTESIAN_POINT('',(7.65504118055105,20.1577451080084,2.4));
#12510=CARTESIAN_POINT('',(7.81128030270338,20.1577451080084,2.4));
#12511=CARTESIAN_POINT('',(7.65504118055105,20.1577451080084,2.5));
#12512=CARTESIAN_POINT('',(7.81128030270338,20.1577451080084,2.5));
#12513=CARTESIAN_POINT('',(7.65504118055105,20.1577451080084,2.4));
#12514=CARTESIAN_POINT('Origin',(7.51570553663472,20.6149723380804,2.4));
#12515=CARTESIAN_POINT('',(7.51570553663472,20.6149723380804,2.4));
#12516=CARTESIAN_POINT('',(7.65504118055105,20.1577451080084,2.4));
#12517=CARTESIAN_POINT('',(7.51570553663472,20.6149723380804,2.5));
#12518=CARTESIAN_POINT('',(7.65504118055105,20.1577451080084,2.5));
#12519=CARTESIAN_POINT('',(7.51570553663472,20.6149723380804,2.4));
#12520=CARTESIAN_POINT('Origin',(7.50000026077032,20.6149723380804,2.4));
#12521=CARTESIAN_POINT('',(7.50000026077032,20.6149723380804,2.4));
#12522=CARTESIAN_POINT('',(9.30000018328428,20.6149723380804,2.4));
#12523=CARTESIAN_POINT('',(7.50000026077032,20.6149723380804,2.5));
#12524=CARTESIAN_POINT('',(9.30000018328428,20.6149723380804,2.5));
#12525=CARTESIAN_POINT('',(7.50000026077032,20.6149723380804,2.4));
#12526=CARTESIAN_POINT('Origin',(7.50000026077032,20.7774176448584,2.4));
#12527=CARTESIAN_POINT('',(7.50000026077032,20.7774176448584,2.4));
#12528=CARTESIAN_POINT('',(7.50000026077032,20.6149723380804,2.4));
#12529=CARTESIAN_POINT('',(7.50000026077032,20.7774176448584,2.5));
#12530=CARTESIAN_POINT('',(7.50000026077032,20.6149723380804,2.5));
#12531=CARTESIAN_POINT('',(7.50000026077032,20.7774176448584,2.4));
#12532=CARTESIAN_POINT('Origin',(9.14162021130323,20.7774176448584,2.4));
#12533=CARTESIAN_POINT('',(9.14162021130323,20.7774176448584,2.4));
#12534=CARTESIAN_POINT('',(7.50000026077032,20.7774176448584,2.4));
#12535=CARTESIAN_POINT('',(9.14162021130323,20.7774176448584,2.5));
#12536=CARTESIAN_POINT('',(7.50000026077032,20.7774176448584,2.5));
#12537=CARTESIAN_POINT('',(9.14162021130323,20.7774176448584,2.4));
#12538=CARTESIAN_POINT('Origin',(9.14162021130323,21.2124719470739,2.4));
#12539=CARTESIAN_POINT('',(9.14162021130323,21.2124719470739,2.4));
#12540=CARTESIAN_POINT('',(9.14162021130323,20.7012333720922,2.4));
#12541=CARTESIAN_POINT('',(9.14162021130323,21.2124719470739,2.5));
#12542=CARTESIAN_POINT('',(9.14162021130323,20.7012333720922,2.5));
#12543=CARTESIAN_POINT('',(9.14162021130323,21.2124719470739,2.4));
#12544=CARTESIAN_POINT('Origin',(9.30000018328428,21.2124719470739,2.4));
#12545=CARTESIAN_POINT('',(9.30000018328428,21.2124719470739,2.4));
#12546=CARTESIAN_POINT('',(9.14162021130323,21.2124719470739,2.4));
#12547=CARTESIAN_POINT('',(9.30000018328428,21.2124719470739,2.5));
#12548=CARTESIAN_POINT('',(9.14162021130323,21.2124719470739,2.5));
#12549=CARTESIAN_POINT('',(9.30000018328428,21.2124719470739,2.4));
#12550=CARTESIAN_POINT('Origin',(9.30000018328428,20.6149723380804,2.4));
#12551=CARTESIAN_POINT('',(9.30000018328428,20.6149723380804,2.4));
#12552=CARTESIAN_POINT('',(9.30000018328428,20.7774176448584,2.4));
#12553=CARTESIAN_POINT('',(9.30000018328428,20.6149723380804,2.5));
#12554=CARTESIAN_POINT('',(9.30000018328428,20.7774176448584,2.5));
#12555=CARTESIAN_POINT('',(9.30000018328428,20.6149723380804,2.4));
#12556=CARTESIAN_POINT('Origin',(9.24972098320723,20.6149723380804,2.4));
#12557=CARTESIAN_POINT('',(9.24972098320723,20.6149723380804,2.4));
#12558=CARTESIAN_POINT('',(9.30000018328428,20.6149723380804,2.4));
#12559=CARTESIAN_POINT('',(9.24972098320723,20.6149723380804,2.5));
#12560=CARTESIAN_POINT('',(9.30000018328428,20.6149723380804,2.5));
#12561=CARTESIAN_POINT('',(9.24972098320723,20.6149723380804,2.4));
#12562=CARTESIAN_POINT('Origin',(9.24972098320723,20.1846327632666,2.4));
#12563=CARTESIAN_POINT('',(9.24972098320723,20.1846327632666,2.4));
#12564=CARTESIAN_POINT('',(9.24972098320723,20.6396212428808,2.4));
#12565=CARTESIAN_POINT('',(9.24972098320723,20.1846327632666,2.5));
#12566=CARTESIAN_POINT('',(9.24972098320723,20.6396212428808,2.5));
#12567=CARTESIAN_POINT('',(9.24972098320723,20.1846327632666,2.4));
#12568=CARTESIAN_POINT('Origin',(9.19189970940351,20.1846327632666,2.4));
#12569=CARTESIAN_POINT('',(9.19189970940351,20.1846327632666,2.4));
#12570=CARTESIAN_POINT('',(9.24972098320723,20.1846327632666,2.4));
#12571=CARTESIAN_POINT('',(9.19189970940351,20.1846327632666,2.5));
#12572=CARTESIAN_POINT('',(9.24972098320723,20.1846327632666,2.5));
#12573=CARTESIAN_POINT('',(9.19189970940351,20.1846327632666,2.4));
#12574=CARTESIAN_POINT('Origin',(9.19189970940351,20.6149723380804,2.4));
#12575=CARTESIAN_POINT('',(9.19189970940351,20.1846327632666,2.4));
#12576=CARTESIAN_POINT('',(9.19189970940351,20.1846327632666,2.5));
#12577=CARTESIAN_POINT('Origin',(8.4000002220273,20.6851085275412,2.5));
#12578=CARTESIAN_POINT('Origin',(8.4000002220273,20.6851085275412,2.4));
#12579=UNCERTAINTY_MEASURE_WITH_UNIT(LENGTH_MEASURE(0.01),#12583,
'DISTANCE_ACCURACY_VALUE',
'Maximum model space distance between geometric entities at asserted c
onnectivities');
#12580=UNCERTAINTY_MEASURE_WITH_UNIT(LENGTH_MEASURE(0.01),#12583,
'DISTANCE_ACCURACY_VALUE',
'Maximum model space distance between geometric entities at asserted c
onnectivities');
#12581=(
GEOMETRIC_REPRESENTATION_CONTEXT(3)
GLOBAL_UNCERTAINTY_ASSIGNED_CONTEXT((#12579))
GLOBAL_UNIT_ASSIGNED_CONTEXT((#12583,#12585,#12586))
REPRESENTATION_CONTEXT('','3D')
);
#12582=(
GEOMETRIC_REPRESENTATION_CONTEXT(3)
GLOBAL_UNCERTAINTY_ASSIGNED_CONTEXT((#12580))
GLOBAL_UNIT_ASSIGNED_CONTEXT((#12583,#12585,#12586))
REPRESENTATION_CONTEXT('','3D')
);
#12583=(
LENGTH_UNIT()
NAMED_UNIT(*)
SI_UNIT(.MILLI.,.METRE.)
);
#12584=(
LENGTH_UNIT()
NAMED_UNIT(*)
SI_UNIT($,.METRE.)
);
#12585=(
NAMED_UNIT(*)
PLANE_ANGLE_UNIT()
SI_UNIT($,.RADIAN.)
);
#12586=(
NAMED_UNIT(*)
SI_UNIT($,.STERADIAN.)
SOLID_ANGLE_UNIT()
);
#12587=SHAPE_DEFINITION_REPRESENTATION(#12588,#12589);
#12588=PRODUCT_DEFINITION_SHAPE('',$,#12591);
#12589=SHAPE_REPRESENTATION('',(#7359),#12581);
#12590=PRODUCT_DEFINITION_CONTEXT('part definition',#12595,'design');
#12591=PRODUCT_DEFINITION('Hollywood-1 & Broadway-1',
'Hollywood-1 & Broadway-1 v2',#12592,#12590);
#12592=PRODUCT_DEFINITION_FORMATION('',$,#12597);
#12593=PRODUCT_RELATED_PRODUCT_CATEGORY('Hollywood-1 & Broadway-1 v2',
'Hollywood-1 & Broadway-1 v2',(#12597));
#12594=APPLICATION_PROTOCOL_DEFINITION('international standard',
'automotive_design',2009,#12595);
#12595=APPLICATION_CONTEXT(
'Core Data for Automotive Mechanical Design Process');
#12596=PRODUCT_CONTEXT('part definition',#12595,'mechanical');
#12597=PRODUCT('Hollywood-1 & Broadway-1','Hollywood-1 & Broadway-1 v2',
$,(#12596));
#12598=PRESENTATION_STYLE_ASSIGNMENT((#12602));
#12599=PRESENTATION_STYLE_ASSIGNMENT((#12603));
#12600=PRESENTATION_STYLE_ASSIGNMENT((#12604));
#12601=PRESENTATION_STYLE_ASSIGNMENT((#12605));
#12602=SURFACE_STYLE_USAGE(.BOTH.,#12606);
#12603=SURFACE_STYLE_USAGE(.BOTH.,#12607);
#12604=SURFACE_STYLE_USAGE(.BOTH.,#12608);
#12605=SURFACE_STYLE_USAGE(.BOTH.,#12609);
#12606=SURFACE_SIDE_STYLE('',(#12610));
#12607=SURFACE_SIDE_STYLE('',(#12611));
#12608=SURFACE_SIDE_STYLE('',(#12612));
#12609=SURFACE_SIDE_STYLE('',(#12613));
#12610=SURFACE_STYLE_FILL_AREA(#12614);
#12611=SURFACE_STYLE_FILL_AREA(#12615);
#12612=SURFACE_STYLE_FILL_AREA(#12616);
#12613=SURFACE_STYLE_FILL_AREA(#12617);
#12614=FILL_AREA_STYLE('Aluminum - Satin',(#12618));
#12615=FILL_AREA_STYLE('FR4',(#12619));
#12616=FILL_AREA_STYLE('Brass - Matte',(#12620));
#12617=FILL_AREA_STYLE('Steel - Satin',(#12621));
#12618=FILL_AREA_STYLE_COLOUR('Aluminum - Satin',#12622);
#12619=FILL_AREA_STYLE_COLOUR('FR4',#12623);
#12620=FILL_AREA_STYLE_COLOUR('Brass - Matte',#12624);
#12621=FILL_AREA_STYLE_COLOUR('Steel - Satin',#12625);
#12622=COLOUR_RGB('Aluminum - Satin',0.96078431372549,0.96078431372549,
0.964705882352941);
#12623=COLOUR_RGB('FR4',0.266666666666667,0.466666666666667,0.4);
#12624=COLOUR_RGB('Brass - Matte',0.952941176470588,0.796078431372549,0.486274509803922);
#12625=COLOUR_RGB('Steel - Satin',0.627450980392157,0.627450980392157,0.627450980392157);
ENDSEC;
END-ISO-10303-21;
